id;name;disambiguatingDescription;description;longitude;latitude;streetAddress;postalCode;addressLocality;telephone;email;url;image;dateModified010196e3-3f90-424d-b48b-b41fd0814979;Panoramarestaurant Maschgenkamm;Das Panoramarestaurant Maschgenkamm am Flumserberg bietet eine beeindruckende Aussicht auf die umliegende Bergwelt. Mit Sitzplätzen im hellen Rundbau, einem geräumigen Saal und einer grossen Sonnenterrasse ist es ideal für Erholungssuchende.;Geniessen Sie im höchstgelegenen Gastronomiebetrieb am Flumserberg die Panoramaaussicht auf die umliegende Bergwelt. Lassen Sie Ihren Blick auf der einen Seite entspannt über die Weite des Spitzmeilen-Gebiets mit dem charakteristischen Wahrzeichen, dem 2501 m hohen Spitzmeilen, schweifen oder werden Sie auf der anderen Seite von der magischen Churfirsten- und Alvierkette mit ihren zackigen Gipfeln hoch über dem Walensee verzaubert.

Im hellen Rundbau stehen Ihnen 80 Sitzplätze zur Verfügung. Im geräumigen Saal können 240 Gäste den Blick auf die Churfirsten geniessen und das gemütliche Stübli bietet 48 Plätze mit bester Sicht auf das Spitzmeilengebiet. Auf der riesigen Sonnenterrasse können 600 Gäste gleichzeitig das atemberaubende Panorama bestaunen (200 Sitzplätze). Zudem stehen Liegestühle zur Verfügung.;9.2535677;47.0696724;Maschgenkamm;8898;Flumserberg;+41 81 733 19 39;info@maschgenkamm.ch;https://www.maschgenkamm.ch;[{'@type': 'ImageObject', 'contentUrl': 'https://hltpimtsoch.sos-ch-dk-2.exoscale-cdn.com/catalog/5/7/b/0/57b02bd6cbf6340bb6d3eced908150bac4967f2c_tkv_bbf_bergsommer_0007_DJI_0530_HDR.jpg'}];2026-06-05T16:30:17+02:00
018b8384-25a2-43fa-a073-0e3873d4e657;Café-Conditorei Keller;Das Café-Conditorei Keller in Pfäfers lädt mit seinem gemütlichen Cafébereich zum Verweilen ein. Ob für einen Kaffee, ein Stück Kuchen oder einen kleinen Schwatz: Gäste geniessen hier eine entspannte Pause in angenehmer Atmosphäre.
Das Café ist zudem ein idealer Ausgangspunkt für Wanderungen, Velotouren und Ausfahrten ins herrliche Taminatal.;Idealer Start für Wanderungen, Velotouren oder Ausfahrten ins herrliche Taminatal.
Unser gemütliches Café-Restaurant, die Pfäferser
"Tube", lädt zum Verweilen für Jung und Alt ein.;9.500615394973318;46.98879345;Hintergasse 5;7312;Pfäfers;+41 81 302 17 52;info@baeckerei-keller.ch;http://www.baeckerei-keller.ch;[{'@type': 'ImageObject', 'contentUrl': 'https://hltpimtsoch.sos-ch-dk-2.exoscale-cdn.com/catalog/2/e/9/4/2e945d8d984b68cd9bc7b2a06d1ba725b5c2b93a_unnamed.jpg'}];2026-08-10T09:18:01+02:00
018b9171-3e4c-4d74-a5a5-5f286144cf99;sagibeiz;Das Restaurant sagibeiz in Murg am Walensee bietet eine Seeterrasse und gemütliche Beiz mit Loungebereich. Die Küche überrascht mit lokalen Gerichten. Ideal für Veranstaltungen bis 800 Personen, mit Weinkeller und sagiladen.;Das Restaurant sagibeiz liegt in Murg direkt am Walensee und lädt mit der Seeterrasse und der gemütlichen Beiz inklusive Loungebereich zum Geniessen in einzigartiger Atmosphäre ein. Im Sommer bietet die sagilounge am See zusätzlichen Platz auf einer Holzplattform direkt am Schweizer Fjord, wo Sie auch Wassersportartikel für unvergessliche Stunden auf dem See ausleihen können.

Die Küche überrascht mit fantasievoll zubereiteten Gerichten aus lokalen Produkten. 

Die Location ist auch ideal für Privat- und Firmenanlässe mit bis zu 800 Personen geeignet. Gruppen bis 250 Personen finden in den Eventlokalitäten sagistübli, sagisteg/seegüetli mit dazugehörigem Aussenbereich und holzlager/schienenterrasse eine ideale Location für Hochzeiten, Geburtstage, Firmenfeiern und vieles mehr.

Von der Outdoor-Grillparty im Sommer über Spargel- und Marronifeste im Frühjahr und Herbst bis hin zu Fondue- und Raclette-Abenden im Winter ist alles möglich. Geniessen Sie das spezielle Ambiente im ehemaligen Sägewerk in Murg direkt am See. 

Zusätzlich bietet das sagiareal einen begehbaren Weinkeller mit einem breiten Angebot von regionalen Raritäten bis hin zu internationalen Spezialitäten. 
Auch der sagiladen im Untergeschoss ist als Ihre neue Adresse für Produkte vom und rund um den Walensee allemal einen Besuch wert.;9.2189915;47.1131786;alte Staatsstrasse 6;8877;Murg;+41 81 720 35 75;info@azibene.ch;https://www.sagibeiz.ch/;[{'@type': 'ImageObject', 'contentUrl': 'https://hltpimtsoch.sos-ch-dk-2.exoscale-cdn.com/catalog/4/9/0/1/49014cc7109be5e153cd4557b5b08c342a0ed03f_sagibeiz_dunkel.jpg'}];2026-09-01T01:30:56+02:00
04b2e97d-cf11-47ff-aed1-4ca37ea52822;Parkrestaurant;Das Parkrestaurant in Bad Ragaz bietet mediterrane und traditionelle Schweizer Küche. Es liegt neben dem Giessenpark, dem Freibad und dem Campingplatz und ist ideal für Feinschmecker und Ruhesuchende.;Das Parkrestaurant in Bad Ragaz verbindet mediterrane Genussmomente mit traditioneller Schweizer Küche – frisch, regional und mit Liebe zubereitet. Direkt neben dem Giessenpark, dem Freibad und dem Campingplatz gelegen, ist es der perfekte Ort für Feinschmecker*innen und Ruhesuchende. ;9.511536955833437;47.00568976127432;Seestrasse 41;7310;Bad Ragaz;+41 78 480 03 49 ;info@camping-badragaz.ch;https://www.giessenparkbad.ch/restaurant/parkrestaurant;[{'@type': 'ImageObject', 'contentUrl': 'https://hltpimtsoch.sos-ch-dk-2.exoscale-cdn.com/catalog/7/f/f/b/7ffbd8e41f0ba10d47cb1a33ae8042421a1ed380_CBAR_BatchLogo.png'}];2026-08-12T13:46:30+02:00
05ad1220-4bd3-450f-88e9-1de9a07c6509;Plozza Wine Group;Die Plozza Wine Group in Malans vereint drei Weinproduzenten und Weinhändler. Sie bieten ein breites Spektrum an hochwertigen Weinen aus verschiedenen Regionen an. Die Vinoteca ist von Montag bis Samstag geöffnet.;Unser einzigartiges Verkaufsargument: Dreifacher Produzent und Weinhändler in einem.
Durch unsere Erfahrung im Umgang mit der Kelterung von Weinen aus drei unterschiedlichen Regionen, haben wir die Kompetenz und das Know-how, Ihnen ein breites Spektrum an hochwertigen Weinen anbieten zu können. Die Visionen, die grundlegende Wertvorstellung und die Ziele sind gruppenweit gemeinsam. Kooperation heisst nämlich Stärken zu kombinieren und Schwächen zu kompensieren. Davon profitieren Sie als Kunde.;9.56564784049988;46.9697985528364;Karlihof 11;7208;Malans;+41 81 650 50 50;malans@plozzawinegroup.ch;https://www.plozzawinegroup.ch/startseite;[{'@type': 'ImageObject', 'contentUrl': 'https://hltpimtsoch.sos-ch-dk-2.exoscale-cdn.com/catalog/e/8/3/2/e8328535d369b2208fc0e1903df7ec0a537a4b5d_Bild1.jpg'}];2026-08-04T12:41:45+02:00
094cd122-67d0-480a-a4c1-b128347f0fb9;Pöstli Bar;Die Pöstli Bar in Sargans bietet eine entspannte Atmosphäre für alle, die nach einem langen Tag Erholung suchen. Sie ist familienfreundlich, ebike-freundlich und bietet kostenloses WLAN sowie eine Ladestation für Elektroautos.;Die Pöstlibar ist ein Treffpunkt für alle, die sich nach einem anstrengenden Tag noch etwas Spass und Erholung wünschen;9.440801756245769;47.047972009599;Bahnhofstrasse 1;7320;Sargans;+41 81 720 47 47;info@hotelpost-sargans.ch;https://www.hotelpost-sargans.ch/bar;[{'@type': 'ImageObject', 'contentUrl': 'https://hltpimtsoch.sos-ch-dk-2.exoscale-cdn.com/catalog/2/4/a/9/24a93b3e79f90f0314ddb1b3dbb96c8769015ac5_HoP_129_RM28492__3.jpg'}];2026-08-31T16:30:16+02:00
09f5acef-4f49-4558-a09e-c16e7400d5c0;Berghotel Gaffia;Das Berghotel Gaffia, ein fast 100-jähriges Steingebäude, liegt direkt an der Piste zwischen der Furt und Gaffia. Es bietet gemütliche Zimmer und Mehrbettzimmer im Berghütten-Stil für kleine Gruppen.;Das fast 100-jährige Steingebäude befindet sich zwischen der Furt und Gaffia, direkt an der Piste. Wer ein traditionelles, urchiges Berghotel sucht, ist hier genau richtig! Der Charme des Hauses lässt Nostalgie-Herzen höher schlagen und die guten alten Zeiten aufleben.

Gemütliche Zimmer warten darauf, wieder belebt zu werden. Das Berghotel Gaffia bietet neben den Doppelzimmern auch Mehrbettzimmer für kleine Gruppen.

Neben den Massenschlägen gibt es 9 Doppelzimmer, ein 4-Bettzimmer, ein 6-Bettzimmer und ein 8-Bettzimmer im Berghütten-Charme.;9.414126350911218;46.99478719914008;Station Gaffia;7323;Wangs;+41 81 300 48 30;info@gaffia.ch;https://www.gaffia.ch/;[{'@type': 'ImageObject', 'contentUrl': 'https://hltpimtsoch.sos-ch-dk-2.exoscale-cdn.com/catalog/1/1/9/c/119ce05a2ca8bc3b622704ae1c33823710622b01_Restaurant_Gaffia.jpg'}];2026-09-04T08:15:50+02:00
0acdc45e-a5fe-489a-816b-d8994e714111;Berghotel Sankt Martin;Das Berghotel Sankt Martin im Calfeisental bietet eine historische Walsersiedlung auf 1350 m ü.M. mit Restaurant- und Hotelbetrieb. Es verfügt über zehn Zimmer und serviert saisonale, regionale Gerichte in einem einzigartigen Ambiente.;Herzlich willkommen in Sankt Martin im Calfeisental, der historischen Walsersiedlung auf 1350 m.ü.M. mit Restaurant- und Hotelbetrieb.

Ob zu Zweit, als Familie oder in einer kleinen Gruppe, wir finden bestimmt die passende Übernachtungsmöglichkeit für Sie.
In Sankt Martin verfügen wir über 10 Zimmer mit gesamt 26 Betten. Sie haben im Himmelbett oder im Joseph-Martins-Hüttli auch die Möglichkeit in einmaligen und historischen Zimmern wie anno dazumal zu übernachten. 

Wir freuen uns, Sie in der gemütlichen Alpwirtschaft Sankt Martin mit dem typischen Charme der Walsersiedlung aus dem 14. Jahrhundert verwöhnen zu dürfen.
In einem unvergleichlichen Ambiente mit offenem Kamin servieren wir Ihnen saisonale und regionale Gerichte, gutbürgerlich und raffiniert zubereitet. Tagsüber finden Sie Platz auf unserer Terrasse mit Blick auf den Gigerwaldsee.
Geniessen Sie die einmalige Umgebung bei einem feinen Essen und einer ausgewählten Weinkarte.;9.35763716697693;46.920687610936;Calfeisental;7315;Vättis;+41 81 306 12 34;info@sanktmartin.ch;http://sanktmartin.online;[{'@type': 'ImageObject', 'contentUrl': 'https://hltpimtsoch.sos-ch-dk-2.exoscale-cdn.com/catalog/c/7/d/e/c7de674297d1b7835cb94811f74632fb6badf05d_Aussenansicht_Terrasse.jpg'}];2026-09-04T08:06:00+02:00
0c5cd3f1-2a04-4f93-9fd7-f537b7d3a435;Murgseehütte;Die Murgseehütte liegt idyllisch inmitten der eindrucksvollen Bergwelt der Murgseen und ist ein beliebtes Ziel für Tagesgäste, Wandernde und Sportfischer. Die einfache Berghütte bietet Übernachtungsmöglichkeiten in authentischer Hüttenatmosphäre und dient als idealer Ausgangspunkt für Naturerlebnisse rund um die glasklaren Bergseen. Besonders bekannt ist die Murgseehütte für die einzigartige Bergseefischerei, deren Patente direkt vor Ort erhältlich sind.;<div><p>Die Murgseeh&uuml;tte bewahrt ihren urspr&uuml;nglichen, rustikalen Charakter und liegt eingebettet in die eindrucksvolle Bergwelt der Murgseen. Als beliebtes Ausflugsziel f&uuml;r Tagesg&auml;ste, Wandernde und Naturfreunde bietet sie eine authentische H&uuml;ttenatmosph&auml;re inmitten einer einzigartigen Alpenlandschaft.</p><p>Wer die Bergwelt l&auml;nger geniessen m&ouml;chte, kann direkt in der H&uuml;tte &uuml;bernachten und die Ruhe fernab des Alltags erleben. Der einfachste Zustieg f&uuml;hrt ab dem Parkplatz Mornen zur H&uuml;tte und ist auch bei wechselhaften Wetterbedingungen gut machbar.</p><p>Besonders gesch&auml;tzt wird die Murgseeh&uuml;tte von Sportfischerinnen und Sportfischern. Die Fischerei in den oberen und mittleren Murgseen ist w&auml;hrend der &Ouml;ffnungszeiten der H&uuml;tte bis Ende September m&ouml;glich. Fischerpatente k&ouml;nnen direkt vor Ort erworben werden, wodurch sich die H&uuml;tte als idealer Ausgangspunkt f&uuml;r ein naturnahes Angelerlebnis an den glasklaren Bergseen eignet.</p><p>Die Kombination aus &Uuml;bernachtungsm&ouml;glichkeit, Bergseefischerei und abwechslungsreichen Wanderungen macht die Murgseeh&uuml;tte zu einem besonderen Ausflugs- und &Uuml;bernachtungsziel im Heidiland.</p></div>;9.157645002118251;47.0390023;Murgsee 878;8877;Murg;+41 81 511 03 63;reservation@murgsee.ch;http://www.murgsee.ch;[{'@type': 'ImageObject', 'contentUrl': 'https://hltpimtsoch.sos-ch-dk-2.exoscale-cdn.com/catalog/6/a/3/5/6a35a61e0d3367a828191daa3ddcd865cae13f6c_Fotoshooting_Murgsee_Herbst_2018__3_.jpg'}];2026-07-30T16:19:06+02:00
0d1aacaa-5ce8-4170-86c7-88f5956734b1;Berggasthaus Überuf Kunkelspass;Das Berggasthaus Überuf Kunkelspass liegt auf einer Hochebene und bietet eine gemütliche Terrasse sowie eine rustikale Gaststube. Es gibt einfache Gerichte tagsüber und spezielle Menüs abends. Übernachtungsmöglichkeiten sind vorhanden.;Auf einer wunderschönen Hochebene auf dem historischen Kunkelspass.
Berggasthaus neben Kuhalp mit Möglichkeit, beim Melken zuzuschauen. Sonnige, gemütliche Terrasse und urchige Gaststube. Einfache  Gerichte tagsüber, abends auch speziellere Menü.

Unser Berggasthaus verfügt über diverse Betten im Touristenlager (20 Plätze) sowie über zwei Doppelzimmer und ein Familienzimmer mit 4 Betten.
Schauraum der Tektonik Sardona Arena. Auch als Konferenz- oder Sitzungszimmer nutzbar.

Ideale, rund 50 km lange, Biketour ab Chur. Wanderwege abseits der Strasse.
Mit dem Auto / Motorrad über Tamins oder Bad Ragaz/Vättis.  Fahrverbot. Bewilligungen auf der Gemeinde Tamins erhältlich. Bitte telefonieren, wird helfen Ihnen bei der Bewilligung;9.411492588112162;46.856023500000006;Kunkelsstrasse 89;7315;Tamins;077 253 98 45 ;kunkelspass@gmail.com;http://www.kunkelspass.ch;[{'@type': 'ImageObject', 'contentUrl': 'https://hltpimtsoch.sos-ch-dk-2.exoscale-cdn.com/catalog/e/c/9/1/ec91187477365440156314866cd4f72100ab3c84_Bild1.jpg'}];2026-07-08T08:34:36+02:00
1224e8e6-33ff-4ce7-98fe-c40df4a73908;Alprestaurant Siez;Das Alprestaurant Siez im Weisstannental bietet von Mitte Mai bis Mitte Oktober eine authentische Alperfahrung. Es liegt direkt an der Via Alpina und ist ideal für Gruppen und Individualreisende. E-Bike-Ladestationen und ein grosser Kinderspielplatz sind vorhanden.;Hier im Weisstannental erleben Sie den Alpsommer von seiner schönsten Seite. Auf der asphaltierten Fahrstrasse kommen Sie mit dem Car, dem Auto, dem Motorrad oder dem Bike bis zum Parkplatz vor dem Restaurant und vor der Sennerei – ein ideales Ausflugsziel für Gruppen und für lndividualisten. Entlang der Seez können Sie auf gut ausgebauten Wanderwegen von Weisstannen bis zum Vorsiez wandern. An Sonn- und Feiertagen können Sie mit der Buslinie 432 vom Bahnhof Sargans bis zum Vorsiez fahren. Grosser Kinderspielplatz.

Im Vorsiez stehen auf Verlangen für E-Bikes Ladegeräte zur Verfügung.

Jeden Sonntag im Juli und August feiner Siezer Zmorgä-Brunch mit frischen, auf der Alp hergestellten Produkten.

Das Alprestaurant Siez liegt direkt an der Via Alpina und bietet Übernachtungsmöglichkeiten (zwei Drei-Bett-Zimmer sowie 35 Plätze im Massenlager). Die Schlafplätze im Massenlager sind mit Wolldecken und Kissen ausgerüstet, den Schlafsack bringen Sie selber mit. Etagendusche/WC.

Ob für ein paar Stunden, einen Tag oder mit Übernachtung – auf der Alp Siez können Sie den Alltag vergessen und das Alpleben geniessen.

Geöffnet von Mitte Mai bis Mitte Oktober.;9.302415847778322;46.97729108770787;Alpenstrasse 60;7326;Weisstannen;+41 81 723 17 48;wirt@alpsiez.ch;http://www.alpsiez.ch;[{'@type': 'ImageObject', 'contentUrl': 'https://hltpimtsoch.sos-ch-dk-2.exoscale-cdn.com/catalog/1/1/9/6/119611e65d5c56f7515451ffd89dc6278fb75f6a_20170910_112725.jpg'}];2026-05-29T04:14:21+02:00
13a3a9db-a113-40b3-a86e-1595f6c68b90;Chäs-Stübli by Cristal;Das Chäs-Stübli by Cristal in Flumserberg bietet Schweizer Käsespezialitäten wie hausgemachtes Fondue und würziges Raclette. Die Weinkarte umfasst über 250 Positionen, hauptsächlich von Schweizer Winzern.;Der Käse wird ausschliesslich über lokale Produzenten bezogen. Mit unseren selbst kreierten und hausgemachten Beilagen wird Ihr Besuch bei uns zu einem Genusserlebnis für alle Käseliebhaber.

Die Käsespezialitäten lassen sich hervorragend mit einem Wein von unserer sehr gut sortierten Weinkarte begleiten. Wir haben für Sie verschiedene Positionen zusammengestellt, mit dem Hauptaugenmerk auf Schweizer Winzer. Die Auswahl begrenzt sich bewusst nur auf europäische Produzenten.;9.282386599999999;47.0931453;Tannenbodenalpstrasse 3;8898;Flumserberg;+41 81 720 16 16;info@cristal-flumserberg.ch;https://cristal-flumserberg.ch/de/;[{'@type': 'ImageObject', 'contentUrl': 'https://hltpimtsoch.sos-ch-dk-2.exoscale-cdn.com/catalog/5/c/d/9/5cd9cf9b9b344a9c5581b3977097a2331c4d2094_1_Ch__s_St__bli_Restaurant.jpg'}];2026-07-23T04:26:51+02:00
13ec0825-c17c-45b6-91f0-62c28e5f8f3f;Berggasthaus Lüsis;Das Berggasthaus Lüsis auf 1300 m ü.M. bietet eine herrliche Aussicht auf das Heidiland und den Walensee. Es liegt im Wandergebiet der Churfirsten und bietet einen Abholdienst ab Walenstadt.;Das Berggasthaus Lüsis liegt auf 1300 m.ü.M. ob Walenstadt inmitten des Wandergebietes der Churfirsten. Herrliche Aussicht auf das Heidiland und den Walensee.

Abholdienst ab Walenstadt.;9.330149080604796;47.13518475;Lüsisstrasse;8880;Walenstadt;+41 79 912 34 96;berggasthaus.luesis@bluewin.ch;https://berggasthaus-luesis.ch/;[{'@type': 'ImageObject', 'contentUrl': 'https://hltpimtsoch.sos-ch-dk-2.exoscale-cdn.com/catalog/f/d/f/5/fdf51307929a589aadaf1f40646e690340cce2da_20180905_151537.jpg'}];2026-05-31T16:51:28+02:00
163aa76f-8ab2-4fe4-9503-482210fcc9ce;Restaurant Trocadero;Das Restaurant Trocadero in Bad Ragaz bietet seit 20 Jahren authentische italienische Küche. Gäste können hausgemachte Pasta, saftige Rindfleischspiesse und Holzofenpizzas in einem gemütlichen Ambiente geniessen.;Wie bei Mama… nur besser!
Seit 20 Jahren pflegen wir die authentische italienische Tischkultur in Bad Ragaz. 

Bei uns wird sinnesfreudig und mit dem Herzen gekocht – italienisch, saisonal und temperamentvoll. Klassiker, wie hausgemachte Pastagerichte oder «Spiedino di Manzo» - ein saftig gebratener Rindfleisch-Spiess - sowie mit viel Hingabe zubereitete Pizzas aus dem Holzofen sind wahre Gaumenfreuden all’italiana. 

Ein ambitioniertes Team freut sich, Sie nach den unauflöslichen Regeln der guten Küche und echter Gastfreundschaft zu verwöhnen, damit Sie das Trocadero in tiefer Zufriedenheit verlassen. ;9.496881380477504;47.00825409403388;Sarganserstrasse 43;7310;Bad Ragaz;+41 81 302 22 88;trocadero@remimag.ch;https://www.trocadero-ragaz.ch/;[{'@type': 'ImageObject', 'contentUrl': 'https://hltpimtsoch.sos-ch-dk-2.exoscale-cdn.com/catalog/5/a/7/b/5a7be8f9dc3343f86fdc3a1e895d14e4adb77b1c_csm_restaurant_pizzeria_trocadero_bad_ragaz_restaurant_2_a7f626f487.jpg'}];2026-08-04T08:32:19+02:00
1872b621-ac9a-459f-b815-4f31b86f6a06;Alp Findels;Alp Findels bietet regionale Köstlichkeiten und hausgemachte Spezialitäten in einer idyllischen Umgebung. Ein Kinderspielplatz sorgt für Unterhaltung der kleinen Gäste, während Erwachsene die Aussicht auf die umliegende Berglandschaft geniessen können.;Nach der kurzen Bahnfahrt und einer bequemen halbstündigen Wanderung geniessen Sie eine Älplerkässchnitte oder ein feines z`Vieriplättli mit regionalen sowie auf der Alp produzierten Köstlichkeiten. Für die kleinen Gäste steht ein Kinderspielplatz gleich neben der Gartenbeiz.;9.4613904;46.9403613;Oberhalb Pfäfers SG;7315;Vättnerberg;+41 76 402 17 36;info@alpfindels.ch;https://www.alpfindels.ch/;[{'@type': 'ImageObject', 'contentUrl': 'https://hltpimtsoch.sos-ch-dk-2.exoscale-cdn.com/catalog/2/a/0/7/2a07153f0885d30cb30ad30ceca9fc7d2f47a5ca_IMG_2330.JPG'}];2026-08-31T13:22:43+02:00
18ee90a8-032e-4db9-ba45-be49cad84540;rivellaHome;Im gemütlichen rivellaHome geniessen Sie feine Fondue- und Raclette-Spezialitäten – perfekt, um sich vor dem Nachtskifahren zu stärken oder danach mit einem heissen Getränk aufzuwärmen.;Das rivellaHome ist ein gemütliches Fondue- & Raclette-Chalet, welches feinsten Käse-Spezialitäten anbietet.  
Vom 26.12.2025 bis 06.03.2026 findet jeweils freitags und zusätzlich am Samstag, 27.12.2025 das Nachtskifahren in der Flumserberg Galaxie statt. Der ideale Zeitpunkt sich davor im rivellaHome zu stärken oder sich bevor dem nach Hause gehen mit einem heissen Getränk aufzuwärmen.;9.2807483;47.0919796;Molseralpstr. 9;8898;Flumserberg;+41 81 720 15 66;info@colors-flumserberg.ch;https://www.flumserberg.ch/rivellahome;[{'@type': 'ImageObject', 'contentUrl': 'https://hltpimtsoch.sos-ch-dk-2.exoscale-cdn.com/catalog/4/b/4/2/4b4287286b94ea552fa44b4171b16f2d946bd961_tkv_bbf_nachtski_0020__52_5141_Enhanced_NR.jpg'}];2026-05-14T08:34:08+02:00
1a82a38d-4052-4df2-b502-e63d0d9d4445;Restaurant Mätz Dine;Das Restaurant Mätz Dine in Flumserberg bietet ein vielseitiges Gastronomieangebot mit regionalen Produkten und modernen Einflüssen. Gäste können in einer gemütlichen Atmosphäre Speisen und Getränke geniessen, sei es im Restaurant, an der Bar oder auf der Terrasse.;Geniessen Sie inmitten herrlicher Bergkulisse mit Sicht auf das Sarganserland ein hochwertiges Gastronomieangebot.

Das Mätz Dine besticht durch seine Einzigartigkeit, Authentizität und Vielseitigkeit. Die heimelige Atmosphäre bietet zusammen mit unseren Leckereien ein Erlebnis für alle Sinne.

Wir kochen auf internationalem Top-Niveau mit regionalen Produkten. Unsere Küche verbindet Altbewährtes mit modernen Einflüssen aus der französischen Küche. Ob für eine ausgiebige Tavolata, ein feines Fisch-Gericht oder für ein Feierabend-Bier, das mätz dine bietet für jeden etwas. Auch unsere Weinkarte lässt keine Wünsche offen.

Das Mätz Dine in Flumserberg Tannenheim steht für hochwertige, ehrliche Küche mit regionalen und saisonalen Produkten. Küchenchef und Gastgeber Michael Bless verbindet traditionelle Gerichte mit modernen, französisch und international inspirierten Einflüssen. Ideal zum genussvollen Einkehren nach dem Skifahren oder Wandern am Flumserberg. Dazu erwarten Sie eine ausgezeichnete Weinauswahl, eine gemütliche Atmosphäre und eine Sonnenterrasse mit Aussicht ins Sarganserland.;9.304406046867372;47.09065912784304;Flumserbergstr. 131;8897;Flumserberg;+41 81 733 11 28;dine@maetz.ch;https://www.maetz.ch/;[{'@type': 'ImageObject', 'contentUrl': 'https://hltpimtsoch.sos-ch-dk-2.exoscale-cdn.com/catalog/0/9/8/8/0988d6ac8c804ae633a3329154ac69314764f3d1_M__tz_Dine__min.jpg'}];2026-09-03T21:14:47+02:00
1aa06852-b3ec-49b5-b341-d11b7c75b389;Weingut Familie Hansruedi Adank;Das Weingut Familie Hansruedi Adank in Fläsch bietet ein ideales Terroir für Burgundersorten. Die kalkhaltigen Böden und das alpine Klima prägen die Weine, die Geschichten von Handwerk und Tradition erzählen.;Reben und Wein sind unsere Leidenschaft, unsere Motivation. Wir lieben das Handwerk, die vielfältigen Arbeiten im Laufe der Jahreszeiten. Im Winter, wenn wir unter dem klaren Himmel der Bündner Herrschaft mit dem Rebschnitt das Fundament für den kommenden Jahrgang legen. Im Sommer, wenn morgens bei der Laubarbeit die Tautropfen auf den Rebblättern glitzern. Und ganz besonders im Herbst: dann lesen wir mit dem Ernteteam die Trauben – bei uns heisst das übrigens «wimmle» – und anschliessend beginnt die Arbeit im Keller. 

Erfahrung und Handwerk sind abgestimmt auf das Fläscher Terroir. Reich an Kalk und je nach Lage mit Ton und Lehm angereichert, prägen diese durchlässigen, warmen Schiefer-Böden unsere Weine. Doch erst das Mikroklima macht das Fläscher Terroir perfekt: Im Herbst ist der Himmel über der Bündner Herrschaft meist tiefblau und die Luft fühlt sich an wie Seide. Dann streicht der Föhn durch die Regionen des Alpenrheins. Er trocknet den Tau von den Trauben und seine Wärme verpasst der Beerenreife den letzten Schliff. So heiss es tagsüber auch werden kann. Gegen Abend streichen kühle Fallwinde vom Fläscher Berg her durch die Reben und sorgen für eine balancierte Säure.

Adank Weine ist ein Familienweingut und es versteht sich von selbst, dass wir alle Aufgaben gemeinsam bewältigen. In der Grösse unseres kleinen Teams liegt unsere Kraft. Gegenseitige Wertschätzung und ein offenes Ohr für die Ideen und Vorstellungen in unseren Köpfen bringen unsere Weine voran. Ehrliches Handwerk, Nachhaltigkeit und Zeit bilden die Grundpfeiler unserer Philosophie. Zeit, die wir uns nehmen, um die richtigen Entscheidungen zu treffen und Zeit, die wir den Weinen lassen, um zu ihrer Vollendung zu gelangen. Handwerk, das auf den Erfahrungen baut, die wir uns Tag für Tag im Keller und in den Rebbergen aneignen. Nachhaltigkeit, die wir leben: Unsere Böden sollen so vielfältig und so biodivers wie nur möglich an die nächste Generation weitergegeben werden.;9.5139953;47.0265408;St. Luzi 3;7306;Fläsch;+41 81 302 65 56;mail@adank-weine.ch;http://www.adank-weine.ch;[{'@type': 'ImageObject', 'contentUrl': 'https://hltpimtsoch.sos-ch-dk-2.exoscale-cdn.com/catalog/7/3/2/3/7323b4249a8298a5399e7bdbd73c131eba3d7553_Hansruedi_und_Rezia_Adank.jpg'}];2026-07-31T13:20:15+02:00
1aa219d9-40f8-4ef3-b3f3-0e4ae7bfe449;Alp Tschingla;Alp Tschingla bietet einfache, traditionelle Menüs und Übernachtungsmöglichkeiten in vier Doppelzimmern und einem Massenlager für 20 Personen. Entspannung bietet ein Hotpot, der nach einer Wanderung auf Voranmeldung eingeheizt wird.;<p>In unserer H&uuml;ttenk&uuml;che bereiten wir einfache und urchige Menus zu. Es gibt verschiedenes vom Grill, Salate, Aelplermaccaronen, Tomatenspaghetti oder einfach nur was kleines: K&auml;se, Salsiz, Speck und Brot. Zum &Uuml;bernachten stehen 4 Doppelzimmer und ein Massenlager f&uuml;r 20 Personen zur Verf&uuml;gung. Zur Entspannung nach einer sch&ouml;nen Wanderung, heizen wir gerne auf Voranmeldung den Hotpot ein.</p>;9.2948089;47.1483796;Auf der Alp;8880;Walenstadt;+41 76 804 07 88;lm.gadient@bluewin.ch;http://www.tschingla.ch;[{'@type': 'ImageObject', 'contentUrl': 'https://hltpimtsoch.sos-ch-dk-2.exoscale-cdn.com/catalog/4/e/a/8/4ea8c844227848b29617c666f91fc2524b653336_H__ttentouren_Tschingla_Walenstadtberg__3_.jpg'}];2025-11-04T09:42:20+01:00
1b96af68-9e4e-4a64-85c2-72220d132dd9;Restaurant Schützengarten;Das Restaurant Schützengarten in Flums bietet bürgerliche Küche mit saisonalen Spezialitäten. Es ist ideal für Paare, Familien und Gruppen und bietet sowohl Innen- als auch Aussenbereiche. Haustiere sind willkommen.;Bürgerliche Küche mit verschiedenen Mittagsmenü und Empfehlungen
Gediegenes Abendessen im Wintergarten 
Metzgetä, Wildspezialitäten, Spargeln, Cordon- Bleufestival
immer etwas Neues;9.34622240368007;47.09429526703;Bahnhofstrasse 18;8890;Flums;+41 81 733 12 22;rest.schuetzengarten@bluewin.ch;http://www.schuetzen-garten.ch/;[{'@type': 'ImageObject', 'contentUrl': 'https://hltpimtsoch.sos-ch-dk-2.exoscale-cdn.com/catalog/d/4/d/8/d4d80bb41e2491b91d1cd8775c5b0a6faeee3c50_schuetzengartenfotos90kleiner.jpg'}];2026-06-22T10:41:27+02:00
1d9555f9-0984-466d-8b59-a4a0339460be;Alte Alp Gaffia;Die Alte Alp Gaffia auf 1861 m ü. M. bietet regionale Speisen und hausgemachte Kuchen. Sie ist bequem mit der Sesselbahn erreichbar und lädt auf der Sonnenterrasse oder in der rustikalen Gaststube zum Verweilen ein.;Das Team begrüsst Sie täglich als Gast auf der Sonnenterasse und in der rustikalen Gaststube. Zur Alte Alp Gaffia auf 1861 m ü. M. gelangen Sie bequem mit der Sesselbahn von der Furt. Geniessen Sie regionale Speisen, feine hausgemachte Kuchen und Desserts. Des Weiteren bieten wir erfrischende Getränke und Spezialitäten an.;9.411474466323854;46.99004531027749;Wangserberg;7323;Wangs Furt;081 511 54 33;wemaka@bluewin.ch;https://www.altealpgaffia.ch/;[{'@type': 'ImageObject', 'contentUrl': 'https://hltpimtsoch.sos-ch-dk-2.exoscale-cdn.com/catalog/6/3/1/a/631ae81b60f7f4cfbab22f096a0256b1afffd709_Alp_Gaffia.jpg', 'caption': {'de': 'Alte Alp Gaffia'}}];2026-06-01T09:48:37+02:00
1f1e292e-a0e7-4568-ae62-628c4e6b3d43;From Heaven;Das Restaurant From Heaven in Bad Ragaz bietet eine umfangreiche Weinkarte und aussergewöhnliche Tapas in einem der schönsten Gebäude der Region. Ideal für einen Drink oder ein ausgiebiges Essen.;From Heaven – Tapas, Wein & Kultur im historischen Bristol direkt am Bahnhof Bad Ragaz.
Mediterrane Tapas, regionale Produkte, eine vielseitige Weinkarte sowie Kunst-, Musik- und Gesprächsformate schaffen ein lebendiges Ambiente. Zwei Räume, eine grosse Bar und eine sonnige Terrasse laden ein zu Frühstück, Mittag, Afterwork oder einem entspannten Abend. Die Lage am Bahnhof macht das From Heaven zum idealen Treffpunkt für Einheimische, Reisende und Gruppen.;9.5054804;47.0093991;Bahnhofstr. 38;7310;Bad Ragaz;+41 81 302 73 10;info@fromheaven.ch;https://www.fromheaven.ch;[{'@type': 'ImageObject', 'contentUrl': 'https://hltpimtsoch.sos-ch-dk-2.exoscale-cdn.com/catalog/c/e/0/e/ce0ea087d4445d6918fedf266fa1c1cf0e19db18_DSC_0338.jpg'}];2026-06-02T02:32:42+02:00
201f6e20-1f5e-44d7-99ee-f83632da2dba;Berggasthaus Prodkamm;Das Berggasthaus Prodkamm am Flumserberg bietet eine vielfältige Auswahl an regionalen und traditionellen Gerichten. Die grosse Sonnenterrasse lädt zum Verweilen ein und bietet eine beeindruckende Aussicht auf die umliegende Berglandschaft.;Das Berggasthaus Prodkamm am Flumserberg ist ein Ort, an dem Sie sich kulinarisch verwöhnen lassen können. Mit seinen authentischen, monatlich wechselnden Pasta- und Salatangeboten sowie der Speisekarte mit regionalen und traditionellen Gerichten bietet das Restaurant eine vielfältige Auswahl an Köstlichkeiten. Das Restaurant verfügt zudem über eine grosse Sonnenterrasse, auf der Sie Ihre Mahlzeiten im Freien einnehmen und dabei die atemberaubende Aussicht auf die umliegende Berglandschaft geniessen.
Das Berggasthaus Prodkamm lädt Sie ein, die authentische Küche und die entspannte Atmosphäre zu geniessen. Ob Sie nach einem Skitag eine Stärkung suchen oder einfach nur die Sonne auf der Terrasse geniessen möchten, hier werden Sie mit herzlicher Gastfreundschaft empfangen. Besuchen Sie das Berggasthaus Prodkamm und lassen Sie sich von den köstlichen Gerichten und der einzigartigen Lage begeistern.;9.26801383495331;47.07360037575466;Prodkamm;8897;Flumserberg Tannenheim;+41 81 733 23 13;info@prodkamm.ch;http://www.prodkamm.ch;[{'@type': 'ImageObject', 'contentUrl': 'https://hltpimtsoch.sos-ch-dk-2.exoscale-cdn.com/catalog/f/1/4/e/f14efd48b613ca33bd7480c50eff62a6a6965606_tkv_bbf_wander__0269DJI_0599_HDR.jpg'}];2026-08-16T16:30:16+02:00
20e9ad99-326a-4c9b-876d-8a8b12d5db96;Berggasthaus Pardiel  ;Das Berggasthaus Pardiel auf 1630 m ü.M. bietet eine ideale Lage für Ski- und Wanderferien. Es liegt direkt neben der Bergbahn Pizol Bad Ragaz und verfügt über 11 rustikal eingerichtete Zimmer.;Das Berghaus ist somit der ideale Ausgangspunkt für Ihre Ski- oder Wanderferien. Das Skigebiet Pizol, mit seinen 50 Pistenkilometern, bietet für alle etwas. Der Skischul-Sammelplatz und der Skiverleih befindet sich in unmittelbarer Nähe. Als Ausgangspunkt für Wanderungen in einer einmaligen Bergwelt ist das Berghaus Pardiel Ihr Gruppenhaus. Ob auf einem Themenweg oder individuell auf dem Wanderweg ist alles direkt von unserm Haus machbar.

Verpflegung
Unsere grosszügige Küche eignet sich perfekt für Selbstversorger. 

Zimmer Allgemein
Unsere Zimmer sind im rustikalen Stil eingerichtet. Das Berggasthaus verfügt über 11 Zimmer.
Es stehen folgende Zimmerkategorien zur Verfügung:

6x Doppelzimmer
2x Vierbettzimmer
1x 5er-Massenlager
2x 14er-Massenlager;9.462869032451824;46.9897201;Pardiel;7310;Bad Ragaz;gastro@pizol.com;https://pizol.com/gastrobetriebe/gruppenhaus-pardiel/;[{'@type': 'ImageObject', 'contentUrl': 'https://hltpimtsoch.sos-ch-dk-2.exoscale-cdn.com/catalog/3/d/6/8/3d6889cc90fda6d4285335e5438364193cb83c69_Berggasthaus_Pardiel.jpg'}];2026-09-04T10:25:02+02:00
25f39777-0e9a-4bfc-979a-d1563b9149b1;Weingut Heidelberg, Maienfeld;Das Weingut Heidelberg in Maienfeld bietet eine Besichtigung mit Weindegustation und Imbiss im rustikalen Weinstübli oder unter der Pergola im Weinberg. Die Eigenkelterung erfolgt in einem modernen Weinkeller und traditionellem Holzfasskeller.;Weingut mit 5 ha Rebland. Eigenkelterung in modernem Weinkeller und traditionellem Holzfasskeller.
Weingutsbesichtigung mit Weindegustation und Imbiss im rustikalen Weinstübli oder in der mit Reben bewachsenen Pergola mitten im Weinberg.

Einfache Küche, Catering möglich.;9.53107530744586;47.010756400000005;Heidelberggässli 4;7304;Maienfeld;+41 81 330 72 05;hp@lampert-weinbau.ch;http://www.lampert-weinbau.ch;[{'@type': 'ImageObject', 'contentUrl': 'https://hltpimtsoch.sos-ch-dk-2.exoscale-cdn.com/catalog/b/c/3/5/bc35deb6b441040ee1ec078d9ff3f49a52cdd01c_2018_11_14.jpg'}];2026-08-04T12:30:46+02:00
28229e32-7d34-4c2c-9d1e-04fca65f7279;Teehaus LIU;Das Teehaus LIU in Bad Ragaz bietet Tees von kleinen, lokalen Herstellern, zubereitet mit frischem Quellwasser. Es ist ein Ort der Ruhe und Harmonie, ideal für Paare, Familien und Gruppen.;Um täglich eine perfekte Tasse Tee geniessen zu können, ist für uns ausschlaggebend, den Ursprung und den Entstehungsprozess des Tees zu kennen.

Vom traditionellen Anbau, übers sorgfältige Pflücken, hochwertige Verarbeiten bis hin zur passenden Verpackung und anschliessenden Versand gilt für uns nur die höchste Qualität.

Wir vertrauen den Teebauern und unterstützen sie partnerschaftlich. Unser gemeinsames Streben ist, dass Tee nicht nur durch den Wert der Teeblätter selbst, sondern auch durch die Hingabe und das Engagement der Menschen, die diesen Prozess begleiten, dem Tee eine spirituelle Erfahrung und nachhaltig positive Bedeutung mitgeben.

Jeder Teegarten und jeder Mensch, der mit Tee in Berührung kommt, verdient es, geschätzt zu werden.

Was wir weitergeben, ist die Legende des Tees, das Geschenk der Natur, aber auch die Teekultur und die Wahrheit, Güte und Schönheit der Menschen.

Unsere Tees stammen von kleinen, lokal tätigen Herstellern und werden grösstenteils von Hand hergestellt. Dazu zählen beispielsweise die Teehändler von Fēngfù (豐傅) oder die Teegärten von Wuyishan, die zu unseren zuverlässigen Partnern gehören.;9.502216;47.0029044;Maienfelderstrasse 5;7310;Bad Ragaz;+41 81 304 22 87;info@teehausliu.com;https://teehausliu.com/;[{'@type': 'ImageObject', 'contentUrl': 'https://hltpimtsoch.sos-ch-dk-2.exoscale-cdn.com/catalog/1/6/0/a/160ae215d2f0e3869e12ebce2d1425b5278931af_Teehaus_Liu.jpg'}];2026-08-02T12:11:40+02:00
296ef3a0-8118-420f-8759-4c3faef3bacb;Restaurant Tertianum Blumenaupark;Das Restaurant Tertianum Blumenaupark in Unterterzen bietet eine Auswahl an liebevoll angerichteten Speisen und Desserts. Gäste können auch verschiedene Kaffees, erfrischende Getränke und kleine Snacks geniessen. Es ist für Paare, Familien, Gruppen und Singles geeignet.;In unserem öffentlichen Restaurant werden Sie von unserem Küchenteam mit liebevoll angerichteten Speisen und Dessertkreationen verwöhnt. Neben verschiedenen Kaffeevarianten erhalten Sie bei uns auch erfrischende Getränke oder einen kleinen Snack für zwischendurch. Auch Angehörige und Freunde unserer Gäste sind herzlich willkommen.;9.253684737470934;47.11229805;Vorbachstrasse 7;8882;Unterterzen;+41 81 544 45 45;blumenaupark@tertianum.ch;https://www.tertianum.ch/wohn-pflegezentrum/tertianum-blumenaupark#gastronomie;[{'@type': 'ImageObject', 'contentUrl': 'https://hltpimtsoch.sos-ch-dk-2.exoscale-cdn.com/catalog/6/c/1/a/6c1af96ee705b4e334d478e0d26b0f6bf499faca_Titelbild_Blumenaupark.jpg'}];2026-09-04T08:51:22+02:00
2a731480-73b8-4ed7-8d95-ec6e9fbfaa84;Restaurant Schloss Sargans;Das Restaurant Schloss Sargans bietet ein kulinarisches Erlebnis in den historischen Mauern des Schlosses. Regionale Köstlichkeiten und eine einladende Atmosphäre erwarten Besuchende. Geeignet für Paare, Familien, Gruppen und Singles.;HERZLICH WILLKOMMEN IM SCHLOSS SARGANS!
Wir heissen Sie herzlich willkommen und freuen uns darauf, in unserem Restaurant begrüssen zu dürfen.

Unser Restaurant, eingebettet in die historischen Gemäuer des Schlosses Sargans, lädt Sie zu einem unvergesslichen kulinarischen Erlebnis ein. Entdecken Sie die Vielfalt regionaler Köstlichkeiten, die mit Liebe zum Detail zubereitet werden und unsere Verbundenheit zur Umgebung widerspiegeln. Erleben Sie bei uns nicht nur exzellente Speisen, sondern auch eine Atmosphäre, die den Charme der Region ausdrückt– regional, herzlich, einladend.;9.437401316477047;47.05020255964923;Hinterschlossweg 1;7320;Sargans;+41 81 723 13 13;info@schloss-sargans.com;https://www.schloss-sargans.com/;[{'@type': 'ImageObject', 'contentUrl': 'https://hltpimtsoch.sos-ch-dk-2.exoscale-cdn.com/catalog/9/8/2/a/982a8b69e6ffb6b870613cd90a154b92a2a3a8cb_Schloss_Sargans_03_1024x658.jpg'}];2026-06-22T14:32:27+02:00
2c4e38f7-8d1f-45b9-a701-78637e23a43f;Lattmann's Bar & Lounge GmbH;Lattmann's Bar & Lounge in Bad Ragaz bietet eine Zigarren-Lounge mit Humidor, saisonale Küche und eine Auswahl an erlesenen Weinen und Whiskys. Die Bar ist sowohl drinnen als auch draussen geöffnet und eignet sich für Paare, Gruppen und Singles.;Willkommen in der Lattmann’s Bar & Lounge – dein Treffpunkt für feine Drinks, gute Gespräche und besondere Abende. 

Bei uns gibt’s alles zum Anstossen: von Bier über Wein bis hin zu guten Drinks. Dazu eine Zigarre oder etwas Feines aus der Küche. Einfach das, worauf du gerade Lust hast.

Hier sollst du dich wohlfühlen und den Abend so geniessen, wie er für dich passt. Mit Freunden oder einfach für dich selbst. Zusätzlich veranstalten wir regelmässig Live-Musik und abwechslungsreiche Events.

Schau bei uns rein – wir freuen uns auf dich!;9.5004767;47.0022523;Am Platz 10;7310;Bad Ragaz;+41 81 330 76 12;info@lattmanns.ch;https://www.lattmanns.ch/;[{'@type': 'ImageObject', 'contentUrl': 'https://hltpimtsoch.sos-ch-dk-2.exoscale-cdn.com/catalog/5/e/f/c/5efc5c74bd2996c59386680a0fb98dd17f2d097a_IMG_2638__2.jpeg'}];2026-06-22T11:08:21+02:00
2c98d299-11e7-4aa2-a29c-33ed634a72b6;Restaurant Grotto Fläscher Bad;Das Grotto Fläscher Bad in Fläsch bietet lokale, marktfrische und vegetarische Küche in einem historischen Gebäude. Es ist familienfreundlich, haustierfreundlich und bietet sowohl Innen- als auch Aussenbereiche.;Das Grotto Fläscher Bad ist einfach ein Mü anders. 
Hier steht alles unter dem Motto «bewusst geniessen»: Beim respektvollen Umgang mit der Natur und unseren Ressourcen oder bei der Wertschätzung und Entlöhnung unserer Mitarbeitenden und Partner - wir mögen es lokal, sorgfältig und nachhaltig. 
Wir möchten Deine Gedanken und Deinen Gaumen in die Ferien schicken, denn eins wissen wir: Genuss ist vergänglich, nicht aber die Erinnerung daran. Deshalb möchten wir die Freude daran unbedingt mit dir teilen. 

Wir wünschen Dir ganz viele bleibende Eindrücke und einen Moment «zum Abschalte» bei uns.;9.4946418;47.0365098;Badguot 2;7306;Fläsch;+41 81 756 11 22;geniessen@das-grotto.ch;http://www.das-grotto.ch;[{'@type': 'ImageObject', 'contentUrl': 'https://hltpimtsoch.sos-ch-dk-2.exoscale-cdn.com/catalog/1/3/d/1/13d19cd54757b2d5a4f80ea8b1c21ad25a4798a5_Sonnenuntergang.png'}];2026-08-03T04:03:44+02:00
2d522e24-9b6d-4278-bf2e-d9a8a7eddff7;Wein Bar & Café Sternen;Das Wein Bar & Café Sternen in Malans bietet eine entspannte Atmosphäre mit lokalen Weinen, einfachen Speisen und einem Kulturprogramm. Es ist ein idealer Ort für Familien, Paare und Gruppen, um sich zu treffen und zu verweilen.;Gemütliches Verweilen im Café, ein Glas Wein an lauen Abenden, auf dem Weg nach Hause auf dem Platz Leute treffen und doch noch ein bisschen länger bleiben, ein Konzert oder eine Lesung bei uns besuchen... Wir freuen uns auf Ihren Besuch!;9.5761389;46.9820344;Dorfplatz 8;7208;Malans;+41 76 407 72 08;mail@sternen.cafe;https://www.sternen.cafe/;[{'@type': 'ImageObject', 'contentUrl': 'https://hltpimtsoch.sos-ch-dk-2.exoscale-cdn.com/catalog/0/3/c/9/03c9fbb9ad6a1d46f75c1334bfe6f28668895f20_IMG_6500.jpeg'}];2026-07-26T09:28:52+02:00
2e167736-dc78-4262-878d-80929bc94753;Restaurant Schifflände;Das Restaurant Schifflände in Quinten bietet eine exzellente Küche direkt am Walensee. Gäste können lokale Spezialitäten und vegane Optionen geniessen, während sie die malerische Aussicht auf den See bewundern.;&quot;Willkommen im Restaurant Schifflände Quinten. Genießen Sie unsere exzellente Küche, während Sie sich von der sanften Brise des Sees verwöhnen lassen. Tauchen Sie ein in eine Welt voller Gaumenfreuden und lassen Sie sich von unserer erstklassigen Küche und dem einzigartigen Ambiente verzaubern. Erleben Sie unvergessliche Momente, und bewundern Sie die malerische Landschaft des Sees.;9.215732216835024;47.128984199829;Dörfli 800;8878;Quinten;+41 81 738 14 60;cr@schifflaende.eu;https://www.schifflaende.eu/;[{'@type': 'ImageObject', 'contentUrl': 'https://hltpimtsoch.sos-ch-dk-2.exoscale-cdn.com/catalog/8/6/a/a/86aa7c0cfcd6aa785483d6474a8a5260e1036eb5_IMG_0038__2.jpg'}];2026-06-22T11:10:55+02:00
30b9c5d2-3d69-4228-ae16-2c8d3dd3dbbf;Memories;Das Restaurant Memories in Bad Ragaz bietet ein einzigartiges kulinarisches Erlebnis mit 3 Michelin-Sternen und 18 Gault-Millau-Punkten. Es vereint Innovation, Saisonalität und Naturverbundenheit in der Schweizer Alpenküche.;3 Michelin-Sterne &amp; 1 Grüner Michelin-Stern | 18 Gault-Millau-Punkte
Produktebewusstsein, Innovation und Saisonalität sind in Sven Wassmers Philosophie tief verankert. Im Memories, seinem Signature-Restaurant, setzt er dies konsequent um – klar und reduziert interpretiert er die Schweizer Alpine Küche zu einem authentischen und naturverbundenen Gesamterlebnis.
Seine Kreationen richten sich nach den Jahreszeiten und wandeln sich mit ihrem Verlauf. Hier geniessen Sie anstatt eines à la Carte Menüs, ein Surprise Degustationserlebnis mit mehreren Geschmackserinnerungen. Das Memories ist ein Wohlfühlort, der zurückkehrt zum Ursprung der Gastlichkeit. Ein bewusster Ruhepol, der kompromisslose Qualität, Stil und Natur vereint.;9.5039179;47.000046;Bernhard-Simonstrasse;7310;Bad Ragaz;+41 81 303 30 35;info@memories.ch;http://www.memories.ch;[{'@type': 'ImageObject', 'contentUrl': 'https://hltpimtsoch.sos-ch-dk-2.exoscale-cdn.com/catalog/f/a/d/b/fadbe99f94c988de4f3a92e49c14d47601da0d9a_GRBR_Kulinarik_Memories_Restaurant_Essbereich_V2.jpg'}];2026-06-22T14:32:29+02:00
33f3d505-b3e9-4761-b91b-6963ae262ff0;Weingut Möhr-Niggli;Das Weingut Möhr-Niggli in Maienfeld bewirtschaftet rund 4 Hektar Rebfläche und konzentriert sich auf die Burgundersorte Pinot Noir. Besuche und Weinverkauf sind nur nach Anmeldung möglich.;Auf rund 4 Hektaren in Maienfeld und auf 0.6 Hektaren in Maisprach – Basellandschaft – wird Weinbau betrieben. Der Fokus liegt dabei auf der ursprünglichen Burgundersorte Pinot Noir. Daraus entstehen nebst dem „PILGRIM“, ein Pinot Noir aus den bevorzugtesten Lagen um die Stadt Maienfeld, noch weitere Crus aus Einzellagen auf 3 sehr unterschiedlichen Terroirs. 

Das ganzheitliche Arbeiten liegt uns am Herzen. Sei dies das Bewirtschaften der Rebberge, das Pflegen und Begleiten der noch jungen Weine im Keller, oder der persönliche Kontakt zu unseren Privatkunden, Gastronomen sowie Weinfachhändlern.;9.5301356;47.0100865;Steigstrasse 22a;7304;Maienfeld;+41813301083;info@moehr-niggli.ch;https://www.moehr-niggli.ch/;[{'@type': 'ImageObject', 'contentUrl': 'https://hltpimtsoch.sos-ch-dk-2.exoscale-cdn.com/catalog/4/5/5/3/45533d34311c6918260ad1261990b15161e8e681_Fasskeller.jpg'}];2026-05-17T08:39:43+02:00
3c04ecfb-d9dd-4137-a4fc-4295339cf91a;Asien Restaurant Rama-Rama;Das Asien Restaurant Rama-Rama in Landquart bietet asiatische Spezialitäten aus Hong Kong-China, Malaysia und Thailand. Gäste können die Gerichte im Restaurant oder auf der grossen Terrasse geniessen.;Rama-Rama ist malaysisch und bedeutet soviel wie Schmetterling. Rama-Rama ist aber auch ein Asiatisches Restaurant mit Spezialitäten aus Hong Kong-China, Malaysia und Thailand.
Geniessen Sie unsere Spezialitäten entweder im Restaurant mittags und abends gemütlich und gedigen oder in den Sommermonaten auf der grossen Terrasse.;9.560419226747708;46.96788395;Bahnhofstrasse 42;7302;Landquart;+41 81 322 59 69;info@rama-rama.ch;http://www.rama-rama.ch;[{'@type': 'ImageObject', 'contentUrl': 'https://hltpimtsoch.sos-ch-dk-2.exoscale-cdn.com/catalog/e/9/0/5/e90518b74403fe1b4a02849ff62efa6d9b40db11_2016_10_12.jpg'}];2026-05-20T22:08:22+02:00
3c4fe053-0eb2-4204-9fe5-8bcec667baec;gladys;Das Restaurant gladys im Clubhaus des Golf Club Bad Ragaz bietet innovative Küche und eine grosszügige Sonnenterrasse. Es wurde mehrfach als bestes Golf Restaurant der Schweiz ausgezeichnet und lädt mit einer Smoking Lounge zum Verweilen ein.;Das «gladys» befindet sich im modernen Clubhaus des Golf Club Bad Ragaz und ist ein Treffpunkt sowohl für Golfer als auch für Kulinarik-Begeisterte. Das innovative Küchenteam interpretiert bewährte Clubhaus-Klassiker immer wieder neu. Sonnenterrasse und Smokers Lounge laden zum gemütlichen Verweilen ein. Beim Swiss Golf Award 2018, 2020, 2021 und 2022 wurde das gladys als «Bestes Golf Restaurant der Schweiz» gekürt und erhielt beim Falstaff Restaurantguide 87 Punkte. Das mehrfach ausgezeichnete Restaurant besticht neben seinem stilvollen Innenausbau mit einer grosszügigen Sonnenterrasse. Die Smoking Lounge mit einer breiten Zigarrenauswahl und erlesenen Spirituosen lädt Golfer und Kulinarikbegeisterte zum Verweilen ein.;9.5048934;46.9989934;Hans-Albrecht Strasse 1;7310;Bad Ragaz;+41 81 303 37 20;gladys@resortragaz.ch;https://www.golfclubragaz.ch/gladys.html;[{'@type': 'ImageObject', 'contentUrl': 'https://hltpimtsoch.sos-ch-dk-2.exoscale-cdn.com/catalog/f/c/5/0/fc50880663e34f5ecb93044d4c7780b466bfecb0_gladys_Golf_Restaurant.jpg'}];2026-06-22T14:32:39+02:00
3e328c39-0147-4bf0-9650-cd244ca0431c;Thomas Marugg Weingut;Das Thomas Marugg Weingut in Fläsch bietet Weindegustationen für Gruppen von fünf bis 50 Personen nach telefonischer Voranmeldung an. Es ist bekannt für seine lokale und einfache Küche in einer rauchfreien Umgebung.;Gerne empfangen wir Gruppen von 5 - 50 Personen für Weindegustationen auf telefonische Voranmeldung.;9.513280902915838;47.026143399999995;Ausserdorfstrasse 32;7306;Fläsch;+41 81 302 14 43;th.marugg@marugg-weine.ch;http://www.marugg-weine.ch;[{'@type': 'ImageObject', 'contentUrl': 'https://hltpimtsoch.sos-ch-dk-2.exoscale-cdn.com/catalog/f/8/b/0/f8b0baae12aaf130b68631e648f218ed7b353433_Thomas_Marugg_2.jpg'}];2026-08-03T12:29:59+02:00
3ee82a8e-f87d-433c-a9de-2abaa1a0e540;Restaurant Morgenstern;Das Restaurant Morgenstern in Mels bietet ganzjährig gut-bürgerliche Küche und einen wundervollen Ausblick. In den Herbstmonaten werden Wildspezialitäten serviert. Es ist für Paare, Familien, Gruppen und Singles geeignet.;In den Herbstmonaten laden wir Sie herzlichst zu unseren Wildspezialitäten ein.;9.411385150460994;47.03582555;Weissrannerstrasse 73;8887;Mels;+41 81 723 15 92;kontakt@restaurant-morgenstern.ch;https://www.restaurant-morgenstern.ch/;[{'@type': 'ImageObject', 'contentUrl': 'https://hltpimtsoch.sos-ch-dk-2.exoscale-cdn.com/catalog/7/f/1/9/7f1900a86acf5ed6a2d7053726edd040acb5a37c_20160505_112919_480x360.jpg', 'caption': {'de': 'Restaurant Morgenstern'}}];2026-05-14T15:29:11+02:00
3f941a9c-5f69-425f-8735-466099dfb694;Restaurant Pinot;Das Restaurant Pinot in Fläsch bietet eine kulinarische Insel mit saisonalen Gerichten von Sternekoch Roland Schmid. Geniesse regionale und internationale Küche auf der einzigartigen Terrasse. Ausgezeichnet mit Bib Gourmand und 90 Falstaff-Punkten.;Das Pinot ergänzt das Ensemble der Klinik Gut in Fläsch als Insel der Kulinarik, der Genusses bei passendem Ambiente und einzigartiger Terrasse im schönen Garten.
Geniessen sie beim bekannten Sternekoch, Sebastian Titz, das täglich wechselnde saisonale Tagesangebot zum Lunch. Am Nachmittag unser hausgemachter Kuchen, Hausgemachte Glacespezialitäten, ein PINOT - Plättli oder ein Cervelatsalat mit einem Glas Wein. Unser Wochen Highlight ist der Gourmetabend jeweils Donnerstags ab 18 Uhr
Gekocht wird frisch, zeitgemäss und im Takt der vier Jahreszeiten. Mal mit regionalen Akzenten, mal international. Immer mit Liebe und Leidenschaft, einfach, ehrlich und vollendet im Geschmack. In den Kreationen vermählt sich Neues mit Traditionellem. Gerne spürt Sebastian Titz dafür die besten Lebensmittel lokaler Produzenten auf. Auch ein gutes Glas Wein wird optimal auf das Gericht abgestimmt. Lassen Sie sich begeistern.
Das Restaurant Pinot wurde mit der Auszeichnung "Bib Gourmand" MICHELIN Schweiz, das heisst bestes Preis-Leistungs-Verhältnis gekürt sowie mit 90 Punkte bei "Falstaff" ausgezeichnet.;9.514217442187299;47.0240965;Steigstrasse 12;7306;Fläsch;+41 81 595 55 57;reservation@restaurant-pinot.ch;http://www.restaurant-pinot.ch;[{'@type': 'ImageObject', 'contentUrl': 'https://hltpimtsoch.sos-ch-dk-2.exoscale-cdn.com/catalog/9/6/c/a/96caf93ba0ec4346b0708757290764d5284125b3_Titelbild.jpg'}];2026-05-17T08:32:29+02:00
3fad9a65-5fc1-4b1a-a05c-0283c1bfea5c;Rathauskeller Mels - Weinkellerei;Weinkellerei im historischen Gewölbe;<p class="MsoNoSpacing"><span lang="DE-CH">Seit der Gründung im Jahre 1938 ist die Weinbaugenossenschaft im Rathauskeller Mels am Dorfplatz zuhause, keltert ihre Weine nach neusten Methoden und lässt sie im historischen Gewölbekeller zu edlen Tropfen reifen.</span></p><p class="MsoNoSpacing"><span lang="DE-CH">Zwischen Sargans und Heiligkreuz, in steilen Südlagen mit optimaler Sonneneinstrahlung, pflegen über 50 Winzerinnen und Winzer im Nebenerwerb jeden einzelnen Rebstock mit unermüdlicher Arbeit, Hingabe und Leidenschaft. Ihre Qualitätstrauben bilden die Grundlage für charaktervolle, qualitativ hochwertige und einzigartige Weine.</span></p><p class="MsoNoSpacing"><span lang="DE-CH">Seit Generationen erfolgt die Kelterung und Lagerung eines umfangreichen Sortiments an Weiss- und Rotweinen im historischen Gewölbekeller des Rathauses Mels. Wir sind stolz auf unsere grosse Vielfalt an Rebsorten. Diese reicht von Klassikern wie Pinot Noir, Riesling-Sylvaner und Chardonnay bis zu Spezialitäten wie Kerner, Pinot Gris oder Souvignier Gris. </span></p><p class="MsoNoSpacing"><span lang="DE-CH"> </span></p><p class="MsoNoSpacing"><span lang="DE-CH">Die Arbeit unseres Kellermeister Toni Bardellini sowie der Winzerinnen und Winzer ist von Leidenschaft, Handwerk und Innovationskraft geprägt. Mit viel Herzblut sorgen sie dafür, dass die regionale Weintradition lebendig bleibt und als einzigartiges Kulturgut in die Zukunft getragen wird.</span></p><p class="MsoNoSpacing"><strong><span lang="DE-CH" style="font-size: 12.0pt;">Weingenuss für Zuhause – unsere Vinothek</span></strong></p><p class="MsoNoSpacing"><span lang="DE-CH" style="mso-bidi-font-size: 10.0pt;">In unserer Vinothek trifft Genuss auf Kompetenz und Leidenschaft. Für eine persönliche Weinberatung besuchen Sie uns doch in unserer Vinothek oder bestellen Sie erlesene Weine, Edelbrände oder unseren alkoholfreien Trubetau direkt im Online-Shop.</span><span lang="DE-CH" style="mso-bidi-font-size: 10.0pt;"> </span></p><p class="MsoNoSpacing"><strong><span lang="DE-CH" style="font-size: 12.0pt;">Weinlokal im historischen Gewölbe</span></strong></p><p class="MsoNoSpacing"><span lang="DE-CH" style="mso-bidi-font-size: 10.0pt;">Verweilen Sie in unserem charmanten Gewölbekeller im Herzen von Mels. Kommen Sie vorbei – entdecken, geniessen und verweilen Sie! Wir freuen uns auf Ihren Besuch.</span></p>;9.419257;47.0466979;Platz 2;8887;Mels;+41 81 723 52 49;info@rathauskellermels.ch;https://www.rathauskellermels.ch/;[{'@type': 'ImageObject', 'contentUrl': 'https://hltpimtsoch.sos-ch-dk-2.exoscale-cdn.com/catalog/8/b/f/d/8bfdb1a19188673db64c72a2fdfdc5599877c87f_Trauben_Kerner.jpg'}];2026-08-01T16:30:15+02:00
424d7866-deae-46c2-baea-b1fd163598b1;MaschgeLuggä;Das Bergrestaurant Maschgenlücke bietet eine grosse südlich ausgerichtete Terrasse mit Panoramablick und viel Sonne. Im Winter geniessen Besuchende den Blick auf verschneite Gipfel, im Sommer auf Alpweiden und Murmeltiere.;Grosse südlich ausgerichtete Terrasse (120 Plätze im Sommer / bis zu 300 Plätze im Winter) mit herrlicher Panoramasicht und viel Sonne von früh bis spät. Gemütliches Restaurant für ca. 70 Personen.

Geniessen Sie im Winter wunderschöne Ausblicke auf das verschneite Panorama von Ringelspitz über Piz Sardona bis Spitzmeilen und Magerrain. 

Geniessen Sie im Sommer den herrlichen Ausblick über Alpweiden und Bergspitzen und beobachten Sie die Murmeltiere von unserer Terrasse aus!;9.256376516014837;47.0687943;Dachenweid Postfach 114;8898;Flumserberg Tannenbodenalp;+41 81 733 11 81;bartholet.lugge@bluewin.ch;http://www.lugge-flumserberg.ch;[{'@type': 'ImageObject', 'contentUrl': 'https://hltpimtsoch.sos-ch-dk-2.exoscale-cdn.com/catalog/f/6/e/0/f6e05b52d23893760ecbeadc5f0e47ed19bb1a74_1000007339.jpg'}];2026-05-15T08:34:21+02:00
45005140-0670-434e-9b87-02580f1e128b;Lipp Weingut & Destillerie;Das Lipp Weingut & Destillerie in Maienfeld bietet eine einzigartige Kombination aus Wein- und Schnapsproduktion. Besuchende können die Produkte direkt vor Ort degustieren und einen Blick in die Brennerei werfen.;Ein Paar - zwei Leidenschaften. Er ist Schnapsbrenner, sie ist Winzerin. Gemeinsam verbindet sie der Anspruch nach aussergewöhnlichen Produkten. 

Die Bündner Herrschaft und die nähere Region sind unser Garten für die Trauben, Früchte, Beeren und Kräuter für unsere Weine und Destillate. 
Im Laden direkt auf dem Hof können die Produkte degustiert werden, auch ein Blick in die Brennerei ist möglich.;9.52925443239499;47.009072950000004;Fläscherstrasse 2;7304;Maienfeld;+41 81 330 15 55;info@lipp-destillerie.ch;https://www.lipp-destillerie.ch;[{'@type': 'ImageObject', 'contentUrl': 'https://hltpimtsoch.sos-ch-dk-2.exoscale-cdn.com/catalog/4/2/c/5/42c523c0a31e57de2120233d6d8bb8f837c1091f_20151030__MG_0641.jpg'}];2026-07-25T13:03:08+02:00
468094a2-9419-4e26-a3c2-752021147a08;Restaurant Central;Das Restaurant Central in Bad Ragaz bietet gutbürgerliche Schweizer Küche mit Einflüssen aus Amerika und Italien. Es ist familienfreundlich, akzeptiert Kreditkarten und verfügt über eine Garten-Terrasse sowie kostenloses WLAN.;Lassen sie es sich richtig gut gehen – saisonal und frisch aus der Region.
Unsere frisch zubereitete Schweizer Küche vereint in Bad Ragaz - das Beste aus der Schweizer und italienischen Küche – saisonal inspiriert und voller Geschmack.;9.5001409;47.0022417;Am Platz 6;7310;Bad Ragaz;081 302 26 26;reservation@centralragaz.ch;https://www.centralragaz.ch/;[{'@type': 'ImageObject', 'contentUrl': 'https://hltpimtsoch.sos-ch-dk-2.exoscale-cdn.com/catalog/3/4/e/c/34ecc869c8a7b530b1cc27a3185dbfa648e4d2af_IMG_20230509_WA0009_1000x889.jpg', 'caption': {'de': 'Restaurant Central'}}];2026-07-10T04:13:16+02:00
46c15614-1a24-4f4f-92dd-9dcc850c51bb;Rocki Docki Kulturbühne;Das Rocki Docki in Flums bietet eine vielseitige Gastronomie in einem historischen Gebäude. Es ist ideal für Partys, Gruppenevents oder einen entspannten Abend mit Freunden. Geniesse amerikanische, vegetarische und BBQ-Küche.;Das alte Hause am Bahnhof Flums hat vieles schon erlebt .. und das Haus hat immernoch einiges zu bieten! Entdecke eine andere Welt und geniesse unser vielseitiges Angebot. Let&#039;s rock!

Das Rocki Docki ist perfekt für Deine Party, für Gruppenevents oder einen guten Abend unter Freunden! Für alle ist was dabei - schreibe auch Du die Geschichte weiter und das Haus wird zu einer unsterblichen Legende!;9.348019250597167;47.096143121098;Bahnhofstrasse 2;8890;Flums;+41 81 733 28 28;chris@rockidocki.ch;http://www.rockidocki.ch/;[{'@type': 'ImageObject', 'contentUrl': 'https://hltpimtsoch.sos-ch-dk-2.exoscale-cdn.com/catalog/d/1/1/3/d1136c37cc002bf0542313b497abe21ab4981117_RockiDocki01.jpg'}];2026-04-28T08:26:16+02:00
49b944f9-225a-4d72-a79c-dc0a023358ca;Restaurant Sternen;Das Restaurant Sternen in Flums bietet bürgerliche Küche mit frischen, saisonalen Zutaten. Es ist zentral gelegen und eignet sich für Paare, Familien, Gruppen und Singles.;Bürgerliche Küche mit frischen saisonalen Zutaten.;9.342348256360681;47.09090522720556;Eisenherren Strasse 1;8890;Flums;+41 81 733 12 18;info@sternenflums.ch;https://sternenflums.ch/;[{'@type': 'ImageObject', 'contentUrl': 'https://hltpimtsoch.sos-ch-dk-2.exoscale-cdn.com/catalog/e/e/d/c/eedccf81ac2590d4cbd4b48038257c6b578198df_Sternen_Flums_Restaurant.jpg'}];2026-05-28T08:33:27+02:00
4ec20e36-1a42-4472-be1d-a9d151a23082;Restaurant «IGNIV by Andreas Caminada»;Das Restaurant «IGNIV by Andreas Caminada» in Bad Ragaz bietet eine Fine-Dining-Sharing-Erfahrung mit zwei Michelin-Sternen und 17 Gault-Millau-Punkten. Küchenchef Joël Ellenberger kreiert innovative Sharing-Gänge, begleitet von passenden Weinen.;2 Michelin-Sterne | 17 Gault-Millau-Punkte | 96 Falstaff-Punkte
Zwischen Gourmet-Küche und Gemütlichkeit. Im Restaurant IGNIV trifft Innovation auf geteilten Genuss. Moderne auf Fine-Dining. Und 2 Michelin-Sterne auf 17 Gault-Millau-Punkte. Küchenchef Joël Ellenberger verzichtet auf eine klassische Menüabfolge. Stattdessen zaubert er verschiedene Sharing-Gänge. Dazu serviert Restaurantleiterin Susanne Schneider  die passende Weinbegleitung. Das Restaurantkonzept «IGNIV by Andreas Caminada», des Graubündner Spitzenkochs, steht für Behaglichkeit und bewusstes Teilen.
Ein Ort der Sinne, an dem das Teilen von Kulinarik, Genuss und Zeit im Mittelpunkt steht.;9.5021119;47.0004111;Bernhard-Simonstrasse;7310;Bad Ragaz;+41 81 303 30 35;reservation@igniv.com;https://www.resortragaz.ch/de/kulinarik/igniv;[{'@type': 'ImageObject', 'contentUrl': 'https://hltpimtsoch.sos-ch-dk-2.exoscale-cdn.com/catalog/c/2/c/4/c2c403a2f144434558a0ddca7f45a41a41d7dc18_GRBR_06_22_IGNIV_1869_600x400.jpg'}];2026-09-04T09:21:07+02:00
4f8acd95-d8b3-4525-9eed-e7de2662b6c1;Restaurant Schlüssel, Mels;Das Restaurant Schlüssel Mels im historischen Patrizierhaus von 1811 bietet eine kreative Küche, die französische Klassik, Schweizer Tradition und moderne Elemente vereint. Ausgezeichnet mit 17 Gault Millau Punkten und einem Michelin-Stern.;Im historischen, wunderschönen Patrizierhaus aus dem Jahr 1811 hat Sohn Roger nach Wanderjahren durch renommierte Gastbetriebe das Zepter in der Küche übernommen und bereichert die Küche mit seinen erfrischenden und kreativen Ideen. Er verbindet geschickt französische Klassik, Schweizer Tradition und moderne Elemente miteinander. 

In der edel eingedeckten Nidbergstube wird der Fokus auf die Feinschmecker-Menus gesetzt, in der Schlüsselstube findet der Gast in heiterer Atmosphäre Speisen für jeden Tag.  Dazu eine grandiose Weinkarte mit auserwählten Weinen. Für eine charmante und liebevolle Note im Service sorgt Marianne Blum mit ihrem Team. 

Das Restaurant Schlüssel ist mit 17 Gault Millau Punkten ausgezeichnet und hat einen Stern im Guide Michelin.;9.4173788;47.0452746;Oberdorfstrasse 5;8887;Mels;+41 81 723 12 38;info@schluesselmels.ch;http://www.schluesselmels.ch;[{'@type': 'ImageObject', 'contentUrl': 'https://hltpimtsoch.sos-ch-dk-2.exoscale-cdn.com/catalog/d/3/4/f/d34f4c0be4c3f84f17b1354cbf4fa00b4663cd6f_Schl__sselstube_gedeckt.JPG'}];2026-08-04T14:33:30+02:00
516ac091-958c-43ad-bb9a-197bb7bcbd16;Weinstube Fläsch;Die Weinstube in Fläsch bietet regionale Küche mit saisonalen Zutaten. Gäste können in einem gemütlichen 17. Jahrhundert Haus mit zwei Gaststuben und einer Terrasse speisen. Es gibt keine gedruckte Speisekarte, die Gerichte werden auf Schiefertafeln präsentiert.;Weinstube Fläsch – Wo Wein, Genuss und Geselligkeit zuhause sind


Hier dreht sich alles um das gemütliche Zusammensein, den Genuss erlesener Weine und das besondere Flair der Bündner Herrschaft. In unserer stimmungsvollen Stube geniessen Sie regionale Tropfen, sorgfältig ausgewählte Spezialitäten und die entspannte Atmosphäre, die eine echte Weinstube ausmacht.

Wein im Mittelpunkt – Genuss rundherum
Wir servieren Ihnen durchgehend von 11:00 bis 20:00 Uhr kleine, feine Köstlichkeiten, die perfekt zu einem guten Glas Wein passen.

• hausgemachte Strudl – süss oder salzig
• traditionelles Bündner Plättli
• steirische Klassiker wie die herzhaft-beliebte Brettljause
und noch vieles mehr

Wir freuen uns auf Ihren Besuch!
Eva und Martijn van der Linden;9.513068164590647;47.025845849999996;Ausserdorf 28;7306;Fläsch;+41 81 302 48 48;info@weinstube-flaesch.ch;https://www.landhaus-flaesch.ch/;[{'@type': 'ImageObject', 'contentUrl': 'https://hltpimtsoch.sos-ch-dk-2.exoscale-cdn.com/catalog/a/2/f/7/a2f752199a186afc06d2d4c15acc4f1cc2820190_IMG_0128__2.jpeg'}];2026-09-04T09:23:08+02:00
52075ba5-2e24-4647-ae65-0da209ac48e8;Jürg Obrecht Weine Jenins;Jürg Obrecht Weine in Jenins bietet einen gemütlichen Torkel für bis zu 80 Personen. Der Degustationsraum lädt zum Verweilen und Philosophieren über die Weine ein. Degustationen und Kellerführungen sind telefonisch oder per E-Mail buchbar.;Unser heimeliger Torkel bietet Platz für rund 80 Personen. Unser spezieller Degustationsraum lädt darüber hinaus zum Verweilen, zum Degustieren und zum Philosophieren über Gott und die Welt und natürlich auch über unsere Weine. Degustationen, Kellerführungen nehmen wir gerne telefonisch oder per E-Mail entgegen. Haben Sie Fragen zu unseren Weinen, zum Torkel usw.; wir stehen Ihnen jederzeit gerne zur Verfügung.
"Soll's etwas besonderes sein, gönn dir einen Jürg Obrecht Wein";9.55450826002879;47.00193125;Ausserdorfstrasse 14;7307;Jenins;+41 81 302 26 80;info@obrechtweine.ch;http://www.obrechtweine.ch;[{'@type': 'ImageObject', 'contentUrl': 'https://hltpimtsoch.sos-ch-dk-2.exoscale-cdn.com/catalog/d/a/7/3/da73856e55a9a8916647082f7238d8916d2638af_2018_10_28.jpg'}];2026-08-04T12:31:36+02:00
550df831-f6b1-421f-bee5-90bf78433741;COLORS - Restaurant und Bar;Das COLORS - Restaurant und Bar am Flumserberg bietet eine moderne Selbstbedienung mit 146 Innen- und 140 Terrassenplätzen im Winter. Die Bar serviert Frühstück und Snacks mit einem bunten Getränkeangebot.;Die bediente COLORS Bar verfügt über 56 Innenplätze. Neben einem kunterbunten Getränkeangebot, werden am Morgen Frühstück und am Nachmittag trendige Snacks angeboten.
Das COLORS Restaurant, welches nur während der Wintersaison geöffnet ist,  ist ein modernes Selbstbedienungsrestaurant mit 146 Innen- und 140 Terrassen-Plätzen. Die Küche bietet ein Angebot für jeden Geschmack. Erfrischend und abwechslungsreich werden neben regionalen Gerichten auch internationale Speisen gekocht.;9.2807483;47.0919796;Molseralpstrasse 9;8898;Flumserberg;+41 81 720 15 60;info@colors-flumserberg.ch;http://www.colors-flumserberg.ch;[{'@type': 'ImageObject', 'contentUrl': 'https://hltpimtsoch.sos-ch-dk-2.exoscale-cdn.com/catalog/d/5/4/2/d542b177253f561e588b3154d55be8e07186ae4f_tkv_bbf_kulinarikwander_444_8A2A8278.JPG'}];2026-05-22T20:33:01+02:00
5b96134c-9941-4f84-9663-90aff289343e;Bergrestaurant Laufbodenstübli;Das Bergrestaurant Laufbodenstübli auf 2222 m ü.M. bietet eine beeindruckende Rundsicht auf die Berglandschaft des St. Galler Oberlandes und das Rheintal bis zum Bodensee. Es ist das höchstgelegene Restaurant im Ski- und Wandergebiet Pizol.;Das gemütliche Bergrestaurant Laufbodenstübli befindet sich auf 2222m.ü.M. neben dem Laufböden Sessellift.
Es ist das höchstgelegene Bergrestaurant im Ski und Wandergebiet Pizol.
Geniessen Sie die herrliche Rundsicht der Berglandschaft des St. Galler Oberlandes sowie des Rheintals bis zum Bodensee.
Richtung Südosten bewundern Sie die markanten schneebedeckten Berge des Bündnerlandes und vieles mehr….;9.4363562;46.9796659;Pardiel;7310;Bad Ragaz;+41 79 415 54 56;andrea.schlegel@rsnweb.ch;https://pizol.com/planen-buchen/gastronomie?lang=de_CH;[{'@type': 'ImageObject', 'contentUrl': 'https://hltpimtsoch.sos-ch-dk-2.exoscale-cdn.com/catalog/4/9/c/2/49c227f435347861eaf4e539112f04e42bec59c7_Laufbodenst__bli.jpg'}];2026-07-21T14:54:53+02:00
5c0ac627-1a08-4afe-a086-59abb72ed3f4;Weingut Wegelin;Das Scadenagut in Malans bietet seit 1957 Weinverkostungen und Kellerführungen für Gruppen von sechs bis 30 Personen an. Der moderne Torkel und die Sonnenterrasse bieten einen beeindruckenden Blick auf die Bündner Herrschaft.;Seit 2019 führen Rafael Hug und seine Frau, die Önologin Mathilde Hug Pédeutour, das Weingut Wegelin. 
Sie vinifizieren ihre Topweine konsequent nach Einzellagen, wodurch das Sortiment zusätzliche Tiefe gewinnt und der Lagenausdruck deutlich spürbar wird. 
Neben verschiedenen Weissweinen schlägt ihr Herz insbesondere für den Pinot Noir.
Die Qualität eines Weines wird von seiner Herkunft geprägt. Das Verständnis für Ihre grandiosen Lagen begleitet Ihre tägliche Arbeit im Weingarten: 
Sie pflegen jeden einzelnen Rebstock mit Hingabe und wissen, dass große Weine auf dieser Arbeit beruhen. Sie geben dem Rebstock das, was er braucht, damit charaktervolle und authentische Trauben reifen — die Natur ist Ihr größtes Kapital. Sie arbeiten nach biologischen und biodynamischen Richtlinien und mit größter Rücksicht auf Boden und Umwelt.;9.575073298434237;46.98428125;Scadenaweg 1;7208;Malans GR;+41 81 322 11 64;info@weingutwegelin.ch;https://weingutwegelin.ch/;[{'@type': 'ImageObject', 'contentUrl': 'https://hltpimtsoch.sos-ch-dk-2.exoscale-cdn.com/catalog/f/d/2/f/fd2ffe50a011f43da872d94d723bfab80becf679_Keller.jpg'}];2026-04-28T07:48:53+02:00
5c338e6d-7dae-424d-ac39-20c137ea7e44;Promenade Walentstadt;Direkt am idyllischen Walensee gelegen, präsentiert sich die Promenade Walenstadt als stilvoll umgenutztes Gebäude der Schweizer Armee mit besonderem Charme. Die Promenade wurde liebevoll eingerichtet und zu einem modernen Streetfood-Restaurant umgestaltet.;<p>Das Ergebnis ist eine gelungene Verbindung aus Tradition, rustikalem Flair und urbaner Streetfood-Kultur. Die K&uuml;che bietet eine weltoffene Auswahl an Gerichten mit Fokus auf TexMex, BBQ, Asado und weiteren internationalen Streetfood-Klassikern &ndash; frisch zubereitet, kreativ interpretiert und regional abgestimmt. Ideal f&uuml;r alle, die unkompliziert, aber hochwertig essen m&ouml;chten &ndash; ob beim gem&uuml;tlichen Essen auf der Sonnenterrasse direkt am Seeufer oder in den stilvoll eingerichteten Innenr&auml;umen. Die Promenade Walenstadt ist nicht nur ein Restaurant, sondern ein lebendiger Treffpunkt mit entspannter Atmosph&auml;re, kulinarischer Vielfalt und einem Hauch von Festivalgef&uuml;hl &ndash; perfekt f&uuml;r Paare, Familien, Gruppen und Genussmenschen.</p>;9.3031243;47.1267952;Seestr. 101;8880;Walenstadt;+41 81 735 30 30;info@promenade-walenstadt.ch;https://www.promenade-walenstadt.ch/;[{'@type': 'ImageObject', 'contentUrl': 'https://hltpimtsoch.sos-ch-dk-2.exoscale-cdn.com/catalog/e/b/3/1/eb311396e25b5ef642d7a3eed2d41e191db9e144_Bildschirmfoto_2025_09_09_um_12.02.49.png'}];2026-09-04T10:02:49+02:00
5ca68094-b48f-4927-ac3a-1fbf059c418d;GEISS - Café - Treffpunkt - Kultur;Das Café GEISS in der Altstadt von Sargans bietet einen Treffpunkt für Kultur und Begegnung. Der Quartierverein Treffpunkt Obergass betreibt das gemütliche Lokal mit vielfältigem Angebot und Kinderecke.;Der Quartierverein «Treffpunkt Obergass» betreibt das kleine gemütliche Lokal «GEISS» als Ort der Begegnung und Kultur. “GEISS” ist die Abkürzung für "Gemeinsam Im Städtli Sargans”. Der regelmässige Kaffeebetrieb bildet das Herzstück und trägt zur Belebung der Altstadt Sargans bei. Ob einfach zum Plaudern vorbeikommen, einen wärmenden Tee trinken, Feste feiern, gemeinsam Essen, beim Spielturnier Taktik oder Glück walten lassen, ein kreatives Projekt umsetzen, Tipps zur Handhabung der Nähmaschine austauschen, lokales Bier degustieren, sich musikalisch entfalten oder spannende Kino Abende – hier gibt es Raum. Das Angebot ist vielfältig, lebt und verändert sich durch die Menschen welche den Ort mitgestalten. Für die kleinen Gäste bietet das Lokal eine Kinderecke.;9.436103097971923;47.050304600000004;Städtchenstrasse 52;7320;Sargans;+41 77 478 50 47;info@geiss-sargans.ch;https://www.geiss-sargans.ch;[{'@type': 'ImageObject', 'contentUrl': 'https://hltpimtsoch.sos-ch-dk-2.exoscale-cdn.com/catalog/9/d/1/a/9d1a6d4ad4d2ed6ea65b526910aa654d3552be10_80066f50_12ec_49e8_b8e5_af0e452bd387.jpg'}];2026-04-28T07:51:22+02:00
604e1b98-2123-4136-9f82-8dbf165f8dc7;Taste;Atmosphäre, die gut tut. Genuss, der in Erinnerung bleibt.;<p>Dich erwartet ein Ort f&uuml;r Mittagspausen, die Ruhe bringen, Mittagspausen, die neue Energie schenken. Abende, die der Seele gut tun und einen Drink, wann immer dein Leben eine Pause braucht. Unser Versprechen ist zwar nur zwei Worte lang, aber dennoch voller Bedeutung: mood &amp; food. Wir wollen mehr als satt machen: Mit dem Schritt durch die T&uuml;r soll sich dein Besuch besonders anf&uuml;hlen.&nbsp;</p>;9.56289043463173;46.9698635;Karlihofstrasse 2;7208;Malans GR;+41 81 322 40 61;info@taste-restaurant.ch;https://taste-restaurant.ch/;[{'@type': 'ImageObject', 'contentUrl': 'https://hltpimtsoch.sos-ch-dk-2.exoscale-cdn.com/catalog/4/f/2/e/4f2e7b34fae80c52886b58584077c0591e528aa2_head_taste_mood_food.webp'}];2026-09-04T12:02:40+02:00
6057b1e5-ffc5-41ec-bb0c-a38d37ebd0ee;Pizzeria Trattoria Mamma Rosa;Die Pizzeria Trattoria Mamma Rosa in Landquart bietet italienische Küche und lokale Spezialitäten. Gäste können auf der Terrasse die Sonne geniessen. Das Restaurant ist familienfreundlich und rollstuhlgerecht.;Sehr gerne verwöhnen wir Sie in der Pizzeria Trattoria Mamma Rosa in Landquart. Geniessen Sie die cucina italiana und verbringen Sie einen gemütlichen Abend mit Ihren Freunden oder Ihrer Familie.

Wir servieren Ihnen leckere Pizze, typische Italienische Gerichte wie Spaghetti, Risotto und Gnocchi oder auch einheimische Spezialitäten aus der Region Landquart / Graubünden oder aus der Schweiz.

Bei schönem Wetter haben wir unsere Terrasse geöffnet. Tanken Sie ein wenig Sonne, während Sie bei uns einkehren und den Hunger stillen.;9.566379390715284;46.95350895;Kantonsstrasse 12;7302;Landquart;+41 81 322 91 55;info@mammarosa.ch;https://www.mammarosa.ch/;[{'@type': 'ImageObject', 'contentUrl': 'https://hltpimtsoch.sos-ch-dk-2.exoscale-cdn.com/catalog/c/1/7/4/c174a72f1aeb4b7e73c7e589a7b4b2e999cffcb8_IMG_0176.jpeg'}];2026-07-21T14:54:53+02:00
675e3d05-7cbb-4103-b2c4-f0c745791ddf;Milchzentrale Bad Ragaz;Die Milchzentrale Bad Ragaz bietet hausgemachtes Fondue, ausgezeichnet als bestes der Ostschweiz, sowie bekannte Glace und weitere Spezialitäten. Ein kulinarisches Erlebnis für Gourmets in jeder Jahreszeit.;Die Milchzentrale stellt einmalige Produkte selbst her, das hausgemachte Fondue, ausgezeichnet als bestes Fondue der Ostschweiz, die weitherum bekannte Glace und viele andere Spezialitäten aus der Milchzentrale lassen das Herz jedes Gourmets höher schlagen.;9.502025842666628;47.00303666086313;Maienfelderstrasse 3;7310;Bad Ragaz;+41813021152;info@milchzentrale.ch;https://www.milchzentrale.ch;[{'@type': 'ImageObject', 'contentUrl': 'https://hltpimtsoch.sos-ch-dk-2.exoscale-cdn.com/catalog/7/7/6/e/776e77d815c536db8b8ce11b2a743ea51fe8da26_ff_024.jpg'}];2025-12-15T09:11:04+01:00
68ba02d3-cccd-448e-98d9-7f1665542611;Gondelbar Pizol;Die Gondelbar Pizol in Bad Ragaz bietet im Winter ein rustikales Ambiente für Après-Ski und im Sommer erfrischende Glacés im Aussenbereich. Ein idealer Treffpunkt für Freundeskreise und Familien.;Im Winter ist die Gondelbar der ideale Ort, um einen gelungenen Skitag ausklingen zu lassen! Geniesse das rustikale Ambiente und ein vielseitiges Angebot an Drinks, Shots, Bier, Café und Tee, Limo’s, Snacks und vielem mehr...

Im Sommer bieten sich erfrischende Glacés im gemütlichen Aussenbereich sowie Spielmöglichkeiten (Rolltoys) für Kinder. Die Gondelbar an der Talstation der Pizolbahnen in Bad Ragaz, ist im Sommer als auch im Winter der Ideale Treffpunkt mit Freunden und Bekannten - oder einfacher, ein Platz zum geniessen!;9.473363757133486;47.0174567937065;Loisstrasse 50;7310;Bad Ragaz;+41 79 564 99 82;info@gondelbar-pizol.ch;https://www.gondelbar-pizol.ch;[{'@type': 'ImageObject', 'contentUrl': 'https://hltpimtsoch.sos-ch-dk-2.exoscale-cdn.com/catalog/a/5/f/7/a5f7f12e817607bc949bde8e35e8a9710022f711_IMG_20220512_gondelbar_sommer_cr_carmen_schulz.jpg'}];2026-06-22T14:33:12+02:00
6ac24ebb-5922-4166-aab0-1a068457159c;Slalom Bar Flumserberg;Die Slalom Bar Flumserberg ist ein Treffpunkt für Gäste jeden Alters. Bei Live-Musik von Spitzenformationen aus Europa herrscht eine lebhafte Atmosphäre. Die Bar bietet ein rustikales Ambiente und ist ideal für einen unterhaltsamen Abend.;In der Slalom Bar treffen sich Gäste jeden Alters, ob einheimisch, Feriengast oder ganz einfach nur Musikfreund.

Bei Live-Musik ist Top-Stimmung garantiert. Erleben Sie selbst einen grossartigen Abend in rustikalem Ambiente bis zur späten Stunde. Das Slalom Bar Team heisst Sie herzlichst willkommen. 

Reservationen nehmen wir gerne unter Tel. 081 733 11 22 entgegen. Die reservierten Plätze müssen bis 21.00 Uhr belegt sein.

Öffnungszeiten (ab 12. Dezember 2025): Freitag und Samstag ab 20.30 Uhr;9.2861663;47.0930688;Flumserbergstrasse 186;8898;Flumserberg Tannenbodenalp;+41 81 733 11 22;info@tannenboden.ch;https://tannenboden.ch/slalom-bar/;[{'@type': 'ImageObject', 'contentUrl': 'https://hltpimtsoch.sos-ch-dk-2.exoscale-cdn.com/catalog/b/f/a/0/bfa08ec2e7e2b684231c8606153ee39c461d7ea8_2017_02_24.jpg'}];2026-05-15T08:34:21+02:00
6eafe152-c2b9-48d9-a643-c529b1e13860;Wirtschaft zum Gemsli;Die Wirtschaft zum Gemsli in Mels begeistert mit regionaler Küche, herzlicher Gastfreundschaft und einer grossen Weinauswahl. Perfekt für gemütliche Abende, Feiern und Feste in authentischem Ambiente.;<p data-start="75" data-end="348">Die Wirtschaft zum Gemsli in Mels ist ein liebevoll gef&uuml;hrtes Restaurant, das f&uuml;r seine gem&uuml;tliche, rustikale Atmosph&auml;re gesch&auml;tzt wird. Das Lokal befindet sich an der Oberdorfstrasse 28 und ist sowohl bei Einheimischen als auch bei G&auml;sten aus der Region beliebt.</p><p data-start="350" data-end="747">Die Speisekarte umfasst eine Auswahl an Zwischenmahlzeiten wie den beliebten Gemsli-Toast, Sandwiches, Salsiz oder das traditionell &ouml;sterreichische Grammelschmalz-Brot, die mit frischen Zutaten aus der Region zubereitet werden. Besonders hervorzuheben ist die grosse Weinauswahl. Im jahrhundertealten Weinkeller lagern neben einheimischen Tropfen auch erlesene Weine aus der ganzen Welt.</p><p data-start="749" data-end="1188">Das Gemsli ist auch ein Ort f&uuml;r gesellige Anl&auml;sse wie Alpabfahrten, Fasnachtsfeiern oder lokale Feste, die regelm&auml;ssig organisiert werden. Auch ausserhalb der &Ouml;ffnungszeiten kann das Gemsli f&uuml;r eine Vielzahl von Anl&auml;ssen reserviert werden. Ob Geburtstagspartys, Hochzeitsap&eacute;ros, Polterabende, Konzerte &ndash; alles hat Platz im Gemsli. Das freundliche und herzliche Personal sorgt daf&uuml;r, dass sich die G&auml;ste rundum wohlf&uuml;hlen.</p><p data-start="1190" data-end="1317">Mit kostenlosen Parkpl&auml;tzen direkt vor dem Haus und einer guten Erreichbarkeit ist das Restaurant ideal f&uuml;r spontane Besuche.</p>;9.417428970336916;47.0452049697649;Oberdorfstrasse 28;8887;Mels;+41 79 800 81 63;rosi.lendi@hotmail.com;https://gemsli-mels.com/;[{'@type': 'ImageObject', 'contentUrl': 'https://hltpimtsoch.sos-ch-dk-2.exoscale-cdn.com/catalog/1/b/d/a/1bda53b56038cfa8edbefb0f05f63c9b439c8d51_Wirtschaft_zum_Gemsli.jpg'}];2026-07-22T04:23:15+02:00
6f035391-5410-4097-ac10-eb426fd4f9cb;Bistro Golf Club Heidiland;Das Bistro Golf Club Heidiland in Bad Ragaz bietet eine grosszügige Terrasse für entspannte Mittagessen und Abende. Es serviert mediterrane und einfache Küche und ist familienfreundlich sowie rollstuhlgerecht.;Dieses schöne Fleckchen direkt bei den Golfplätzen des Golf Clubs Heidiland lädt mit seiner grosszügigen Terrasse zum Lunchen und Verweilen ein. Schmackhafte Gerichte, leichte Snacks oder einfach ein kühler Drink zum Feierabend? Das Küchenteam im Golfbistro freut sich auf Golfer und alle, die es in das grüne Panorama zieht.;9.516695028802676;46.9975241;Maienfelderstrasse 50;7310;Bad Ragaz;+41 81 303 37 00;gcheidiland@resortragaz.ch;https://www.grandresort.ch/experience-golf/golf/bistro-heidiland;[{'@type': 'ImageObject', 'contentUrl': 'https://hltpimtsoch.sos-ch-dk-2.exoscale-cdn.com/catalog/1/7/6/b/176b51da55b1842d46ff10de0ec592b2a216da84_2018_05_22.jpg'}];2026-09-04T11:23:48+02:00
7253eb13-aa2c-4cb7-b1ec-f657676d1f92;Rathauskeller Mels - Weinlokal;Herzlich willkommen im Rathauskeller Mels – Ihr Weinlokal im historischen Gewölbe;<p class="MsoNoSpacing"><span lang="DE-CH" style="mso-bidi-font-size: 10.0pt;">Verweilen Sie in unserem charmanten Gewölbekeller mitten im Herzen von Mels – an einem Ort, an dem Geschichte, Gemütlichkeit und Genuss zusammenfinden. In entspannter Atmosphäre bei einem feinen Glas Melser Wein und kleinen, liebevoll zubereiteten kulinarischen Köstlichkeiten lässt sich dem Alltag wundervoll entfliehen.</span></p><p class="MsoNoSpacing"><span lang="DE-CH" style="mso-bidi-font-size: 10.0pt;">Kommen Sie vorbei – entdecken, geniessen und verweilen Sie! Wir freuen uns auf Ihren Besuch.</span></p><p class="MsoNoSpacing"><span lang="DE-CH" style="mso-bidi-font-size: 10.0pt;">Feiern Sie im besonderen Ambiente. Unsere Räume bieten Platz für bis zu 50 Personen. Ideal für Geburtstage, (Hochzeits-)Apéros oder einfach ein gutes Glas Wein mit Freunden. Ob ein gemütlicher Apéro oder ein genussvolles, mehrgängiges Menü – wir gehen gerne auf Ihre Wünsche ein und gestalten Ihr Fest ganz nach Ihren Vorstellungen mit ehrlicher und gutbürgerlicher Küche sowie viel Liebe zur Region.</span></p><p class="MsoNoSpacing"><strong><span lang="DE-CH" style="mso-bidi-font-size: 10.0pt;">Weingenuss für Zuhause – unsere Vinothek</span></strong></p><p class="MsoNoSpacing"><span lang="DE-CH" style="mso-bidi-font-size: 10.0pt;">In unserer Vinothek trifft Genuss auf Kompetenz und Leidenschaft. Für eine persönliche Weinberatung besuchen Sie uns doch in unserer <u>Vinothek</u> oder bestellen Sie erlesene Weine, Edelbrände oder unseren alkoholfreien Trubetau direkt im Online-Shop.</span></p>;9.419257;47.0466979;Platz 2;8887;Mels;+41 81 710 50 75;gastro@rathauskellermels.ch;https://www.rathauskellermels.ch/;[{'@type': 'ImageObject', 'contentUrl': 'https://hltpimtsoch.sos-ch-dk-2.exoscale-cdn.com/catalog/e/5/3/a/e53a20e7965e88bc7e0c449b450d778a89571990_image__2_.jpg'}];2026-08-10T08:33:31+02:00
74cd3364-abba-430a-a6f0-f567a0c3eb80;Hertihof Besenbeiz;Der Hertihof Besenbeiz im Bündner Rheintal bietet ehrliche Gastronomie mit Produkten vom eigenen Hof. Gäste können in einem stilvollen Ambiente traditionelle Gerichte geniessen. Der Aussenbereich ist kinderfreundlich und Hunde sind willkommen.;Der Bauernhof mit Besenbeiz im Bündner Rheintal steht für fadengrad ehrliche Gastronomie. Nix schnick, nix schnack: einfaches, stilvolles Ambiente. Gute Produkte. Und Menschen die gerne Menschen haben. Unter dem Motto vom «Schwänzli bis zum Schnörrli» kommen hochwertige Produkte vorwiegend vom eigenen Hof/Feld auf den Tisch. Aus Respekt vor dem Tier landen nicht nur die edlen Stücke auf dem Teller der Gäste, sondern gut und gerne auch mal ein Voressen, Siedfleisch oder Haxen. Herrlicher Aussenbereich mit viel Platz zum Sein, auch für Kinder. Hunde sind gerne gesehen, wenn sie keine Angst dafür aber Respekt vor unseren Tieren haben.;9.5478175;46.9243919;Baltschinweg 1;7204;Untervaz;+41 76 366 01 32;info@hertihof.ch;https://www.hertihof.ch/;[{'@type': 'ImageObject', 'contentUrl': 'https://hltpimtsoch.sos-ch-dk-2.exoscale-cdn.com/catalog/d/9/b/f/d9bf2c8e06713f6dc7c28715f237f62dc713f77f_Hertihof_Besenbeiz_7.jpg'}];2026-04-27T14:16:03+02:00
753c734e-963f-4b8b-ae3a-21fd0ae8bbc7;Weingut Schloss Salenegg;Das Weingut Schloss Salenegg in Maienfeld ist das älteste Weingut Europas. Seit 1068 wird hier Wein angebaut. Neben Wein werden auch Destillate, Delikat Essig und kaltgepresstes Öl produziert.;Schloss Salenegg, das älteste Weingut Europas

Seit 1068 wird auf Schloss Salenegg Wein angebaut und seit 1654 ist Schloss Salenegg im Besitz der Familie Gugelberg von Moos. Von Generation zu Generation wurde mit Mut und Weitsicht Wissen und Erfahrung weitergeben, zusammen mit einem tiefen Respekt für die Natur. Alle Erzeugnisse von Schloss Salenegg - der Wein, die Destillate, der Delikat Essig und das kaltgepresste Öl - werden mit Liebe, Fleiss und Können naturnah an- und ausgebaut.

Im Jahr 2020 wurde von Helene von Gugelberg die grösste Umstrukturierung des Weinbaus seit 1906 in die Wege geleitet. Neben Blauburgunder und Chardonnay wurden im Frühjahr 2021 die pilzwiderstandsfähigen Sorten, Sauvignac und Cabernet blanc gepflanzt. Die neu angelegten Rebberge sind so gestaltet, dass sie eine grösstmögliche Biodiversität erlauben und die maschinellen Arbeiten zu einem späteren Zeitpunkt durch autonome Fahrzeuge ausgeführt werden können. Das Weingut wurde per 2025 an Markus von Gugelberg übergeben. Auch der Sohn von Helene von Gugelberg führt die lange Tradition auf Schloss Salenegg, dem ältesten Weingut Europas, weiter mit dem Ziel der steten Ausrichtung auf den neusten Stand der Nachhaltigkeit.;9.52847515363829;47.01073565;Steigstrasse 21;7304;Maienfeld;+41 81 302 11 51;info@schloss-salenegg.ch;http://www.schloss-salenegg.ch/;[{'@type': 'ImageObject', 'contentUrl': 'https://hltpimtsoch.sos-ch-dk-2.exoscale-cdn.com/catalog/a/7/5/4/a754e72934e37b459fe59a3559fb307a19765679_Weingut_Schloss_Salenegg_Front__2.jpg'}];2026-03-31T10:53:16+02:00
77a2324d-00a4-4f32-8c3e-433cd2d6e51b;Weingut Donatsch & Winzerstube "zum Ochsen";Das Weingut Donatsch in Malans bietet eine Auswahl an Eigenbau-Weinen und regionalen Spezialitäten. Die Winzerstube zum Ochsen lädt zum Verweilen ein, mit einer Vinothek voller erlesener Weine aus der Bündner Herrschaft.;Ein Besuch in der historischen Arvenstube der «Winzerstube zum Ochsen» in Malans ist ein bleibendes Erlebnis für alle Sinne.
In stilvoller Atmosphäre geniessen Sie regionale Spezialitäten, begleitet von erlesenen Weinen aus dem eigenen Weingut Donatsch.

Die Donatsch-Weine können in der Winzerstube auch nach eigener Auswahl als Degustationsbrett zur individuellen Weinverkostung bestellt werden.

Die kleine, feine Speisekarte setzt bewusst auf Qualität statt Quantität:
Hausgemachte Gerstensuppe, eine währschafte Wurst, Bündnerplatte mit luftgetrockneten Fleischspezialitäten und ein gut gereifter Käse.

Die 1926 erbaute Bündnerstube mit ihrem berühmten blauen Kachelofen lädt besonders im Winter zum Verweilen ein.
An sonnigen Tagen geniessen Sie auf dem Balkon den Blick über die Dächer von Malans bis in die Bündner Berge.

Für Weinbegeisterte erwartet Sie in der Vinothek eine aussergewöhnliche Auswahl an Spitzenweinen:
Jahrgänge aus dem Weingut Donatsch, Weine ausgewählter Winzer aus der Bündner Herrschaft sowie grosse Klassiker aus Bordeaux, Burgund und weiteren europäischen Regionen.
Über 200 Positionen liegen zur Auswahl bereit, darunter gesuchte Raritäten.

Weinkenner sind hier im Paradies – und haben die Qual der Wahl.;9.576973;46.9816203;Sternengasse 6;7208;Malans GR;+41 81 322 11 17;info@donatsch-malans.ch;http://www.donatsch-malans.ch;[{'@type': 'ImageObject', 'contentUrl': 'https://hltpimtsoch.sos-ch-dk-2.exoscale-cdn.com/catalog/c/5/3/b/c53b42f18dfe37e76e535ced79d3cfc87b732984_Winzerstube_zum_Ochsen_Malans__2.jpg'}];2026-04-27T14:31:25+02:00
78f09ee3-1bf6-4d99-bd67-cdb12a127661;von Salis Vinothek;Unsere neue Vinothek verbindet modernes Design mit Weinkultur. Im Fokus: hochwertige Weine aus Graubünden und der Welt, übersichtlich und thematisch gegliedert für unvergessliche Genussmomente.;<p>Lichtdurchflutet, offen gestaltet und mit viel Liebe zum Detail: Unsere neue Vinothek vereint durchdachtes Design mit Weinkultur – ganz nach unserem Credo: der Wein im Mittelpunkt.</p><p>Entstanden ist ein Ort des Entdeckens und Geniessens, der Raum schafft für Austausch, Beratung und inspirierende Begegnungen. Ob beim Stöbern durch das sorgfältig kuratierte Sortiment oder bei einer Degustation. Unsere Weine sind international geprägt – mit Weinen aus der Schweiz, Italien, Frankreich, Spanien und Österreich. Im Fokus steht aber ganz klar unsere Weinheimat: Rund ein Viertel unseres Sortiments stammt aus der Bündner Herrschaft.</p><p>Beim Aufbau der Vinothek haben wir uns bewusst für ein modernes Konzept entschieden, dass nicht nach Ländern unterscheidet, sondern in Themenwelten unterteilt ist. Klar, einfach und intuitiv – denn Wein soll Freude und nicht Kopfzerbrechen bereiten. So gliedert sich die Vinothek in vier Themenwelten: «Unsere Heimat» für Weine aus Graubünden, «Familie & Freunde», «Anstossen & Feiern» und «Grosse Weine» für besondere Genussmomente.</p>;9.523730278015138;47.001158027583884;Industriestrasse 18;7304;Maienfeld;+41 81 302 50 57;info@vonsalis-wein.ch;https://www.vonsalis-wein.ch/;[{'@type': 'ImageObject', 'contentUrl': 'https://hltpimtsoch.sos-ch-dk-2.exoscale-cdn.com/catalog/1/9/6/9/196973bc32ae152aef9e78dbc640910ebcce8e31_von_salis_vinothek_maienfeld_k_1.jpeg'}];2026-08-07T04:14:06+02:00
7b92714c-7c85-4781-8ba4-f19438de9ef7;Kraftwerk Mels;In der alten Textilfabrik in Mels trifft industrieller Charme auf moderne Gastronomie – genussvolle Momente vom Mittagessen bis zum Dinner.;<p>In der alten Textilfabrik in Mels verschmelzen Vergangenheit und Gegenwart auf einzigartige Weise. Die alten Generatoren erzählen Geschichten aus einer Zeit, in der hier Energie für den Textilfabrik erzeugt wurde – heute versprühen sie industriellen Charme und bilden den Rahmen für eine moderne Gastronomie.</p><p>Mit viel Herzblut und Liebe zum Detail verwöhnen wir unsere Gäste kulinarisch und schaffen einen Ort, an dem man sich rundum wohlfühlt. Ob für ein geselliges Mittagessen, ein elegantes Dinner oder einen gemütlichen Kaffee zwischendurch – bei uns erleben Sie Genuss in besonderer Atmosphäre.</p>;9.4154093;47.0432774;Im Stoffel 33;8887;Mels;+41 81 559 40 47;info@kraftwerk-mels.ch;https://kraftwerk-mels.ch/;[{'@type': 'ImageObject', 'contentUrl': 'https://hltpimtsoch.sos-ch-dk-2.exoscale-cdn.com/catalog/c/5/5/6/c556b913e833da8bb1e234cec37a3c8c83a8f92f_Kraftwerk_60_Kopie.jpg'}];2026-03-16T18:26:35+01:00
7d14c721-8330-4cb6-9f02-8e64b3cd5250;Bistro Hafen West;Das Bistro Hafen West am Walensee bietet eine Sonnenterrasse mit freiem Blick auf den See und die Churfirsten. Es ist ein Selbstbedienungs-Bistro mit einer Auswahl an lokalen und marktfrischen Gerichten.;Das im Mai 2023 neu eröffnete Bistro liegt direkt am Ufer des Walensees. Der freie Blick von der Sonnenterrasse auf den See und die Churfirsten ist atemberaubend.
Vielfältiger Genuss zeichnet unser Selbstbedienungs-Bistro aus: 
Geniessen sie einen erfrischenden Aperitif, den AngusBeefBurger mit knackigen Salaten, oder bei einem Glas Wein die fantastische Naturkulisse und mit etwas Glück einen spektakulären Sonnenuntergang.;9.285898174697886;47.113664299999996;Strandweg 2331;8885;Mols;+41 79 481 88 85;kontakt@bistrohafenwest.ch;https://www.bistrohafenwest.ch/;[{'@type': 'ImageObject', 'contentUrl': 'https://hltpimtsoch.sos-ch-dk-2.exoscale-cdn.com/catalog/d/c/b/6/dcb6c50f82bff202d4afa0149e05eafcc4514557_Sonnenterrasse_Bistro_Hafen_West.jpg'}];2026-04-26T04:39:07+02:00
82ae06fb-bf9c-4634-b23a-275d0806d7b6;Bergrestaurant Prodalp;Das Bergrestaurant Prodalp bietet ein Selbstbedienungskonzept mit 400 Sitzplätzen und einer Terrasse für 250 weitere Gäste. Es ist ideal für Veranstaltungen und bietet flexible Nutzungsmöglichkeiten dank mobilem Mobiliar.;Das Bergrestaurant Prodalp ist ein klassisches Selbstbedienungsrestaurant, mit bis zu 400 Sitzplätzen. Die verschiedenen Räume sind mit mobilem Mobiliar ausgestattet, was einen flexiblen Einsatz ermöglicht. Die grosszügige Terrasse bietet weitere 250 Sitzplätze, wovon sich ein Teil im überdachten Sektor mit Windschutzverglasung befindet. Das Bergrestaurant Prodalp bietet idealen Raum für individuelle Anlässe von Firmen, Vereinen oder Gruppen sowie beste Voraussetzungen für Meetings, Seminare und grössere Veranstaltungen.

Das Prodissimo ist der ideale Ort für einen Zwischenhalt bei Ihrem Wintersporttag am Flumserberg. Wir bieten Ihnen neben einer grossen Auswahl an Getränken, leckere Snacks sowie Gebäck. Des Weiteren verkaufen wir bei uns die attraktiven Artikel aus dem Flumserberg FanShop. Das Prodissimo befindet sich direkt neben der CLiiMBER Ausgabestelle bei der Talstation der 8er-Sesselbahn Prodkamm.

Die moderne FahrBar besitzt eine abwechslungsreiche Getränkekarte mit warmen und kalten Drinks für jeden Geschmack. Die FahrBar ist der perfekte Ort für einen Zwischenstopp - sei es bei einem erlebnisreichen Wintersporttag oder einer atemberaubenden Winterwanderung am Flumserberg.;9.289385010844985;47.08064675;Prodalp;8897;Flumserberg Tannenheim;+41 81 733 27 23;info@prodalp.ch;http://www.prodalp.ch;[{'@type': 'ImageObject', 'contentUrl': 'https://hltpimtsoch.sos-ch-dk-2.exoscale-cdn.com/catalog/9/c/0/d/9c0d7d4e15aec9dd61b36eae9ac369ac8b1f44f5_Prodalp_Aussenansicht.jpg'}];2026-06-05T16:30:17+02:00
83cd51e2-4403-4b78-9cff-eed27d56dec8;Skihüttli Golerberg;Die Skihütte Golerberg bietet eine gemütliche Gaststube und eine sonnige Terrasse mit beeindruckender Aussicht. Sie befindet sich bei der Bergstation des Skilifts Tristeli und ist ideal für Sonnenanbeter am St. Margrethenberg.;Bescheidene Hütte mit heimeliger Gaststube und sonniger Terrasse mit herrlicher Aussicht.

Die Hütte steht bei der Bergstation des Skilift Tristeli.

Das Hüttli ist von St.Margrethenberg über den Winterwanderweg, von November bis März immer gut zu erreichen.;9.50096705084561;46.97508481906897;Golerberg 1;7313;St. Margrethenberg;+41 79 792 58 46  / +41 79 671 19 09;roger.stmberg@bluewin.ch;http://www.golerberg.ch;[{'@type': 'ImageObject', 'contentUrl': 'https://hltpimtsoch.sos-ch-dk-2.exoscale-cdn.com/catalog/e/5/a/6/e5a69a902e7ea949953d5df5f3ec7a95be2045ce_1000166665__2.jpg'}];2026-05-16T22:09:27+02:00
84fe53c7-2246-4fb1-b78c-2c025109f3a7;Restaurant Sennästube;Das Restaurant Sennästube in Flumserberg Tannenbodenalp bietet gutbürgerliche Küche und Käsespezialitäten. Es ist ein idealer Ausgangspunkt für Langlauf und Hundeschlittentouren im Winter sowie Wanderungen im Sommer. Ein Kinderspielplatz und eine Gartenwirtschaft mit Bergblick sind vorhanden.;Heimelig, gemütliches Restaurant mit direkter Einsicht durch eine Glaswand in die Produktionsräume der Alpkäserei. Gut bürgerliche Küche, Käsespezialitäten und Kindermenus für die kleinen Gäste.  

Im Winter
Der ideale Ausgangspunkt zum Langlaufen sowie für die Hundeschlittentouren. Ausserdem beginnen hier mehrere idyllische Winterwanderwege.

Im Sommer
Ausgangspunkt für diverse Wanderwege ins Wanderparadies Flumserberg. Grosse Gartenwirtschaft mit Kinderspielplatz und wunderschöner Aussicht auf die imposante Bergwelt.;9.287814338148326;47.089852;Alp Tannenbodenstrasse 4;8898;Flumserberg Tannenbodenalp;+41 81 733 00 23;info@sennenstube.ch;https://www.sennenstube.ch;[{'@type': 'ImageObject', 'contentUrl': 'https://hltpimtsoch.sos-ch-dk-2.exoscale-cdn.com/catalog/8/5/0/9/8509aeff1a4f5c12f4e3d1db3e53702ead27b139_Sennastube.jpg'}];2026-08-16T08:32:24+02:00
86cdf6c2-b02f-42f4-8972-fe35889ef0d3;Alprestaurant Panüöl;Das Alprestaurant Panüöl am Flumserberg bietet eine ruhige Atmosphäre mit einer gemütlichen Sonnenterrasse und beeindruckendem Bergblick. Es ist zu Fuss erreichbar und bietet Übernachtungsmöglichkeiten sowohl im Restaurant als auch in der Alphütte.;Stärken Sie sich für Ihren Tag auf den Ski bei einem Aufenthalt im Alprestaurant Panüöl. Die Inneneinrichtung aus viel Holz verspricht eine heimelige Atmosphäre und auch die gemütliche Sonnenterrasse lädt zum Verweilen ein. Der Blick auf die rundumliegende Bergwelt ist überwältigend.

Das Alprestaurant Panüöl ist auch zu Fuss erreichbar. Erleben Sie die Ruhe am Flumserberg bei einer gemütlichen Winterwanderung ab Prodalp oder besuchen Sie das Alprestaurant mit dem Panüöl-Sessel via Maschgenkamm.

Sowohl im Alprestaurant Panüöl wie auch in der Alphütte Panüöl werden Übernachtungsmöglichkeiten angeboten.;9.2581777;47.0630157;Panüöl;8898;Flumserberg;+41 81 710 12 47;info@alprestaurant-panuol.ch;http://www.alprestaurant-panuol.ch;[{'@type': 'ImageObject', 'contentUrl': 'https://hltpimtsoch.sos-ch-dk-2.exoscale-cdn.com/catalog/7/3/c/b/73cba293a9519b05503b829e51878a0583e7c8f3_Alprestaurant_Pan____l.jpg'}];2026-04-28T06:25:03+02:00
871568b2-ed4f-4f2f-abae-8c6aafe066bb;Kuppelwieser's Hofladen & Hofcafé;Kuppelwieser's Hofladen & Hofcafé in Bad Ragaz bietet frische Bio-Produkte direkt vom Hof. Geniesse regionale Köstlichkeiten und ein reichhaltiges Kuchen- und Tortenbuffet in gemütlicher Atmosphäre. Ideal für Paare, Familien und Gruppen.;Wo wäre es authentischer unsere Produkte zu verköstigen und zu verkaufen, als am gleichen Ort an dem unsere Bio-Produkte wachsen? Wir sind die Kupplis. Seit 1997 helfen wir unseren leckeren Bio Äpfeln und Beeren ihr natürliches Aroma bestens zu entfalten. Diese aromatischen und saftigen Früchte, weitere regionale Produkte, sowie unsere hofeigenen Getränke (z&#039;wilda Heidi) können Sie frisch in unserem Hofladen beziehen. Auch das leckere Kuchen- &amp; Tortenbuffet sollten Sie sich nicht entgehen lassen.;9.492037296295168;47.027692589035;Heulöserweg 2;7310;Bad Ragaz;+41 81 511 04 45;gruezi@kuppelwieser.bio;https://www.kuppelwieser.bio;[{'@type': 'ImageObject', 'contentUrl': 'https://hltpimtsoch.sos-ch-dk-2.exoscale-cdn.com/catalog/8/5/d/0/85d0125b8911fdbc168dcec210489c78d615c7a0_kuppelwieser_hofladen_hofcafe.jpg'}];2026-07-31T13:24:15+02:00
8b40c0df-6ed0-498c-9202-e90530816ef2;Luzi Boner Bio-Weinbau und Brennerei;Boner & Rasi Weinbau und Brennerei in Malans GR bietet seit über 25 Jahren Bio-Weine und Edelbrände an. Der Familienbetrieb in sechster Generation zeichnet sich durch Vielfalt und eine familiäre Atmosphäre aus.;Bio ist bei uns nicht nur ein Trend! Seit über 25 Jahren dürfen wir unsere Produkte mit der Bio Suisse Knospe auszeichnen. Unser kleiner Familienbetrieb, inzwischen in der sechsten Generation, zeichnet sich durch Vielfältigkeit und familiärer Stimmung aus. Ohne Hype und Bluff produzieren wir mit grosser Sorgfalt und Hingabe diverse Weine und Edelbrände.;9.5753616;46.9819488;Herrengasse 7;7208;Malans GR;+41 81 322 19 54;info@boner-wein.ch;http://www.boner-wein.ch;[{'@type': 'ImageObject', 'contentUrl': 'https://hltpimtsoch.sos-ch-dk-2.exoscale-cdn.com/catalog/2/3/0/6/23066622dec24cdbcc294def64741c02895b306d_neu2.jpg'}];2026-05-14T08:14:37+02:00
8be2c482-c60b-4950-9fef-1ef302edd52f;Raststätte Walensee;Die Raststätte Walensee an der A3 bei Unterterzen bietet eine beeindruckende Aussicht auf das Churfirstenmassiv. Das Panoramarestaurant ist mit dem Gütesiegel Best of Swiss Gastro ausgezeichnet und bietet saisonale, gutbürgerliche Küche.;Die Raststätte Walensee liegt an der A3 bei Unterterzen und besticht durch die wunderschöne Aussicht auf das Churfirstenmassiv. Die Raststätte kann von beiden Fahrtrichtungen erreicht werden. Ein kurzer Fussmarsch (14 Min.) verbindet die beiden Raststätten. Den Walensee und seine Umgebung aus einer erhöhten Perspektive zu betrachten und dazu ein feines Essen im Panoramarestaurant geniessen ist ein Highlight und Erholung pur.

Das Panoramarestaurant ist mit dem Gütesiegel Best of Swiss Gastro ausgezeichnet. Für die kleinen Gäste gibt es einen Spielplatz gleich neben dem Panoramarestaurant. Die Schirmbar überzeugt mit gemütlicher Atmosphäre.

Die Raststätte ist behindertengerecht eingerichtet.

Die moderne Tankstelle ist 24 h für Sie geöffnet. Tanksäulen mit Notenautomaten (CHF oder Euro) zur Selbstbedienung stehen stets zur Verfügung.;9.266331174697704;47.1127102;Bergsboden A3;8882;Unterterzen;+41817381212;walensee@gruppe-thurau.ch;http://www.gruppe-thurau.ch/walensee_raststaette.html;[{'@type': 'ImageObject', 'contentUrl': 'https://hltpimtsoch.sos-ch-dk-2.exoscale-cdn.com/catalog/e/6/5/6/e6562aba64e88bb58966e819da10696bf46f4284_Rastst__tte___bersicht.jpg'}];2026-04-23T20:33:38+02:00
8efc11d3-ac26-4a45-8956-3dd9b1f6106f;Restaurant Altes Bad Pfäfers;Das Restaurant Altes Bad Pfäfers bietet gutbürgerliche Küche in einem historischen Ambiente. Besuchende können in der einladenden Gaststube oder im festlichen Saal Köstlichkeiten geniessen. Ein Selbstbedienungskiosk bietet Erfrischungen für Familien und Gruppen, die im Freien genossen werden können.;Bad Pfäfers dient seit jeher dem Wohl der Menschen, einst als Heilbad, heute als Ort der Erholung und Gastlichkeit. Lassen Sie sich von Küche, Keller und Service in bester Tradition verwöhnen.

In der einladenden Gaststube und dem festlichen Saal verwöhnt das Restaurant des Alten Bad Pfäfers die Besucher mit Köstlichkeiten aus Küche und Keller sowie mit einem aufmerksamen Service in bester Badtradition. 

Für kleinere Erfrischungen steht für Familien, Schulen und Wandergruppen ein Selbstbedienungskiosk mit Imbissen, Getränken und Naschereien offen. Diese können unmittelbar nebendem Thermalwasserbrunnen im Freien genossen werden.;9.48792985186627;46.9739092;Taminaschlucht;7310;Bad Ragaz;+41 81 302 71 61;info@altes-bad-pfaefers.ch;http://www.altes-bad-pfaefers.ch;[{'@type': 'ImageObject', 'contentUrl': 'https://hltpimtsoch.sos-ch-dk-2.exoscale-cdn.com/catalog/f/0/e/0/f0e01af92550145ddba64ba921006b935d7535d5_Alte_Kueche01.jpg'}];2026-05-05T11:03:10+02:00
9093baaf-8279-4aba-b9f5-b44ad0c6c558;Restaurant Adler;Das Restaurant Adler in Fläsch ist ein Gourmetrestaurant mit gemütlichen Gaststuben und einem aussergewöhnlichen Weinkeller. Es bietet eine internationale Küche und ist ein Treffpunkt für Gourmets und Weinliebhaber.;Das Gourmetrestaurant Adler in Fläsch mit seinen gemütlichen Gaststuben ist ein bezauberndes Haus mit zeitlosem Charme und der Treffpunkt von Gourmets und Weinliebhabern aus der ganzen Welt. 
Siggi Tschurtschenthaler und sein Team sorgen mit herzlichem Service und feinen Köstlichkeiten aus der Küche dafür, dass Sie sich wohlfühlen. Darüber hinaus begeistert Sie Melanie mit edlen Tropfen aus einem der wohl aussergewöhnlichsten Weinkeller der Region.;9.5132443;47.0266975;Krüzgass 2;7306;Fläsch;+41 81 302 61 64;info@adlerflaesch.ch;https://www.adlerflaesch.ch;[{'@type': 'ImageObject', 'contentUrl': 'https://hltpimtsoch.sos-ch-dk-2.exoscale-cdn.com/catalog/f/8/c/2/f8c285e889f72332f29a28617018c72c1feea777_IMG_6999_Restaurant.jpg'}];2026-08-17T16:30:15+02:00
9e46c2f6-795a-4f15-a31f-b4e2dcc4f5b2;Café Kilian;Das zentral gelegene Café Kilian in Mels lädt mit seiner gemütlichen Einrichtung zum Verweilen ein. Gäste können hier Kaffee trinken und Kuchen essen, sowohl drinnen als auch draussen.;Café mit gemütlicher Einrichtung, die dazu einladen stundenlang zu verweilen, Kaffee zu trinken und Kuchen zu essen.;9.420336492003223;47.0489589114756;Bahnhofstrasse 24;8887;Mels;+41 81 710 60 64;info@cafe-kilian.ch;https://www.cafe-kilian.ch/joomla/;[{'@type': 'ImageObject', 'contentUrl': 'https://hltpimtsoch.sos-ch-dk-2.exoscale-cdn.com/catalog/b/3/e/6/b3e6e4876f96b6062d122f72310e5fd5231d7862_lokal0_1200.jpg'}];2026-08-06T13:47:47+02:00
9f4c20d2-7dee-4968-b886-116d5e9c7bd3;Höfli Pub;Das Höfli Pub in Mels bietet ein stilvolles Ambiente mit professionellem Service und einer grossen Auswahl an Cocktails, Whiskeys und Gins. Eine Cigar Lounge und qualitativ hochwertige Drinks runden das Angebot ab.;Aussergewöhnliches, Gastronomie-Konzept. Geniessen Sie die einmalige Atmosphäre und Ambiente in unseren mystischen und faszinierenden Gewölben.;9.420218544565927;47.047087672127;Kirchstrasse 4;8887;Mels;081 723 82 09;info@hoeflipub.ch;https://www.hoeflipub.ch/;[{'@type': 'ImageObject', 'contentUrl': 'https://hltpimtsoch.sos-ch-dk-2.exoscale-cdn.com/catalog/8/d/c/5/8dc5a9d38ff7de70c74fabed4dc524da292f0e16_IMG_2622.jpeg'}];2026-08-03T12:34:31+02:00
a126ba9b-d533-4878-9b22-0836b97b3cff;Landgasthof Linde;Der Landgasthof Linde in Berschis bietet in einem 300-jährigen Haus traditionelle und lokale Küche. Das Restaurant und das Stübli sind liebevoll dekoriert und bieten ein wöchentlich wechselndes Feinschmeckermenü in rauchfreier Umgebung.;In der Mitte von Berschis gelegen, strahlt das 300-jährige Haus jede Menge Tradition und Heimatverbundenheit aus. Treten Sie ein und lassen Sie sich von den gemütlichen Räumen überraschen. Das Restaurant und das Stübli werden mit viel Liebe zum Detail geschmückt und gepflegt.

Geniessen Sie im rauchfreien Stübli einen oder mehrere Gänge des wöchentlich wechselndes Feinschmeckermenüs. Im heimeligen Dorfbeizli werden die preiswerten Gerichte mit ebenso viel Liebe zubereitet.;9.3461533;47.1063672;Unterdorfstrasse 4;8892;Berschis;+41 81 733 22 21;lindeberschis@bluemail.ch;http://www.lindeberschis.ch;[{'@type': 'ImageObject', 'contentUrl': 'https://hltpimtsoch.sos-ch-dk-2.exoscale-cdn.com/catalog/f/6/0/1/f60126c8065f368b38a6d199de7b47b28f23e556__DSC8373.jpg'}];2026-05-31T16:51:14+02:00
a66dfa9b-17fa-4790-922a-2aceafb0d12c;Liesch Weine AG, Ueli & Jürg Liesch;Das Weingut Ueli & Jürg Liesch in Malans GR bietet idyllisch gelegene Rebberge, Keller und Verkaufsräume. Besuchende können die Welt des Winzers erkunden oder die Räumlichkeiten für eigene Anlässe mieten.;Rebberge, Keller und Verkaufsräume liegen idyllisch mitten im Grünen. Geniessen Sie einen Kurzbesuch oder einen langen Einblick in die Welt des Winzers oder mieten Sie die Räumlichkeiten, um Ihren Anlass selbst gestalten.;9.55787241817269;46.988163530330276;Weingut Treib 1;7208;Malans GR;+41 81 322 12 25;info@liesch-weine.ch;http://www.liesch-weine.ch;[{'@type': 'ImageObject', 'contentUrl': 'https://hltpimtsoch.sos-ch-dk-2.exoscale-cdn.com/catalog/0/1/1/8/011859a192f74a82765e5e0f4756aeed2bbb5c91_DJI_0221__1280x853_.jpg'}];2026-08-02T12:00:14+02:00
a69745dc-4f1e-4f55-8484-a14a8d3311b6;Restaurant Forum Landquart;Hausgemachte Klassiker aus der Schweizer und österreichischen Küche, frisch zubereitet und mit Liebe serviert.;<div class="elementor-element elementor-element-f039019 elementor-widget elementor-widget-text-editor" data-id="f039019" data-element_type="widget" data-e-type="widget" data-widget_type="text-editor.default"><p>Das&nbsp;<strong data-start="4" data-end="24">Restaurant Forum</strong>&nbsp;ist ein Ort, an dem Tradition und Genuss aufeinandertreffen. Hier wird mit Leidenschaft gekocht, ehrlich, bodenst&auml;ndig und immer frisch.</p></div><div class="elementor-element elementor-element-973c26b elementor-widget elementor-widget-text-editor" data-id="973c26b" data-element_type="widget" data-e-type="widget" data-widget_type="text-editor.default"><p>Die K&uuml;che bietet klassische Schweizer und &ouml;sterreichische Spezialit&auml;ten, zubereitet mit besten regionalen Zutaten. Ob zum gem&uuml;tlichen Mittagessen, zum Abendessen mit Freunden oder f&uuml;r besondere Anl&auml;sse, im Restaurant Forum steht das Wohl der G&auml;ste immer im Mittelpunkt.</p></div>;9.562952208064512;46.957444100000004;Schulstrasse 78;7302;Landquart;+41 78 223 70 73;info@restaurant-forum.ch;https://restaurant-forum.ch/;[{'@type': 'ImageObject', 'contentUrl': 'https://hltpimtsoch.sos-ch-dk-2.exoscale-cdn.com/catalog/4/1/2/6/41269eb8045149b648c2d48667894529ea2b90c9_bdee7426_b803_4737_852f_56d7c2423c0e__1_.jpeg'}];2026-09-04T13:12:23+02:00
a999ed1a-7b9a-4c36-af65-56b174cd58a1;Restaurant Zanai;Das Restaurant Zanai im Rehazentrum Valens bietet frische, regionale und saisonale Schweizer Küche. Es ist täglich geöffnet und serviert auch laktose- und glutenfreie Gerichte auf Anfrage. Gäste können wechselnde Wochenhits geniessen sowie von Donnerstag bis Montag  frische Pizza.;Bei uns geniessen Sie frische, regionale, saisonale Köstlichkeiten aus der Schweizer Küche, serviert in modernen Interpretationen. Zusätzlich zu unseren saisonalen Spezialitäten und der à-la-carte-Auswahl präsentieren wir Ihnen jede Woche wechselnde «Wochenhits». Diese exklusiven Kreationen unseres Küchenteams sind stets frisch, innovativ und spiegeln die Vielfalt der Schweizer Küche wider.

Auf Wunsch kochen wir auch laktose- und glutenfrei und informieren Sie gerne über die verwendeten Zutaten in unseren Gerichten.

Das Restaurant Zanai befindet sich im Rehazentrum Valens und ist täglich geöffnet. Wir freuen uns auf Ihren Besuch!;9.4833655;46.9698933;Taminaplatz 1;7317;Valens;+41 58 511 15 55;zanai@kliniken-valens.ch;https://www.restaurant-zanai.ch/;[{'@type': 'ImageObject', 'contentUrl': 'https://hltpimtsoch.sos-ch-dk-2.exoscale-cdn.com/catalog/4/d/e/c/4dec1e66ad60e07bfe63e583930a28292ff06b68_Restaurant_Zanai_1.jpg'}];2026-08-06T09:09:01+02:00
af3b8400-d29a-401a-8757-fd754d43dcaf;Berggasthaus Eggwald;Das Berggasthaus Eggwald liegt hoch über Bad Ragaz in Kunkels, auf dem Weg zum Kunkelspass. Es bietet eine ruhige Atmosphäre mit Übernachtungsmöglichkeiten / Restaurationsbetrieb ausschliesslich für Übernachtungsgäste.;<p class="MsoNormal"><strong><span lang="DE-CH" style="font-size: 10.0pt; font-family: 'Arial',sans-serif; color: black; mso-ansi-language: DE-CH;">Willkommen in unserem Berggasthaus Eggwald</span></strong></p><p class="MsoNormal"><span lang="DE-CH" style="font-size: 10.0pt; font-family: 'Arial',sans-serif; color: black; mso-ansi-language: DE-CH;">Ruhig gelegen und fernab vom Alltag ist unser Berggasthaus der ideale Ort zum Abschalten und Geniessen.<br>Wir bieten &Uuml;bernachtungen mit Halbpension an und legen grossen Wert auf eine pers&ouml;nliche, entspannte Atmosph&auml;re.</span></p><p class="MsoNormal"><span lang="DE-CH" style="font-size: 10.0pt; font-family: 'Arial',sans-serif; color: black; mso-ansi-language: DE-CH;">Unsere G&auml;ste &uuml;bernachten in zwei neu renovierten Doppelzimmern oder in unserem gem&uuml;tlichen Touristenlager.</span></p><p class="MsoNormal"><span lang="DE-CH" style="font-size: 10.0pt; font-family: 'Arial',sans-serif; color: black; mso-ansi-language: DE-CH;">F&uuml;r E-Biker offerieren wir eine E-Bike Ladestation, wo Sie gratis auftanken k&ouml;nnen. </span></p><p class="MsoNormal"><span lang="DE-CH" style="font-size: 10.0pt; font-family: 'Arial',sans-serif; color: black; mso-ansi-language: DE-CH;">F&uuml;r Gruppen oder Familien organisieren wir sehr gerne Anl&auml;sse wie Geburtstagsfeiern oder &auml;hnliche Veranstaltungen und gestalten diese individuell nach Ihren W&uuml;nschen.</span></p>;9.410965693257875;46.87034355;Oberkunkels, 1;7315;Vättis;+4179 300 89 74;lucia@eggwald-kunkelspass.ch;https://www.eggwald-kunkelspass.ch;[{'@type': 'ImageObject', 'contentUrl': 'https://hltpimtsoch.sos-ch-dk-2.exoscale-cdn.com/catalog/d/3/1/1/d3110502a2a9766efb7ae46d1ff5c4a2c3d6bb88_Eggwald_mit_Steingarten__004_.jpg'}];2026-09-04T13:25:57+02:00
b0d43f58-f491-432f-8387-84c4e5e8d7d5;Restaurant Hotel Neu-Schönstatt;Das Café-Restaurant Neu-Schönstatt in Quarten bietet eine beeindruckende Aussicht auf die Churfirsten und den Walensee. Die Sommerterrasse lädt zum Verweilen ein, ideal für Familien, Freundeskreise oder Wandergruppen.;Das Café-Restaurant Neu-Schönstatt in Quarten verzaubert mit seiner einzigartigen Lage und einem atemberaubenden Blick auf die Churfirsten und den Walensee. Auf unserer sonnigen Sommerterrasse können Sie diese spektakuläre Aussicht besonders geniessen. Ob mit der Familie, Freunden oder Ihrer Wandergruppe – ein Besuch im Zentrum Neu-Schönstatt verspricht Genuss, Erholung und unvergessliche Momente zu jeder Jahreszeit.;9.2419932;47.1094131;Josef-Kentenich-Weg1;8883;Quarten;+41 81 511 02 00;reception@neuschoenstatt.ch;https://neuschoenstatt.ch/gastronomie/?gad_source=1&gclid=EAIaIQobChMIgtiqvNvkhwMVK5CDBx1RJAbJEAAYASABEgJA2vD_BwE;[{'@type': 'ImageObject', 'contentUrl': 'https://hltpimtsoch.sos-ch-dk-2.exoscale-cdn.com/catalog/7/6/b/c/76bc05b79506e3b42ded48d088df7d628c403900_Restaurant__4_.jpg'}];2026-04-26T04:38:19+02:00
b29ce56a-9b70-4643-9045-501cddcb69a5;Signer Bäckerei;Die Signer Bäckerei in Zizers ist die erste Fünf-Sterne-Bäckerei der Schweiz. Sie bietet Nusstorten, gefüllte Brote, Pralinées und regionale Produkte an. Freundlichkeit und Service stehen im Mittelpunkt.;Echta Gnuss vom Morga bis am Obig.

Bei der ersten Fünf Sterne Bäckerei der Schweiz stehen die Kundinnen und Kunden im Zentrum. Freundlichkeit und Dienstleistung werden hier GROSS geschrieben. Das Herzblut, welches im Betrieb steckt, ist vom Gast spürbar.

Spezialist für Nusstorten, gefüllte Brote, Pralinée und regionale Produkte.;9.562815427780153;46.9327736500131;Kantonsstrasse 130;7205;Zizers;+41 81 322 88 77;info@baeckerei-signer.ch;https://www.baeckerei-signer.ch/;[{'@type': 'ImageObject', 'contentUrl': 'https://hltpimtsoch.sos-ch-dk-2.exoscale-cdn.com/catalog/d/f/d/b/dfdba5cddb240338cab6de3ae768aa20764f1be4_IMG_3324.JPG'}];2026-08-06T08:37:42+02:00
bb4f3414-3cc1-4dc0-84a5-06e30128de7d;Grotto "KALIFORNI" CasaNova Wein Pur;Das Grotto KALIFORNI CasaNova Wein Pur am Walensee bietet selbstproduzierte Weine und Tapas in einem besonderen Mikroklima zwischen See und den Kalkfelswänden der Churfirsten.;In unserem Grotto KALIFORNI direkt am Walensee präsentieren wir unsere selber produzierten Weine, Tapas und eine besondere Atmosphäre im Mikroklima zwischen See und den steilen Kalkfelswänden der Churfirsten.;9.29348945617676;47.12884106799356;Seemühlestrasse;8880;Walenstadt;+41792189138;kontakt@casanova-weinpur.ch;https://www.casanova-weinpur.ch;[{'@type': 'ImageObject', 'contentUrl': 'https://hltpimtsoch.sos-ch-dk-2.exoscale-cdn.com/catalog/c/b/0/5/cb056f01910e3ba484c7f80d534148f2c8919283_9f517ade_b739_4f4a_87eb_26e4cfd2bfc8__2.jpeg'}];2026-06-30T08:53:52+02:00
bbe65652-c491-4cfd-96cf-c3b3c4a6368e;Café Therme;Das Café Therme in Bad Ragaz bietet eine entspannte Atmosphäre für Thermengäste, Spaziergänger und Arbeitende. Es serviert mediterrane und traditionelle Küche und ist familienfreundlich sowie rollstuhlgerecht. Die Terrasse bietet einen Blick auf das Bündner Bergpanorama.;Hier treffen Thermengäste auf Spaziergänger und Kaffeeklatschfrauen auf W-Lan suchende Arbeitshungrige. Egal, ob Sie einen ruhigen Lese- oder Arbeitsmoment für sich brauchen oder Ihnen nach einem geselligen Gespräch mit einem lieben Menschen ist – im Café Therme findet jeder und jede seinen Lieblingsplatz. Steht Ihnen das Bedürfnis nach einem schmackhaften Snack, einer gesunden Erfrischung, einem warmen Lunch oder eher einem vitalen Frühstück? Sie haben die Wahl.

Im Frühling, Sommer und Herbst erwärmt die Sonne Ihr gemütliches Verweilen auf der Terrasse. Ein prickelnder Apéro oder ein genüssliches Frühstück mit Blick auf das Bündner Bergpanorama lassen Stunden wie Minuten verstreichen.;9.504509586064522;46.999249500000005;Hans-Albrecht Strasse;7310;Bad Ragaz;+41 81 303 27 40;taminatherme@taminatherme.ch;http://www.taminatherme.ch;[{'@type': 'ImageObject', 'contentUrl': 'https://hltpimtsoch.sos-ch-dk-2.exoscale-cdn.com/catalog/f/f/d/e/ffde5fee6726394ebe6debf7524890414611d15a_b81f188023bd7b913cc7439053347dac63a29e53.jpg'}];2026-05-14T09:14:58+02:00
bc7fba53-5dc1-472f-9ab4-075fd84e228c;Stall 247;Stall 247 in Maienfeld bietet eine Auswahl an hochwertigen Speisen wie Fleisch- und Käseplatten, Sandwiches und saisonale Angebote. Die Produkte stammen direkt vom Hersteller und werden inmitten der Weinberge präsentiert.;Tritt ein in den ehemaligen Kuhstall. Wo früher die Kühe Wärme und Behaglichkeit genossen, finden heute unsere Gäste die besten Weine aus Graubünden in Kombination mit regionalen kulinarischen Genüssen.

Unser Stall ist das ganze Jahr über für dich zu unseren Öffnungszeiten geöffnet. Schau vorbei und geniesse saisonale Köstlichkeiten: ob leckere Menüs, Tapas oder einfach ein Glas Wein.

Neben dem Bündner Wein haben Regionalität und Saisonalität einen sehr hohen Stellenwert bei uns. Wir bieten das an, was gerade im Garten wächst oder die Metzgerei schlachtet.

Das erwartet dich:

- 20 Weine im Offenausschank an unserer Weinstrasse
- Saisonale Tapas: nachmittags und jeden Mittwochabend
- Feine Mittagsmenüs: am Wochenende
- Überraschende Abendmenüs: von Donnerstag bis Samstag

In unserer Vinothek findest du ausserdem eine erlesene Auswahl an Weinen aus Graubünden - perfekt zum Mitnehmen oder als Geschenk.

Wir freuen uns auf deinen Besuch!;9.53021885;47.01033045;Spitalgasse 16;7304;Maienfeld;+41 81 599 46 76;info@stall247.ch;https://www.stall247.ch/;[{'@type': 'ImageObject', 'contentUrl': 'https://hltpimtsoch.sos-ch-dk-2.exoscale-cdn.com/catalog/c/0/5/0/c0506aa5979a17ade22ed482a27080518ee316ac_20250820_165249_web.jpg'}];2026-07-23T04:26:51+02:00
bf35f867-166c-45a2-851a-6d65f4c4ae53;A-M Dorf Café Bad Ragaz;9.5011569;47.0031118;Bartholoméplatz 3;7310;Bad Ragaz;+41 78 735 80 08;cafe@mail.ch;[{'@type': 'ImageObject', 'contentUrl': 'https://hltpimtsoch.sos-ch-dk-2.exoscale-cdn.com/catalog/e/2/1/c/e21c9c11feed5b9342370bb3c28c06cc457cd157_769051838_122105494323427683_3096215142602097724_n.jpg'}];2026-09-04T11:51:43+02:00
c310b85b-23e9-4b33-b283-3a197a899a1c;Restaurant Chutnee;Das Restaurant Chutnee in Bad Ragaz bietet eine spannende Mischung aus indischer Küche, Tandoori-Spezialitäten und beliebten europäischen Gerichten. Es ist täglich geöffnet und bietet Frühstücksbuffet, Mittag- und Abendessen à la Carte.;Freuen Sie sich auf eine aufregende Mischung aus indischer Küche, Tandoori-Spezialitäten (Freitag- und Samstagabend) und beliebten europäischen Gerichten.;9.508478450305667;46.99743255;Schloss-Strasse 1;7310;Bad Ragaz;+41 81 661 23 45;restaurant@hotelschlossragaz.ch;https://chutnee.ch/de/;[{'@type': 'ImageObject', 'contentUrl': 'https://hltpimtsoch.sos-ch-dk-2.exoscale-cdn.com/catalog/8/c/3/7/8c37af8302dc2a7c997135afa613931dfa1a60d1_Chutnee_2.jpg'}];2026-06-30T09:10:26+02:00
c47b96a8-b101-4d87-875b-b44cedb53eab;Restaurant Zollstube;Das Restaurant Zollstube in Bad Ragaz bietet eine typisch schweizerische Atmosphäre mit regionalen und nationalen Spezialitäten wie Rösti, Fondue und Zürcher Geschnetzeltes. Über 15 Biersorten aus kleinen Schweizer Brauereien sind im Angebot.;Typisch schweizerisch ist die Atmosphäre im Restaurant Zollstube. Urchig und trotzdem mondän. Hier finden Sie regionale und nationale Spezialitäten auf der Speisekarte: Rösti und Fondue, Bündner Gerstensuppe und Zürcher Kalbs-Geschnetzeltes. Darüber hinaus hat die «Zollstube» mehr als 15 verschiedene Biersorten im Angebot. Die ausgesuchten Biere stammen aus kleinen, unabhängigen Schweizer Brauereien. Darunter auch das 36.5° Quell – unser Hausbier. Gebraut mit Thermalwasser aus der Taminaschlucht.;9.501874;47.0004126;Bernhard-Simonstrasse;7310;Bad Ragaz;+41 81 303 30 35;restaurants@resortragaz.ch;https://www.resortragaz.ch/de/restaurants-und-bars/zollstube;[{'@type': 'ImageObject', 'contentUrl': 'https://hltpimtsoch.sos-ch-dk-2.exoscale-cdn.com/catalog/1/7/d/b/17db99397a3c6611c106a1ed4ba1934c082ca7ea_GRBR_06_22_Zollstube_0309_HDR_600x400.jpg'}];2026-06-30T09:14:04+02:00
c5092f28-71e2-4c0b-9d12-c9ba814ca86c;Huus vom Bündner Wii;Im Haus des Bündner Weins in Jenins können Besuchende den Bündner Wein erleben. Der Präsentationsraum eignet sich ideal für Degustationen und bietet interessante Informationen. Regelmässige Führungen und Degustationen werden angeboten.;Im «Huus vom Bündner Wii» vom Branchenverband Graubünden Wein, dem rund 70 Weinbaubetriebe angehören, ist der Bündner Wein für das breite Publikum erlebbar. Der Erweiterungsbau beim Alten Torkel in Jenins beinhaltet einen Präsentationsraum, der für Degustationen bestens geeignet ist und viel Wissenswertes über den Bündner Wein vermittelt. Unter anderem werden im "Huus vom Bündner Wii" regelmässig öffentliche Führungen und Degustationen angeboten:

- Rebrundgang mit Degustation: 90-minütiger Rundgang durch die Reben mit anschliessender Degustationstechnik, von April bis Oktober mit Voranmeldung;9.5525691;47.0006912;Jeninserstrasse 3;7307;Jenins;+41 81 302 87 08;sekretariat@graubuendenwein.ch;https://graubuendenwein.ch/;[{'@type': 'ImageObject', 'contentUrl': 'https://hltpimtsoch.sos-ch-dk-2.exoscale-cdn.com/catalog/6/4/d/a/64daf3768e49773a3c663defcd8b30f75ebf465d_Haus_des_B__ndner_Weins_3.jpg'}];2025-11-04T09:32:31+01:00
c675b433-382e-4ac0-a258-a3fa594ea333;Weingut Fromm, Malans;Das Weingut Fromm in Malans ist ein mittelgrosser Familienbetrieb mit 4,5 ha Rebfläche. Der Schwerpunkt liegt auf der Pinot Noir Rebe. Besucher können Schweizer Spezialitäten in einem haustierfreundlichen Ambiente geniessen.;SPITZEN PINOT NOIR LAGENWEINE MIT DER ERFAHRUNG VON FÜNF GENERATIONEN UND ZWEI KONTINENTEN.
Seit 1866 keltert die Familie Fromm Wein im idyllischen Rebbau-Dorf Malans in der Bündner Herrschaft. 1992 packen Georg & Ruth Fromm die Koffer und die drei jungen Kinder, wandern nach Neuseeland aus und gründen dort die Fromm Winery in Marlborough. Zurück in Malans übernimmt 2015 ihr Sohn Marco Fromm in fünfter Generation die Leitung des Weinguts. Der biologische und regenerative Anbau begleitet die Familie Fromm auf ihrem kompromisslosen Weg, die Eigenheiten der verschiedenen Rebberge und Pinot Noir Klone immer noch stärker herauszuarbeiten. Ihre sechs Malanser Lagen Pinot Noirs, Selvenen, Michel, Fidler, Küng, Spielmann und Schöpfi, widerspiegeln die Stilistik des Hauses: Reinheit, Mineralik und aromatische Tiefe.

WEINBAR ab Oktober 2025
Wein probieren, geniessen und kaufen. Jeden Freitag und Samstag könnt ihr eure Weinbestellungen abholen kommen oder einfach kurz abschalten, die Aussicht, den Wein und ein kleines Plättli geniessen.;9.574665424241683;46.98341325;Baguggiweg 21;7208;Malans GR;+41 81 322 53 51;malanser@weingut-fromm.ch;http://www.weingut-fromm.ch;[{'@type': 'ImageObject', 'contentUrl': 'https://hltpimtsoch.sos-ch-dk-2.exoscale-cdn.com/catalog/d/b/d/1/dbd149382a065b40691f761db1fb6d0e9d6efcb7_IMG_7395.JPG'}];2026-07-23T03:56:43+02:00
c76451b9-c0b6-4b7d-badb-09c558957a5e;Löwen Braceria & Pizzeria;Die Braceria und Pizzeria in Maienfeld bietet Pizza aus dem Holzofen, Pastagerichte und Fleischspezialitäten mit italienischem Flair. Das Restaurant ist ideal für Paare, Familien und Gruppen und bietet eine gemütliche Atmosphäre.;Pizza aus dem Holzofen, Pastagerichte sowie Fleischspezialitäten vom Holz- und Kohlegrill werden mit italienischem Flair zubereitet. Für jeden Gast haben wir das richtige Angebot, lassen Sie sich überraschen. Unser professionelles Serviceteam freut sich, Sie zu verwöhnen.

Das Löwen-Team freut sich auf Ihren Besuch.;9.5306138;47.0082051;Städtli 25;7304;Maienfeld;+41 81 302 64 64;info@loewen-maienfeld.ch;https://www.loewen-maienfeld.ch/;[{'@type': 'ImageObject', 'contentUrl': 'https://hltpimtsoch.sos-ch-dk-2.exoscale-cdn.com/catalog/f/f/1/8/ff1852b237f97f350c1297075dda797657a08fe9_Foto_Flyer_Braceria_09.2025__4.jpg', 'caption': {'de': 'Grill Pizzeria Löwen'}}];2026-07-08T22:21:27+02:00
d001c6f3-ec3f-48d8-ae60-1e77f50d6ea5;Restaurant Kiesfang;Das Restaurant Kiesfang im Sarganserland bietet moderne Architektur und ländliche Bodenständigkeit. Es liegt am Weiher Kiesfang und ist ideal für Firmenanlässe, Vereine und Familienfeste. Verschiedene Räumlichkeiten sind individuell kombinierbar.;Das Restaurant Kiesfang, ein Zusammenspiel aus moderner Architektur, ländlicher Bodenständigkeit, traditionellem Treffpunkt und Offenheit. Es liegt mitten im Sarganserland am beschaulichen Weiher Kiesfang und an dem angrenzenden Spielplatz. Das Restaurant gehört zum öffentlichen Teil des Novellas Generationenhauses. 

Die verschiedenen Räumlichkeiten wie Restaurant, Lichthof und Terrasse sind individuell kombinierbar und ideal für Firmenanlässe, Vereine und Familienfeste.;9.446858167648315;47.029860867296;Aeulistrasse 8;7324;Vilters;+41 81 725 52 10;info@kiesfang.ch;http://www.kiesfang.ch;[{'@type': 'ImageObject', 'contentUrl': 'https://hltpimtsoch.sos-ch-dk-2.exoscale-cdn.com/catalog/5/6/3/d/563d34fb87eb72854b05c31e164a5d22f7493a5e_IMG_8877.jpeg'}];2026-04-26T04:17:14+02:00
d01f1d76-227d-4594-b23e-9a5319a5f8fb;Alter Torkel - Huus vom Bündner Wii;Das Restaurant Weinstube Alter Torkel in Jenins bietet eine einzigartige Kombination aus traditionellem Charme und moderner Gastronomie. Gäste können Bündner Weine probieren und die historische Baumpresse aus dem Jahr 1722 bestaunen.;Der Torkel ist sanft umgestaltet - aber selbstverständlich wurde der alte Charme bewahrt! Das kleine Restaurant Weinstube alter Torkel liegt wunderschön mitten in den Rebbergen von Jenins.

- Geniessen - auftanken - sich geborgen fühlen
- Staunen - unvergleichliche Landschaften entdecken
- Die aussergewöhnlichen Farben der Herrschaft in sich aufnehmen
- Hervorragende Bündner Weine entdecken und degustieren
- Die mächtige Baumpresse - original erhalten aus dem Jahr 1722 - bestaunen
- Spitzenmässige tafeln – jeder Bissen mit allen Sinnen geniessen;9.5525691;47.0006912;Jeninserstrasse 3;7307;Jenins;+41 81 302 36 75;genuss@alter-torkel.ch;http://www.torkel.ch;[{'@type': 'ImageObject', 'contentUrl': 'https://hltpimtsoch.sos-ch-dk-2.exoscale-cdn.com/catalog/e/0/2/3/e0234df3e34df320e9b5c98168d00cc81480be0a_Photokleinformat_3_2_Weinberg_Jenins_Herbst.jpg'}];2026-05-26T20:13:45+02:00
d2174ac5-ae95-43a6-8fe8-13140b5923b5;Bergrestaurant Chrüz;Das Bergrestaurant Chrüz am Flumserberg bietet Platz für bis zu 200 Personen im Restaurant und 180 auf der Sonnenterrasse. Es ist bekannt für seine Qualität und Gastfreundschaft und bietet im Winter an der ChrüzBar coole Drinks und Snacks.;Das gemütliche Bergrestaurant mitten am Erlebnisberg Flumserberg lädt Sie zum Verweilen ein. Stärken Sie sich vor der rasanten Skiabfahrt im Winter oder einer atemberaubenden Wanderung im Sommer mit einem abwechslungsreichen Angebot an Speis und Trank. Im Bergrestaurant Chrüz wird grossen Wert auf Qualität und Persönlichkeit gelegt und eine gastfreundliche Bedienung gewährleistet.
Das bediente Restaurant bietet Platz für bis zu 200 Personen und auf der sonnenreichen Terrasse finden ebenfalls gut 180 Personen Platz. 

Im Winter bei schöner Witterung erwarten Sie an der ChrüzBar coole Drinks und feine Snacks. Lassen Sie bei einem Besuch Ihre Seele baumeln und geniessen Sie die herrliche Wintersonne und die tolle Atmosphäre.;9.270036220550539;47.08297409902807;Chrüz;8898;Flumserberg;+41 81 733 13 22;info@chruez-flumserberg.ch;https://www.chruez-flumserberg.ch;[{'@type': 'ImageObject', 'contentUrl': 'https://hltpimtsoch.sos-ch-dk-2.exoscale-cdn.com/catalog/c/3/e/e/c3eec04089c168ec2c82d1dae0208d373bd47703_Aussenansicht.JPG'}];2026-08-17T04:14:24+02:00
dfa3bdeb-ac7f-44d6-8f88-b2f94fa0e94e;Weinbau Hanspeter Kunz;Weinbau Hanspeter Kunz in Fläsch bietet einen gemütlichen Degustations- und Verkaufsraum für Gruppen bis 20 Personen. Es werden acht verschiedene Weine angeboten, begleitet von kalten Imbissen wie Käse und Salsiz.;Weinkeller mit heimeligem Degustations- und Verkaufsraum. 
Platz für Gesellschaften bis 20 Personen. 8 verschiedene Weine, 4 weisse, 4 rote.
Imbiss: Käse und Salsiz, nur kalt.;9.51424827470398;47.02754775;Hinterdorf 7;7306;Fläsch;+41 81 302 61 69;info@weinbau-kunz.ch;http://www.weinbau-kunz.ch;[{'@type': 'ImageObject', 'contentUrl': 'https://hltpimtsoch.sos-ch-dk-2.exoscale-cdn.com/catalog/4/2/c/7/42c7010644e557c4f52854865803cc05b4297793_wein_weinbau_kunz.jpg'}];2026-07-31T13:09:53+02:00
e11b083d-afcd-462c-8543-540fbe9bed98;Seilerhütta Vättnerberg;Die Seilerhütta Vättnerberg bietet eine beeindruckende Aussicht und gutbürgerliche Küche. Sie ist mit einer 6‑minütigen Seilbahnfahrt leicht erreichbar und lädt zum Entspannen auf der Terrasse ein. Ideal für Familien, Paare und Gruppen, ebenso geeignet für Anlässe bis zu 25 Personen.;Nach der kurzen Bergfahrt von 6 Min. mit der Seilbahn gelangen Sie zu uns, direkt bei der Bergstation der Vättnerbergseilbahn. Wir belohnen Sie zuerst mit unserer Natur und der herrlichen Aussicht, danach können Sie von unserem Angebot profitieren, das zu 95 Prozent von einheimischen Lieferanten und Betrieben ist. 
Weg vom Alltag und lassen Sie sich von uns in der Hütte oder der herrlichen Terrasse verwöhnen.

Bitte beachten Sie die Fahrzeiten der Seilbahn.;9.456750154495241;46.929605285247256;Bergstation;7315;Vättnerberg;+41 79 629 75 17;rieden8739@gmail.com;https://www.vättnerberg.ch/;[{'@type': 'ImageObject', 'contentUrl': 'https://hltpimtsoch.sos-ch-dk-2.exoscale-cdn.com/catalog/3/9/7/3/3973f8522d49e9e2d31748bc07d04f5f7facbbb6_werbung.jpg'}];2026-06-30T12:24:59+02:00
e28252e6-d574-4168-a494-8d0e9f1b731b;Marina Walensee / Marina Restaurant;Die Marina Walensee liegt direkt am Walenseeufer und bietet moderne Zimmer mit Blick auf den See oder die Berge. Das Restaurant serviert saisonale Gerichte mit lokalen Produkten und einer Auswahl an erlesenen Weinen.;Im Marina Restaurant treffen kulinarische Vielfalt, regionale Qualität und eine traumhafte Lage aufeinander. Freuen Sie sich auf knusprige, frisch zubereitete Pizzen, feine regionale Spezialitäten und saisonale Gerichte, die mit viel Liebe zum Detail zubereitet werden – immer begleitet vom herrlichen Blick auf den Walensee und die Bergwelt.

Unsere vielseitige Getränkeauswahl lässt keine Wünsche offen: von ausgewählten Weinen über erfrischende Getränke bis hin zu gemütlichem Kaffee oder einem Aperitif in der Sonne. Besonders beliebt ist unsere grosszügige Sonnenterrasse – der perfekte Ort, um den Tag genussvoll zu verbringen, während die Sonne glitzert und die Seele zur Ruhe kommt.

Auch Familien fühlen sich bei uns rundum wohl: Direkt neben dem Restaurant sorgen ein Spielplatz im Freien sowie ein liebevoll eingerichtetes Spielzimmer dafür, dass sich auch unsere kleinen Gäste bestens unterhalten fühlen – während die Grossen entspannt geniessen.

Ob Familienessen, Pizza-Abend mit Freunden oder ein genussvoller Stopp nach einem Ausflug: Das Marina Restaurant ist der Treffpunkt für Genuss, Leichtigkeit und entspannte Momente am See.;9.2561007;47.1158087;Gostenstrasse 20;8882;Unterterzen;+41 81 720 31 00;reservation@marina-walensee.ch;https://www.marina-walensee.ch/restaurant/;[{'@type': 'ImageObject', 'contentUrl': 'https://hltpimtsoch.sos-ch-dk-2.exoscale-cdn.com/catalog/c/f/4/d/cf4d6ab950f7a27e641f484c5d1ffd606036c3a2_Marina_Restaurant__10_.jpg'}];2026-08-28T22:06:32+02:00
e3d5aee9-37e9-458c-8b7f-8a70d1e35761;Weinmanufaktur Gonzen;Das Weingut Gonzen in Sargans bietet Führungen mit Degustationen und Räumlichkeiten für private und geschäftliche Anlässe. Die Torkelstube eignet sich für besondere Anlässe und bietet Platz für 50 Personen.;Die Weinmanufaktur Gonzen steht für Weine mit Charakter.
Eigene Weine und sorgfältig ausgewählte Selektionen –
geführt unter einem gemeinsamen Anspruch.

Wir glauben an Weine mit Persönlichkeit.
An Weine, die etwas erzählen,
über Herkunft, Handwerk und die Winzer dahinter.

Erschaffen für Menschen, die charaktervolle Weine mögen.

Weine, die jeden Moment speziell machen.;9.447652294245845;47.054543249999995;St. Gallerstrasse 75;7320;Sargans;+41 81 723 16 15;info@weinmanufaktur-gonzen.ch;http://www.weinmanufaktur-gonzen.ch;[{'@type': 'ImageObject', 'contentUrl': 'https://hltpimtsoch.sos-ch-dk-2.exoscale-cdn.com/catalog/b/0/4/a/b04ab0eae7016e76dbee52e4a3e08ed1bfe896a5_Weinmanufaktur_Gonzen_Weinkeller_Web_02_5943_quer__2.jpg'}];2026-04-28T02:30:24+02:00
e6166ab5-684a-4b5b-8d9f-29b45243fed1;Autobahnraststätte Marché Heidiland;Die Autobahnraststätte Marché Heidiland in Maienfeld bietet marktfrische Küche und zahlreiche Annehmlichkeiten wie Spielzimmer, Aussenspielplatz und Geissengehege. Ideal für Familien, Paare und Gruppen, die eine Pause auf der A13 suchen.;Marché Heidiland, wohl eine der bekanntesten Raststätten der Schweiz.
Bereits beim Eingang wartet das Heidi- und Geissenpeterspiel auf unsere Gäste. Ein Erlebnis für alle Kinder bieten die 2 grossen Spielzimmer, der Aussenspielplatz und das Geissengehege gleich beim Eingang.

Geniessen Sie unser marktfrisches Angebot – ob eine knusprige Rösti, saisonales Gemüse oder das kunterbunte Salatbuffet – in rustikalem Ambiente. Lassen Sie es sich gut gehen bei uns!;9.512164592742922;47.01153892334948;Autobahn A13;7304;Maienfeld;+41 81 300 43 43;heidiland@marche-restaurants.ch;https://www.marche-schweiz.ch/de/standorte/an-autobahnen.html;[{'@type': 'ImageObject', 'contentUrl': 'https://hltpimtsoch.sos-ch-dk-2.exoscale-cdn.com/catalog/3/2/7/e/327e81e34e89f7364e5bf7c31bf6981d2e34dd10_Heidiland_Tourismus_Bild_Marche_HIMMEL.jpg'}];2026-07-18T04:03:45+02:00
e8207b29-dc4e-4ab5-b835-293e2a0b99c0;BISTRO Fläsch;Das Bistro Fläsch ist ein Treffpunkt für Weinliebhaber und Geniessende. Es bietet eine Auswahl an Fläscher, italienischen und spanischen Weinen. Ideal für eine Auszeit oder ein spontanes Treffen.;Das Bistro für alle Generationen. Bei uns darfst du entspannte Stunden in angenehmer Atmosphäre verbringen. Geniesse bodenständige Bistrogerichte, auserlesene Weine, oder das Verweilen in netter Gesellschaft für einen spontanen Umtrunk am Feierabend. Für Einheimische, Spaziergänger, Wanderer, Velofahrer, Biker ist unser Bistro der perfekte Ort für eine Verschnaufpause und um neue Energie zu tanken.

Unser Bistro ist der perfekte Treffpunkt für Weinliebhaber und Geniesser. Der Fläscher Wein ist bei uns Trumpf. Er erzählt uns immer eine Geschichte und deutet die Philosophie seines Winzers an. In unserem Weinangebot findest du eine erlesene Auswahl an Fläscher Rot- und Weissweinen.Auch Liebhaber von italienischen und spanischen Weinen werden bei uns auf ihre  Kosten kommen. Geniesse bei uns ein gutes Glas Wein.

Herzlich willkommen in unserem gemütlichen Nichtraucherzimmer, das darauf ausgelegt ist, dir ein Gefühl von Komfort und Geborgenheit zu vermitteln. Unser Zimmer ist liebevoll eingerichtet und bietet eine angenehme Atmosphäre, in dem du dich wohl fühlst. Geniesse die Umgebung und lassen den Alltag hinter dir. Unser Gästezimmer kann für eine oder mehrere Nächte gebucht werden.;9.5112981;47.0248149;Ausserdorf 1;7306;Fläsch;+41813027451;info@bistroflaesch.ch;https://www.bistroflaesch.ch;[{'@type': 'ImageObject', 'contentUrl': 'https://hltpimtsoch.sos-ch-dk-2.exoscale-cdn.com/catalog/c/f/1/5/cf150cfe8f96003908d1a7e0498b268818dcb176_Screenshot_2025_06_07_133535.png'}];2026-08-28T22:01:33+02:00
eaf47ea7-98ff-4f97-822e-279b73857dde;Weingut Davaz;Das Weingut Davaz in Fläsch bietet eine Vinothek und eine Auswahl an Weinen. Seit 1972 kultiviert die Familie Davaz hier Reben. Die Architektur und die Weine machen es zu einem besonderen Ort für Weinliebhaber.;Das einzigartige Weingut DAVAZ befindet sich inmitten der malerischen Weinberge im herrschaftlichen Fläsch. Seit 1972 werden hier Reben von der Familie DAVAZ angebaut. Bereits zwei Jahre später wurde der erste selbst gekelterte Wein direkt ab Hof verkauft – dieser fand einen hohen Anklang, sodass sich die Produktpalette rund um die eigene Weinproduktion stets weiterentwickelt hat. Mit seiner aussergewöhnlichen Architektur und eigener Vinothek ist das Weingut DAVAZ ein besonderer Ort für Weinenthusiasten.;9.5149195;47.0163005;Porta Rätia 1;7306;Fläsch;+41 81 302 17 10;info@davaz-wein.ch;https://www.davaz-wein.ch;[{'@type': 'ImageObject', 'contentUrl': 'https://hltpimtsoch.sos-ch-dk-2.exoscale-cdn.com/catalog/3/7/c/c/37cc8755d25cda640faed657e2c05b72bc24fd2e_Davaz_Aussicht_Falknis__2.jpg'}];2026-07-25T13:03:08+02:00
eb4bae6a-778c-4404-b2ec-6f0a4dffb6b5;verve by sven;Das Restaurant verve by sven in Bad Ragaz bietet eine Health-und-Lifestyle-Küche mit einem Michelin-Stern und 15 Gault-Millau-Punkten. Es vereint gesunde, authentische Gerichte in einem stimmigen Ambiente mit einer integrierten Bar.;1 Michelin-Stern | 15 Gault-Millau-Punkte
Saisonal, authentisch und naturverbunden. So schmeckt die Health-und-Lifestyle-Küche im Restaurant verve by sven. Eine Ode an die Lebensfreude und den Genuss. Hier werden gesunde, authentische Gerichte in einem stimmigen Ambiente vereint. Kompromisslose Qualität, die sich auch im natürlichen und warmen Innendesign widerspiegelt. Ein lebendiger Treffpunkt mit integrierter Bar, in der prämierte Spirituosen auf alpin-inspirierte Cocktails und handgemachte alkoholfreie Drinks treffen.;9.5040204;47.0003325;Bernhard-Simonstrasse;7310;Bad Ragaz;+41 81 303 30 35;restaurants@resortragaz.ch;https://www.resortragaz.ch/de/restaurants-und-bars/verve-by-sven;[{'@type': 'ImageObject', 'contentUrl': 'https://hltpimtsoch.sos-ch-dk-2.exoscale-cdn.com/catalog/2/e/5/f/2e5f0b465d27745be01ecb55c3bb5d7418d9ff5c_GRBR_Kulinarik_verve_by_sven_Weinschrank_aussen_V2.jpg'}];2026-08-04T09:33:52+02:00
ee09c4ff-dfe4-4ea7-ad87-0c1307b4b157;Café Varga;Das Café Varga in Walenstadt bietet feine Mittagsmenüs, fantasievolle Kuchen und Torten sowie eine Auswahl an Brotsorten von regionalen Bäckereien. Es ist familienfreundlich und bietet kostenloses WLAN.;Jeder kommt auf seine Kosten. Es werden feine Mittagsmenüs serviert und es befinden sich köstliche Kuchen und Torten in immer neuen fantasievollen Varianten sowie zahlreiche Brotsorten, auch Spezialbrote, von regionalen Bäckereien im Angebot.;9.315140247344972;47.124118951913;Rathausplatz 7;8880;Walenstadt;+41817352020;info@cafevarga.ch;https://cafevarga.ch/index.php/cafe;[{'@type': 'ImageObject', 'contentUrl': 'https://hltpimtsoch.sos-ch-dk-2.exoscale-cdn.com/catalog/f/4/7/9/f4791ec3426a4c590aefeb8f09ac2adbf45bb21d_127793288_4658348774236909_6373386191662242500_o.jpg'}];2026-06-30T09:45:58+02:00
eedc5390-7ccc-4576-9b86-ee17c3a12046;Kaffieggä Café & Rösterei;Das Kaffieggae Café & Rösterei in Bad Ragaz bietet erlesene Kaffeespezialitäten, eine abwechslungsreiche Snack- und Apéro-Karte sowie Barista-Kurse. Ein Ort für Kaffeeliebhaber, der Genuss und Qualität vereint.;Der Treffpunkt für Kaffeeliebhaber in der Region Ein liebevoll eingerichtetes Café, das durch erlesene Kaffee-Spezialitäten begeistert. 
Es bietet mehr als nur Kaffee – mit einer abwechslungsreichen Snack- und Apéro-Karte locken Bier, Wein und erfrischende Apérogetränke für Geniesser. Eltern können entspannte Kaffeemomente geniessen, während sich ihre Kinder in einer separaten Spielecke vergnügen. 
Für Kaffeegenieser, die Qualität schätzen, gibt es einen Showroom mit professionellen Siebträger-Kaffeemaschinen und hochwertigem Zubehör zum Direktkauf. 

Frisch geröstete Kaffeesorten in grosser Auswahl laden ein, diese direkt vor Ort zu geniessen oder bequem mitzunehmen. 
Zudem begeistern spannende Barista-Kurse, ideal für Teamevents, Treffen mit Freunden oder für Liebhaber des guten Kaffees, die ihre Fähigkeiten vertiefen möchten. 

Durch persönliche Beratung erhältst du Antworten auf all deine Fragen rund um die Welt des Kaffees. Und egal, ob direkt im Café, über die Webseite oder telefonisch – das Bestellen und Anfragen ist unkompliziert und flexibel. Ein Ort, der Genuss, Qualität und Erlebnis in einzigartiger Weise vereint.;9.500432996070614;47.00296605;Bartholoméplatz 12;7310;Bad Ragaz;0799042242;hallo@kaffieggae.ch;https://www.kaffieggae.ch/;[{'@type': 'ImageObject', 'contentUrl': 'https://hltpimtsoch.sos-ch-dk-2.exoscale-cdn.com/catalog/0/d/b/7/0db71457425f46d985cade51192ed31cd6de3b73_AS6_8729.jpg'}];2026-05-21T02:32:20+02:00
ef148113-71b5-44b3-b0b3-9f462c9ca59d;Gruebhütte;Die Gruebhütte am Flumserberg bietet 55 Innenplätze und eine Sonnenterrasse. Sie serviert regionale Gerichte und Weine auf über 1800 m. Ideal für Paare und Singles, die nach einem Skitag entspannen möchten.;Die gemütliche Gruebhütte befindet sich direkt unter dem mächtigen Sächsmoor. Das gut gelegene, bediente Feinschmecker-Beizli lädt direkt neben der Skipiste zum Verweilen ein.

Das Restaurant mit 55 Innenplätzen und schöner Sonnenterrasse ist bekannt für die beliebten Gerichte, welche mit frischen Produkten aus der Region gekocht werden. Gerne werden Ihnen feine Köstlichkeiten aus der Küche und dem Weinkeller auf über 1800 m serviert. Runden Sie Ihren Skitag mit einem Besuch in der Grueb ab und geniessen Sie Ihren Aufenthalt.

Es ist kein Zufall, wenn es Ihnen in der Gruebhütte gefällt, es ist das Ziel!;9.242366552352907;47.07217513093822;Molseralpstr. 9;8898;Flumserberg;+41 81 710 14 92;info@gruebhuette.ch;https://www.gruebhuette.ch;[{'@type': 'ImageObject', 'contentUrl': 'https://hltpimtsoch.sos-ch-dk-2.exoscale-cdn.com/catalog/7/b/9/f/7b9feecd4db9b4f5c45b58339bbd2e2bb009e925_tkv_bbf_kinderski_304__52_0486.jpg'}];2026-05-14T08:18:43+02:00
efc8b8fe-e294-4006-8421-d936d3afd49a;Städtlibeck GmbH;Das Städtlibeck in Walenstadt bietet Brot aus der Showbäckerei, feine Patisserie und Torten sowie Snacks zum Mitnehmen. Das Café lädt zum Verweilen ein und bietet eine Auswahl an lokalen Spezialitäten.;Brot aus der Showbäckerei, feine Patisserie und Torten, Snacks to go und vieles mehr für Walenstadt und die Region.

Geniessen Sie zudem unser Sortiment in unserem Café.;9.3137457;47.1222405;Bahnhofstrasse 25;8880;Walenstadt;+41 81 735 11 66;staedtlibeck@gmail.com;https://www.staedtlibeck.ch/;[{'@type': 'ImageObject', 'contentUrl': 'https://hltpimtsoch.sos-ch-dk-2.exoscale-cdn.com/catalog/d/3/2/9/d329297cdb9d64715b195b516afa6fa426a2f564_454865ef0c545ed254ff270cf2e8dc5940a9b43e_VL_UNT_AICHINGER_3697220_1600x900.jpg'}];2026-04-26T04:17:18+02:00
f45ef020-f1fc-4307-bbb1-521dfbf79fa4;Restaurant Namun;Das Restaurant Namun in Bad Ragaz bietet asiatische Küche auf Fünf-Sterne-Niveau. Mit 13 Gault-Millau-Punkten werden hier exotische Spezialitäten in einem stilvollen Ambiente serviert.;Im Restaurant Namun wird die thailändische Küche mit viel Herzlichkeit und Liebe zum Detail zelebriert. Die Speisekarte bietet authentische Gerichte, in denen die vier Geschmacksrichtungen süss, sauer, salzig und scharf perfekt ausbalanciert sind. Die traditionelle thailändische Esskultur wird durch die Möglichkeit, die Gerichte zu teilen, lebendig. Als Gast dürfen Sie sich auf einen Abend mit typisch thailändischen Speisen freuen und erleben, wie die Aromen in einem einzigartigen Ambiente harmonieren.;9.502747;47.0001435;Bernhard-Simonstrasse;7310;Bad Ragaz;+41 81 303 30 35;restaurants@resortragaz.ch;https://www.resortragaz.ch/de/restaurants-und-bars/namun;[{'@type': 'ImageObject', 'contentUrl': 'https://hltpimtsoch.sos-ch-dk-2.exoscale-cdn.com/catalog/7/5/a/6/75a657d9d542bc7c40c58c9e0f207c8b978cb9f2_GRBR_06_22_Namun_0869_600x400.jpg'}];2026-08-04T09:25:24+02:00
f709b951-11a1-48ac-9c24-f99fc63b605e;Hotel Gasthof zur Bündte;Das Hotel Gasthof zur Bündte in Jenins bietet eine traumhafte Panoramalage inmitten von Reben. Gäste können Bündner Spezialitäten, internationale und asiatische Köstlichkeiten sowie Holzofen-Pizzas geniessen. Die gemütliche Bündteria und sonnige Terrassen laden zum Verweilen ein.;Die traumhafte Panoramalage inmitten von Reben spricht für sich und es darf geschlemmt werden: Bündner Spezialitäten, internationale und asiatische Köstlichkeiten, die besten Holzofen-Pizzas, feine Desserts … alles liebevoll und marktfrisch zubereitet, mit Leidenschaft gewürzt und mit einem Lächeln serviert. Dazu passt ein guter Tropfen aus dem bestens sortierten Weinkeller. Nehmen Sie Platz in romantischen Räumlichkeiten, der gemütlichen Bündteria oder bei schönem Wetter auf den traumhaften Terrassen. Für eine kleine, feine Auszeit zwischendurch empfiehlt sich übrigens das romantische Boutique-Hotel.;9.5540255;47.0008773;Jeninserstrasse 6;7307;Jenins;+41 81 302 12 23;hotel@zurbuendte.ch;https://www.zurbuendte.ch/;[{'@type': 'ImageObject', 'contentUrl': 'https://hltpimtsoch.sos-ch-dk-2.exoscale-cdn.com/catalog/0/d/9/a/0d9a8310a81a72da0a98e3a5e142f2b1420bdbfb_gasthof_buendte_jenins_aussen.jpg'}];2026-06-30T10:04:31+02:00
f9138362-bb73-425f-83f2-d58ae9585114;Restaurant Schloss Maienfeld;Das Restaurant Schloss Maienfeld bietet ein vielseitiges Gastronomiekonzept mit regionalen und traditionellen Speisen. Gäste können im Bistro, Restaurant oder Club 1247 speisen und die malerische Umgebung geniessen.;Unser Gastronomiekonzept ist vielseitig, vom Business Lunch im Bistro, über ein gehobenes à la Carte Angebot im Restaurant bis hin zum Apéro oder Schlummertrunk, für die Gäste oder auch Gruppen und Vereine im Club 1247. Im Vordergrund stehen die Kulinarik und die Gastfreundschaft – unsere Gäste sollen sich willkommen fühlen, Freude haben und sich kulinarisch begeistern lassen. Beim Küchenkonzept legen wir viel Wert auf Regionalität sowie Tradition - alt bekanntes neu interpretieren, diese sollen die Gäste begeistern.;9.5310679;47.0064678;Schloss Maienfeld 2A;7304;Maienfeld;+41 81 302 24 23;info@schlossmaienfeld.ch;http://www.schlossmaienfeld.ch;[{'@type': 'ImageObject', 'contentUrl': 'https://hltpimtsoch.sos-ch-dk-2.exoscale-cdn.com/catalog/a/f/5/0/af5098ef63d1371f6a54309fc657540e58ba7545_DSCF2200_2__2.jpg'}];2026-04-26T04:06:16+02:00
f978b33b-6fbd-4b8a-b849-ea0ca995fac7;Café Confiserie Fässler;Das Café Confiserie Fässler in Bad Ragaz bietet hausgemachte Confiserie- und Konditoreiprodukte. Es liegt gegenüber der katholischen Kirche und ist ein gemütlicher Ort für Paare, Familien und Gruppen.;Gemütliches Café vis-à -vis der katholischen Kirche. Hausgemachte Confiserie- und Konditoreiprodukte.;9.5005702;47.0037015;Sarganserstrasse 1;7310;Bad Ragaz;+41 81 330 78 00;confiserie.faessler@bluewin.ch;https://www.confiserie-faessler.ch;[{'@type': 'ImageObject', 'contentUrl': 'https://hltpimtsoch.sos-ch-dk-2.exoscale-cdn.com/catalog/5/e/8/e/5e8e6f661f7bcd2d9a0f80ccca13fa92e4a06260_ff_10.jpg'}];2026-07-08T22:21:44+02:00
fc27281a-d059-497f-8990-9bae0d00648c;Strandlokal Neptun;Das Strandlokal neptun in Walenstadt liegt direkt am Walensee und bietet eine schöne Terrasse. Es ist ein Saisonbetrieb, der bei schönem Wetter täglich ab 9 Uhr geöffnet ist. Besucherinnen und Besucher können sich auf kühle Getränke und Verpflegung im Gartenrestaurant oder als Take-Away freuen.;<p>Ein sch&ouml;nes Strandlokal direkt am Walensee.</p>;9.3028416;47.1259165;Kasernenstrasse 10;8880;Walenstadt;+41 79 447 67 77;m.murphy@bluewin.ch;https://restaurant-neptun.ch/;[{'@type': 'ImageObject', 'contentUrl': 'https://hltpimtsoch.sos-ch-dk-2.exoscale-cdn.com/catalog/0/9/a/5/09a5f53ef1a5d2d7481dcb92c76b57edf307ed00_Neptun_48.jpg'}];2026-08-11T11:30:58+02:00
fe1afd48-77bb-40c9-a9b2-fb075b2af2ea;Enderlinhütte SAC;Die Enderlinhütte SAC in der Bündner Herrschaft bietet 30 Schlafplätze und eine Sonnenterrasse mit Blick auf die Umgebung. Im Sommer können lokale Köstlichkeiten im Restaurant genossen werden. Im Winter ist die Hütte geschlossen.;Die SAC-Blockhütte verfügt über 30 Schlafplätze. Auf der Sonnenterrasse geniesst man den Blick auf die untenliegende Bündner Herrschaft. Einheimische Köstlichkeiten kann man über die Sommermonate im Restaurant geniessen. Im Winter ist die Hütte nicht erreichbar.;9.551482199137931;47.03882085;SAC-Hütte;7304;Maienfeld;+41 79 681 61 29;enderlin@sac-piz-sol.ch;https://www.sac-piz-sol.ch/huetten;[{'@type': 'ImageObject', 'contentUrl': 'https://hltpimtsoch.sos-ch-dk-2.exoscale-cdn.com/catalog/4/8/6/7/4867c9c9d97f24d83182f7703cf334e32d1ef2cb_Enderlinh__tte.jpg'}];2026-09-02T15:42:44+02:00
fe34e6f6-38b3-4b8f-8880-ea618d6c0898;Bistro & Bar Holländer;Das Bistro & Bar Holländer in Landquart bietet italienische und einfache Küche. Gäste können drinnen oder auf der Sonnenterrasse entspannen. Kostenloses WLAN und Parkplätze sind verfügbar. Haustiere sind willkommen.;Bei uns können Sie einen hervorragenden Café geniessen, ausgezeichnet zu Mittag oder Abendessen und am Abend eine schöne Bar-Atmosphäre erleben, mit chilliger Musik. Das Ambiente auf unserer Sonnenterrasse macht Lust auf mehr.;9.5629396;46.9678616;Kantonsstrasse 24;7302;Landquart;+41 81 322 26 79;info@hollaender.ch;http://www.hollaender.ch;[{'@type': 'ImageObject', 'contentUrl': 'https://hltpimtsoch.sos-ch-dk-2.exoscale-cdn.com/catalog/9/d/b/0/9db07af29fb792a186c2077e536264e81f2a647b_1213B70F_A9A6_4474_990B_64780F92AB8E.jpeg'}];2026-05-15T08:34:51+02:00
ff25f490-dad6-4681-b6ab-6453e4f996c1;Cottinelli Weinbau;Cottinelli Weinbau in Malans GR bietet eine einzigartige Eventlocation für Geburtstage, Hochzeiten und Firmenanlässe. Gruppen bis zu 80 Personen können hier feiern. Führungen und Weinverkostungen mit Bündnerweinen sind ab 10 Personen möglich.;Unser Gesellschaftsraum Torkel eignet sich als besonderen Ort für Geburtstage, Hochzeite, Firmenanlässe oder Familienfeiern. Platz finden Gruppen bis zu ca. 80 Personen. Kulinarisch verwöhnt Sie ein Catering nach Ihrer Wahl.

Geführte Betriebsführungen mit anschliessender Degustation verschiedener Bündner Weine sind für Gruppen ab zehn Personen möglich. Während der Weinverkostung werden die edlen Tropfen von frisch aufgeschnittenem Bündner Rohschinken sowie würzigem Bündner Alpkäse und frischem Brot begleitet.;9.563749;46.9701756;Karlihofstrasse 11;7208;Malans GR;+41 81 300 00 30;malans@plozzawinegroup.ch;https://www.plozzawinegroup.ch;[{'@type': 'ImageObject', 'contentUrl': 'https://hltpimtsoch.sos-ch-dk-2.exoscale-cdn.com/catalog/2/5/e/c/25ecf91c28f66a5de23ed4523e9b7da291c6874e_whc_07_diverses_01.jpg'}];2026-05-14T08:18:51+02:00
