{"type": "FeatureCollection", "features": [{"type": "Feature", "properties": {"identifier": "010196e3-3f90-424d-b48b-b41fd0814979", "name": "Panoramarestaurant Maschgenkamm", "description": "Geniessen Sie im h\u00f6chstgelegenen Gastronomiebetrieb am Flumserberg die Panoramaaussicht auf die umliegende Bergwelt. Lassen Sie Ihren Blick auf der einen Seite entspannt \u00fcber die Weite des Spitzmeilen-Gebiets mit dem charakteristischen Wahrzeichen, dem 2501 m hohen Spitzmeilen, schweifen oder werden Sie auf der anderen Seite von der magischen Churfirsten- und Alvierkette mit ihren zackigen Gipfeln hoch \u00fcber dem Walensee verzaubert.\n\nIm hellen Rundbau stehen Ihnen 80 Sitzpl\u00e4tze zur Verf\u00fcgung. Im ger\u00e4umigen Saal k\u00f6nnen 240 G\u00e4ste den Blick auf die Churfirsten geniessen und das gem\u00fctliche St\u00fcbli bietet 48 Pl\u00e4tze mit bester Sicht auf das Spitzmeilengebiet. Auf der riesigen Sonnenterrasse k\u00f6nnen 600 G\u00e4ste gleichzeitig das atemberaubende Panorama bestaunen (200 Sitzpl\u00e4tze). Zudem stehen Liegest\u00fchle zur Verf\u00fcgung.", "url": "https://www.maschgenkamm.ch", "image": "https://hltpimtsoch.sos-ch-dk-2.exoscale-cdn.com/catalog/5/7/b/0/57b02bd6cbf6340bb6d3eced908150bac4967f2c_tkv_bbf_bergsommer_0007_DJI_0530_HDR.jpg", "openstreetmap_id": "node/412783253"}, "geometry": {"type": "Point", "coordinates": ["9.2535677", "47.0696724"]}}, {"type": "Feature", "properties": {"identifier": "018b8384-25a2-43fa-a073-0e3873d4e657", "name": "Caf\u00e9-Conditorei Keller", "description": "Idealer Start f\u00fcr Wanderungen, Velotouren oder Ausfahrten ins herrliche Taminatal.\nUnser gem\u00fctliches Caf\u00e9-Restaurant, die Pf\u00e4ferser\n\"Tube\", l\u00e4dt zum Verweilen f\u00fcr Jung und Alt ein.", "url": "http://www.baeckerei-keller.ch", "image": "https://hltpimtsoch.sos-ch-dk-2.exoscale-cdn.com/catalog/2/e/9/4/2e945d8d984b68cd9bc7b2a06d1ba725b5c2b93a_unnamed.jpg", "openstreetmap_id": "way/335114821"}, "geometry": {"type": "Point", "coordinates": ["9.500615394973318", "46.98879345"]}}, {"type": "Feature", "properties": {"identifier": "018b9171-3e4c-4d74-a5a5-5f286144cf99", "name": "sagibeiz", "description": "Das Restaurant sagibeiz liegt in Murg direkt am Walensee und l\u00e4dt mit der Seeterrasse und der gem\u00fctlichen Beiz inklusive Loungebereich zum Geniessen in einzigartiger Atmosph\u00e4re ein. Im Sommer bietet die sagilounge am See zus\u00e4tzlichen Platz auf einer Holzplattform direkt am Schweizer Fjord, wo Sie auch Wassersportartikel f\u00fcr unvergessliche Stunden auf dem See ausleihen k\u00f6nnen.\n\nDie K\u00fcche \u00fcberrascht mit fantasievoll zubereiteten Gerichten aus lokalen Produkten. \n\nDie Location ist auch ideal f\u00fcr Privat- und Firmenanl\u00e4sse mit bis zu 800 Personen geeignet. Gruppen bis 250 Personen finden in den Eventlokalit\u00e4ten sagist\u00fcbli, sagisteg/seeg\u00fcetli mit dazugeh\u00f6rigem Aussenbereich und holzlager/schienenterrasse eine ideale Location f\u00fcr Hochzeiten, Geburtstage, Firmenfeiern und vieles mehr.\n\nVon der Outdoor-Grillparty im Sommer \u00fcber Spargel- und Marronifeste im Fr\u00fchjahr und Herbst bis hin zu Fondue- und Raclette-Abenden im Winter ist alles m\u00f6glich. Geniessen Sie das spezielle Ambiente im ehemaligen S\u00e4gewerk in Murg direkt am See. \n\nZus\u00e4tzlich bietet das sagiareal einen begehbaren Weinkeller mit einem breiten Angebot von regionalen Rarit\u00e4ten bis hin zu internationalen Spezialit\u00e4ten. \nAuch der sagiladen im Untergeschoss ist als Ihre neue Adresse f\u00fcr Produkte vom und rund um den Walensee allemal einen Besuch wert.", "url": "https://www.sagibeiz.ch/", "image": "https://hltpimtsoch.sos-ch-dk-2.exoscale-cdn.com/catalog/4/9/0/1/49014cc7109be5e153cd4557b5b08c342a0ed03f_sagibeiz_dunkel.jpg", "openstreetmap_id": "node/418190201"}, "geometry": {"type": "Point", "coordinates": ["9.2189915", "47.1131786"]}}, {"type": "Feature", "properties": {"identifier": "04b2e97d-cf11-47ff-aed1-4ca37ea52822", "name": "Parkrestaurant", "description": "Das Parkrestaurant in Bad Ragaz verbindet mediterrane Genussmomente mit traditioneller Schweizer K\u00fcche \u2013 frisch, regional und mit Liebe zubereitet. Direkt neben dem Giessenpark, dem Freibad und dem Campingplatz gelegen, ist es der perfekte Ort f\u00fcr Feinschmecker*innen und Ruhesuchende. ", "url": "https://www.giessenparkbad.ch/restaurant/parkrestaurant", "image": "https://hltpimtsoch.sos-ch-dk-2.exoscale-cdn.com/catalog/7/f/f/b/7ffbd8e41f0ba10d47cb1a33ae8042421a1ed380_CBAR_BatchLogo.png", "openstreetmap_id": "node/10557067451"}, "geometry": {"type": "Point", "coordinates": ["9.511536955833437", "47.00568976127432"]}}, {"type": "Feature", "properties": {"identifier": "05ad1220-4bd3-450f-88e9-1de9a07c6509", "name": "Plozza Wine Group", "description": "Unser einzigartiges Verkaufsargument: Dreifacher Produzent und Weinh\u00e4ndler in einem.\nDurch unsere Erfahrung im Umgang mit der Kelterung von Weinen aus drei unterschiedlichen Regionen, haben wir die Kompetenz und das Know-how, Ihnen ein breites Spektrum an hochwertigen Weinen anbieten zu k\u00f6nnen. Die Visionen, die grundlegende Wertvorstellung und die Ziele sind gruppenweit gemeinsam. Kooperation heisst n\u00e4mlich St\u00e4rken zu kombinieren und Schw\u00e4chen zu kompensieren. Davon profitieren Sie als Kunde.", "url": "https://www.plozzawinegroup.ch/startseite", "image": "https://hltpimtsoch.sos-ch-dk-2.exoscale-cdn.com/catalog/e/8/3/2/e8328535d369b2208fc0e1903df7ec0a537a4b5d_Bild1.jpg", "openstreetmap_id": "node/7531744349"}, "geometry": {"type": "Point", "coordinates": ["9.56564784049988", "46.9697985528364"]}}, {"type": "Feature", "properties": {"identifier": "094cd122-67d0-480a-a4c1-b128347f0fb9", "name": "P\u00f6stli Bar", "description": "Die P\u00f6stlibar ist ein Treffpunkt f\u00fcr alle, die sich nach einem anstrengenden Tag noch etwas Spass und Erholung w\u00fcnschen", "url": "https://www.hotelpost-sargans.ch/bar", "image": "https://hltpimtsoch.sos-ch-dk-2.exoscale-cdn.com/catalog/2/4/a/9/24a93b3e79f90f0314ddb1b3dbb96c8769015ac5_HoP_129_RM28492__3.jpg", "openstreetmap_id": "node/6019161695"}, "geometry": {"type": "Point", "coordinates": ["9.440801756245769", "47.047972009599"]}}, {"type": "Feature", "properties": {"identifier": "09f5acef-4f49-4558-a09e-c16e7400d5c0", "name": "Berghotel Gaffia", "description": "Das fast 100-j\u00e4hrige Steingeb\u00e4ude befindet sich zwischen der Furt und Gaffia, direkt an der Piste. Wer ein traditionelles, urchiges Berghotel sucht, ist hier genau richtig! Der Charme des Hauses l\u00e4sst Nostalgie-Herzen h\u00f6her schlagen und die guten alten Zeiten aufleben.\n\nGem\u00fctliche Zimmer warten darauf, wieder belebt zu werden. Das Berghotel Gaffia bietet neben den Doppelzimmern auch Mehrbettzimmer f\u00fcr kleine Gruppen.\n\nNeben den Massenschl\u00e4gen gibt es 9 Doppelzimmer, ein 4-Bettzimmer, ein 6-Bettzimmer und ein 8-Bettzimmer im Bergh\u00fctten-Charme.", "url": "https://www.gaffia.ch/", "image": "https://hltpimtsoch.sos-ch-dk-2.exoscale-cdn.com/catalog/1/1/9/c/119ce05a2ca8bc3b622704ae1c33823710622b01_Restaurant_Gaffia.jpg", "openstreetmap_id": "node/8329807784"}, "geometry": {"type": "Point", "coordinates": ["9.414126350911218", "46.99478719914008"]}}, {"type": "Feature", "properties": {"identifier": "0acdc45e-a5fe-489a-816b-d8994e714111", "name": "Berghotel Sankt Martin", "description": "Herzlich willkommen in Sankt Martin im Calfeisental, der historischen Walsersiedlung auf 1350 m.\u00fc.M. mit Restaurant- und Hotelbetrieb.\n\nOb zu Zweit, als Familie oder in einer kleinen Gruppe, wir finden bestimmt die passende \u00dcbernachtungsm\u00f6glichkeit f\u00fcr Sie.\nIn Sankt Martin verf\u00fcgen wir \u00fcber 10 Zimmer mit gesamt 26 Betten. Sie haben im Himmelbett oder im Joseph-Martins-H\u00fcttli auch die M\u00f6glichkeit in einmaligen und historischen Zimmern wie anno dazumal zu \u00fcbernachten. \n\nWir freuen uns, Sie in der gem\u00fctlichen Alpwirtschaft Sankt Martin mit dem typischen Charme der Walsersiedlung aus dem 14. Jahrhundert verw\u00f6hnen zu d\u00fcrfen.\nIn einem unvergleichlichen Ambiente mit offenem Kamin servieren wir Ihnen saisonale und regionale Gerichte, gutb\u00fcrgerlich und raffiniert zubereitet. Tags\u00fcber finden Sie Platz auf unserer Terrasse mit Blick auf den Gigerwaldsee.\nGeniessen Sie die einmalige Umgebung bei einem feinen Essen und einer ausgew\u00e4hlten Weinkarte.", "url": "http://sanktmartin.online", "image": "https://hltpimtsoch.sos-ch-dk-2.exoscale-cdn.com/catalog/c/7/d/e/c7de674297d1b7835cb94811f74632fb6badf05d_Aussenansicht_Terrasse.jpg", "openstreetmap_id": "way/320958079"}, "geometry": {"type": "Point", "coordinates": ["9.35763716697693", "46.920687610936"]}}, {"type": "Feature", "properties": {"identifier": "0c5cd3f1-2a04-4f93-9fd7-f537b7d3a435", "name": "Murgseeh\u00fctte", "description": "<div><p>Die Murgseeh&uuml;tte bewahrt ihren urspr&uuml;nglichen, rustikalen Charakter und liegt eingebettet in die eindrucksvolle Bergwelt der Murgseen. Als beliebtes Ausflugsziel f&uuml;r Tagesg&auml;ste, Wandernde und Naturfreunde bietet sie eine authentische H&uuml;ttenatmosph&auml;re inmitten einer einzigartigen Alpenlandschaft.</p><p>Wer die Bergwelt l&auml;nger geniessen m&ouml;chte, kann direkt in der H&uuml;tte &uuml;bernachten und die Ruhe fernab des Alltags erleben. Der einfachste Zustieg f&uuml;hrt ab dem Parkplatz Mornen zur H&uuml;tte und ist auch bei wechselhaften Wetterbedingungen gut machbar.</p><p>Besonders gesch&auml;tzt wird die Murgseeh&uuml;tte von Sportfischerinnen und Sportfischern. Die Fischerei in den oberen und mittleren Murgseen ist w&auml;hrend der &Ouml;ffnungszeiten der H&uuml;tte bis Ende September m&ouml;glich. Fischerpatente k&ouml;nnen direkt vor Ort erworben werden, wodurch sich die H&uuml;tte als idealer Ausgangspunkt f&uuml;r ein naturnahes Angelerlebnis an den glasklaren Bergseen eignet.</p><p>Die Kombination aus &Uuml;bernachtungsm&ouml;glichkeit, Bergseefischerei und abwechslungsreichen Wanderungen macht die Murgseeh&uuml;tte zu einem besonderen Ausflugs- und &Uuml;bernachtungsziel im Heidiland.</p></div>", "url": "http://www.murgsee.ch", "image": "https://hltpimtsoch.sos-ch-dk-2.exoscale-cdn.com/catalog/6/a/3/5/6a35a61e0d3367a828191daa3ddcd865cae13f6c_Fotoshooting_Murgsee_Herbst_2018__3_.jpg", "openstreetmap_id": "way/193448485"}, "geometry": {"type": "Point", "coordinates": ["9.157645002118251", "47.0390023"]}}, {"type": "Feature", "properties": {"identifier": "0d1aacaa-5ce8-4170-86c7-88f5956734b1", "name": "Berggasthaus \u00dcberuf Kunkelspass", "description": "Auf einer wundersch\u00f6nen Hochebene auf dem historischen Kunkelspass.\nBerggasthaus neben Kuhalp mit M\u00f6glichkeit, beim Melken zuzuschauen. Sonnige, gem\u00fctliche Terrasse und urchige Gaststube. Einfache  Gerichte tags\u00fcber, abends auch speziellere Men\u00fc.\n\nUnser Berggasthaus verf\u00fcgt \u00fcber diverse Betten im Touristenlager (20 Pl\u00e4tze) sowie \u00fcber zwei Doppelzimmer und ein Familienzimmer mit 4 Betten.\nSchauraum der Tektonik Sardona Arena. Auch als Konferenz- oder Sitzungszimmer nutzbar.\n\nIdeale, rund 50 km lange, Biketour ab Chur. Wanderwege abseits der Strasse.\nMit dem Auto / Motorrad \u00fcber Tamins oder Bad Ragaz/V\u00e4ttis.  Fahrverbot. Bewilligungen auf der Gemeinde Tamins erh\u00e4ltlich. Bitte telefonieren, wird helfen Ihnen bei der Bewilligung", "url": "http://www.kunkelspass.ch", "image": "https://hltpimtsoch.sos-ch-dk-2.exoscale-cdn.com/catalog/e/c/9/1/ec91187477365440156314866cd4f72100ab3c84_Bild1.jpg", "openstreetmap_id": "way/322241112"}, "geometry": {"type": "Point", "coordinates": ["9.411492588112162", "46.856023500000006"]}}, {"type": "Feature", "properties": {"identifier": "1224e8e6-33ff-4ce7-98fe-c40df4a73908", "name": "Alprestaurant Siez", "description": "Hier im Weisstannental erleben Sie den Alpsommer von seiner sch\u00f6nsten Seite. Auf der asphaltierten Fahrstrasse kommen Sie mit dem Car, dem Auto, dem Motorrad oder dem Bike bis zum Parkplatz vor dem Restaurant und vor der Sennerei \u2013 ein ideales Ausflugsziel f\u00fcr Gruppen und f\u00fcr lndividualisten. Entlang der Seez k\u00f6nnen Sie auf gut ausgebauten Wanderwegen von Weisstannen bis zum Vorsiez wandern. An Sonn- und Feiertagen k\u00f6nnen Sie mit der Buslinie 432 vom Bahnhof Sargans bis zum Vorsiez fahren. Grosser Kinderspielplatz.\n\nIm Vorsiez stehen auf Verlangen f\u00fcr E-Bikes Ladeger\u00e4te zur Verf\u00fcgung.\n\nJeden Sonntag im Juli und August feiner Siezer Zmorg\u00e4-Brunch mit frischen, auf der Alp hergestellten Produkten.\n\nDas Alprestaurant Siez liegt direkt an der Via Alpina und bietet \u00dcbernachtungsm\u00f6glichkeiten (zwei Drei-Bett-Zimmer sowie 35 Pl\u00e4tze im Massenlager). Die Schlafpl\u00e4tze im Massenlager sind mit Wolldecken und Kissen ausger\u00fcstet, den Schlafsack bringen Sie selber mit. Etagendusche/WC.\n\nOb f\u00fcr ein paar Stunden, einen Tag oder mit \u00dcbernachtung \u2013 auf der Alp Siez k\u00f6nnen Sie den Alltag vergessen und das Alpleben geniessen.\n\nGe\u00f6ffnet von Mitte Mai bis Mitte Oktober.", "url": "http://www.alpsiez.ch", "image": "https://hltpimtsoch.sos-ch-dk-2.exoscale-cdn.com/catalog/1/1/9/6/119611e65d5c56f7515451ffd89dc6278fb75f6a_20170910_112725.jpg", "openstreetmap_id": "way/617553421"}, "geometry": {"type": "Point", "coordinates": ["9.302415847778322", "46.97729108770787"]}}, {"type": "Feature", "properties": {"identifier": "13a3a9db-a113-40b3-a86e-1595f6c68b90", "name": "Ch\u00e4s-St\u00fcbli by Cristal", "description": "Der K\u00e4se wird ausschliesslich \u00fcber lokale Produzenten bezogen. Mit unseren selbst kreierten und hausgemachten Beilagen wird Ihr Besuch bei uns zu einem Genusserlebnis f\u00fcr alle K\u00e4seliebhaber.\n\nDie K\u00e4sespezialit\u00e4ten lassen sich hervorragend mit einem Wein von unserer sehr gut sortierten Weinkarte begleiten. Wir haben f\u00fcr Sie verschiedene Positionen zusammengestellt, mit dem Hauptaugenmerk auf Schweizer Winzer. Die Auswahl begrenzt sich bewusst nur auf europ\u00e4ische Produzenten.", "url": "https://cristal-flumserberg.ch/de/", "image": "https://hltpimtsoch.sos-ch-dk-2.exoscale-cdn.com/catalog/5/c/d/9/5cd9cf9b9b344a9c5581b3977097a2331c4d2094_1_Ch__s_St__bli_Restaurant.jpg", "openstreetmap_id": "node/194649363"}, "geometry": {"type": "Point", "coordinates": ["9.282386599999999", "47.0931453"]}}, {"type": "Feature", "properties": {"identifier": "13ec0825-c17c-45b6-91f0-62c28e5f8f3f", "name": "Berggasthaus L\u00fcsis", "description": "Das Berggasthaus L\u00fcsis liegt auf 1300 m.\u00fc.M. ob Walenstadt inmitten des Wandergebietes der Churfirsten. Herrliche Aussicht auf das Heidiland und den Walensee.\n\nAbholdienst ab Walenstadt.", "url": "https://berggasthaus-luesis.ch/", "image": "https://hltpimtsoch.sos-ch-dk-2.exoscale-cdn.com/catalog/f/d/f/5/fdf51307929a589aadaf1f40646e690340cce2da_20180905_151537.jpg", "openstreetmap_id": "way/203882856"}, "geometry": {"type": "Point", "coordinates": ["9.330149080604796", "47.13518475"]}}, {"type": "Feature", "properties": {"identifier": "163aa76f-8ab2-4fe4-9503-482210fcc9ce", "name": "Restaurant Trocadero", "description": "Wie bei Mama\u2026 nur besser!\nSeit 20 Jahren pflegen wir die authentische italienische Tischkultur in Bad Ragaz. \n\nBei uns wird sinnesfreudig und mit dem Herzen gekocht \u2013 italienisch, saisonal und temperamentvoll. Klassiker, wie hausgemachte Pastagerichte oder \u00abSpiedino di Manzo\u00bb - ein saftig gebratener Rindfleisch-Spiess - sowie mit viel Hingabe zubereitete Pizzas aus dem Holzofen sind wahre Gaumenfreuden all\u2019italiana. \n\nEin ambitioniertes Team freut sich, Sie nach den unaufl\u00f6slichen Regeln der guten K\u00fcche und echter Gastfreundschaft zu verw\u00f6hnen, damit Sie das Trocadero in tiefer Zufriedenheit verlassen. ", "url": "https://www.trocadero-ragaz.ch/", "image": "https://hltpimtsoch.sos-ch-dk-2.exoscale-cdn.com/catalog/5/a/7/b/5a7be8f9dc3343f86fdc3a1e895d14e4adb77b1c_csm_restaurant_pizzeria_trocadero_bad_ragaz_restaurant_2_a7f626f487.jpg", "openstreetmap_id": "relation/1683862"}, "geometry": {"type": "Point", "coordinates": ["9.496881380477504", "47.00825409403388"]}}, {"type": "Feature", "properties": {"identifier": "1872b621-ac9a-459f-b815-4f31b86f6a06", "name": "Alp Findels", "description": "Nach der kurzen Bahnfahrt und einer bequemen halbst\u00fcndigen Wanderung geniessen Sie eine \u00c4lplerk\u00e4sschnitte oder ein feines z`Vieripl\u00e4ttli mit regionalen sowie auf der Alp produzierten K\u00f6stlichkeiten. F\u00fcr die kleinen G\u00e4ste steht ein Kinderspielplatz gleich neben der Gartenbeiz.", "url": "https://www.alpfindels.ch/", "image": "https://hltpimtsoch.sos-ch-dk-2.exoscale-cdn.com/catalog/2/a/0/7/2a07153f0885d30cb30ad30ceca9fc7d2f47a5ca_IMG_2330.JPG", "openstreetmap_id": "node/11931030132"}, "geometry": {"type": "Point", "coordinates": ["9.4613904", "46.9403613"]}}, {"type": "Feature", "properties": {"identifier": "18ee90a8-032e-4db9-ba45-be49cad84540", "name": "rivellaHome", "description": "Das rivellaHome ist ein gem\u00fctliches Fondue- & Raclette-Chalet, welches feinsten K\u00e4se-Spezialit\u00e4ten anbietet.  \nVom 26.12.2025 bis 06.03.2026 findet jeweils freitags und zus\u00e4tzlich am Samstag, 27.12.2025 das Nachtskifahren in der Flumserberg Galaxie statt. Der ideale Zeitpunkt sich davor im rivellaHome zu st\u00e4rken oder sich bevor dem nach Hause gehen mit einem heissen Getr\u00e4nk aufzuw\u00e4rmen.", "url": "https://www.flumserberg.ch/rivellahome", "image": "https://hltpimtsoch.sos-ch-dk-2.exoscale-cdn.com/catalog/4/b/4/2/4b4287286b94ea552fa44b4171b16f2d946bd961_tkv_bbf_nachtski_0020__52_5141_Enhanced_NR.jpg", "openstreetmap_id": "node/244067701"}, "geometry": {"type": "Point", "coordinates": ["9.2807483", "47.0919796"]}}, {"type": "Feature", "properties": {"identifier": "1a82a38d-4052-4df2-b502-e63d0d9d4445", "name": "Restaurant M\u00e4tz Dine", "description": "Geniessen Sie inmitten herrlicher Bergkulisse mit Sicht auf das Sarganserland ein hochwertiges Gastronomieangebot.\n\nDas M\u00e4tz Dine besticht durch seine Einzigartigkeit, Authentizit\u00e4t und Vielseitigkeit. Die heimelige Atmosph\u00e4re bietet zusammen mit unseren Leckereien ein Erlebnis f\u00fcr alle Sinne.\n\nWir kochen auf internationalem Top-Niveau mit regionalen Produkten. Unsere K\u00fcche verbindet Altbew\u00e4hrtes mit modernen Einfl\u00fcssen aus der franz\u00f6sischen K\u00fcche. Ob f\u00fcr eine ausgiebige Tavolata, ein feines Fisch-Gericht oder f\u00fcr ein Feierabend-Bier, das m\u00e4tz dine bietet f\u00fcr jeden etwas. Auch unsere Weinkarte l\u00e4sst keine W\u00fcnsche offen.\n\nDas M\u00e4tz Dine in Flumserberg Tannenheim steht f\u00fcr hochwertige, ehrliche K\u00fcche mit regionalen und saisonalen Produkten. K\u00fcchenchef und Gastgeber Michael Bless verbindet traditionelle Gerichte mit modernen, franz\u00f6sisch und international inspirierten Einfl\u00fcssen. Ideal zum genussvollen Einkehren nach dem Skifahren oder Wandern am Flumserberg. Dazu erwarten Sie eine ausgezeichnete Weinauswahl, eine gem\u00fctliche Atmosph\u00e4re und eine Sonnenterrasse mit Aussicht ins Sarganserland.", "url": "https://www.maetz.ch/", "image": "https://hltpimtsoch.sos-ch-dk-2.exoscale-cdn.com/catalog/0/9/8/8/0988d6ac8c804ae633a3329154ac69314764f3d1_M__tz_Dine__min.jpg", "openstreetmap_id": "way/321791780"}, "geometry": {"type": "Point", "coordinates": ["9.304406046867372", "47.09065912784304"]}}, {"type": "Feature", "properties": {"identifier": "1aa06852-b3ec-49b5-b341-d11b7c75b389", "name": "Weingut Familie Hansruedi Adank", "description": "Reben und Wein sind unsere Leidenschaft, unsere Motivation. Wir lieben das Handwerk, die vielf\u00e4ltigen Arbeiten im Laufe der Jahreszeiten. Im Winter, wenn wir unter dem klaren Himmel der B\u00fcndner Herrschaft mit dem Rebschnitt das Fundament f\u00fcr den kommenden Jahrgang legen. Im Sommer, wenn morgens bei der Laubarbeit die Tautropfen auf den Rebbl\u00e4ttern glitzern. Und ganz besonders im Herbst: dann lesen wir mit dem Ernteteam die Trauben \u2013 bei uns heisst das \u00fcbrigens \u00abwimmle\u00bb \u2013 und anschliessend beginnt die Arbeit im Keller. \n\nErfahrung und Handwerk sind abgestimmt auf das Fl\u00e4scher Terroir. Reich an Kalk und je nach Lage mit Ton und Lehm angereichert, pr\u00e4gen diese durchl\u00e4ssigen, warmen Schiefer-B\u00f6den unsere Weine. Doch erst das Mikroklima macht das Fl\u00e4scher Terroir perfekt: Im Herbst ist der Himmel \u00fcber der B\u00fcndner Herrschaft meist tiefblau und die Luft f\u00fchlt sich an wie Seide. Dann streicht der F\u00f6hn durch die Regionen des Alpenrheins. Er trocknet den Tau von den Trauben und seine W\u00e4rme verpasst der Beerenreife den letzten Schliff. So heiss es tags\u00fcber auch werden kann. Gegen Abend streichen k\u00fchle Fallwinde vom Fl\u00e4scher Berg her durch die Reben und sorgen f\u00fcr eine balancierte S\u00e4ure.\n\nAdank Weine ist ein Familienweingut und es versteht sich von selbst, dass wir alle Aufgaben gemeinsam bew\u00e4ltigen. In der Gr\u00f6sse unseres kleinen Teams liegt unsere Kraft. Gegenseitige Wertsch\u00e4tzung und ein offenes Ohr f\u00fcr die Ideen und Vorstellungen in unseren K\u00f6pfen bringen unsere Weine voran. Ehrliches Handwerk, Nachhaltigkeit und Zeit bilden die Grundpfeiler unserer Philosophie. Zeit, die wir uns nehmen, um die richtigen Entscheidungen zu treffen und Zeit, die wir den Weinen lassen, um zu ihrer Vollendung zu gelangen. Handwerk, das auf den Erfahrungen baut, die wir uns Tag f\u00fcr Tag im Keller und in den Rebbergen aneignen. Nachhaltigkeit, die wir leben: Unsere B\u00f6den sollen so vielf\u00e4ltig und so biodivers wie nur m\u00f6glich an die n\u00e4chste Generation weitergegeben werden.", "url": "http://www.adank-weine.ch", "image": "https://hltpimtsoch.sos-ch-dk-2.exoscale-cdn.com/catalog/7/3/2/3/7323b4249a8298a5399e7bdbd73c131eba3d7553_Hansruedi_und_Rezia_Adank.jpg", "openstreetmap_id": "node/4818286199"}, "geometry": {"type": "Point", "coordinates": ["9.5139953", "47.0265408"]}}, {"type": "Feature", "properties": {"identifier": "1aa219d9-40f8-4ef3-b3f3-0e4ae7bfe449", "name": "Alp Tschingla", "description": "<p>In unserer H&uuml;ttenk&uuml;che bereiten wir einfache und urchige Menus zu. Es gibt verschiedenes vom Grill, Salate, Aelplermaccaronen, Tomatenspaghetti oder einfach nur was kleines: K&auml;se, Salsiz, Speck und Brot. Zum &Uuml;bernachten stehen 4 Doppelzimmer und ein Massenlager f&uuml;r 20 Personen zur Verf&uuml;gung. Zur Entspannung nach einer sch&ouml;nen Wanderung, heizen wir gerne auf Voranmeldung den Hotpot ein.</p>", "url": "http://www.tschingla.ch", "image": "https://hltpimtsoch.sos-ch-dk-2.exoscale-cdn.com/catalog/4/e/a/8/4ea8c844227848b29617c666f91fc2524b653336_H__ttentouren_Tschingla_Walenstadtberg__3_.jpg", "openstreetmap_id": "node/4915474980"}, "geometry": {"type": "Point", "coordinates": ["9.2948089", "47.1483796"]}}, {"type": "Feature", "properties": {"identifier": "1b96af68-9e4e-4a64-85c2-72220d132dd9", "name": "Restaurant Sch\u00fctzengarten", "description": "B\u00fcrgerliche K\u00fcche mit verschiedenen Mittagsmen\u00fc und Empfehlungen\nGediegenes Abendessen im Wintergarten \nMetzget\u00e4, Wildspezialit\u00e4ten, Spargeln, Cordon- Bleufestival\nimmer etwas Neues", "url": "http://www.schuetzen-garten.ch/", "image": "https://hltpimtsoch.sos-ch-dk-2.exoscale-cdn.com/catalog/d/4/d/8/d4d80bb41e2491b91d1cd8775c5b0a6faeee3c50_schuetzengartenfotos90kleiner.jpg", "openstreetmap_id": "relation/1683880"}, "geometry": {"type": "Point", "coordinates": ["9.34622240368007", "47.09429526703"]}}, {"type": "Feature", "properties": {"identifier": "1d9555f9-0984-466d-8b59-a4a0339460be", "name": "Alte Alp Gaffia", "description": "Das Team begr\u00fcsst Sie t\u00e4glich als Gast auf der Sonnenterasse und in der rustikalen Gaststube. Zur Alte Alp Gaffia auf 1861 m \u00fc. M. gelangen Sie bequem mit der Sesselbahn von der Furt. Geniessen Sie regionale Speisen, feine hausgemachte Kuchen und Desserts. Des Weiteren bieten wir erfrischende Getr\u00e4nke und Spezialit\u00e4ten an.", "url": "https://www.altealpgaffia.ch/", "image": "https://hltpimtsoch.sos-ch-dk-2.exoscale-cdn.com/catalog/6/3/1/a/631ae81b60f7f4cfbab22f096a0256b1afffd709_Alp_Gaffia.jpg", "openstreetmap_id": "node/8329807784"}, "geometry": {"type": "Point", "coordinates": ["9.411474466323854", "46.99004531027749"]}}, {"type": "Feature", "properties": {"identifier": "1f1e292e-a0e7-4568-ae62-628c4e6b3d43", "name": "From Heaven", "description": "From Heaven \u2013 Tapas, Wein & Kultur im historischen Bristol direkt am Bahnhof Bad Ragaz.\nMediterrane Tapas, regionale Produkte, eine vielseitige Weinkarte sowie Kunst-, Musik- und Gespr\u00e4chsformate schaffen ein lebendiges Ambiente. Zwei R\u00e4ume, eine grosse Bar und eine sonnige Terrasse laden ein zu Fr\u00fchst\u00fcck, Mittag, Afterwork oder einem entspannten Abend. Die Lage am Bahnhof macht das From Heaven zum idealen Treffpunkt f\u00fcr Einheimische, Reisende und Gruppen.", "url": "https://www.fromheaven.ch", "image": "https://hltpimtsoch.sos-ch-dk-2.exoscale-cdn.com/catalog/c/e/0/e/ce0ea087d4445d6918fedf266fa1c1cf0e19db18_DSC_0338.jpg", "openstreetmap_id": "node/8866407576"}, "geometry": {"type": "Point", "coordinates": ["9.5054804", "47.0093991"]}}, {"type": "Feature", "properties": {"identifier": "201f6e20-1f5e-44d7-99ee-f83632da2dba", "name": "Berggasthaus Prodkamm", "description": "Das Berggasthaus Prodkamm am Flumserberg ist ein Ort, an dem Sie sich kulinarisch verw\u00f6hnen lassen k\u00f6nnen. Mit seinen authentischen, monatlich wechselnden Pasta- und Salatangeboten sowie der Speisekarte mit regionalen und traditionellen Gerichten bietet das Restaurant eine vielf\u00e4ltige Auswahl an K\u00f6stlichkeiten. Das Restaurant verf\u00fcgt zudem \u00fcber eine grosse Sonnenterrasse, auf der Sie Ihre Mahlzeiten im Freien einnehmen und dabei die atemberaubende Aussicht auf die umliegende Berglandschaft geniessen.\nDas Berggasthaus Prodkamm l\u00e4dt Sie ein, die authentische K\u00fcche und die entspannte Atmosph\u00e4re zu geniessen. Ob Sie nach einem Skitag eine St\u00e4rkung suchen oder einfach nur die Sonne auf der Terrasse geniessen m\u00f6chten, hier werden Sie mit herzlicher Gastfreundschaft empfangen. Besuchen Sie das Berggasthaus Prodkamm und lassen Sie sich von den k\u00f6stlichen Gerichten und der einzigartigen Lage begeistern.", "url": "http://www.prodkamm.ch", "image": "https://hltpimtsoch.sos-ch-dk-2.exoscale-cdn.com/catalog/f/1/4/e/f14efd48b613ca33bd7480c50eff62a6a6965606_tkv_bbf_wander__0269DJI_0599_HDR.jpg", "openstreetmap_id": "way/595895128"}, "geometry": {"type": "Point", "coordinates": ["9.26801383495331", "47.07360037575466"]}}, {"type": "Feature", "properties": {"identifier": "20e9ad99-326a-4c9b-876d-8a8b12d5db96", "name": "Berggasthaus Pardiel  ", "description": "Das Berghaus ist somit der ideale Ausgangspunkt f\u00fcr Ihre Ski- oder Wanderferien. Das Skigebiet Pizol, mit seinen 50 Pistenkilometern, bietet f\u00fcr alle etwas. Der Skischul-Sammelplatz und der Skiverleih befindet sich in unmittelbarer N\u00e4he. Als Ausgangspunkt f\u00fcr Wanderungen in einer einmaligen Bergwelt ist das Berghaus Pardiel Ihr Gruppenhaus. Ob auf einem Themenweg oder individuell auf dem Wanderweg ist alles direkt von unserm Haus machbar.\n\nVerpflegung\nUnsere grossz\u00fcgige K\u00fcche eignet sich perfekt f\u00fcr Selbstversorger. \n\nZimmer Allgemein\nUnsere Zimmer sind im rustikalen Stil eingerichtet. Das Berggasthaus verf\u00fcgt \u00fcber 11 Zimmer.\nEs stehen folgende Zimmerkategorien zur Verf\u00fcgung:\n\n6x Doppelzimmer\n2x Vierbettzimmer\n1x 5er-Massenlager\n2x 14er-Massenlager", "url": "https://pizol.com/gastrobetriebe/gruppenhaus-pardiel/", "image": "https://hltpimtsoch.sos-ch-dk-2.exoscale-cdn.com/catalog/3/d/6/8/3d6889cc90fda6d4285335e5438364193cb83c69_Berggasthaus_Pardiel.jpg", "openstreetmap_id": "way/45782460"}, "geometry": {"type": "Point", "coordinates": ["9.462869032451824", "46.9897201"]}}, {"type": "Feature", "properties": {"identifier": "25f39777-0e9a-4bfc-979a-d1563b9149b1", "name": "Weingut Heidelberg, Maienfeld", "description": "Weingut mit 5 ha Rebland. Eigenkelterung in modernem Weinkeller und traditionellem Holzfasskeller.\nWeingutsbesichtigung mit Weindegustation und Imbiss im rustikalen Weinst\u00fcbli oder in der mit Reben bewachsenen Pergola mitten im Weinberg.\n\nEinfache K\u00fcche, Catering m\u00f6glich.", "url": "http://www.lampert-weinbau.ch", "image": "https://hltpimtsoch.sos-ch-dk-2.exoscale-cdn.com/catalog/b/c/3/5/bc35deb6b441040ee1ec078d9ff3f49a52cdd01c_2018_11_14.jpg", "openstreetmap_id": "way/409114948"}, "geometry": {"type": "Point", "coordinates": ["9.53107530744586", "47.010756400000005"]}}, {"type": "Feature", "properties": {"identifier": "28229e32-7d34-4c2c-9d1e-04fca65f7279", "name": "Teehaus LIU", "description": "Um t\u00e4glich eine perfekte Tasse Tee geniessen zu k\u00f6nnen, ist f\u00fcr uns ausschlaggebend, den Ursprung und den Entstehungsprozess des Tees zu kennen.\n\nVom traditionellen Anbau, \u00fcbers sorgf\u00e4ltige Pfl\u00fccken, hochwertige Verarbeiten bis hin zur passenden Verpackung und anschliessenden Versand gilt f\u00fcr uns nur die h\u00f6chste Qualit\u00e4t.\n\nWir vertrauen den Teebauern und unterst\u00fctzen sie partnerschaftlich. Unser gemeinsames Streben ist, dass Tee nicht nur durch den Wert der Teebl\u00e4tter selbst, sondern auch durch die Hingabe und das Engagement der Menschen, die diesen Prozess begleiten, dem Tee eine spirituelle Erfahrung und nachhaltig positive Bedeutung mitgeben.\n\nJeder Teegarten und jeder Mensch, der mit Tee in Ber\u00fchrung kommt, verdient es, gesch\u00e4tzt zu werden.\n\nWas wir weitergeben, ist die Legende des Tees, das Geschenk der Natur, aber auch die Teekultur und die Wahrheit, G\u00fcte und Sch\u00f6nheit der Menschen.\n\nUnsere Tees stammen von kleinen, lokal t\u00e4tigen Herstellern und werden gr\u00f6sstenteils von Hand hergestellt. Dazu z\u00e4hlen beispielsweise die Teeh\u00e4ndler von F\u0113ngf\u00f9 (\u8c50\u5085) oder die Teeg\u00e4rten von Wuyishan, die zu unseren zuverl\u00e4ssigen Partnern geh\u00f6ren.", "url": "https://teehausliu.com/", "image": "https://hltpimtsoch.sos-ch-dk-2.exoscale-cdn.com/catalog/1/6/0/a/160ae215d2f0e3869e12ebce2d1425b5278931af_Teehaus_Liu.jpg", "openstreetmap_id": "node/3046406902"}, "geometry": {"type": "Point", "coordinates": ["9.502216", "47.0029044"]}}, {"type": "Feature", "properties": {"identifier": "296ef3a0-8118-420f-8759-4c3faef3bacb", "name": "Restaurant Tertianum Blumenaupark", "description": "In unserem \u00f6ffentlichen Restaurant werden Sie von unserem K\u00fcchenteam mit liebevoll angerichteten Speisen und Dessertkreationen verw\u00f6hnt. Neben verschiedenen Kaffeevarianten erhalten Sie bei uns auch erfrischende Getr\u00e4nke oder einen kleinen Snack f\u00fcr zwischendurch. Auch Angeh\u00f6rige und Freunde unserer G\u00e4ste sind herzlich willkommen.", "url": "https://www.tertianum.ch/wohn-pflegezentrum/tertianum-blumenaupark#gastronomie", "image": "https://hltpimtsoch.sos-ch-dk-2.exoscale-cdn.com/catalog/6/c/1/a/6c1af96ee705b4e334d478e0d26b0f6bf499faca_Titelbild_Blumenaupark.jpg", "openstreetmap_id": "way/850097884"}, "geometry": {"type": "Point", "coordinates": ["9.253684737470934", "47.11229805"]}}, {"type": "Feature", "properties": {"identifier": "2a731480-73b8-4ed7-8d95-ec6e9fbfaa84", "name": "Restaurant Schloss Sargans", "description": "HERZLICH WILLKOMMEN IM SCHLOSS SARGANS!\nWir heissen Sie herzlich willkommen und freuen uns darauf, in unserem Restaurant begr\u00fcssen zu d\u00fcrfen.\n\nUnser Restaurant, eingebettet in die historischen Gem\u00e4uer des Schlosses Sargans, l\u00e4dt Sie zu einem unvergesslichen kulinarischen Erlebnis ein. Entdecken Sie die Vielfalt regionaler K\u00f6stlichkeiten, die mit Liebe zum Detail zubereitet werden und unsere Verbundenheit zur Umgebung widerspiegeln. Erleben Sie bei uns nicht nur exzellente Speisen, sondern auch eine Atmosph\u00e4re, die den Charme der Region ausdr\u00fcckt\u2013 regional, herzlich, einladend.", "url": "https://www.schloss-sargans.com/", "image": "https://hltpimtsoch.sos-ch-dk-2.exoscale-cdn.com/catalog/9/8/2/a/982a8b69e6ffb6b870613cd90a154b92a2a3a8cb_Schloss_Sargans_03_1024x658.jpg", "openstreetmap_id": "way/125079000"}, "geometry": {"type": "Point", "coordinates": ["9.437401316477047", "47.05020255964923"]}}, {"type": "Feature", "properties": {"identifier": "2c4e38f7-8d1f-45b9-a701-78637e23a43f", "name": "Lattmann's Bar & Lounge GmbH", "description": "Willkommen in der Lattmann\u2019s Bar & Lounge \u2013 dein Treffpunkt f\u00fcr feine Drinks, gute Gespr\u00e4che und besondere Abende. \n\nBei uns gibt\u2019s alles zum Anstossen: von Bier \u00fcber Wein bis hin zu guten Drinks. Dazu eine Zigarre oder etwas Feines aus der K\u00fcche. Einfach das, worauf du gerade Lust hast.\n\nHier sollst du dich wohlf\u00fchlen und den Abend so geniessen, wie er f\u00fcr dich passt. Mit Freunden oder einfach f\u00fcr dich selbst. Zus\u00e4tzlich veranstalten wir regelm\u00e4ssig Live-Musik und abwechslungsreiche Events.\n\nSchau bei uns rein \u2013 wir freuen uns auf dich!", "url": "https://www.lattmanns.ch/", "image": "https://hltpimtsoch.sos-ch-dk-2.exoscale-cdn.com/catalog/5/e/f/c/5efc5c74bd2996c59386680a0fb98dd17f2d097a_IMG_2638__2.jpeg", "openstreetmap_id": "way/430649034"}, "geometry": {"type": "Point", "coordinates": ["9.5004767", "47.0022523"]}}, {"type": "Feature", "properties": {"identifier": "2c98d299-11e7-4aa2-a29c-33ed634a72b6", "name": "Restaurant Grotto Fl\u00e4scher Bad", "description": "Das Grotto Fl\u00e4scher Bad ist einfach ein M\u00fc anders. \nHier steht alles unter dem Motto \u00abbewusst geniessen\u00bb: Beim respektvollen Umgang mit der Natur und unseren Ressourcen oder bei der Wertsch\u00e4tzung und Entl\u00f6hnung unserer Mitarbeitenden und Partner - wir m\u00f6gen es lokal, sorgf\u00e4ltig und nachhaltig. \nWir m\u00f6chten Deine Gedanken und Deinen Gaumen in die Ferien schicken, denn eins wissen wir: Genuss ist verg\u00e4nglich, nicht aber die Erinnerung daran. Deshalb m\u00f6chten wir die Freude daran unbedingt mit dir teilen. \n\nWir w\u00fcnschen Dir ganz viele bleibende Eindr\u00fccke und einen Moment \u00abzum Abschalte\u00bb bei uns.", "url": "http://www.das-grotto.ch", "image": "https://hltpimtsoch.sos-ch-dk-2.exoscale-cdn.com/catalog/1/3/d/1/13d19cd54757b2d5a4f80ea8b1c21ad25a4798a5_Sonnenuntergang.png", "openstreetmap_id": "way/1292843548"}, "geometry": {"type": "Point", "coordinates": ["9.4946418", "47.0365098"]}}, {"type": "Feature", "properties": {"identifier": "2d522e24-9b6d-4278-bf2e-d9a8a7eddff7", "name": "Wein Bar & Caf\u00e9 Sternen", "description": "Gem\u00fctliches Verweilen im Caf\u00e9, ein Glas Wein an lauen Abenden, auf dem Weg nach Hause auf dem Platz Leute treffen und doch noch ein bisschen l\u00e4nger bleiben, ein Konzert oder eine Lesung bei uns besuchen... Wir freuen uns auf Ihren Besuch!", "url": "https://www.sternen.cafe/", "image": "https://hltpimtsoch.sos-ch-dk-2.exoscale-cdn.com/catalog/0/3/c/9/03c9fbb9ad6a1d46f75c1334bfe6f28668895f20_IMG_6500.jpeg", "openstreetmap_id": "way/807732914"}, "geometry": {"type": "Point", "coordinates": ["9.5761389", "46.9820344"]}}, {"type": "Feature", "properties": {"identifier": "2e167736-dc78-4262-878d-80929bc94753", "name": "Restaurant Schiffl\u00e4nde", "description": "&quot;Willkommen im Restaurant Schiffl\u00e4nde Quinten. Genie\u00dfen Sie unsere exzellente K\u00fcche, w\u00e4hrend Sie sich von der sanften Brise des Sees verw\u00f6hnen lassen. Tauchen Sie ein in eine Welt voller Gaumenfreuden und lassen Sie sich von unserer erstklassigen K\u00fcche und dem einzigartigen Ambiente verzaubern. Erleben Sie unvergessliche Momente, und bewundern Sie die malerische Landschaft des Sees.", "url": "https://www.schifflaende.eu/", "image": "https://hltpimtsoch.sos-ch-dk-2.exoscale-cdn.com/catalog/8/6/a/a/86aa7c0cfcd6aa785483d6474a8a5260e1036eb5_IMG_0038__2.jpg", "openstreetmap_id": "node/240078789"}, "geometry": {"type": "Point", "coordinates": ["9.215732216835024", "47.128984199829"]}}, {"type": "Feature", "properties": {"identifier": "30b9c5d2-3d69-4228-ae16-2c8d3dd3dbbf", "name": "Memories", "description": "3 Michelin-Sterne &amp; 1 Gr\u00fcner Michelin-Stern | 18 Gault-Millau-Punkte\nProduktebewusstsein, Innovation und Saisonalit\u00e4t sind in Sven Wassmers Philosophie tief verankert. Im Memories, seinem Signature-Restaurant, setzt er dies konsequent um \u2013 klar und reduziert interpretiert er die Schweizer Alpine K\u00fcche zu einem authentischen und naturverbundenen Gesamterlebnis.\nSeine Kreationen richten sich nach den Jahreszeiten und wandeln sich mit ihrem Verlauf. Hier geniessen Sie anstatt eines \u00e0 la Carte Men\u00fcs, ein Surprise Degustationserlebnis mit mehreren Geschmackserinnerungen. Das Memories ist ein Wohlf\u00fchlort, der zur\u00fcckkehrt zum Ursprung der Gastlichkeit. Ein bewusster Ruhepol, der kompromisslose Qualit\u00e4t, Stil und Natur vereint.", "url": "http://www.memories.ch", "image": "https://hltpimtsoch.sos-ch-dk-2.exoscale-cdn.com/catalog/f/a/d/b/fadbe99f94c988de4f3a92e49c14d47601da0d9a_GRBR_Kulinarik_Memories_Restaurant_Essbereich_V2.jpg", "openstreetmap_id": "node/7770673149"}, "geometry": {"type": "Point", "coordinates": ["9.5039179", "47.000046"]}}, {"type": "Feature", "properties": {"identifier": "33f3d505-b3e9-4761-b91b-6963ae262ff0", "name": "Weingut M\u00f6hr-Niggli", "description": "Auf rund 4 Hektaren in Maienfeld und auf 0.6 Hektaren in Maisprach \u2013 Basellandschaft \u2013 wird Weinbau betrieben. Der Fokus liegt dabei auf der urspr\u00fcnglichen Burgundersorte Pinot Noir. Daraus entstehen nebst dem \u201ePILGRIM\u201c, ein Pinot Noir aus den bevorzugtesten Lagen um die Stadt Maienfeld, noch weitere Crus aus Einzellagen auf 3 sehr unterschiedlichen Terroirs. \n\nDas ganzheitliche Arbeiten liegt uns am Herzen. Sei dies das Bewirtschaften der Rebberge, das Pflegen und Begleiten der noch jungen Weine im Keller, oder der pers\u00f6nliche Kontakt zu unseren Privatkunden, Gastronomen sowie Weinfachh\u00e4ndlern.", "url": "https://www.moehr-niggli.ch/", "image": "https://hltpimtsoch.sos-ch-dk-2.exoscale-cdn.com/catalog/4/5/5/3/45533d34311c6918260ad1261990b15161e8e681_Fasskeller.jpg", "openstreetmap_id": "way/1264313258"}, "geometry": {"type": "Point", "coordinates": ["9.5301356", "47.0100865"]}}, {"type": "Feature", "properties": {"identifier": "3c04ecfb-d9dd-4137-a4fc-4295339cf91a", "name": "Asien Restaurant Rama-Rama", "description": "Rama-Rama ist malaysisch und bedeutet soviel wie Schmetterling. Rama-Rama ist aber auch ein Asiatisches Restaurant mit Spezialit\u00e4ten aus Hong Kong-China, Malaysia und Thailand.\nGeniessen Sie unsere Spezialit\u00e4ten entweder im Restaurant mittags und abends gem\u00fctlich und gedigen oder in den Sommermonaten auf der grossen Terrasse.", "url": "http://www.rama-rama.ch", "image": "https://hltpimtsoch.sos-ch-dk-2.exoscale-cdn.com/catalog/e/9/0/5/e90518b74403fe1b4a02849ff62efa6d9b40db11_2016_10_12.jpg", "openstreetmap_id": "way/364906960"}, "geometry": {"type": "Point", "coordinates": ["9.560419226747708", "46.96788395"]}}, {"type": "Feature", "properties": {"identifier": "3c4fe053-0eb2-4204-9fe5-8bcec667baec", "name": "gladys", "description": "Das \u00abgladys\u00bb befindet sich im modernen Clubhaus des Golf Club Bad Ragaz und ist ein Treffpunkt sowohl f\u00fcr Golfer als auch f\u00fcr Kulinarik-Begeisterte. Das innovative K\u00fcchenteam interpretiert bew\u00e4hrte Clubhaus-Klassiker immer wieder neu. Sonnenterrasse und Smokers Lounge laden zum gem\u00fctlichen Verweilen ein. Beim Swiss Golf Award 2018, 2020, 2021 und 2022 wurde das gladys als \u00abBestes Golf Restaurant der Schweiz\u00bb gek\u00fcrt und erhielt beim Falstaff Restaurantguide 87 Punkte. Das mehrfach ausgezeichnete Restaurant besticht neben seinem stilvollen Innenausbau mit einer grossz\u00fcgigen Sonnenterrasse. Die Smoking Lounge mit einer breiten Zigarrenauswahl und erlesenen Spirituosen l\u00e4dt Golfer und Kulinarikbegeisterte zum Verweilen ein.", "url": "https://www.golfclubragaz.ch/gladys.html", "image": "https://hltpimtsoch.sos-ch-dk-2.exoscale-cdn.com/catalog/f/c/5/0/fc50880663e34f5ecb93044d4c7780b466bfecb0_gladys_Golf_Restaurant.jpg", "openstreetmap_id": "node/7770673151"}, "geometry": {"type": "Point", "coordinates": ["9.5048934", "46.9989934"]}}, {"type": "Feature", "properties": {"identifier": "3e328c39-0147-4bf0-9650-cd244ca0431c", "name": "Thomas Marugg Weingut", "description": "Gerne empfangen wir Gruppen von 5 - 50 Personen f\u00fcr Weindegustationen auf telefonische Voranmeldung.", "url": "http://www.marugg-weine.ch", "image": "https://hltpimtsoch.sos-ch-dk-2.exoscale-cdn.com/catalog/f/8/b/0/f8b0baae12aaf130b68631e648f218ed7b353433_Thomas_Marugg_2.jpg", "openstreetmap_id": "way/179020993"}, "geometry": {"type": "Point", "coordinates": ["9.513280902915838", "47.026143399999995"]}}, {"type": "Feature", "properties": {"identifier": "3ee82a8e-f87d-433c-a9de-2abaa1a0e540", "name": "Restaurant Morgenstern", "description": "In den Herbstmonaten laden wir Sie herzlichst zu unseren Wildspezialit\u00e4ten ein.", "url": "https://www.restaurant-morgenstern.ch/", "image": "https://hltpimtsoch.sos-ch-dk-2.exoscale-cdn.com/catalog/7/f/1/9/7f1900a86acf5ed6a2d7053726edd040acb5a37c_20160505_112919_480x360.jpg", "openstreetmap_id": "way/410680216"}, "geometry": {"type": "Point", "coordinates": ["9.411385150460994", "47.03582555"]}}, {"type": "Feature", "properties": {"identifier": "3f941a9c-5f69-425f-8735-466099dfb694", "name": "Restaurant Pinot", "description": "Das Pinot erg\u00e4nzt das Ensemble der Klinik Gut in Fl\u00e4sch als Insel der Kulinarik, der Genusses bei passendem Ambiente und einzigartiger Terrasse im sch\u00f6nen Garten.\nGeniessen sie beim bekannten Sternekoch, Sebastian Titz, das t\u00e4glich wechselnde saisonale Tagesangebot zum Lunch. Am Nachmittag unser hausgemachter Kuchen, Hausgemachte Glacespezialit\u00e4ten, ein PINOT - Pl\u00e4ttli oder ein Cervelatsalat mit einem Glas Wein. Unser Wochen Highlight ist der Gourmetabend jeweils Donnerstags ab 18 Uhr\nGekocht wird frisch, zeitgem\u00e4ss und im Takt der vier Jahreszeiten. Mal mit regionalen Akzenten, mal international. Immer mit Liebe und Leidenschaft, einfach, ehrlich und vollendet im Geschmack. In den Kreationen verm\u00e4hlt sich Neues mit Traditionellem. Gerne sp\u00fcrt Sebastian Titz daf\u00fcr die besten Lebensmittel lokaler Produzenten auf. Auch ein gutes Glas Wein wird optimal auf das Gericht abgestimmt. Lassen Sie sich begeistern.\nDas Restaurant Pinot wurde mit der Auszeichnung \"Bib Gourmand\" MICHELIN Schweiz, das heisst bestes Preis-Leistungs-Verh\u00e4ltnis gek\u00fcrt sowie mit 90 Punkte bei \"Falstaff\" ausgezeichnet.", "url": "http://www.restaurant-pinot.ch", "image": "https://hltpimtsoch.sos-ch-dk-2.exoscale-cdn.com/catalog/9/6/c/a/96caf93ba0ec4346b0708757290764d5284125b3_Titelbild.jpg", "openstreetmap_id": "way/488106209"}, "geometry": {"type": "Point", "coordinates": ["9.514217442187299", "47.0240965"]}}, {"type": "Feature", "properties": {"identifier": "3fad9a65-5fc1-4b1a-a05c-0283c1bfea5c", "name": "Rathauskeller Mels - Weinkellerei", "description": "<p class=\"MsoNoSpacing\"><span lang=\"DE-CH\">Seit der Gr\u00fcndung im Jahre 1938 ist die Weinbaugenossenschaft im Rathauskeller Mels am Dorfplatz zuhause, keltert ihre Weine nach neusten Methoden und l\u00e4sst sie im historischen Gew\u00f6lbekeller zu edlen Tropfen reifen.</span></p><p class=\"MsoNoSpacing\"><span lang=\"DE-CH\">Zwischen Sargans und Heiligkreuz, in steilen S\u00fcdlagen mit optimaler Sonneneinstrahlung, pflegen \u00fcber 50 Winzerinnen und Winzer im Nebenerwerb jeden einzelnen Rebstock mit unerm\u00fcdlicher Arbeit, Hingabe und Leidenschaft. Ihre Qualit\u00e4tstrauben bilden die Grundlage f\u00fcr charaktervolle, qualitativ hochwertige und einzigartige Weine.</span></p><p class=\"MsoNoSpacing\"><span lang=\"DE-CH\">Seit Generationen erfolgt die Kelterung und Lagerung eines umfangreichen Sortiments an Weiss- und Rotweinen im historischen Gew\u00f6lbekeller des Rathauses Mels. Wir sind stolz auf unsere grosse Vielfalt an Rebsorten. Diese reicht von Klassikern wie Pinot Noir, Riesling-Sylvaner und Chardonnay bis zu Spezialit\u00e4ten wie Kerner, Pinot Gris oder Souvignier Gris. </span></p><p class=\"MsoNoSpacing\"><span lang=\"DE-CH\">\u00a0</span></p><p class=\"MsoNoSpacing\"><span lang=\"DE-CH\">Die Arbeit unseres Kellermeister Toni Bardellini sowie der Winzerinnen und Winzer ist von Leidenschaft, Handwerk und Innovationskraft gepr\u00e4gt. Mit viel Herzblut sorgen sie daf\u00fcr, dass die regionale Weintradition lebendig bleibt und als einzigartiges Kulturgut in die Zukunft getragen wird.</span></p><p class=\"MsoNoSpacing\"><strong><span lang=\"DE-CH\" style=\"font-size: 12.0pt;\">Weingenuss f\u00fcr Zuhause \u2013 unsere Vinothek</span></strong></p><p class=\"MsoNoSpacing\"><span lang=\"DE-CH\" style=\"mso-bidi-font-size: 10.0pt;\">In unserer Vinothek trifft Genuss auf Kompetenz und Leidenschaft. F\u00fcr eine pers\u00f6nliche Weinberatung besuchen Sie uns doch in unserer Vinothek oder bestellen Sie erlesene Weine, Edelbr\u00e4nde oder unseren alkoholfreien Trubetau direkt im Online-Shop.</span><span lang=\"DE-CH\" style=\"mso-bidi-font-size: 10.0pt;\">\u00a0</span></p><p class=\"MsoNoSpacing\"><strong><span lang=\"DE-CH\" style=\"font-size: 12.0pt;\">Weinlokal im historischen Gew\u00f6lbe</span></strong></p><p class=\"MsoNoSpacing\"><span lang=\"DE-CH\" style=\"mso-bidi-font-size: 10.0pt;\">Verweilen Sie in unserem charmanten Gew\u00f6lbekeller im Herzen von Mels. Kommen Sie vorbei \u2013 entdecken, geniessen und verweilen Sie! Wir freuen uns auf Ihren Besuch.</span></p>", "url": "https://www.rathauskellermels.ch/", "image": "https://hltpimtsoch.sos-ch-dk-2.exoscale-cdn.com/catalog/8/b/f/d/8bfdb1a19188673db64c72a2fdfdc5599877c87f_Trauben_Kerner.jpg", "openstreetmap_id": "way/410664274"}, "geometry": {"type": "Point", "coordinates": ["9.419257", "47.0466979"]}}, {"type": "Feature", "properties": {"identifier": "424d7866-deae-46c2-baea-b1fd163598b1", "name": "MaschgeLugg\u00e4", "description": "Grosse s\u00fcdlich ausgerichtete Terrasse (120 Pl\u00e4tze im Sommer / bis zu 300 Pl\u00e4tze im Winter) mit herrlicher Panoramasicht und viel Sonne von fr\u00fch bis sp\u00e4t. Gem\u00fctliches Restaurant f\u00fcr ca. 70 Personen.\n\nGeniessen Sie im Winter wundersch\u00f6ne Ausblicke auf das verschneite Panorama von Ringelspitz \u00fcber Piz Sardona bis Spitzmeilen und Magerrain. \n\nGeniessen Sie im Sommer den herrlichen Ausblick \u00fcber Alpweiden und Bergspitzen und beobachten Sie die Murmeltiere von unserer Terrasse aus!", "url": "http://www.lugge-flumserberg.ch", "image": "https://hltpimtsoch.sos-ch-dk-2.exoscale-cdn.com/catalog/f/6/e/0/f6e05b52d23893760ecbeadc5f0e47ed19bb1a74_1000007339.jpg", "openstreetmap_id": "way/226641405"}, "geometry": {"type": "Point", "coordinates": ["9.256376516014837", "47.0687943"]}}, {"type": "Feature", "properties": {"identifier": "45005140-0670-434e-9b87-02580f1e128b", "name": "Lipp Weingut & Destillerie", "description": "Ein Paar - zwei Leidenschaften. Er ist Schnapsbrenner, sie ist Winzerin. Gemeinsam verbindet sie der Anspruch nach aussergew\u00f6hnlichen Produkten. \n\nDie B\u00fcndner Herrschaft und die n\u00e4here Region sind unser Garten f\u00fcr die Trauben, Fr\u00fcchte, Beeren und Kr\u00e4uter f\u00fcr unsere Weine und Destillate. \nIm Laden direkt auf dem Hof k\u00f6nnen die Produkte degustiert werden, auch ein Blick in die Brennerei ist m\u00f6glich.", "url": "https://www.lipp-destillerie.ch", "image": "https://hltpimtsoch.sos-ch-dk-2.exoscale-cdn.com/catalog/4/2/c/5/42c523c0a31e57de2120233d6d8bb8f837c1091f_20151030__MG_0641.jpg", "openstreetmap_id": "way/409118264"}, "geometry": {"type": "Point", "coordinates": ["9.52925443239499", "47.009072950000004"]}}, {"type": "Feature", "properties": {"identifier": "468094a2-9419-4e26-a3c2-752021147a08", "name": "Restaurant Central", "description": "Lassen sie es sich richtig gut gehen \u2013 saisonal und frisch aus der Region.\nUnsere frisch zubereitete Schweizer K\u00fcche vereint in Bad Ragaz - das Beste aus der Schweizer und italienischen K\u00fcche \u2013 saisonal inspiriert und voller Geschmack.", "url": "https://www.centralragaz.ch/", "image": "https://hltpimtsoch.sos-ch-dk-2.exoscale-cdn.com/catalog/3/4/e/c/34ecc869c8a7b530b1cc27a3185dbfa648e4d2af_IMG_20230509_WA0009_1000x889.jpg", "openstreetmap_id": "node/5167819621"}, "geometry": {"type": "Point", "coordinates": ["9.5001409", "47.0022417"]}}, {"type": "Feature", "properties": {"identifier": "46c15614-1a24-4f4f-92dd-9dcc850c51bb", "name": "Rocki Docki Kulturb\u00fchne", "description": "Das alte Hause am Bahnhof Flums hat vieles schon erlebt .. und das Haus hat immernoch einiges zu bieten! Entdecke eine andere Welt und geniesse unser vielseitiges Angebot. Let&#039;s rock!\n\nDas Rocki Docki ist perfekt f\u00fcr Deine Party, f\u00fcr Gruppenevents oder einen guten Abend unter Freunden! F\u00fcr alle ist was dabei - schreibe auch Du die Geschichte weiter und das Haus wird zu einer unsterblichen Legende!", "url": "http://www.rockidocki.ch/", "image": "https://hltpimtsoch.sos-ch-dk-2.exoscale-cdn.com/catalog/d/1/1/3/d1136c37cc002bf0542313b497abe21ab4981117_RockiDocki01.jpg", "openstreetmap_id": "way/234723964"}, "geometry": {"type": "Point", "coordinates": ["9.348019250597167", "47.096143121098"]}}, {"type": "Feature", "properties": {"identifier": "49b944f9-225a-4d72-a79c-dc0a023358ca", "name": "Restaurant Sternen", "description": "B\u00fcrgerliche K\u00fcche mit frischen saisonalen Zutaten.", "url": "https://sternenflums.ch/", "image": "https://hltpimtsoch.sos-ch-dk-2.exoscale-cdn.com/catalog/e/e/d/c/eedccf81ac2590d4cbd4b48038257c6b578198df_Sternen_Flums_Restaurant.jpg", "openstreetmap_id": "relation/1683880"}, "geometry": {"type": "Point", "coordinates": ["9.342348256360681", "47.09090522720556"]}}, {"type": "Feature", "properties": {"identifier": "4ec20e36-1a42-4472-be1d-a9d151a23082", "name": "Restaurant \u00abIGNIV by Andreas Caminada\u00bb", "description": "2 Michelin-Sterne | 17 Gault-Millau-Punkte | 96 Falstaff-Punkte\nZwischen Gourmet-K\u00fcche und Gem\u00fctlichkeit. Im Restaurant IGNIV trifft Innovation auf geteilten Genuss. Moderne auf Fine-Dining. Und 2 Michelin-Sterne auf 17 Gault-Millau-Punkte. K\u00fcchenchef Jo\u00ebl Ellenberger verzichtet auf eine klassische Men\u00fcabfolge. Stattdessen zaubert er verschiedene Sharing-G\u00e4nge. Dazu serviert Restaurantleiterin Susanne Schneider  die passende Weinbegleitung. Das Restaurantkonzept \u00abIGNIV by Andreas Caminada\u00bb, des Graub\u00fcndner Spitzenkochs, steht f\u00fcr Behaglichkeit und bewusstes Teilen.\nEin Ort der Sinne, an dem das Teilen von Kulinarik, Genuss und Zeit im Mittelpunkt steht.", "url": "https://www.resortragaz.ch/de/kulinarik/igniv", "image": "https://hltpimtsoch.sos-ch-dk-2.exoscale-cdn.com/catalog/c/2/c/4/c2c403a2f144434558a0ddca7f45a41a41d7dc18_GRBR_06_22_IGNIV_1869_600x400.jpg", "openstreetmap_id": "N 47.00021 E 9.50232"}, "geometry": {"type": "Point", "coordinates": ["9.5021119", "47.0004111"]}}, {"type": "Feature", "properties": {"identifier": "4f8acd95-d8b3-4525-9eed-e7de2662b6c1", "name": "Restaurant Schl\u00fcssel, Mels", "description": "Im historischen, wundersch\u00f6nen Patrizierhaus aus dem Jahr 1811 hat Sohn Roger nach Wanderjahren durch renommierte Gastbetriebe das Zepter in der K\u00fcche \u00fcbernommen und bereichert die K\u00fcche mit seinen erfrischenden und kreativen Ideen. Er verbindet geschickt franz\u00f6sische Klassik, Schweizer Tradition und moderne Elemente miteinander. \n\nIn der edel eingedeckten Nidbergstube wird der Fokus auf die Feinschmecker-Menus gesetzt, in der Schl\u00fcsselstube findet der Gast in heiterer Atmosph\u00e4re Speisen f\u00fcr jeden Tag.  Dazu eine grandiose Weinkarte mit auserw\u00e4hlten Weinen. F\u00fcr eine charmante und liebevolle Note im Service sorgt Marianne Blum mit ihrem Team. \n\nDas Restaurant Schl\u00fcssel ist mit 17 Gault Millau Punkten ausgezeichnet und hat einen Stern im Guide Michelin.", "url": "http://www.schluesselmels.ch", "image": "https://hltpimtsoch.sos-ch-dk-2.exoscale-cdn.com/catalog/d/3/4/f/d34f4c0be4c3f84f17b1354cbf4fa00b4663cd6f_Schl__sselstube_gedeckt.JPG", "openstreetmap_id": "node/4252118498"}, "geometry": {"type": "Point", "coordinates": ["9.4173788", "47.0452746"]}}, {"type": "Feature", "properties": {"identifier": "516ac091-958c-43ad-bb9a-197bb7bcbd16", "name": "Weinstube Fl\u00e4sch", "description": "Weinstube Fl\u00e4sch \u2013 Wo Wein, Genuss und Geselligkeit zuhause sind\n\n\nHier dreht sich alles um das gem\u00fctliche Zusammensein, den Genuss erlesener Weine und das besondere Flair der B\u00fcndner Herrschaft. In unserer stimmungsvollen Stube geniessen Sie regionale Tropfen, sorgf\u00e4ltig ausgew\u00e4hlte Spezialit\u00e4ten und die entspannte Atmosph\u00e4re, die eine echte Weinstube ausmacht.\n\nWein im Mittelpunkt \u2013 Genuss rundherum\nWir servieren Ihnen durchgehend von 11:00 bis 20:00 Uhr kleine, feine K\u00f6stlichkeiten, die perfekt zu einem guten Glas Wein passen.\n\n\u2022 hausgemachte Strudl \u2013 s\u00fcss oder salzig\n\u2022 traditionelles B\u00fcndner Pl\u00e4ttli\n\u2022 steirische Klassiker wie die herzhaft-beliebte Brettljause\nund noch vieles mehr\n\nWir freuen uns auf Ihren Besuch!\nEva und Martijn van der Linden", "url": "https://www.landhaus-flaesch.ch/", "image": "https://hltpimtsoch.sos-ch-dk-2.exoscale-cdn.com/catalog/a/2/f/7/a2f752199a186afc06d2d4c15acc4f1cc2820190_IMG_0128__2.jpeg", "openstreetmap_id": "way/179020999"}, "geometry": {"type": "Point", "coordinates": ["9.513068164590647", "47.025845849999996"]}}, {"type": "Feature", "properties": {"identifier": "52075ba5-2e24-4647-ae65-0da209ac48e8", "name": "J\u00fcrg Obrecht Weine Jenins", "description": "Unser heimeliger Torkel bietet Platz f\u00fcr rund 80 Personen. Unser spezieller Degustationsraum l\u00e4dt dar\u00fcber hinaus zum Verweilen, zum Degustieren und zum Philosophieren \u00fcber Gott und die Welt und nat\u00fcrlich auch \u00fcber unsere Weine. Degustationen, Kellerf\u00fchrungen nehmen wir gerne telefonisch oder per E-Mail entgegen. Haben Sie Fragen zu unseren Weinen, zum Torkel usw.; wir stehen Ihnen jederzeit gerne zur Verf\u00fcgung.\n\"Soll's etwas besonderes sein, g\u00f6nn dir einen J\u00fcrg Obrecht Wein\"", "url": "http://www.obrechtweine.ch", "image": "https://hltpimtsoch.sos-ch-dk-2.exoscale-cdn.com/catalog/d/a/7/3/da73856e55a9a8916647082f7238d8916d2638af_2018_10_28.jpg", "openstreetmap_id": "way/409097587"}, "geometry": {"type": "Point", "coordinates": ["9.55450826002879", "47.00193125"]}}, {"type": "Feature", "properties": {"identifier": "550df831-f6b1-421f-bee5-90bf78433741", "name": "COLORS - Restaurant und Bar", "description": "Die bediente COLORS Bar verf\u00fcgt \u00fcber 56 Innenpl\u00e4tze. Neben einem kunterbunten Getr\u00e4nkeangebot, werden am Morgen Fr\u00fchst\u00fcck und am Nachmittag trendige Snacks angeboten.\nDas COLORS Restaurant, welches nur w\u00e4hrend der Wintersaison ge\u00f6ffnet ist,  ist ein modernes Selbstbedienungsrestaurant mit 146 Innen- und 140 Terrassen-Pl\u00e4tzen. Die K\u00fcche bietet ein Angebot f\u00fcr jeden Geschmack. Erfrischend und abwechslungsreich werden neben regionalen Gerichten auch internationale Speisen gekocht.", "url": "http://www.colors-flumserberg.ch", "image": "https://hltpimtsoch.sos-ch-dk-2.exoscale-cdn.com/catalog/d/5/4/2/d542b177253f561e588b3154d55be8e07186ae4f_tkv_bbf_kulinarikwander_444_8A2A8278.JPG", "openstreetmap_id": "node/244067701"}, "geometry": {"type": "Point", "coordinates": ["9.2807483", "47.0919796"]}}, {"type": "Feature", "properties": {"identifier": "5b96134c-9941-4f84-9663-90aff289343e", "name": "Bergrestaurant Laufbodenst\u00fcbli", "description": "Das gem\u00fctliche Bergrestaurant Laufbodenst\u00fcbli befindet sich auf 2222m.\u00fc.M. neben dem Laufb\u00f6den Sessellift.\nEs ist das h\u00f6chstgelegene Bergrestaurant im Ski und Wandergebiet Pizol.\nGeniessen Sie die herrliche Rundsicht der Berglandschaft des St. Galler Oberlandes sowie des Rheintals bis zum Bodensee.\nRichtung S\u00fcdosten bewundern Sie die markanten schneebedeckten Berge des B\u00fcndnerlandes und vieles mehr\u2026.", "url": "https://pizol.com/planen-buchen/gastronomie?lang=de_CH", "image": "https://hltpimtsoch.sos-ch-dk-2.exoscale-cdn.com/catalog/4/9/c/2/49c227f435347861eaf4e539112f04e42bec59c7_Laufbodenst__bli.jpg", "openstreetmap_id": "node/336562763"}, "geometry": {"type": "Point", "coordinates": ["9.4363562", "46.9796659"]}}, {"type": "Feature", "properties": {"identifier": "5c0ac627-1a08-4afe-a086-59abb72ed3f4", "name": "Weingut Wegelin", "description": "Seit 2019 f\u00fchren Rafael Hug und seine Frau, die \u00d6nologin Mathilde Hug P\u00e9deutour, das Weingut Wegelin. \nSie vinifizieren ihre Topweine konsequent nach Einzellagen, wodurch das Sortiment zus\u00e4tzliche Tiefe gewinnt und der Lagenausdruck deutlich sp\u00fcrbar wird. \nNeben verschiedenen Weissweinen schl\u00e4gt ihr Herz insbesondere f\u00fcr den Pinot Noir.\nDie Qualit\u00e4t eines Weines wird von seiner Herkunft gepr\u00e4gt. Das Verst\u00e4ndnis f\u00fcr Ihre grandiosen Lagen begleitet Ihre t\u00e4gliche Arbeit im Weingarten: \nSie pflegen jeden einzelnen Rebstock mit Hingabe und wissen, dass gro\u00dfe Weine auf dieser Arbeit beruhen. Sie geben dem Rebstock das, was er braucht, damit charaktervolle und authentische Trauben reifen \u2014 die Natur ist Ihr gr\u00f6\u00dftes Kapital. Sie arbeiten nach biologischen und biodynamischen Richtlinien und mit gr\u00f6\u00dfter R\u00fccksicht auf Boden und Umwelt.", "url": "https://weingutwegelin.ch/", "image": "https://hltpimtsoch.sos-ch-dk-2.exoscale-cdn.com/catalog/f/d/2/f/fd2ffe50a011f43da872d94d723bfab80becf679_Keller.jpg", "openstreetmap_id": "way/232221189"}, "geometry": {"type": "Point", "coordinates": ["9.575073298434237", "46.98428125"]}}, {"type": "Feature", "properties": {"identifier": "5c338e6d-7dae-424d-ac39-20c137ea7e44", "name": "Promenade Walentstadt", "description": "<p>Das Ergebnis ist eine gelungene Verbindung aus Tradition, rustikalem Flair und urbaner Streetfood-Kultur. Die K&uuml;che bietet eine weltoffene Auswahl an Gerichten mit Fokus auf TexMex, BBQ, Asado und weiteren internationalen Streetfood-Klassikern &ndash; frisch zubereitet, kreativ interpretiert und regional abgestimmt. Ideal f&uuml;r alle, die unkompliziert, aber hochwertig essen m&ouml;chten &ndash; ob beim gem&uuml;tlichen Essen auf der Sonnenterrasse direkt am Seeufer oder in den stilvoll eingerichteten Innenr&auml;umen. Die Promenade Walenstadt ist nicht nur ein Restaurant, sondern ein lebendiger Treffpunkt mit entspannter Atmosph&auml;re, kulinarischer Vielfalt und einem Hauch von Festivalgef&uuml;hl &ndash; perfekt f&uuml;r Paare, Familien, Gruppen und Genussmenschen.</p>", "url": "https://www.promenade-walenstadt.ch/", "image": "https://hltpimtsoch.sos-ch-dk-2.exoscale-cdn.com/catalog/e/b/3/1/eb311396e25b5ef642d7a3eed2d41e191db9e144_Bildschirmfoto_2025_09_09_um_12.02.49.png", "openstreetmap_id": "node/752371760"}, "geometry": {"type": "Point", "coordinates": ["9.3031243", "47.1267952"]}}, {"type": "Feature", "properties": {"identifier": "5ca68094-b48f-4927-ac3a-1fbf059c418d", "name": "GEISS - Caf\u00e9 - Treffpunkt - Kultur", "description": "Der Quartierverein \u00abTreffpunkt Obergass\u00bb betreibt das kleine gem\u00fctliche Lokal \u00abGEISS\u00bb als Ort der Begegnung und Kultur. \u201cGEISS\u201d ist die Abk\u00fcrzung f\u00fcr \"Gemeinsam Im St\u00e4dtli Sargans\u201d. Der regelm\u00e4ssige Kaffeebetrieb bildet das Herzst\u00fcck und tr\u00e4gt zur Belebung der Altstadt Sargans bei. Ob einfach zum Plaudern vorbeikommen, einen w\u00e4rmenden Tee trinken, Feste feiern, gemeinsam Essen, beim Spielturnier Taktik oder Gl\u00fcck walten lassen, ein kreatives Projekt umsetzen, Tipps zur Handhabung der N\u00e4hmaschine austauschen, lokales Bier degustieren, sich musikalisch entfalten oder spannende Kino Abende \u2013 hier gibt es Raum. Das Angebot ist vielf\u00e4ltig, lebt und ver\u00e4ndert sich durch die Menschen welche den Ort mitgestalten. F\u00fcr die kleinen G\u00e4ste bietet das Lokal eine Kinderecke.", "url": "https://www.geiss-sargans.ch", "image": "https://hltpimtsoch.sos-ch-dk-2.exoscale-cdn.com/catalog/9/d/1/a/9d1a6d4ad4d2ed6ea65b526910aa654d3552be10_80066f50_12ec_49e8_b8e5_af0e452bd387.jpg", "openstreetmap_id": "way/409349682"}, "geometry": {"type": "Point", "coordinates": ["9.436103097971923", "47.050304600000004"]}}, {"type": "Feature", "properties": {"identifier": "604e1b98-2123-4136-9f82-8dbf165f8dc7", "name": "Taste", "description": "<p>Dich erwartet ein Ort f&uuml;r Mittagspausen, die Ruhe bringen, Mittagspausen, die neue Energie schenken. Abende, die der Seele gut tun und einen Drink, wann immer dein Leben eine Pause braucht. Unser Versprechen ist zwar nur zwei Worte lang, aber dennoch voller Bedeutung: mood &amp; food. Wir wollen mehr als satt machen: Mit dem Schritt durch die T&uuml;r soll sich dein Besuch besonders anf&uuml;hlen.&nbsp;</p>", "url": "https://taste-restaurant.ch/", "image": "https://hltpimtsoch.sos-ch-dk-2.exoscale-cdn.com/catalog/4/f/2/e/4f2e7b34fae80c52886b58584077c0591e528aa2_head_taste_mood_food.webp", "openstreetmap_id": "way/307269204"}, "geometry": {"type": "Point", "coordinates": ["9.56289043463173", "46.9698635"]}}, {"type": "Feature", "properties": {"identifier": "6057b1e5-ffc5-41ec-bb0c-a38d37ebd0ee", "name": "Pizzeria Trattoria Mamma Rosa", "description": "Sehr gerne verw\u00f6hnen wir Sie in der Pizzeria Trattoria Mamma Rosa in Landquart. Geniessen Sie die cucina italiana und verbringen Sie einen gem\u00fctlichen Abend mit Ihren Freunden oder Ihrer Familie.\n\nWir servieren Ihnen leckere Pizze, typische Italienische Gerichte wie Spaghetti, Risotto und Gnocchi oder auch einheimische Spezialit\u00e4ten aus der Region Landquart / Graub\u00fcnden oder aus der Schweiz.\n\nBei sch\u00f6nem Wetter haben wir unsere Terrasse ge\u00f6ffnet. Tanken Sie ein wenig Sonne, w\u00e4hrend Sie bei uns einkehren und den Hunger stillen.", "url": "https://www.mammarosa.ch/", "image": "https://hltpimtsoch.sos-ch-dk-2.exoscale-cdn.com/catalog/c/1/7/4/c174a72f1aeb4b7e73c7e589a7b4b2e999cffcb8_IMG_0176.jpeg", "openstreetmap_id": "way/404769925"}, "geometry": {"type": "Point", "coordinates": ["9.566379390715284", "46.95350895"]}}, {"type": "Feature", "properties": {"identifier": "675e3d05-7cbb-4103-b2c4-f0c745791ddf", "name": "Milchzentrale Bad Ragaz", "description": "Die Milchzentrale stellt einmalige Produkte selbst her, das hausgemachte Fondue, ausgezeichnet als bestes Fondue der Ostschweiz, die weitherum bekannte Glace und viele andere Spezialit\u00e4ten aus der Milchzentrale lassen das Herz jedes Gourmets h\u00f6her schlagen.", "url": "https://www.milchzentrale.ch", "image": "https://hltpimtsoch.sos-ch-dk-2.exoscale-cdn.com/catalog/7/7/6/e/776e77d815c536db8b8ce11b2a743ea51fe8da26_ff_024.jpg", "openstreetmap_id": "way/837636797"}, "geometry": {"type": "Point", "coordinates": ["9.502025842666628", "47.00303666086313"]}}, {"type": "Feature", "properties": {"identifier": "68ba02d3-cccd-448e-98d9-7f1665542611", "name": "Gondelbar Pizol", "description": "Im Winter ist die Gondelbar der ideale Ort, um einen gelungenen Skitag ausklingen zu lassen! Geniesse das rustikale Ambiente und ein vielseitiges Angebot an Drinks, Shots, Bier, Caf\u00e9 und Tee, Limo\u2019s, Snacks und vielem mehr...\n\nIm Sommer bieten sich erfrischende Glac\u00e9s im gem\u00fctlichen Aussenbereich sowie Spielm\u00f6glichkeiten (Rolltoys) f\u00fcr Kinder. Die Gondelbar an der Talstation der Pizolbahnen in Bad Ragaz, ist im Sommer als auch im Winter der Ideale Treffpunkt mit Freunden und Bekannten - oder einfacher, ein Platz zum geniessen!", "url": "https://www.gondelbar-pizol.ch", "image": "https://hltpimtsoch.sos-ch-dk-2.exoscale-cdn.com/catalog/a/5/f/7/a5f7f12e817607bc949bde8e35e8a9710022f711_IMG_20220512_gondelbar_sommer_cr_carmen_schulz.jpg", "openstreetmap_id": "node/558818427"}, "geometry": {"type": "Point", "coordinates": ["9.473363757133486", "47.0174567937065"]}}, {"type": "Feature", "properties": {"identifier": "6ac24ebb-5922-4166-aab0-1a068457159c", "name": "Slalom Bar Flumserberg", "description": "In der Slalom Bar treffen sich G\u00e4ste jeden Alters, ob einheimisch, Feriengast oder ganz einfach nur Musikfreund.\n\nBei Live-Musik ist Top-Stimmung garantiert. Erleben Sie selbst einen grossartigen Abend in rustikalem Ambiente bis zur sp\u00e4ten Stunde. Das Slalom Bar Team heisst Sie herzlichst willkommen. \n\nReservationen nehmen wir gerne unter Tel. 081 733 11 22 entgegen. Die reservierten Pl\u00e4tze m\u00fcssen bis 21.00 Uhr belegt sein.\n\n\u00d6ffnungszeiten (ab 12. Dezember 2025): Freitag und Samstag ab 20.30 Uhr", "url": "https://tannenboden.ch/slalom-bar/", "image": "https://hltpimtsoch.sos-ch-dk-2.exoscale-cdn.com/catalog/b/f/a/0/bfa08ec2e7e2b684231c8606153ee39c461d7ea8_2017_02_24.jpg", "openstreetmap_id": "node/11153427950"}, "geometry": {"type": "Point", "coordinates": ["9.2861663", "47.0930688"]}}, {"type": "Feature", "properties": {"identifier": "6eafe152-c2b9-48d9-a643-c529b1e13860", "name": "Wirtschaft zum Gemsli", "description": "<p data-start=\"75\" data-end=\"348\">Die Wirtschaft zum Gemsli in Mels ist ein liebevoll gef&uuml;hrtes Restaurant, das f&uuml;r seine gem&uuml;tliche, rustikale Atmosph&auml;re gesch&auml;tzt wird. Das Lokal befindet sich an der Oberdorfstrasse 28 und ist sowohl bei Einheimischen als auch bei G&auml;sten aus der Region beliebt.</p><p data-start=\"350\" data-end=\"747\">Die Speisekarte umfasst eine Auswahl an Zwischenmahlzeiten wie den beliebten Gemsli-Toast, Sandwiches, Salsiz oder das traditionell &ouml;sterreichische Grammelschmalz-Brot, die mit frischen Zutaten aus der Region zubereitet werden. Besonders hervorzuheben ist die grosse Weinauswahl. Im jahrhundertealten Weinkeller lagern neben einheimischen Tropfen auch erlesene Weine aus der ganzen Welt.</p><p data-start=\"749\" data-end=\"1188\">Das Gemsli ist auch ein Ort f&uuml;r gesellige Anl&auml;sse wie Alpabfahrten, Fasnachtsfeiern oder lokale Feste, die regelm&auml;ssig organisiert werden. Auch ausserhalb der &Ouml;ffnungszeiten kann das Gemsli f&uuml;r eine Vielzahl von Anl&auml;ssen reserviert werden. Ob Geburtstagspartys, Hochzeitsap&eacute;ros, Polterabende, Konzerte &ndash; alles hat Platz im Gemsli. Das freundliche und herzliche Personal sorgt daf&uuml;r, dass sich die G&auml;ste rundum wohlf&uuml;hlen.</p><p data-start=\"1190\" data-end=\"1317\">Mit kostenlosen Parkpl&auml;tzen direkt vor dem Haus und einer guten Erreichbarkeit ist das Restaurant ideal f&uuml;r spontane Besuche.</p>", "url": "https://gemsli-mels.com/", "image": "https://hltpimtsoch.sos-ch-dk-2.exoscale-cdn.com/catalog/1/b/d/a/1bda53b56038cfa8edbefb0f05f63c9b439c8d51_Wirtschaft_zum_Gemsli.jpg", "openstreetmap_id": "relation/1683906"}, "geometry": {"type": "Point", "coordinates": ["9.417428970336916", "47.0452049697649"]}}, {"type": "Feature", "properties": {"identifier": "6f035391-5410-4097-ac10-eb426fd4f9cb", "name": "Bistro Golf Club Heidiland", "description": "Dieses sch\u00f6ne Fleckchen direkt bei den Golfpl\u00e4tzen des Golf Clubs Heidiland l\u00e4dt mit seiner grossz\u00fcgigen Terrasse zum Lunchen und Verweilen ein. Schmackhafte Gerichte, leichte Snacks oder einfach ein k\u00fchler Drink zum Feierabend? Das K\u00fcchenteam im Golfbistro freut sich auf Golfer und alle, die es in das gr\u00fcne Panorama zieht.", "url": "https://www.grandresort.ch/experience-golf/golf/bistro-heidiland", "image": "https://hltpimtsoch.sos-ch-dk-2.exoscale-cdn.com/catalog/1/7/6/b/176b51da55b1842d46ff10de0ec592b2a216da84_2018_05_22.jpg", "openstreetmap_id": "relation/3297611"}, "geometry": {"type": "Point", "coordinates": ["9.516695028802676", "46.9975241"]}}, {"type": "Feature", "properties": {"identifier": "7253eb13-aa2c-4cb7-b1ec-f657676d1f92", "name": "Rathauskeller Mels - Weinlokal", "description": "<p class=\"MsoNoSpacing\"><span lang=\"DE-CH\" style=\"mso-bidi-font-size: 10.0pt;\">Verweilen Sie in unserem charmanten Gew\u00f6lbekeller mitten im Herzen von Mels \u2013 an einem Ort, an dem Geschichte, Gem\u00fctlichkeit und Genuss zusammenfinden. In entspannter Atmosph\u00e4re bei einem feinen Glas Melser Wein und kleinen, liebevoll zubereiteten kulinarischen K\u00f6stlichkeiten l\u00e4sst sich dem Alltag wundervoll entfliehen.</span></p><p class=\"MsoNoSpacing\"><span lang=\"DE-CH\" style=\"mso-bidi-font-size: 10.0pt;\">Kommen Sie vorbei \u2013 entdecken, geniessen und verweilen Sie! Wir freuen uns auf Ihren Besuch.</span></p><p class=\"MsoNoSpacing\"><span lang=\"DE-CH\" style=\"mso-bidi-font-size: 10.0pt;\">Feiern Sie im besonderen Ambiente. Unsere R\u00e4ume bieten Platz f\u00fcr bis zu 50 Personen. Ideal f\u00fcr Geburtstage, (Hochzeits-)Ap\u00e9ros oder einfach ein gutes Glas Wein mit Freunden. Ob ein gem\u00fctlicher Ap\u00e9ro oder ein genussvolles, mehrg\u00e4ngiges Men\u00fc \u2013 wir gehen gerne auf Ihre W\u00fcnsche ein und gestalten Ihr Fest ganz nach Ihren Vorstellungen mit ehrlicher und gutb\u00fcrgerlicher K\u00fcche sowie viel Liebe zur Region.</span></p><p class=\"MsoNoSpacing\"><strong><span lang=\"DE-CH\" style=\"mso-bidi-font-size: 10.0pt;\">Weingenuss f\u00fcr Zuhause \u2013 unsere Vinothek</span></strong></p><p class=\"MsoNoSpacing\"><span lang=\"DE-CH\" style=\"mso-bidi-font-size: 10.0pt;\">In unserer Vinothek trifft Genuss auf Kompetenz und Leidenschaft. F\u00fcr eine pers\u00f6nliche Weinberatung besuchen Sie uns doch in unserer\u00a0<u>Vinothek</u> oder bestellen Sie erlesene Weine, Edelbr\u00e4nde oder unseren alkoholfreien Trubetau direkt im Online-Shop.</span></p>", "url": "https://www.rathauskellermels.ch/", "image": "https://hltpimtsoch.sos-ch-dk-2.exoscale-cdn.com/catalog/e/5/3/a/e53a20e7965e88bc7e0c449b450d778a89571990_image__2_.jpg", "openstreetmap_id": "way/410664274"}, "geometry": {"type": "Point", "coordinates": ["9.419257", "47.0466979"]}}, {"type": "Feature", "properties": {"identifier": "74cd3364-abba-430a-a6f0-f567a0c3eb80", "name": "Hertihof Besenbeiz", "description": "Der Bauernhof mit Besenbeiz im B\u00fcndner Rheintal steht f\u00fcr fadengrad ehrliche Gastronomie. Nix schnick, nix schnack: einfaches, stilvolles Ambiente. Gute Produkte. Und Menschen die gerne Menschen haben. Unter dem Motto vom \u00abSchw\u00e4nzli bis zum Schn\u00f6rrli\u00bb kommen hochwertige Produkte vorwiegend vom eigenen Hof/Feld auf den Tisch. Aus Respekt vor dem Tier landen nicht nur die edlen St\u00fccke auf dem Teller der G\u00e4ste, sondern gut und gerne auch mal ein Voressen, Siedfleisch oder Haxen. Herrlicher Aussenbereich mit viel Platz zum Sein, auch f\u00fcr Kinder. Hunde sind gerne gesehen, wenn sie keine Angst daf\u00fcr aber Respekt vor unseren Tieren haben.", "url": "https://www.hertihof.ch/", "image": "https://hltpimtsoch.sos-ch-dk-2.exoscale-cdn.com/catalog/d/9/b/f/d9bf2c8e06713f6dc7c28715f237f62dc713f77f_Hertihof_Besenbeiz_7.jpg", "openstreetmap_id": "way/161757237"}, "geometry": {"type": "Point", "coordinates": ["9.5478175", "46.9243919"]}}, {"type": "Feature", "properties": {"identifier": "753c734e-963f-4b8b-ae3a-21fd0ae8bbc7", "name": "Weingut Schloss Salenegg", "description": "Schloss Salenegg, das \u00e4lteste Weingut Europas\n\nSeit 1068 wird auf Schloss Salenegg Wein angebaut und seit 1654 ist Schloss Salenegg im Besitz der Familie Gugelberg von Moos. Von Generation zu Generation wurde mit Mut und Weitsicht Wissen und Erfahrung weitergeben, zusammen mit einem tiefen Respekt f\u00fcr die Natur. Alle Erzeugnisse von Schloss Salenegg - der Wein, die Destillate, der Delikat Essig und das kaltgepresste \u00d6l - werden mit Liebe, Fleiss und K\u00f6nnen naturnah an- und ausgebaut.\n\nIm Jahr 2020 wurde von Helene von Gugelberg die gr\u00f6sste Umstrukturierung des Weinbaus seit 1906 in die Wege geleitet. Neben Blauburgunder und Chardonnay wurden im Fr\u00fchjahr 2021 die pilzwiderstandsf\u00e4higen Sorten, Sauvignac und Cabernet blanc gepflanzt. Die neu angelegten Rebberge sind so gestaltet, dass sie eine gr\u00f6sstm\u00f6gliche Biodiversit\u00e4t erlauben und die maschinellen Arbeiten zu einem sp\u00e4teren Zeitpunkt durch autonome Fahrzeuge ausgef\u00fchrt werden k\u00f6nnen. Das Weingut wurde per 2025 an Markus von Gugelberg \u00fcbergeben. Auch der Sohn von Helene von Gugelberg f\u00fchrt die lange Tradition auf Schloss Salenegg, dem \u00e4ltesten Weingut Europas, weiter mit dem Ziel der steten Ausrichtung auf den neusten Stand der Nachhaltigkeit.", "url": "http://www.schloss-salenegg.ch/", "image": "https://hltpimtsoch.sos-ch-dk-2.exoscale-cdn.com/catalog/a/7/5/4/a754e72934e37b459fe59a3559fb307a19765679_Weingut_Schloss_Salenegg_Front__2.jpg", "openstreetmap_id": "way/133620487"}, "geometry": {"type": "Point", "coordinates": ["9.52847515363829", "47.01073565"]}}, {"type": "Feature", "properties": {"identifier": "77a2324d-00a4-4f32-8c3e-433cd2d6e51b", "name": "Weingut Donatsch & Winzerstube \"zum Ochsen\"", "description": "Ein Besuch in der historischen Arvenstube der \u00abWinzerstube zum Ochsen\u00bb in Malans ist ein bleibendes Erlebnis f\u00fcr alle Sinne.\nIn stilvoller Atmosph\u00e4re geniessen Sie regionale Spezialit\u00e4ten, begleitet von erlesenen Weinen aus dem eigenen Weingut Donatsch.\n\nDie Donatsch-Weine k\u00f6nnen in der Winzerstube auch nach eigener Auswahl als Degustationsbrett zur individuellen Weinverkostung bestellt werden.\n\nDie kleine, feine Speisekarte setzt bewusst auf Qualit\u00e4t statt Quantit\u00e4t:\nHausgemachte Gerstensuppe, eine w\u00e4hrschafte Wurst, B\u00fcndnerplatte mit luftgetrockneten Fleischspezialit\u00e4ten und ein gut gereifter K\u00e4se.\n\nDie 1926 erbaute B\u00fcndnerstube mit ihrem ber\u00fchmten blauen Kachelofen l\u00e4dt besonders im Winter zum Verweilen ein.\nAn sonnigen Tagen geniessen Sie auf dem Balkon den Blick \u00fcber die D\u00e4cher von Malans bis in die B\u00fcndner Berge.\n\nF\u00fcr Weinbegeisterte erwartet Sie in der Vinothek eine aussergew\u00f6hnliche Auswahl an Spitzenweinen:\nJahrg\u00e4nge aus dem Weingut Donatsch, Weine ausgew\u00e4hlter Winzer aus der B\u00fcndner Herrschaft sowie grosse Klassiker aus Bordeaux, Burgund und weiteren europ\u00e4ischen Regionen.\n\u00dcber 200 Positionen liegen zur Auswahl bereit, darunter gesuchte Rarit\u00e4ten.\n\nWeinkenner sind hier im Paradies \u2013 und haben die Qual der Wahl.", "url": "http://www.donatsch-malans.ch", "image": "https://hltpimtsoch.sos-ch-dk-2.exoscale-cdn.com/catalog/c/5/3/b/c53b42f18dfe37e76e535ced79d3cfc87b732984_Winzerstube_zum_Ochsen_Malans__2.jpg", "openstreetmap_id": "way/232221793"}, "geometry": {"type": "Point", "coordinates": ["9.576973", "46.9816203"]}}, {"type": "Feature", "properties": {"identifier": "78f09ee3-1bf6-4d99-bd67-cdb12a127661", "name": "von Salis Vinothek", "description": "<p>Lichtdurchflutet, offen gestaltet und mit viel Liebe zum Detail: Unsere neue Vinothek vereint durchdachtes Design mit Weinkultur \u2013 ganz nach unserem Credo: der Wein im Mittelpunkt.</p><p>Entstanden ist ein Ort des Entdeckens und Geniessens, der Raum schafft f\u00fcr Austausch, Beratung und inspirierende Begegnungen. Ob beim St\u00f6bern durch das sorgf\u00e4ltig kuratierte Sortiment oder bei einer Degustation. Unsere Weine sind international gepr\u00e4gt \u2013 mit Weinen aus der Schweiz, Italien, Frankreich, Spanien und \u00d6sterreich. Im Fokus steht aber ganz klar unsere Weinheimat: Rund ein Viertel unseres Sortiments stammt aus der B\u00fcndner Herrschaft.</p><p>Beim Aufbau der Vinothek haben wir uns bewusst f\u00fcr ein modernes Konzept entschieden, dass nicht nach L\u00e4ndern unterscheidet, sondern in Themenwelten unterteilt ist. Klar, einfach und intuitiv \u2013 denn Wein soll Freude und nicht Kopfzerbrechen bereiten. So gliedert sich die Vinothek in vier Themenwelten: \u00abUnsere Heimat\u00bb f\u00fcr Weine aus Graub\u00fcnden, \u00abFamilie & Freunde\u00bb, \u00abAnstossen & Feiern\u00bb und \u00abGrosse Weine\u00bb f\u00fcr besondere Genussmomente.</p>", "url": "https://www.vonsalis-wein.ch/", "image": "https://hltpimtsoch.sos-ch-dk-2.exoscale-cdn.com/catalog/1/9/6/9/196973bc32ae152aef9e78dbc640910ebcce8e31_von_salis_vinothek_maienfeld_k_1.jpeg", "openstreetmap_id": "way/176144689"}, "geometry": {"type": "Point", "coordinates": ["9.523730278015138", "47.001158027583884"]}}, {"type": "Feature", "properties": {"identifier": "7b92714c-7c85-4781-8ba4-f19438de9ef7", "name": "Kraftwerk Mels", "description": "<p>In der alten Textilfabrik in Mels verschmelzen Vergangenheit und Gegenwart auf einzigartige Weise. Die alten Generatoren erz\u00e4hlen Geschichten aus einer Zeit, in der hier Energie f\u00fcr den Textilfabrik erzeugt wurde \u2013 heute verspr\u00fchen sie industriellen Charme und bilden den Rahmen f\u00fcr eine moderne Gastronomie.</p><p>Mit viel Herzblut und Liebe zum Detail verw\u00f6hnen wir unsere G\u00e4ste kulinarisch und schaffen einen Ort, an dem man sich rundum wohlf\u00fchlt. Ob f\u00fcr ein geselliges Mittagessen, ein elegantes Dinner oder einen gem\u00fctlichen Kaffee zwischendurch \u2013 bei uns erleben Sie Genuss in besonderer Atmosph\u00e4re.</p>", "url": "https://kraftwerk-mels.ch/", "image": "https://hltpimtsoch.sos-ch-dk-2.exoscale-cdn.com/catalog/c/5/5/6/c556b913e833da8bb1e234cec37a3c8c83a8f92f_Kraftwerk_60_Kopie.jpg", "openstreetmap_id": "way/410657042"}, "geometry": {"type": "Point", "coordinates": ["9.4154093", "47.0432774"]}}, {"type": "Feature", "properties": {"identifier": "7d14c721-8330-4cb6-9f02-8e64b3cd5250", "name": "Bistro Hafen West", "description": "Das im Mai 2023 neu er\u00f6ffnete Bistro liegt direkt am Ufer des Walensees. Der freie Blick von der Sonnenterrasse auf den See und die Churfirsten ist atemberaubend.\nVielf\u00e4ltiger Genuss zeichnet unser Selbstbedienungs-Bistro aus: \nGeniessen sie einen erfrischenden Aperitif, den AngusBeefBurger mit knackigen Salaten, oder bei einem Glas Wein die fantastische Naturkulisse und mit etwas Gl\u00fcck einen spektakul\u00e4ren Sonnenuntergang.", "url": "https://www.bistrohafenwest.ch/", "image": "https://hltpimtsoch.sos-ch-dk-2.exoscale-cdn.com/catalog/d/c/b/6/dcb6c50f82bff202d4afa0149e05eafcc4514557_Sonnenterrasse_Bistro_Hafen_West.jpg", "openstreetmap_id": "way/413053136"}, "geometry": {"type": "Point", "coordinates": ["9.285898174697886", "47.113664299999996"]}}, {"type": "Feature", "properties": {"identifier": "82ae06fb-bf9c-4634-b23a-275d0806d7b6", "name": "Bergrestaurant Prodalp", "description": "Das Bergrestaurant Prodalp ist ein klassisches Selbstbedienungsrestaurant, mit bis zu 400 Sitzpl\u00e4tzen. Die verschiedenen R\u00e4ume sind mit mobilem Mobiliar ausgestattet, was einen flexiblen Einsatz erm\u00f6glicht. Die grossz\u00fcgige Terrasse bietet weitere 250 Sitzpl\u00e4tze, wovon sich ein Teil im \u00fcberdachten Sektor mit Windschutzverglasung befindet. Das Bergrestaurant Prodalp bietet idealen Raum f\u00fcr individuelle Anl\u00e4sse von Firmen, Vereinen oder Gruppen sowie beste Voraussetzungen f\u00fcr Meetings, Seminare und gr\u00f6ssere Veranstaltungen.\n\nDas Prodissimo ist der ideale Ort f\u00fcr einen Zwischenhalt bei Ihrem Wintersporttag am Flumserberg. Wir bieten Ihnen neben einer grossen Auswahl an Getr\u00e4nken, leckere Snacks sowie Geb\u00e4ck. Des Weiteren verkaufen wir bei uns die attraktiven Artikel aus dem Flumserberg FanShop. Das Prodissimo befindet sich direkt neben der CLiiMBER Ausgabestelle bei der Talstation der 8er-Sesselbahn Prodkamm.\n\nDie moderne FahrBar besitzt eine abwechslungsreiche Getr\u00e4nkekarte mit warmen und kalten Drinks f\u00fcr jeden Geschmack. Die FahrBar ist der perfekte Ort f\u00fcr einen Zwischenstopp - sei es bei einem erlebnisreichen Wintersporttag oder einer atemberaubenden Winterwanderung am Flumserberg.", "url": "http://www.prodalp.ch", "image": "https://hltpimtsoch.sos-ch-dk-2.exoscale-cdn.com/catalog/9/c/0/d/9c0d7d4e15aec9dd61b36eae9ac369ac8b1f44f5_Prodalp_Aussenansicht.jpg", "openstreetmap_id": "way/194824439"}, "geometry": {"type": "Point", "coordinates": ["9.289385010844985", "47.08064675"]}}, {"type": "Feature", "properties": {"identifier": "83cd51e2-4403-4b78-9cff-eed27d56dec8", "name": "Skih\u00fcttli Golerberg", "description": "Bescheidene H\u00fctte mit heimeliger Gaststube und sonniger Terrasse mit herrlicher Aussicht.\n\nDie H\u00fctte steht bei der Bergstation des Skilift Tristeli.\n\nDas H\u00fcttli ist von St.Margrethenberg \u00fcber den Winterwanderweg, von November bis M\u00e4rz immer gut zu erreichen.", "url": "http://www.golerberg.ch", "image": "https://hltpimtsoch.sos-ch-dk-2.exoscale-cdn.com/catalog/e/5/a/6/e5a69a902e7ea949953d5df5f3ec7a95be2045ce_1000166665__2.jpg", "openstreetmap_id": "way/334962856"}, "geometry": {"type": "Point", "coordinates": ["9.50096705084561", "46.97508481906897"]}}, {"type": "Feature", "properties": {"identifier": "84fe53c7-2246-4fb1-b78c-2c025109f3a7", "name": "Restaurant Senn\u00e4stube", "description": "Heimelig, gem\u00fctliches Restaurant mit direkter Einsicht durch eine Glaswand in die Produktionsr\u00e4ume der Alpk\u00e4serei. Gut b\u00fcrgerliche K\u00fcche, K\u00e4sespezialit\u00e4ten und Kindermenus f\u00fcr die kleinen G\u00e4ste.  \n\nIm Winter\nDer ideale Ausgangspunkt zum Langlaufen sowie f\u00fcr die Hundeschlittentouren. Ausserdem beginnen hier mehrere idyllische Winterwanderwege.\n\nIm Sommer\nAusgangspunkt f\u00fcr diverse Wanderwege ins Wanderparadies Flumserberg. Grosse Gartenwirtschaft mit Kinderspielplatz und wundersch\u00f6ner Aussicht auf die imposante Bergwelt.", "url": "https://www.sennenstube.ch", "image": "https://hltpimtsoch.sos-ch-dk-2.exoscale-cdn.com/catalog/8/5/0/9/8509aeff1a4f5c12f4e3d1db3e53702ead27b139_Sennastube.jpg", "openstreetmap_id": "way/258195817"}, "geometry": {"type": "Point", "coordinates": ["9.287814338148326", "47.089852"]}}, {"type": "Feature", "properties": {"identifier": "86cdf6c2-b02f-42f4-8972-fe35889ef0d3", "name": "Alprestaurant Pan\u00fc\u00f6l", "description": "St\u00e4rken Sie sich f\u00fcr Ihren Tag auf den Ski bei einem Aufenthalt im Alprestaurant Pan\u00fc\u00f6l. Die Inneneinrichtung aus viel Holz verspricht eine heimelige Atmosph\u00e4re und auch die gem\u00fctliche Sonnenterrasse l\u00e4dt zum Verweilen ein. Der Blick auf die rundumliegende Bergwelt ist \u00fcberw\u00e4ltigend.\n\nDas Alprestaurant Pan\u00fc\u00f6l ist auch zu Fuss erreichbar. Erleben Sie die Ruhe am Flumserberg bei einer gem\u00fctlichen Winterwanderung ab Prodalp oder besuchen Sie das Alprestaurant mit dem Pan\u00fc\u00f6l-Sessel via Maschgenkamm.\n\nSowohl im Alprestaurant Pan\u00fc\u00f6l wie auch in der Alph\u00fctte Pan\u00fc\u00f6l werden \u00dcbernachtungsm\u00f6glichkeiten angeboten.", "url": "http://www.alprestaurant-panuol.ch", "image": "https://hltpimtsoch.sos-ch-dk-2.exoscale-cdn.com/catalog/7/3/c/b/73cba293a9519b05503b829e51878a0583e7c8f3_Alprestaurant_Pan____l.jpg", "openstreetmap_id": "node/254726096"}, "geometry": {"type": "Point", "coordinates": ["9.2581777", "47.0630157"]}}, {"type": "Feature", "properties": {"identifier": "871568b2-ed4f-4f2f-abae-8c6aafe066bb", "name": "Kuppelwieser's Hofladen & Hofcaf\u00e9", "description": "Wo w\u00e4re es authentischer unsere Produkte zu verk\u00f6stigen und zu verkaufen, als am gleichen Ort an dem unsere Bio-Produkte wachsen? Wir sind die Kupplis. Seit 1997 helfen wir unseren leckeren Bio \u00c4pfeln und Beeren ihr nat\u00fcrliches Aroma bestens zu entfalten. Diese aromatischen und saftigen Fr\u00fcchte, weitere regionale Produkte, sowie unsere hofeigenen Getr\u00e4nke (z&#039;wilda Heidi) k\u00f6nnen Sie frisch in unserem Hofladen beziehen. Auch das leckere Kuchen- &amp; Tortenbuffet sollten Sie sich nicht entgehen lassen.", "url": "https://www.kuppelwieser.bio", "image": "https://hltpimtsoch.sos-ch-dk-2.exoscale-cdn.com/catalog/8/5/d/0/85d0125b8911fdbc168dcec210489c78d615c7a0_kuppelwieser_hofladen_hofcafe.jpg", "openstreetmap_id": "way/430641995"}, "geometry": {"type": "Point", "coordinates": ["9.492037296295168", "47.027692589035"]}}, {"type": "Feature", "properties": {"identifier": "8b40c0df-6ed0-498c-9202-e90530816ef2", "name": "Luzi Boner Bio-Weinbau und Brennerei", "description": "Bio ist bei uns nicht nur ein Trend! Seit \u00fcber 25 Jahren d\u00fcrfen wir unsere Produkte mit der Bio Suisse Knospe auszeichnen. Unser kleiner Familienbetrieb, inzwischen in der sechsten Generation, zeichnet sich durch Vielf\u00e4ltigkeit und famili\u00e4rer Stimmung aus. Ohne Hype und Bluff produzieren wir mit grosser Sorgfalt und Hingabe diverse Weine und Edelbr\u00e4nde.", "url": "http://www.boner-wein.ch", "image": "https://hltpimtsoch.sos-ch-dk-2.exoscale-cdn.com/catalog/2/3/0/6/23066622dec24cdbcc294def64741c02895b306d_neu2.jpg", "openstreetmap_id": "way/232221301"}, "geometry": {"type": "Point", "coordinates": ["9.5753616", "46.9819488"]}}, {"type": "Feature", "properties": {"identifier": "8be2c482-c60b-4950-9fef-1ef302edd52f", "name": "Rastst\u00e4tte Walensee", "description": "Die Rastst\u00e4tte Walensee liegt an der A3 bei Unterterzen und besticht durch die wundersch\u00f6ne Aussicht auf das Churfirstenmassiv. Die Rastst\u00e4tte kann von beiden Fahrtrichtungen erreicht werden. Ein kurzer Fussmarsch (14 Min.) verbindet die beiden Rastst\u00e4tten. Den Walensee und seine Umgebung aus einer erh\u00f6hten Perspektive zu betrachten und dazu ein feines Essen im Panoramarestaurant geniessen ist ein Highlight und Erholung pur.\n\nDas Panoramarestaurant ist mit dem G\u00fctesiegel Best of Swiss Gastro ausgezeichnet. F\u00fcr die kleinen G\u00e4ste gibt es einen Spielplatz gleich neben dem Panoramarestaurant. Die Schirmbar \u00fcberzeugt mit gem\u00fctlicher Atmosph\u00e4re.\n\nDie Rastst\u00e4tte ist behindertengerecht eingerichtet.\n\nDie moderne Tankstelle ist 24 h f\u00fcr Sie ge\u00f6ffnet. Tanks\u00e4ulen mit Notenautomaten (CHF oder Euro) zur Selbstbedienung stehen stets zur Verf\u00fcgung.", "url": "http://www.gruppe-thurau.ch/walensee_raststaette.html", "image": "https://hltpimtsoch.sos-ch-dk-2.exoscale-cdn.com/catalog/e/6/5/6/e6562aba64e88bb58966e819da10696bf46f4284_Rastst__tte___bersicht.jpg", "openstreetmap_id": "node/225633212"}, "geometry": {"type": "Point", "coordinates": ["9.266331174697704", "47.1127102"]}}, {"type": "Feature", "properties": {"identifier": "8efc11d3-ac26-4a45-8956-3dd9b1f6106f", "name": "Restaurant Altes Bad Pf\u00e4fers", "description": "Bad Pf\u00e4fers dient seit jeher dem Wohl der Menschen, einst als Heilbad, heute als Ort der Erholung und Gastlichkeit. Lassen Sie sich von K\u00fcche, Keller und Service in bester Tradition verw\u00f6hnen.\n\nIn der einladenden Gaststube und dem festlichen Saal verw\u00f6hnt das Restaurant des Alten Bad Pf\u00e4fers die Besucher mit K\u00f6stlichkeiten aus K\u00fcche und Keller sowie mit einem aufmerksamen Service in bester Badtradition. \n\nF\u00fcr kleinere Erfrischungen steht f\u00fcr Familien, Schulen und Wandergruppen ein Selbstbedienungskiosk mit Imbissen, Getr\u00e4nken und Naschereien offen. Diese k\u00f6nnen unmittelbar nebendem Thermalwasserbrunnen im Freien genossen werden.", "url": "http://www.altes-bad-pfaefers.ch", "image": "https://hltpimtsoch.sos-ch-dk-2.exoscale-cdn.com/catalog/f/0/e/0/f0e01af92550145ddba64ba921006b935d7535d5_Alte_Kueche01.jpg", "openstreetmap_id": "way/363320241"}, "geometry": {"type": "Point", "coordinates": ["9.48792985186627", "46.9739092"]}}, {"type": "Feature", "properties": {"identifier": "9093baaf-8279-4aba-b9f5-b44ad0c6c558", "name": "Restaurant Adler", "description": "Das Gourmetrestaurant Adler in Fl\u00e4sch mit seinen gem\u00fctlichen Gaststuben ist ein bezauberndes Haus mit zeitlosem Charme und der Treffpunkt von Gourmets und Weinliebhabern aus der ganzen Welt. \nSiggi Tschurtschenthaler und sein Team sorgen mit herzlichem Service und feinen K\u00f6stlichkeiten aus der K\u00fcche daf\u00fcr, dass Sie sich wohlf\u00fchlen. Dar\u00fcber hinaus begeistert Sie Melanie mit edlen Tropfen aus einem der wohl aussergew\u00f6hnlichsten Weinkeller der Region.", "url": "https://www.adlerflaesch.ch", "image": "https://hltpimtsoch.sos-ch-dk-2.exoscale-cdn.com/catalog/f/8/c/2/f8c285e889f72332f29a28617018c72c1feea777_IMG_6999_Restaurant.jpg", "openstreetmap_id": "node/955462383"}, "geometry": {"type": "Point", "coordinates": ["9.5132443", "47.0266975"]}}, {"type": "Feature", "properties": {"identifier": "9e46c2f6-795a-4f15-a31f-b4e2dcc4f5b2", "name": "Caf\u00e9 Kilian", "description": "Caf\u00e9 mit gem\u00fctlicher Einrichtung, die dazu einladen stundenlang zu verweilen, Kaffee zu trinken und Kuchen zu essen.", "url": "https://www.cafe-kilian.ch/joomla/", "image": "https://hltpimtsoch.sos-ch-dk-2.exoscale-cdn.com/catalog/b/3/e/6/b3e6e4876f96b6062d122f72310e5fd5231d7862_lokal0_1200.jpg", "openstreetmap_id": "relation/1683906"}, "geometry": {"type": "Point", "coordinates": ["9.420336492003223", "47.0489589114756"]}}, {"type": "Feature", "properties": {"identifier": "9f4c20d2-7dee-4968-b886-116d5e9c7bd3", "name": "H\u00f6fli Pub", "description": "Aussergew\u00f6hnliches, Gastronomie-Konzept. Geniessen Sie die einmalige Atmosph\u00e4re und Ambiente in unseren mystischen und faszinierenden Gew\u00f6lben.", "url": "https://www.hoeflipub.ch/", "image": "https://hltpimtsoch.sos-ch-dk-2.exoscale-cdn.com/catalog/8/d/c/5/8dc5a9d38ff7de70c74fabed4dc524da292f0e16_IMG_2622.jpeg", "openstreetmap_id": "way/377480157"}, "geometry": {"type": "Point", "coordinates": ["9.420218544565927", "47.047087672127"]}}, {"type": "Feature", "properties": {"identifier": "a126ba9b-d533-4878-9b22-0836b97b3cff", "name": "Landgasthof Linde", "description": "In der Mitte von Berschis gelegen, strahlt das 300-j\u00e4hrige Haus jede Menge Tradition und Heimatverbundenheit aus. Treten Sie ein und lassen Sie sich von den gem\u00fctlichen R\u00e4umen \u00fcberraschen. Das Restaurant und das St\u00fcbli werden mit viel Liebe zum Detail geschm\u00fcckt und gepflegt.\n\nGeniessen Sie im rauchfreien St\u00fcbli einen oder mehrere G\u00e4nge des w\u00f6chentlich wechselndes Feinschmeckermen\u00fcs. Im heimeligen Dorfbeizli werden die preiswerten Gerichte mit ebenso viel Liebe zubereitet.", "url": "http://www.lindeberschis.ch", "image": "https://hltpimtsoch.sos-ch-dk-2.exoscale-cdn.com/catalog/f/6/0/1/f60126c8065f368b38a6d199de7b47b28f23e556__DSC8373.jpg", "openstreetmap_id": "node/5493974978"}, "geometry": {"type": "Point", "coordinates": ["9.3461533", "47.1063672"]}}, {"type": "Feature", "properties": {"identifier": "a66dfa9b-17fa-4790-922a-2aceafb0d12c", "name": "Liesch Weine AG, Ueli & J\u00fcrg Liesch", "description": "Rebberge, Keller und Verkaufsr\u00e4ume liegen idyllisch mitten im Gr\u00fcnen. Geniessen Sie einen Kurzbesuch oder einen langen Einblick in die Welt des Winzers oder mieten Sie die R\u00e4umlichkeiten, um Ihren Anlass selbst gestalten.", "url": "http://www.liesch-weine.ch", "image": "https://hltpimtsoch.sos-ch-dk-2.exoscale-cdn.com/catalog/0/1/1/8/011859a192f74a82765e5e0f4756aeed2bbb5c91_DJI_0221__1280x853_.jpg", "openstreetmap_id": "way/1188429141"}, "geometry": {"type": "Point", "coordinates": ["9.55787241817269", "46.988163530330276"]}}, {"type": "Feature", "properties": {"identifier": "a69745dc-4f1e-4f55-8484-a14a8d3311b6", "name": "Restaurant Forum Landquart", "description": "<div class=\"elementor-element elementor-element-f039019 elementor-widget elementor-widget-text-editor\" data-id=\"f039019\" data-element_type=\"widget\" data-e-type=\"widget\" data-widget_type=\"text-editor.default\"><p>Das&nbsp;<strong data-start=\"4\" data-end=\"24\">Restaurant Forum</strong>&nbsp;ist ein Ort, an dem Tradition und Genuss aufeinandertreffen. Hier wird mit Leidenschaft gekocht, ehrlich, bodenst&auml;ndig und immer frisch.</p></div><div class=\"elementor-element elementor-element-973c26b elementor-widget elementor-widget-text-editor\" data-id=\"973c26b\" data-element_type=\"widget\" data-e-type=\"widget\" data-widget_type=\"text-editor.default\"><p>Die K&uuml;che bietet klassische Schweizer und &ouml;sterreichische Spezialit&auml;ten, zubereitet mit besten regionalen Zutaten. Ob zum gem&uuml;tlichen Mittagessen, zum Abendessen mit Freunden oder f&uuml;r besondere Anl&auml;sse, im Restaurant Forum steht das Wohl der G&auml;ste immer im Mittelpunkt.</p></div>", "url": "https://restaurant-forum.ch/", "image": "https://hltpimtsoch.sos-ch-dk-2.exoscale-cdn.com/catalog/4/1/2/6/41269eb8045149b648c2d48667894529ea2b90c9_bdee7426_b803_4737_852f_56d7c2423c0e__1_.jpeg", "openstreetmap_id": "way/364906798"}, "geometry": {"type": "Point", "coordinates": ["9.562952208064512", "46.957444100000004"]}}, {"type": "Feature", "properties": {"identifier": "a999ed1a-7b9a-4c36-af65-56b174cd58a1", "name": "Restaurant Zanai", "description": "Bei uns geniessen Sie frische, regionale, saisonale K\u00f6stlichkeiten aus der Schweizer K\u00fcche, serviert in modernen Interpretationen. Zus\u00e4tzlich zu unseren saisonalen Spezialit\u00e4ten und der \u00e0-la-carte-Auswahl pr\u00e4sentieren wir Ihnen jede Woche wechselnde \u00abWochenhits\u00bb. Diese exklusiven Kreationen unseres K\u00fcchenteams sind stets frisch, innovativ und spiegeln die Vielfalt der Schweizer K\u00fcche wider.\n\nAuf Wunsch kochen wir auch laktose- und glutenfrei und informieren Sie gerne \u00fcber die verwendeten Zutaten in unseren Gerichten.\n\nDas Restaurant Zanai befindet sich im Rehazentrum Valens und ist t\u00e4glich ge\u00f6ffnet. Wir freuen uns auf Ihren Besuch!", "url": "https://www.restaurant-zanai.ch/", "image": "https://hltpimtsoch.sos-ch-dk-2.exoscale-cdn.com/catalog/4/d/e/c/4dec1e66ad60e07bfe63e583930a28292ff06b68_Restaurant_Zanai_1.jpg", "openstreetmap_id": "node/419793506"}, "geometry": {"type": "Point", "coordinates": ["9.4833655", "46.9698933"]}}, {"type": "Feature", "properties": {"identifier": "af3b8400-d29a-401a-8757-fd754d43dcaf", "name": "Berggasthaus Eggwald", "description": "<p class=\"MsoNormal\"><strong><span lang=\"DE-CH\" style=\"font-size: 10.0pt; font-family: 'Arial',sans-serif; color: black; mso-ansi-language: DE-CH;\">Willkommen in unserem Berggasthaus Eggwald</span></strong></p><p class=\"MsoNormal\"><span lang=\"DE-CH\" style=\"font-size: 10.0pt; font-family: 'Arial',sans-serif; color: black; mso-ansi-language: DE-CH;\">Ruhig gelegen und fernab vom Alltag ist unser Berggasthaus der ideale Ort zum Abschalten und Geniessen.<br>Wir bieten &Uuml;bernachtungen mit Halbpension an und legen grossen Wert auf eine pers&ouml;nliche, entspannte Atmosph&auml;re.</span></p><p class=\"MsoNormal\"><span lang=\"DE-CH\" style=\"font-size: 10.0pt; font-family: 'Arial',sans-serif; color: black; mso-ansi-language: DE-CH;\">Unsere G&auml;ste &uuml;bernachten in zwei neu renovierten Doppelzimmern oder in unserem gem&uuml;tlichen Touristenlager.</span></p><p class=\"MsoNormal\"><span lang=\"DE-CH\" style=\"font-size: 10.0pt; font-family: 'Arial',sans-serif; color: black; mso-ansi-language: DE-CH;\">F&uuml;r E-Biker offerieren wir eine E-Bike Ladestation, wo Sie gratis auftanken k&ouml;nnen. </span></p><p class=\"MsoNormal\"><span lang=\"DE-CH\" style=\"font-size: 10.0pt; font-family: 'Arial',sans-serif; color: black; mso-ansi-language: DE-CH;\">F&uuml;r Gruppen oder Familien organisieren wir sehr gerne Anl&auml;sse wie Geburtstagsfeiern oder &auml;hnliche Veranstaltungen und gestalten diese individuell nach Ihren W&uuml;nschen.</span></p>", "url": "https://www.eggwald-kunkelspass.ch", "image": "https://hltpimtsoch.sos-ch-dk-2.exoscale-cdn.com/catalog/d/3/1/1/d3110502a2a9766efb7ae46d1ff5c4a2c3d6bb88_Eggwald_mit_Steingarten__004_.jpg", "openstreetmap_id": "way/267197433"}, "geometry": {"type": "Point", "coordinates": ["9.410965693257875", "46.87034355"]}}, {"type": "Feature", "properties": {"identifier": "b0d43f58-f491-432f-8387-84c4e5e8d7d5", "name": "Restaurant Hotel Neu-Sch\u00f6nstatt", "description": "Das Caf\u00e9-Restaurant Neu-Sch\u00f6nstatt in Quarten verzaubert mit seiner einzigartigen Lage und einem atemberaubenden Blick auf die Churfirsten und den Walensee. Auf unserer sonnigen Sommerterrasse k\u00f6nnen Sie diese spektakul\u00e4re Aussicht besonders geniessen. Ob mit der Familie, Freunden oder Ihrer Wandergruppe \u2013 ein Besuch im Zentrum Neu-Sch\u00f6nstatt verspricht Genuss, Erholung und unvergessliche Momente zu jeder Jahreszeit.", "url": "https://neuschoenstatt.ch/gastronomie/?gad_source=1&gclid=EAIaIQobChMIgtiqvNvkhwMVK5CDBx1RJAbJEAAYASABEgJA2vD_BwE", "image": "https://hltpimtsoch.sos-ch-dk-2.exoscale-cdn.com/catalog/7/6/b/c/76bc05b79506e3b42ded48d088df7d628c403900_Restaurant__4_.jpg", "openstreetmap_id": "node/1639950890"}, "geometry": {"type": "Point", "coordinates": ["9.2419932", "47.1094131"]}}, {"type": "Feature", "properties": {"identifier": "b29ce56a-9b70-4643-9045-501cddcb69a5", "name": "Signer B\u00e4ckerei", "description": "Echta Gnuss vom Morga bis am Obig.\n\nBei der ersten F\u00fcnf Sterne B\u00e4ckerei der Schweiz stehen die Kundinnen und Kunden im Zentrum. Freundlichkeit und Dienstleistung werden hier GROSS geschrieben. Das Herzblut, welches im Betrieb steckt, ist vom Gast sp\u00fcrbar.\n\nSpezialist f\u00fcr Nusstorten, gef\u00fcllte Brote, Pralin\u00e9e und regionale Produkte.", "url": "https://www.baeckerei-signer.ch/", "image": "https://hltpimtsoch.sos-ch-dk-2.exoscale-cdn.com/catalog/d/f/d/b/dfdba5cddb240338cab6de3ae768aa20764f1be4_IMG_3324.JPG", "openstreetmap_id": "way/807871941"}, "geometry": {"type": "Point", "coordinates": ["9.562815427780153", "46.9327736500131"]}}, {"type": "Feature", "properties": {"identifier": "bb4f3414-3cc1-4dc0-84a5-06e30128de7d", "name": "Grotto \"KALIFORNI\" CasaNova Wein Pur", "description": "In unserem Grotto KALIFORNI direkt am Walensee pr\u00e4sentieren wir unsere selber produzierten Weine, Tapas und eine besondere Atmosph\u00e4re im Mikroklima zwischen See und den steilen Kalkfelsw\u00e4nden der Churfirsten.", "url": "https://www.casanova-weinpur.ch", "image": "https://hltpimtsoch.sos-ch-dk-2.exoscale-cdn.com/catalog/c/b/0/5/cb056f01910e3ba484c7f80d534148f2c8919283_9f517ade_b739_4f4a_87eb_26e4cfd2bfc8__2.jpeg", "openstreetmap_id": "node/9406872552"}, "geometry": {"type": "Point", "coordinates": ["9.29348945617676", "47.12884106799356"]}}, {"type": "Feature", "properties": {"identifier": "bbe65652-c491-4cfd-96cf-c3b3c4a6368e", "name": "Caf\u00e9 Therme", "description": "Hier treffen Thermeng\u00e4ste auf Spazierg\u00e4nger und Kaffeeklatschfrauen auf W-Lan suchende Arbeitshungrige. Egal, ob Sie einen ruhigen Lese- oder Arbeitsmoment f\u00fcr sich brauchen oder Ihnen nach einem geselligen Gespr\u00e4ch mit einem lieben Menschen ist \u2013 im Caf\u00e9 Therme findet jeder und jede seinen Lieblingsplatz. Steht Ihnen das Bed\u00fcrfnis nach einem schmackhaften Snack, einer gesunden Erfrischung, einem warmen Lunch oder eher einem vitalen Fr\u00fchst\u00fcck? Sie haben die Wahl.\n\nIm Fr\u00fchling, Sommer und Herbst erw\u00e4rmt die Sonne Ihr gem\u00fctliches Verweilen auf der Terrasse. Ein prickelnder Ap\u00e9ro oder ein gen\u00fcssliches Fr\u00fchst\u00fcck mit Blick auf das B\u00fcndner Bergpanorama lassen Stunden wie Minuten verstreichen.", "url": "http://www.taminatherme.ch", "image": "https://hltpimtsoch.sos-ch-dk-2.exoscale-cdn.com/catalog/f/f/d/e/ffde5fee6726394ebe6debf7524890414611d15a_b81f188023bd7b913cc7439053347dac63a29e53.jpg", "openstreetmap_id": "way/1167229068"}, "geometry": {"type": "Point", "coordinates": ["9.504509586064522", "46.999249500000005"]}}, {"type": "Feature", "properties": {"identifier": "bc7fba53-5dc1-472f-9ab4-075fd84e228c", "name": "Stall 247", "description": "Tritt ein in den ehemaligen Kuhstall. Wo fr\u00fcher die K\u00fche W\u00e4rme und Behaglichkeit genossen, finden heute unsere G\u00e4ste die besten Weine aus Graub\u00fcnden in Kombination mit regionalen kulinarischen Gen\u00fcssen.\n\nUnser Stall ist das ganze Jahr \u00fcber f\u00fcr dich zu unseren \u00d6ffnungszeiten ge\u00f6ffnet. Schau vorbei und geniesse saisonale K\u00f6stlichkeiten: ob leckere Men\u00fcs, Tapas oder einfach ein Glas Wein.\n\nNeben dem B\u00fcndner Wein haben Regionalit\u00e4t und Saisonalit\u00e4t einen sehr hohen Stellenwert bei uns. Wir bieten das an, was gerade im Garten w\u00e4chst oder die Metzgerei schlachtet.\n\nDas erwartet dich:\n\n- 20 Weine im Offenausschank an unserer Weinstrasse\n- Saisonale Tapas: nachmittags und jeden Mittwochabend\n- Feine Mittagsmen\u00fcs: am Wochenende\n- \u00dcberraschende Abendmen\u00fcs: von Donnerstag bis Samstag\n\nIn unserer Vinothek findest du ausserdem eine erlesene Auswahl an Weinen aus Graub\u00fcnden - perfekt zum Mitnehmen oder als Geschenk.\n\nWir freuen uns auf deinen Besuch!", "url": "https://www.stall247.ch/", "image": "https://hltpimtsoch.sos-ch-dk-2.exoscale-cdn.com/catalog/c/0/5/0/c0506aa5979a17ade22ed482a27080518ee316ac_20250820_165249_web.jpg", "openstreetmap_id": "way/135931889"}, "geometry": {"type": "Point", "coordinates": ["9.53021885", "47.01033045"]}}, {"type": "Feature", "properties": {"identifier": "bf35f867-166c-45a2-851a-6d65f4c4ae53", "name": "A-M Dorf Caf\u00e9 Bad Ragaz", "image": "https://hltpimtsoch.sos-ch-dk-2.exoscale-cdn.com/catalog/e/2/1/c/e21c9c11feed5b9342370bb3c28c06cc457cd157_769051838_122105494323427683_3096215142602097724_n.jpg", "openstreetmap_id": "way/44368148"}, "geometry": {"type": "Point", "coordinates": ["9.5011569", "47.0031118"]}}, {"type": "Feature", "properties": {"identifier": "c310b85b-23e9-4b33-b283-3a197a899a1c", "name": "Restaurant Chutnee", "description": "Freuen Sie sich auf eine aufregende Mischung aus indischer K\u00fcche, Tandoori-Spezialit\u00e4ten (Freitag- und Samstagabend) und beliebten europ\u00e4ischen Gerichten.", "url": "https://chutnee.ch/de/", "image": "https://hltpimtsoch.sos-ch-dk-2.exoscale-cdn.com/catalog/8/c/3/7/8c37af8302dc2a7c997135afa613931dfa1a60d1_Chutnee_2.jpg", "openstreetmap_id": "way/832298013"}, "geometry": {"type": "Point", "coordinates": ["9.508478450305667", "46.99743255"]}}, {"type": "Feature", "properties": {"identifier": "c47b96a8-b101-4d87-875b-b44cedb53eab", "name": "Restaurant Zollstube", "description": "Typisch schweizerisch ist die Atmosph\u00e4re im Restaurant Zollstube. Urchig und trotzdem mond\u00e4n. Hier finden Sie regionale und nationale Spezialit\u00e4ten auf der Speisekarte: R\u00f6sti und Fondue, B\u00fcndner Gerstensuppe und Z\u00fcrcher Kalbs-Geschnetzeltes. Dar\u00fcber hinaus hat die \u00abZollstube\u00bb mehr als 15 verschiedene Biersorten im Angebot. Die ausgesuchten Biere stammen aus kleinen, unabh\u00e4ngigen Schweizer Brauereien. Darunter auch das 36.5\u00b0 Quell \u2013 unser Hausbier. Gebraut mit Thermalwasser aus der Taminaschlucht.", "url": "https://www.resortragaz.ch/de/restaurants-und-bars/zollstube", "image": "https://hltpimtsoch.sos-ch-dk-2.exoscale-cdn.com/catalog/1/7/d/b/17db99397a3c6611c106a1ed4ba1934c082ca7ea_GRBR_06_22_Zollstube_0309_HDR_600x400.jpg", "openstreetmap_id": "node/7770673145"}, "geometry": {"type": "Point", "coordinates": ["9.501874", "47.0004126"]}}, {"type": "Feature", "properties": {"identifier": "c5092f28-71e2-4c0b-9d12-c9ba814ca86c", "name": "Huus vom B\u00fcndner Wii", "description": "Im \u00abHuus vom B\u00fcndner Wii\u00bb vom Branchenverband Graub\u00fcnden Wein, dem rund 70 Weinbaubetriebe angeh\u00f6ren, ist der B\u00fcndner Wein f\u00fcr das breite Publikum erlebbar. Der Erweiterungsbau beim Alten Torkel in Jenins beinhaltet einen Pr\u00e4sentationsraum, der f\u00fcr Degustationen bestens geeignet ist und viel Wissenswertes \u00fcber den B\u00fcndner Wein vermittelt. Unter anderem werden im \"Huus vom B\u00fcndner Wii\" regelm\u00e4ssig \u00f6ffentliche F\u00fchrungen und Degustationen angeboten:\n\n- Rebrundgang mit Degustation: 90-min\u00fctiger Rundgang durch die Reben mit anschliessender Degustationstechnik, von April bis Oktober mit Voranmeldung", "url": "https://graubuendenwein.ch/", "image": "https://hltpimtsoch.sos-ch-dk-2.exoscale-cdn.com/catalog/6/4/d/a/64daf3768e49773a3c663defcd8b30f75ebf465d_Haus_des_B__ndner_Weins_3.jpg", "openstreetmap_id": "node/3556757066"}, "geometry": {"type": "Point", "coordinates": ["9.5525691", "47.0006912"]}}, {"type": "Feature", "properties": {"identifier": "c675b433-382e-4ac0-a258-a3fa594ea333", "name": "Weingut Fromm, Malans", "description": "SPITZEN PINOT NOIR LAGENWEINE MIT DER ERFAHRUNG VON F\u00dcNF GENERATIONEN UND ZWEI KONTINENTEN.\nSeit 1866 keltert die Familie Fromm Wein im idyllischen Rebbau-Dorf Malans in der B\u00fcndner Herrschaft. 1992 packen Georg & Ruth Fromm die Koffer und die drei jungen Kinder, wandern nach Neuseeland aus und gr\u00fcnden dort die Fromm Winery in Marlborough. Zur\u00fcck in Malans \u00fcbernimmt 2015 ihr Sohn Marco Fromm in f\u00fcnfter Generation die Leitung des Weinguts. Der biologische und regenerative Anbau begleitet die Familie Fromm auf ihrem kompromisslosen Weg, die Eigenheiten der verschiedenen Rebberge und Pinot Noir Klone immer noch st\u00e4rker herauszuarbeiten. Ihre sechs Malanser Lagen Pinot Noirs, Selvenen, Michel, Fidler, K\u00fcng, Spielmann und Sch\u00f6pfi, widerspiegeln die Stilistik des Hauses: Reinheit, Mineralik und aromatische Tiefe.\n\nWEINBAR ab Oktober 2025\nWein probieren, geniessen und kaufen. Jeden Freitag und Samstag k\u00f6nnt ihr eure Weinbestellungen abholen kommen oder einfach kurz abschalten, die Aussicht, den Wein und ein kleines Pl\u00e4ttli geniessen.", "url": "http://www.weingut-fromm.ch", "image": "https://hltpimtsoch.sos-ch-dk-2.exoscale-cdn.com/catalog/d/b/d/1/dbd149382a065b40691f761db1fb6d0e9d6efcb7_IMG_7395.JPG", "openstreetmap_id": "way/232221595"}, "geometry": {"type": "Point", "coordinates": ["9.574665424241683", "46.98341325"]}}, {"type": "Feature", "properties": {"identifier": "c76451b9-c0b6-4b7d-badb-09c558957a5e", "name": "L\u00f6wen Braceria & Pizzeria", "description": "Pizza aus dem Holzofen, Pastagerichte sowie Fleischspezialit\u00e4ten vom Holz- und Kohlegrill werden mit italienischem Flair zubereitet. F\u00fcr jeden Gast haben wir das richtige Angebot, lassen Sie sich \u00fcberraschen. Unser professionelles Serviceteam freut sich, Sie zu verw\u00f6hnen.\n\nDas L\u00f6wen-Team freut sich auf Ihren Besuch.", "url": "https://www.loewen-maienfeld.ch/", "image": "https://hltpimtsoch.sos-ch-dk-2.exoscale-cdn.com/catalog/f/f/1/8/ff1852b237f97f350c1297075dda797657a08fe9_Foto_Flyer_Braceria_09.2025__4.jpg", "openstreetmap_id": "way/135931932"}, "geometry": {"type": "Point", "coordinates": ["9.5306138", "47.0082051"]}}, {"type": "Feature", "properties": {"identifier": "d001c6f3-ec3f-48d8-ae60-1e77f50d6ea5", "name": "Restaurant Kiesfang", "description": "Das Restaurant Kiesfang, ein Zusammenspiel aus moderner Architektur, l\u00e4ndlicher Bodenst\u00e4ndigkeit, traditionellem Treffpunkt und Offenheit. Es liegt mitten im Sarganserland am beschaulichen Weiher Kiesfang und an dem angrenzenden Spielplatz. Das Restaurant geh\u00f6rt zum \u00f6ffentlichen Teil des Novellas Generationenhauses. \n\nDie verschiedenen R\u00e4umlichkeiten wie Restaurant, Lichthof und Terrasse sind individuell kombinierbar und ideal f\u00fcr Firmenanl\u00e4sse, Vereine und Familienfeste.", "url": "http://www.kiesfang.ch", "image": "https://hltpimtsoch.sos-ch-dk-2.exoscale-cdn.com/catalog/5/6/3/d/563d34fb87eb72854b05c31e164a5d22f7493a5e_IMG_8877.jpeg", "openstreetmap_id": "node/4448714989"}, "geometry": {"type": "Point", "coordinates": ["9.446858167648315", "47.029860867296"]}}, {"type": "Feature", "properties": {"identifier": "d01f1d76-227d-4594-b23e-9a5319a5f8fb", "name": "Alter Torkel - Huus vom B\u00fcndner Wii", "description": "Der Torkel ist sanft umgestaltet - aber selbstverst\u00e4ndlich wurde der alte Charme bewahrt! Das kleine Restaurant Weinstube alter Torkel liegt wundersch\u00f6n mitten in den Rebbergen von Jenins.\n\n- Geniessen - auftanken - sich geborgen f\u00fchlen\n- Staunen - unvergleichliche Landschaften entdecken\n- Die aussergew\u00f6hnlichen Farben der Herrschaft in sich aufnehmen\n- Hervorragende B\u00fcndner Weine entdecken und degustieren\n- Die m\u00e4chtige Baumpresse - original erhalten aus dem Jahr 1722 - bestaunen\n- Spitzenm\u00e4ssige tafeln \u2013 jeder Bissen mit allen Sinnen geniessen", "url": "http://www.torkel.ch", "image": "https://hltpimtsoch.sos-ch-dk-2.exoscale-cdn.com/catalog/e/0/2/3/e0234df3e34df320e9b5c98168d00cc81480be0a_Photokleinformat_3_2_Weinberg_Jenins_Herbst.jpg", "openstreetmap_id": "node/3556757066"}, "geometry": {"type": "Point", "coordinates": ["9.5525691", "47.0006912"]}}, {"type": "Feature", "properties": {"identifier": "d2174ac5-ae95-43a6-8fe8-13140b5923b5", "name": "Bergrestaurant Chr\u00fcz", "description": "Das gem\u00fctliche Bergrestaurant mitten am Erlebnisberg Flumserberg l\u00e4dt Sie zum Verweilen ein. St\u00e4rken Sie sich vor der rasanten Skiabfahrt im Winter oder einer atemberaubenden Wanderung im Sommer mit einem abwechslungsreichen Angebot an Speis und Trank. Im Bergrestaurant Chr\u00fcz wird grossen Wert auf Qualit\u00e4t und Pers\u00f6nlichkeit gelegt und eine gastfreundliche Bedienung gew\u00e4hrleistet.\nDas bediente Restaurant bietet Platz f\u00fcr bis zu 200 Personen und auf der sonnenreichen Terrasse finden ebenfalls gut 180 Personen Platz. \n\nIm Winter bei sch\u00f6ner Witterung erwarten Sie an der Chr\u00fczBar coole Drinks und feine Snacks. Lassen Sie bei einem Besuch Ihre Seele baumeln und geniessen Sie die herrliche Wintersonne und die tolle Atmosph\u00e4re.", "url": "https://www.chruez-flumserberg.ch", "image": "https://hltpimtsoch.sos-ch-dk-2.exoscale-cdn.com/catalog/c/3/e/e/c3eec04089c168ec2c82d1dae0208d373bd47703_Aussenansicht.JPG", "openstreetmap_id": "node/330413576"}, "geometry": {"type": "Point", "coordinates": ["9.270036220550539", "47.08297409902807"]}}, {"type": "Feature", "properties": {"identifier": "dfa3bdeb-ac7f-44d6-8f88-b2f94fa0e94e", "name": "Weinbau Hanspeter Kunz", "description": "Weinkeller mit heimeligem Degustations- und Verkaufsraum. \nPlatz f\u00fcr Gesellschaften bis 20 Personen. 8 verschiedene Weine, 4 weisse, 4 rote.\nImbiss: K\u00e4se und Salsiz, nur kalt.", "url": "http://www.weinbau-kunz.ch", "image": "https://hltpimtsoch.sos-ch-dk-2.exoscale-cdn.com/catalog/4/2/c/7/42c7010644e557c4f52854865803cc05b4297793_wein_weinbau_kunz.jpg", "openstreetmap_id": "way/179015390"}, "geometry": {"type": "Point", "coordinates": ["9.51424827470398", "47.02754775"]}}, {"type": "Feature", "properties": {"identifier": "e11b083d-afcd-462c-8543-540fbe9bed98", "name": "Seilerh\u00fctta V\u00e4ttnerberg", "description": "Nach der kurzen Bergfahrt von 6 Min. mit der Seilbahn gelangen Sie zu uns, direkt bei der Bergstation der V\u00e4ttnerbergseilbahn. Wir belohnen Sie zuerst mit unserer Natur und der herrlichen Aussicht, danach k\u00f6nnen Sie von unserem Angebot profitieren, das zu 95 Prozent von einheimischen Lieferanten und Betrieben ist. \nWeg vom Alltag und lassen Sie sich von uns in der H\u00fctte oder der herrlichen Terrasse verw\u00f6hnen.\n\nBitte beachten Sie die Fahrzeiten der Seilbahn.", "url": "https://www.v\u00e4ttnerberg.ch/", "image": "https://hltpimtsoch.sos-ch-dk-2.exoscale-cdn.com/catalog/3/9/7/3/3973f8522d49e9e2d31748bc07d04f5f7facbbb6_werbung.jpg", "openstreetmap_id": "node/1350041393"}, "geometry": {"type": "Point", "coordinates": ["9.456750154495241", "46.929605285247256"]}}, {"type": "Feature", "properties": {"identifier": "e28252e6-d574-4168-a494-8d0e9f1b731b", "name": "Marina Walensee / Marina Restaurant", "description": "Im Marina Restaurant treffen kulinarische Vielfalt, regionale Qualit\u00e4t und eine traumhafte Lage aufeinander. Freuen Sie sich auf knusprige, frisch zubereitete Pizzen, feine regionale Spezialit\u00e4ten und saisonale Gerichte, die mit viel Liebe zum Detail zubereitet werden \u2013 immer begleitet vom herrlichen Blick auf den Walensee und die Bergwelt.\n\nUnsere vielseitige Getr\u00e4nkeauswahl l\u00e4sst keine W\u00fcnsche offen: von ausgew\u00e4hlten Weinen \u00fcber erfrischende Getr\u00e4nke bis hin zu gem\u00fctlichem Kaffee oder einem Aperitif in der Sonne. Besonders beliebt ist unsere grossz\u00fcgige Sonnenterrasse \u2013 der perfekte Ort, um den Tag genussvoll zu verbringen, w\u00e4hrend die Sonne glitzert und die Seele zur Ruhe kommt.\n\nAuch Familien f\u00fchlen sich bei uns rundum wohl: Direkt neben dem Restaurant sorgen ein Spielplatz im Freien sowie ein liebevoll eingerichtetes Spielzimmer daf\u00fcr, dass sich auch unsere kleinen G\u00e4ste bestens unterhalten f\u00fchlen \u2013 w\u00e4hrend die Grossen entspannt geniessen.\n\nOb Familienessen, Pizza-Abend mit Freunden oder ein genussvoller Stopp nach einem Ausflug: Das Marina Restaurant ist der Treffpunkt f\u00fcr Genuss, Leichtigkeit und entspannte Momente am See.", "url": "https://www.marina-walensee.ch/restaurant/", "image": "https://hltpimtsoch.sos-ch-dk-2.exoscale-cdn.com/catalog/c/f/4/d/cf4d6ab950f7a27e641f484c5d1ffd606036c3a2_Marina_Restaurant__10_.jpg", "openstreetmap_id": "node/690805134"}, "geometry": {"type": "Point", "coordinates": ["9.2561007", "47.1158087"]}}, {"type": "Feature", "properties": {"identifier": "e3d5aee9-37e9-458c-8b7f-8a70d1e35761", "name": "Weinmanufaktur Gonzen", "description": "Die Weinmanufaktur Gonzen steht f\u00fcr Weine mit Charakter.\nEigene Weine und sorgf\u00e4ltig ausgew\u00e4hlte Selektionen \u2013\ngef\u00fchrt unter einem gemeinsamen Anspruch.\n\nWir glauben an Weine mit Pers\u00f6nlichkeit.\nAn Weine, die etwas erz\u00e4hlen,\n\u00fcber Herkunft, Handwerk und die Winzer dahinter.\n\nErschaffen f\u00fcr Menschen, die charaktervolle Weine m\u00f6gen.\n\nWeine, die jeden Moment speziell machen.", "url": "http://www.weinmanufaktur-gonzen.ch", "image": "https://hltpimtsoch.sos-ch-dk-2.exoscale-cdn.com/catalog/b/0/4/a/b04ab0eae7016e76dbee52e4a3e08ed1bfe896a5_Weinmanufaktur_Gonzen_Weinkeller_Web_02_5943_quer__2.jpg", "openstreetmap_id": "way/409298148"}, "geometry": {"type": "Point", "coordinates": ["9.447652294245845", "47.054543249999995"]}}, {"type": "Feature", "properties": {"identifier": "e6166ab5-684a-4b5b-8d9f-29b45243fed1", "name": "Autobahnrastst\u00e4tte March\u00e9 Heidiland", "description": "March\u00e9 Heidiland, wohl eine der bekanntesten Rastst\u00e4tten der Schweiz.\nBereits beim Eingang wartet das Heidi- und Geissenpeterspiel auf unsere G\u00e4ste. Ein Erlebnis f\u00fcr alle Kinder bieten die 2 grossen Spielzimmer, der Aussenspielplatz und das Geissengehege gleich beim Eingang.\n\nGeniessen Sie unser marktfrisches Angebot \u2013 ob eine knusprige R\u00f6sti, saisonales Gem\u00fcse oder das kunterbunte Salatbuffet \u2013 in rustikalem Ambiente. Lassen Sie es sich gut gehen bei uns!", "url": "https://www.marche-schweiz.ch/de/standorte/an-autobahnen.html", "image": "https://hltpimtsoch.sos-ch-dk-2.exoscale-cdn.com/catalog/3/2/7/e/327e81e34e89f7364e5bf7c31bf6981d2e34dd10_Heidiland_Tourismus_Bild_Marche_HIMMEL.jpg", "openstreetmap_id": "way/107680882"}, "geometry": {"type": "Point", "coordinates": ["9.512164592742922", "47.01153892334948"]}}, {"type": "Feature", "properties": {"identifier": "e8207b29-dc4e-4ab5-b835-293e2a0b99c0", "name": "BISTRO Fl\u00e4sch", "description": "Das Bistro f\u00fcr alle Generationen. Bei uns darfst du entspannte Stunden in angenehmer Atmosph\u00e4re verbringen. Geniesse bodenst\u00e4ndige Bistrogerichte, auserlesene Weine, oder das Verweilen in netter Gesellschaft f\u00fcr einen spontanen Umtrunk am Feierabend. F\u00fcr Einheimische, Spazierg\u00e4nger, Wanderer, Velofahrer, Biker ist unser Bistro der perfekte Ort f\u00fcr eine Verschnaufpause und um neue Energie zu tanken.\n\nUnser Bistro ist der perfekte Treffpunkt f\u00fcr Weinliebhaber und Geniesser. Der Fl\u00e4scher Wein ist bei uns Trumpf. Er erz\u00e4hlt uns immer eine Geschichte und deutet die Philosophie seines Winzers an. In unserem Weinangebot findest du eine erlesene Auswahl an Fl\u00e4scher Rot- und Weissweinen.Auch Liebhaber von italienischen und spanischen Weinen werden bei uns auf ihre\u00a0 Kosten kommen.\u00a0Geniesse bei uns ein gutes Glas Wein.\n\nHerzlich willkommen in unserem gem\u00fctlichen Nichtraucherzimmer, das darauf ausgelegt ist, dir ein Gef\u00fchl von Komfort und Geborgenheit zu vermitteln. Unser Zimmer ist liebevoll eingerichtet und bietet eine angenehme Atmosph\u00e4re, in dem du dich wohl f\u00fchlst. Geniesse die Umgebung und lassen den Alltag hinter dir. Unser G\u00e4stezimmer kann f\u00fcr eine oder mehrere N\u00e4chte gebucht werden.", "url": "https://www.bistroflaesch.ch", "image": "https://hltpimtsoch.sos-ch-dk-2.exoscale-cdn.com/catalog/c/f/1/5/cf150cfe8f96003908d1a7e0498b268818dcb176_Screenshot_2025_06_07_133535.png", "openstreetmap_id": "node/4804641179"}, "geometry": {"type": "Point", "coordinates": ["9.5112981", "47.0248149"]}}, {"type": "Feature", "properties": {"identifier": "eaf47ea7-98ff-4f97-822e-279b73857dde", "name": "Weingut Davaz", "description": "Das einzigartige Weingut DAVAZ befindet sich inmitten der malerischen Weinberge im herrschaftlichen Fl\u00e4sch. Seit 1972 werden hier Reben von der Familie DAVAZ angebaut. Bereits zwei Jahre sp\u00e4ter wurde der erste selbst gekelterte Wein direkt ab Hof verkauft \u2013 dieser fand einen hohen Anklang, sodass sich die Produktpalette rund um die eigene Weinproduktion stets weiterentwickelt hat. Mit seiner aussergew\u00f6hnlichen Architektur und eigener Vinothek ist das Weingut DAVAZ ein besonderer Ort f\u00fcr Weinenthusiasten.", "url": "https://www.davaz-wein.ch", "image": "https://hltpimtsoch.sos-ch-dk-2.exoscale-cdn.com/catalog/3/7/c/c/37cc8755d25cda640faed657e2c05b72bc24fd2e_Davaz_Aussicht_Falknis__2.jpg", "openstreetmap_id": "node/4804679714"}, "geometry": {"type": "Point", "coordinates": ["9.5149195", "47.0163005"]}}, {"type": "Feature", "properties": {"identifier": "eb4bae6a-778c-4404-b2ec-6f0a4dffb6b5", "name": "verve by sven", "description": "1 Michelin-Stern | 15 Gault-Millau-Punkte\nSaisonal, authentisch und naturverbunden. So schmeckt die Health-und-Lifestyle-K\u00fcche im Restaurant verve by sven. Eine Ode an die Lebensfreude und den Genuss. Hier werden gesunde, authentische Gerichte in einem stimmigen Ambiente vereint. Kompromisslose Qualit\u00e4t, die sich auch im nat\u00fcrlichen und warmen Innendesign widerspiegelt. Ein lebendiger Treffpunkt mit integrierter Bar, in der pr\u00e4mierte Spirituosen auf alpin-inspirierte Cocktails und handgemachte alkoholfreie Drinks treffen.", "url": "https://www.resortragaz.ch/de/restaurants-und-bars/verve-by-sven", "image": "https://hltpimtsoch.sos-ch-dk-2.exoscale-cdn.com/catalog/2/e/5/f/2e5f0b465d27745be01ecb55c3bb5d7418d9ff5c_GRBR_Kulinarik_verve_by_sven_Weinschrank_aussen_V2.jpg", "openstreetmap_id": "node/7770673150"}, "geometry": {"type": "Point", "coordinates": ["9.5040204", "47.0003325"]}}, {"type": "Feature", "properties": {"identifier": "ee09c4ff-dfe4-4ea7-ad87-0c1307b4b157", "name": "Caf\u00e9 Varga", "description": "Jeder kommt auf seine Kosten. Es werden feine Mittagsmen\u00fcs serviert und es befinden sich k\u00f6stliche Kuchen und Torten in immer neuen fantasievollen Varianten sowie zahlreiche Brotsorten, auch Spezialbrote, von regionalen B\u00e4ckereien im Angebot.", "url": "https://cafevarga.ch/index.php/cafe", "image": "https://hltpimtsoch.sos-ch-dk-2.exoscale-cdn.com/catalog/f/4/7/9/f4791ec3426a4c590aefeb8f09ac2adbf45bb21d_127793288_4658348774236909_6373386191662242500_o.jpg", "openstreetmap_id": "relation/1683959"}, "geometry": {"type": "Point", "coordinates": ["9.315140247344972", "47.124118951913"]}}, {"type": "Feature", "properties": {"identifier": "eedc5390-7ccc-4576-9b86-ee17c3a12046", "name": "Kaffiegg\u00e4 Caf\u00e9 & R\u00f6sterei", "description": "Der Treffpunkt f\u00fcr Kaffeeliebhaber in der Region Ein liebevoll eingerichtetes Caf\u00e9, das durch erlesene Kaffee-Spezialit\u00e4ten begeistert. \nEs bietet mehr als nur Kaffee \u2013 mit einer abwechslungsreichen Snack- und Ap\u00e9ro-Karte locken Bier, Wein und erfrischende Ap\u00e9rogetr\u00e4nke f\u00fcr Geniesser. Eltern k\u00f6nnen entspannte Kaffeemomente geniessen, w\u00e4hrend sich ihre Kinder in einer separaten Spielecke vergn\u00fcgen. \nF\u00fcr Kaffeegenieser, die Qualit\u00e4t sch\u00e4tzen, gibt es einen Showroom mit professionellen Siebtr\u00e4ger-Kaffeemaschinen und hochwertigem Zubeh\u00f6r zum Direktkauf. \n\nFrisch ger\u00f6stete Kaffeesorten in grosser Auswahl laden ein, diese direkt vor Ort zu geniessen oder bequem mitzunehmen. \nZudem begeistern spannende Barista-Kurse, ideal f\u00fcr Teamevents, Treffen mit Freunden oder f\u00fcr Liebhaber des guten Kaffees, die ihre F\u00e4higkeiten vertiefen m\u00f6chten. \n\nDurch pers\u00f6nliche Beratung erh\u00e4ltst du Antworten auf all deine Fragen rund um die Welt des Kaffees. Und egal, ob direkt im Caf\u00e9, \u00fcber die Webseite oder telefonisch \u2013 das Bestellen und Anfragen ist unkompliziert und flexibel. Ein Ort, der Genuss, Qualit\u00e4t und Erlebnis in einzigartiger Weise vereint.", "url": "https://www.kaffieggae.ch/", "image": "https://hltpimtsoch.sos-ch-dk-2.exoscale-cdn.com/catalog/0/d/b/7/0db71457425f46d985cade51192ed31cd6de3b73_AS6_8729.jpg", "openstreetmap_id": "way/1040017086"}, "geometry": {"type": "Point", "coordinates": ["9.500432996070614", "47.00296605"]}}, {"type": "Feature", "properties": {"identifier": "ef148113-71b5-44b3-b0b3-9f462c9ca59d", "name": "Gruebh\u00fctte", "description": "Die gem\u00fctliche Gruebh\u00fctte befindet sich direkt unter dem m\u00e4chtigen S\u00e4chsmoor. Das gut gelegene, bediente Feinschmecker-Beizli l\u00e4dt direkt neben der Skipiste zum Verweilen ein.\n\nDas Restaurant mit 55 Innenpl\u00e4tzen und sch\u00f6ner Sonnenterrasse ist bekannt f\u00fcr die beliebten Gerichte, welche mit frischen Produkten aus der Region gekocht werden. Gerne werden Ihnen feine K\u00f6stlichkeiten aus der K\u00fcche und dem Weinkeller auf \u00fcber 1800 m serviert. Runden Sie Ihren Skitag mit einem Besuch in der Grueb ab und geniessen Sie Ihren Aufenthalt.\n\nEs ist kein Zufall, wenn es Ihnen in der Gruebh\u00fctte gef\u00e4llt, es ist das Ziel!", "url": "https://www.gruebhuette.ch", "image": "https://hltpimtsoch.sos-ch-dk-2.exoscale-cdn.com/catalog/7/b/9/f/7b9feecd4db9b4f5c45b58339bbd2e2bb009e925_tkv_bbf_kinderski_304__52_0486.jpg", "openstreetmap_id": "node/244067701"}, "geometry": {"type": "Point", "coordinates": ["9.242366552352907", "47.07217513093822"]}}, {"type": "Feature", "properties": {"identifier": "efc8b8fe-e294-4006-8421-d936d3afd49a", "name": "St\u00e4dtlibeck GmbH", "description": "Brot aus der Showb\u00e4ckerei, feine Patisserie und Torten, Snacks to go und vieles mehr f\u00fcr Walenstadt und die Region.\n\nGeniessen Sie zudem unser Sortiment in unserem Caf\u00e9.", "url": "https://www.staedtlibeck.ch/", "image": "https://hltpimtsoch.sos-ch-dk-2.exoscale-cdn.com/catalog/d/3/2/9/d329297cdb9d64715b195b516afa6fa426a2f564_454865ef0c545ed254ff270cf2e8dc5940a9b43e_VL_UNT_AICHINGER_3697220_1600x900.jpg", "openstreetmap_id": "node/7579485875"}, "geometry": {"type": "Point", "coordinates": ["9.3137457", "47.1222405"]}}, {"type": "Feature", "properties": {"identifier": "f45ef020-f1fc-4307-bbb1-521dfbf79fa4", "name": "Restaurant Namun", "description": "Im Restaurant Namun wird die thail\u00e4ndische K\u00fcche mit viel Herzlichkeit und Liebe zum Detail zelebriert. Die Speisekarte bietet authentische Gerichte, in denen die vier Geschmacksrichtungen s\u00fcss, sauer, salzig und scharf perfekt ausbalanciert sind. Die traditionelle thail\u00e4ndische Esskultur wird durch die M\u00f6glichkeit, die Gerichte zu teilen, lebendig. Als Gast d\u00fcrfen Sie sich auf einen Abend mit typisch thail\u00e4ndischen Speisen freuen und erleben, wie die Aromen in einem einzigartigen Ambiente harmonieren.", "url": "https://www.resortragaz.ch/de/restaurants-und-bars/namun", "image": "https://hltpimtsoch.sos-ch-dk-2.exoscale-cdn.com/catalog/7/5/a/6/75a657d9d542bc7c40c58c9e0f207c8b978cb9f2_GRBR_06_22_Namun_0869_600x400.jpg", "openstreetmap_id": "node/7770673148"}, "geometry": {"type": "Point", "coordinates": ["9.502747", "47.0001435"]}}, {"type": "Feature", "properties": {"identifier": "f709b951-11a1-48ac-9c24-f99fc63b605e", "name": "Hotel Gasthof zur B\u00fcndte", "description": "Die traumhafte Panoramalage inmitten von Reben spricht f\u00fcr sich und es darf geschlemmt werden: B\u00fcndner Spezialit\u00e4ten, internationale und asiatische K\u00f6stlichkeiten, die besten Holzofen-Pizzas, feine Desserts \u2026 alles liebevoll und marktfrisch zubereitet, mit Leidenschaft gew\u00fcrzt und mit einem L\u00e4cheln serviert. Dazu passt ein guter Tropfen aus dem bestens sortierten Weinkeller. Nehmen Sie Platz in romantischen R\u00e4umlichkeiten, der gem\u00fctlichen B\u00fcndteria oder bei sch\u00f6nem Wetter auf den traumhaften Terrassen. F\u00fcr eine kleine, feine Auszeit zwischendurch empfiehlt sich \u00fcbrigens das romantische Boutique-Hotel.", "url": "https://www.zurbuendte.ch/", "image": "https://hltpimtsoch.sos-ch-dk-2.exoscale-cdn.com/catalog/0/d/9/a/0d9a8310a81a72da0a98e3a5e142f2b1420bdbfb_gasthof_buendte_jenins_aussen.jpg", "openstreetmap_id": "node/3556757068"}, "geometry": {"type": "Point", "coordinates": ["9.5540255", "47.0008773"]}}, {"type": "Feature", "properties": {"identifier": "f9138362-bb73-425f-83f2-d58ae9585114", "name": "Restaurant Schloss Maienfeld", "description": "Unser Gastronomiekonzept ist vielseitig, vom Business Lunch im Bistro, \u00fcber ein gehobenes \u00e0 la Carte Angebot im Restaurant bis hin zum Ap\u00e9ro oder Schlummertrunk, f\u00fcr die G\u00e4ste oder auch Gruppen und Vereine im Club 1247. Im Vordergrund stehen die Kulinarik und die Gastfreundschaft \u2013 unsere G\u00e4ste sollen sich willkommen f\u00fchlen, Freude haben und sich kulinarisch begeistern lassen. Beim Ku\u0308chenkonzept legen wir viel Wert auf Regionalit\u00e4t sowie Tradition - alt bekanntes neu interpretieren, diese sollen die G\u00e4ste begeistern.", "url": "http://www.schlossmaienfeld.ch", "image": "https://hltpimtsoch.sos-ch-dk-2.exoscale-cdn.com/catalog/a/f/5/0/af5098ef63d1371f6a54309fc657540e58ba7545_DSCF2200_2__2.jpg", "openstreetmap_id": "node/1335415120"}, "geometry": {"type": "Point", "coordinates": ["9.5310679", "47.0064678"]}}, {"type": "Feature", "properties": {"identifier": "f978b33b-6fbd-4b8a-b849-ea0ca995fac7", "name": "Caf\u00e9 Confiserie F\u00e4ssler", "description": "Gem\u00fctliches Caf\u00e9 vis-\u00e0\u00a0-vis der katholischen Kirche. Hausgemachte Confiserie- und Konditoreiprodukte.", "url": "https://www.confiserie-faessler.ch", "image": "https://hltpimtsoch.sos-ch-dk-2.exoscale-cdn.com/catalog/5/e/8/e/5e8e6f661f7bcd2d9a0f80ccca13fa92e4a06260_ff_10.jpg", "openstreetmap_id": "node/411836378"}, "geometry": {"type": "Point", "coordinates": ["9.5005702", "47.0037015"]}}, {"type": "Feature", "properties": {"identifier": "fc27281a-d059-497f-8990-9bae0d00648c", "name": "Strandlokal Neptun", "description": "<p>Ein sch&ouml;nes Strandlokal direkt am Walensee.</p>", "url": "https://restaurant-neptun.ch/", "image": "https://hltpimtsoch.sos-ch-dk-2.exoscale-cdn.com/catalog/0/9/a/5/09a5f53ef1a5d2d7481dcb92c76b57edf307ed00_Neptun_48.jpg", "openstreetmap_id": "node/5813434854"}, "geometry": {"type": "Point", "coordinates": ["9.3028416", "47.1259165"]}}, {"type": "Feature", "properties": {"identifier": "fe1afd48-77bb-40c9-a9b2-fb075b2af2ea", "name": "Enderlinh\u00fctte SAC", "description": "Die SAC-Blockh\u00fctte verf\u00fcgt \u00fcber 30 Schlafpl\u00e4tze. Auf der Sonnenterrasse geniesst man den Blick auf die untenliegende B\u00fcndner Herrschaft. Einheimische K\u00f6stlichkeiten kann man \u00fcber die Sommermonate im Restaurant geniessen. Im Winter ist die H\u00fctte nicht erreichbar.", "url": "https://www.sac-piz-sol.ch/huetten", "image": "https://hltpimtsoch.sos-ch-dk-2.exoscale-cdn.com/catalog/4/8/6/7/4867c9c9d97f24d83182f7703cf334e32d1ef2cb_Enderlinh__tte.jpg", "openstreetmap_id": "way/135931767"}, "geometry": {"type": "Point", "coordinates": ["9.551482199137931", "47.03882085"]}}, {"type": "Feature", "properties": {"identifier": "fe34e6f6-38b3-4b8f-8880-ea618d6c0898", "name": "Bistro & Bar Holl\u00e4nder", "description": "Bei uns k\u00f6nnen Sie einen hervorragenden Caf\u00e9 geniessen, ausgezeichnet zu Mittag oder Abendessen und am Abend eine sch\u00f6ne Bar-Atmosph\u00e4re erleben, mit chilliger Musik. Das Ambiente auf unserer Sonnenterrasse macht Lust auf mehr.", "url": "http://www.hollaender.ch", "image": "https://hltpimtsoch.sos-ch-dk-2.exoscale-cdn.com/catalog/9/d/b/0/9db07af29fb792a186c2077e536264e81f2a647b_1213B70F_A9A6_4474_990B_64780F92AB8E.jpeg", "openstreetmap_id": "node/6867847231"}, "geometry": {"type": "Point", "coordinates": ["9.5629396", "46.9678616"]}}, {"type": "Feature", "properties": {"identifier": "ff25f490-dad6-4681-b6ab-6453e4f996c1", "name": "Cottinelli Weinbau", "description": "Unser Gesellschaftsraum Torkel eignet sich als besonderen Ort f\u00fcr Geburtstage, Hochzeite, Firmenanl\u00e4sse oder Familienfeiern. Platz finden Gruppen bis zu ca. 80 Personen. Kulinarisch verw\u00f6hnt Sie ein Catering nach Ihrer Wahl.\n\nGef\u00fchrte Betriebsf\u00fchrungen mit anschliessender Degustation verschiedener B\u00fcndner Weine sind f\u00fcr Gruppen ab zehn Personen m\u00f6glich. W\u00e4hrend der Weinverkostung werden die edlen Tropfen von frisch aufgeschnittenem B\u00fcndner Rohschinken sowie w\u00fcrzigem B\u00fcndner Alpk\u00e4se und frischem Brot begleitet.", "url": "https://www.plozzawinegroup.ch", "image": "https://hltpimtsoch.sos-ch-dk-2.exoscale-cdn.com/catalog/2/5/e/c/25ecf91c28f66a5de23ed4523e9b7da291c6874e_whc_07_diverses_01.jpg", "openstreetmap_id": "way/169639589"}, "geometry": {"type": "Point", "coordinates": ["9.563749", "46.9701756"]}}]}