id;name;disambiguatingDescription;description;longitude;latitude;streetAddress;postalCode;addressLocality;telephone;email;url;image;dateModified0189d86c-8472-4c3f-a273-f6901c88ee53;See Camping Bürer;See Camping Bürer liegt direkt am Ostufer des Walensees, etwa 1 km von Walenstadt entfernt. Der Campingplatz bietet Stellplätze für Zelte, Wohnwagen und Wohnmobile sowie zahlreiche Annehmlichkeiten wie einen Spielplatz, Grillstellen und eine Camperstation.;Ferienplatz für Zelte, Wohnwagen und Wohnmobile. Direkt am Ostufer des sauberen Walensees, ca. 1 km vom Garnisonsstädtchen Walenstadt entfernt. Ausgangspunkt für schöne Ausflüge mit Auto, Velo oder zu Fuss. 

Total ca. 20&#039;000 m2, 200 m flacher Badestrand, gepflegter ebener Rasen, mehrere Bäume, Spielplatz und Liegewiese, mehrere Feuer- und Grillstellen, Rezeption, Kiosk, Aufenthalts- und Trockenraum. Genügend Toiletten und Duschen, Waschmaschine und Trockner, Kochgelegenheit, Camperstation. 

Ca. 100 Residenz-, 70 Passanten- und 6 Saisonstellplätze.;9.300436530699649;47.1180223;Walenseestrasse 50;8880;Walenstadt;+41 81 735 12 12;max.buerer@see-camping.ch;http://www.see-camping.ch;[{'@type': 'ImageObject', 'contentUrl': 'https://hltpimtsoch.sos-ch-dk-2.exoscale-cdn.com/catalog/5/e/1/5/5e1536a6523b096c555e5480511b551a03260875_tkv_seecamping_web_002__51_1054.jpg'}];2026-04-28T10:00:24+02:00
01901eb6-f087-46e9-a14b-1350f987a251;Murg Camping;Murg Camping am Walensee bietet 20 Wohnwagenplätze direkt am Seeufer. Umgeben von Gärten, bietet es eine beeindruckende Aussicht auf die Churfirsten. Wassersportmöglichkeiten und umfassende Versorgung im Dorf sind vorhanden.;Der Camping am Walensee ist von Gärten umsäumt und bietet eine tolle Sicht auf die imposanten Churfirsten. Im Dorf gibt es komplette Versorgung vom Supermarkt bis zur Bank und von der Forstwirtschaft bis zu einer vielfältigen Gastronomie, Hotels und Ferienwohnungen.

Wassersport bietet der Walensee in allen Sparten vom Badevergnügen über Segelkurse, Surfkurse bis zur Schifffahrt. Die Windsurfingschule vermietet Surfbretter und Kajaks. Die Segelschule vermietet Segelboote, Jollen und Kielboote. Die prächtige Aussicht auf die Churfirstenkette mitten im Heidiland runden das Angebot ab.

Der Campingplatz verfügt über 20 Wohnwagenplätze direkt am Seeufer.;9.214526558266668;47.115038600000005;Strandbodenstrasse 16;8877;Murg;+41 81 738 15 30;info@quarten-tourismus.ch;https://www.murg-camping.ch;[{'@type': 'ImageObject', 'contentUrl': 'https://hltpimtsoch.sos-ch-dk-2.exoscale-cdn.com/catalog/a/2/c/6/a2c63420edf17cbeb9e94864cd58c34797d02792_Camping_Murg.JPG'}];2026-08-26T05:12:31+02:00
02c8b54b-1226-456a-9e26-10905147d18c;Panorama View (CharmingStay);Die moderne 3,5-Maisonette-Wohnung im Zentrum von Flumserberg Tannenboden bietet eine grosse Terrasse mit Blick auf die Churfirsten. In der Nähe befinden sich Dorfladen, Restaurants und die Bergbahn Tannenboden.;Die moderne 3.5-Maisonette-Wohnung befindet sich im Zentrum von Flumserberg Tannenboden. In nur wenigen Gehminuten entfernt befinden sich der Dorfladen, Restaurants sowie die Bergbahn Tannenboden. Die Wohnung verfügt über eine grosse Terrasse mit einer fantastischen Aussicht auf die Churfirsten. Es stehen zwei Garagenparkplätze sowie Besucherparkplätze zur Verfügung.  ;9.28523182510765;47.093405000000004;Flumserbergstrasse 188;8898;Flumserberg Tannenboden;+41 79 504 90 45;contact@charmingstay.ch;https://www.charmingstay.ch;[{'@type': 'ImageObject', 'contentUrl': 'https://hltpimtsoch.sos-ch-dk-2.exoscale-cdn.com/catalog/0/c/0/c/0c0c1433aed5630b146eeb1ac00ab4b9d29f240f_Panorama_View__8_.JPG'}];2026-08-31T09:08:51+02:00
06281908-85f4-4dba-83f3-3a474cb1282d;Hof Just - Schlafen im Stroh;Hof Just in Maienfeld bietet ein einzigartiges Erlebnis: Übernachten im Stroh oder auf Matratzen. Der Bauernhof liegt in der Nähe des Heidimuseums und heisst Radfahrende, Autofahrende, Motorradfahrende und Fussgänger willkommen.;Unser Bauernhof liegt oberhalb Maienfeld ganz in der Nähe des Heidimuseums (8 Gehminuten). Wir sind ein Familienbetrieb. Bei uns sind Velo-, Auto-, Motorradfahrer und auch Fussgänger jederzeit herzlich willkommen. Haben Sie schon einmal auf einem Bauernhof im Stroh oder auf Matratzen übernachtet...?;9.5377692;47.0130648;Bovelgasse 26;7304;Maienfeld;+41 79 800 50 13;hofjust@hotmail.com;https://www.hofjust.ch;[{'@type': 'ImageObject', 'contentUrl': 'https://hltpimtsoch.sos-ch-dk-2.exoscale-cdn.com/catalog/2/e/3/f/2e3ff8dee9ae3ebb5f2d7f34c35b05258fa4d4ed_Hof_Just_5.jpg'}];2026-05-14T08:19:55+02:00
06808cd3-ce4a-4132-91b1-a68925709892;Bauernhaus Cafrida;Das Bauernhaus Cafrida in Flumserberg Tannenheim bietet eine renovierte Wohnung direkt an der Bikestrecke und Skipiste. In der Nähe befinden sich ein Hallenbad und mehrere Restaurants, die zu Fuss erreichbar sind.;Unsere Wohnung befindet sich in einem ehemaligen Bauernhaus, welches vollständig renoviert wurde. Die Wohnung liegt direkt an der Bikestrecke und an der Skipiste. Sowohl mit dem Bike als auch mit den Skiern kann man vor der Haustüre ins Abenteuer starten! Die Gondel ist zu Fuss in 10 Min. erreichbar. Das neu renovierte Hallenbad mit Sauna und Dampfbad liegt 5 Gehminuten von unserem Haus entfernt. Auch sind im Umkreis von 5 bis 20 Gehminuten einige Restaurants erreichbar.;9.300095280845616;47.08866795;Cafridastrasse 10;8897;Flumserberg Tannenheim;+41 81 733 34 19;beatrix.loop@bluewin.ch;[{'@type': 'ImageObject', 'contentUrl': 'https://hltpimtsoch.sos-ch-dk-2.exoscale-cdn.com/catalog/3/4/5/7/34570dd1b72248f16ab378941ea9ad307cbdc3eb_Doppelzimmer_mit_Kommode.jpg'}];2026-01-19T12:01:33+01:00
06fb92aa-392e-4235-86e6-98c4e0b7ce25;Bellahof;Die 4-Zimmerwohnung im Bellahof bietet eine ruhige Lage in einem Bauernhaus mit Hof und Tieren, etwa 1,3 km vom Weiler Bergheim entfernt. Sie verfügt über eine Veranda, rustikale Einrichtung und einen kostenlosen Parkplatz.;Die 4-Zimmerwohnung befindet sich an ruhiger Lage im Hausteil eines Bauernhauses mit Hof und vielen Tieren, ca. 1.3 km vom Weiler Bergheim entfernt. Für die kleinen Gäste stehen verschiedene Spielmöglichkeiten zur Verfügung. Zur Wohnung gehört ein kostenloser Parkplatz.

Die Ferienwohnung im ersten Stock ist gemütlich und sehr rustikal eingerichtet. An den Wänden und Decken sind Holzbalken sichtbar. Zur Wohnung gehört eine Veranda.;9.30273875000001;47.103448400000005;Fäschstrasse 7;8896;Flumserberg Bergheim;+41 81 733 36 86;bellahof@bluewin.ch;http://www.bellahof.ch;[{'@type': 'ImageObject', 'contentUrl': 'https://hltpimtsoch.sos-ch-dk-2.exoscale-cdn.com/catalog/a/6/8/7/a687b11341697aee82ffe469268952dd1d98b319_Bellahof_Wohnbereich1.JPG'}];2026-06-12T15:55:32+02:00
073cba69-a2db-4c2a-8ce0-3517ebc2ea9b;Ferienwohnung Tobelbach (CharmingStay);Die Ferienwohnung Tobelbach liegt im Flumserberg Tannenheim, ideal für Ski- und Wanderfreunde. Die Prodalp-Express Gondelbahn, Einkaufsmöglichkeiten und Restaurants sind in wenigen Gehminuten erreichbar.;Die 3.5-Zimmerwohnung befindet sich im Ski- und Wandergebiet Flumserberg Tannenheim. Die Gondelbahn Prodalp-Express, Einkaufsmöglichkeiten und Restaurants sind nur in wenigen Gehminuten entfernt.;9.298215508461;47.09129090458793;Tobelbachstrasse 16;8897;Flumserberg Tannenheim;+41 79 504 90 45;contact@charmingstay.ch;https://www.charmingstay.ch;[{'@type': 'ImageObject', 'contentUrl': 'https://hltpimtsoch.sos-ch-dk-2.exoscale-cdn.com/catalog/0/e/5/3/0e53dca43356d049f25528c05cf8ac29e377c187_Tobelbach__2_.jpg'}];2026-01-19T12:01:33+01:00
0d5e490c-afb2-4559-9531-cb4fbd63d942;Ferienhaus BERGflow;Das Ferienhaus BERGflow liegt zentral im Flumserberg-Tannenheim, einem Paradies für Ski, Bike und Wandern. Die Bergbahn Prodalp-Express ist 300 m entfernt, das Hallenbad mit Sauna 800 m. Separate Eingänge und gratis Parkplätze sind vorhanden.;Das Ferienhaus BERGflow befindet sich sehr zentral gelegen im Ski-, Bike- und Wanderparadies Flumserberg-Tannenheim. In nur 300 m zu Fuss erreichen Sie die Bergbahn Prodalp-Express Tannenheim. Das Hallenbad mit Sauna ist in 800 m erreichbar. Die Busstation Plattenwiese ist 200 m von der Unterkunft entfernt.

Die Ferienwohnungen und das Clubhaus verfügen über separate Eingänge und gratis Parkplätze. Sie können nach Bedarf einzeln oder auch zusammen gemietet werden. Auch eine Saison- oder Jahresmiete der Wohnungen ist möglich.;9.305118771278615;47.0908321;Flumserbergstrasse 116/118;8897;Flumserberg Tannenheim;+41 78 764 54 51;reservation@bergflow.ch;https://bergflow.ch;[{'@type': 'ImageObject', 'contentUrl': 'https://hltpimtsoch.sos-ch-dk-2.exoscale-cdn.com/catalog/2/3/d/6/23d69bd9ec5bd8b2f012c48dc38ea7b791cffbf1_Bergflow_Haus_2__2.jpg'}];2026-04-09T13:27:49+02:00
10507f59-4a24-45ec-b0d1-1b364921b1e2;Hotel Kurhaus Sennis;Das traditionelle Hotel Kurhaus Sennis auf der Sennis-Alp (1'400 m ü. M.) bietet einen stilvollen Speisesaal, schöne Gästezimmer und eine grosse Gartenwirtschaft. Es ist ein idealer Ort für Erholungssuchende, um Ruhe und neue Lebenskraft zu finden.;<div><p>Das traditionsreiche <strong>Hotel Kurhaus Sennis</strong> auf der idyllischen Sennis-Alp (1400 m &uuml;. M.) ist ein einzigartiger R&uuml;ckzugsort inmitten der Alvierkette. Das Haus bietet einen stilvollen, hellen Speisesaal, ein gem&uuml;tliches J&auml;gerst&uuml;bli, eine vertr&auml;umte Veranda und eine grossz&uuml;gige Gartenwirtschaft. F&uuml;r &Uuml;bernachtungen stehen nostalgische G&auml;stezimmer, zweckm&auml;ssige Familienzimmer sowie weitere Kategorien mit und ohne Balkon zur Verf&uuml;gung &ndash; insgesamt 25 Zimmer mit rund 60 Betten.</p><p>Geniesse die <strong>traditionelle K&uuml;che</strong> mit sorgf&auml;ltig zubereiteten Spezialit&auml;ten &ndash; von der &Auml;lplerspeise bis zum exklusiven Men&uuml; f&uuml;r besondere Anl&auml;sse. F&uuml;r Halbpension bieten wir den klassischen Table d&rsquo;h&ocirc;te Service (Vier-Gang-Men&uuml;) an.</p><p>Die Sennis-Alp ist ein Ort f&uuml;r Ruhe, Erholung und neue Lebenskraft. Entdecke die blumigen Alpweiden des Naturschutzgebietes, den knorrigen Bergwald mit w&uuml;rzigem Harzduft und die Tierwelt im nahen Wildasyl. Der Blick reicht &uuml;ber das Heidiland, den Walensee und die imposante Alvierkette &ndash; die &bdquo;Dolomiten der Ostschweiz&ldquo;.</p><p><strong>Infrastruktur &amp; Extras:</strong></p><ul><li>Restaurant mit 80&ndash;100 Sitzpl&auml;tzen</li><li>Gartenwirtschaft</li><li>25 Zimmer (Nostalgie-, Einzel-, Doppel-, Familien- und Mehrbettzimmer)</li><li>Parkpl&auml;tze (gegen Geb&uuml;hr)</li><li>Transfer-Service ab Rotherdplangg auf Anfrage</li><li>Hunde willkommen (mit Ausstattung)</li><li>WLAN nicht verf&uuml;gbar &ndash; Natur pur</li></ul></div>;9.3715405;47.1190555;Sennis-Alp;8892;Berschis;+41 81 733 12 29;sennis-alp@bluewin.ch;https://www.hotelkurhaussennis.com/;[{'@type': 'ImageObject', 'contentUrl': 'https://hltpimtsoch.sos-ch-dk-2.exoscale-cdn.com/catalog/a/b/5/e/ab5ed87e531f9ca3bfcef2b4846bdd5e1e2f7bd1_Hotel_Kurhaus_Sennis.jpg', 'caption': {'de': 'Hotel Kurhaus Sennis'}}];2026-08-07T14:32:43+02:00
12f581d5-9df7-4b4b-9f50-97e11ed0f9a3;Sardonahütte SAC;Die Sardonahütte SAC im Calfeisental bietet Platz für 44 Personen. Sie ist von Mitte Juni bis Mitte Oktober geöffnet und bietet Halbpension sowie eine kleine Speisekarte für Tagesgäste. Die Hütte ist modern renoviert und gemütlich eingerichtet.;Die Hütte ist modern renoviert und heimelig eingerichtet. 
Die Hütte ist offen von Mitte Juni bis Mitte Oktober. Wir bieten den Gästen Halbpension, Getränke und eine kleine Speisekarte für Tagesgäste an. Der Winterraum hat 14 Plätze. Es ist ein Kochherd, Holz und Geschirr vorhanden. Alle Schlafräume sind mit Duvets ausgestattet.
Es hat Waschräume, aber keine Duschen. Das Stübli ist, auch wenn es draussen kühl ist, gemütlich eingerichtet.;9.275419190833333;46.91547395;SAC-Hütte;7315;Vättis;+41 81 306 13 88;jaeger.beat@bluewin.ch;http://www.sardonahuette.ch;[{'@type': 'ImageObject', 'contentUrl': 'https://hltpimtsoch.sos-ch-dk-2.exoscale-cdn.com/catalog/5/6/d/9/56d982f96d3d4d056563aaca9326c9c0c07ba384_Sardonah__tte_SAC11.JPG'}];2026-08-11T09:17:23+02:00
1386323c-8233-458d-a452-ec746ecbc26f;Mätz Appartement;Das Mätz Appartement liegt zentral in Flumserberg Tannenheim, nur 5 Minuten zu Fuss von der Talstation Prodalp-Express entfernt. Es bietet eine schöne Aussicht auf die Berge des Sarganserlandes und beherbergt das Restaurant mätz dine.;Das Appartement Mätz liegt mitten im Zentrum Flumserberg Tannenheim, 5 Gehminuten von der Haustüre bis zur Talstation Prodalp-Express und bietet eine schöne Aussicht auf die Berge des Sarganserlandes. Im gleichen Gebäude finden Sie das einzigartige Restaurant mätz dine. Einkaufsmöglichkeiten sind 5 Minuten zu Fuss entfernt.;9.304427504539492;47.09051299112454;Flumserbergstrasse 41;8897;Flumserberg Tannenheim;+41 79 795 10 32;maetz@rsnweb.ch;https://www.maetz-appartement.ch/;[{'@type': 'ImageObject', 'contentUrl': 'https://hltpimtsoch.sos-ch-dk-2.exoscale-cdn.com/catalog/6/6/d/1/66d109f2b384b0384f53c5e867ba36cc68ba0889_Titelbild_M__tz_Appartement.jpeg'}];2026-04-21T13:31:31+02:00
177aa9ad-7b76-4eb9-8671-b1264ab37560;SAC Spitzmeilenhütte;Die Spitzmeilenhütte SAC bietet eine familienfreundliche Unterkunft mit 50 Schlafplätzen in 4er, 6er und 8er Zimmern. Sie liegt hoch über dem Schilstal und bietet atemberaubende Ausblicke auf die Churfirsten und den Spitzmeilen.;Familienfreundliche, moderne SAC-Hütte mit Schlafplätzen aufgeteilt in 4er, 6er und 8er Zimmer, insgesamt 50 Schlafplätze. Der Winterraum ist immer offen auch wenn die Hütte geschlossen ist. 

Wanderer, Naturbegeisterte und Skitouren-Läufer schätzen die einzigartige Lage der Spitzmeilenhütte: hoch über dem Schilstal mit atemberaubendem Blick zu den Churfirsten und auf den Spitzmeilen.;9.250584400895953;47.0342389;SAC-Hütte;8898;Flumserberg Tannenbodenalp;+41 79 610 36 39;info@spitzmeilenhuette.ch;http://www.spitzmeilenhuette.ch;[{'@type': 'ImageObject', 'contentUrl': 'https://hltpimtsoch.sos-ch-dk-2.exoscale-cdn.com/catalog/6/4/7/7/6477adf72792a9d172207b49925afee490074e19_Spitzmeilenh__tte.jpg'}];2025-11-04T09:40:04+01:00
17c5124a-4ddf-453a-9af5-9ade5d6d49fb;BnB Haus Weibel;Das BnB Haus Weibel in Landquart bietet Panoramablick auf die Berge, kostenfreies WLAN und Parkplätze. Es liegt 500 m vom Bahnhof und der Autobahn A13 entfernt. Alle Zimmer sind mit Flachbild-TV und Nespresso-Maschine ausgestattet.;Das BnB Haus Weibel liegt nur 500 m vom Bahnhof Landquart und der Autobahn A13 entfernt. Es bietet einen Panoramablick auf die Berge, kostenfreies WLAN im Zimmer und kostenfreie Parkplätze.

Alle Zimmer verfügen über einen Flachbild-Kabel-TV und eine Nespresso-Kaffeemaschine. Bei der Ankunft steht 1 Flasche Mineralwasser pro Person kostenfrei bereit.

Morgens wird ab 08:00 Uhr im Frühstücksraum, auf der Terrasse oder auf Anfrage auch auf Ihrem Zimmer ein kontinentales Frühstück serviert.;9.5622841185405;46.968601500000005;Bahnhofstrasse 57;7302;Landquart;+41 76 480 91 34;info@hausweibel.ch;http://www.hausweibel.ch;[{'@type': 'ImageObject', 'contentUrl': 'https://hltpimtsoch.sos-ch-dk-2.exoscale-cdn.com/catalog/1/0/7/e/107e0be940dde6999d53ed01dac55a3fa23c99e3_Heidi3.JPG'}];2026-01-19T12:01:33+01:00
1b15b04f-6ecb-4b0e-8960-25f32d4b259b;Grand Resort Bad Ragaz;Das Grand Resort Bad Ragaz vereint Fünf-Sterne-Luxus mit erstklassiger medizinischer Expertise. Es bietet 233 luxuriöse Zimmer, sieben Restaurants mit Michelin-Sternen, zwei Golfplätze und ein Casino. Ein einzigartiges Health- und Wellnessangebot erwartet die Gäste.;Das Grand Resort Bad Ragaz ist eine einmalige Kombination aus Fünf-Sterne-Luxusresort und erstklassiger medizinischer Expertise in der Schweiz. Gäste finden hier einen Rückzugort der Erholung und tiefgreifenden Regeneration.

Es besteht aus den beiden Fünf-Sterne-Hotels Grand Hotel Quellenhof &amp; Spa Suites und Grand Hotel Hof Ragaz mit 233 luxuriösen Zimmern und Suiten. Das Resort integriert eines der besten Gesundheitszentren Europas und bietet ein einzigartiges Health- und Wellnessangebot an. Für kulinarische Gaumentänze stehen sieben Restaurants mit insgesamt 6 Michelin-Sternen und 76 Gault-Millau-Punkten, ein Sushi-Take-Away, ein Bistro sowie ein Café zur Auswahl. Zwei Golfplätze, ein Meetings &amp; Events Center, das öffentliche Thermalbad Tamina Therme und ein eigenes Casino machen jeden Aufenthalt zu einem wahren Erlebnis.;9.50390330143708;47.0004384;Bernhard-Simonstrasse;7310;Bad Ragaz;+41 81 303 30 30;reservation@resortragaz.ch;http://www.resortragaz.ch;[{'@type': 'ImageObject', 'contentUrl': 'https://hltpimtsoch.sos-ch-dk-2.exoscale-cdn.com/catalog/f/7/8/c/f78c85aaae02c4aeed9014e12f89293d78284b98_GRBR_Resort_allgemein_aussen_leicht_von_oben_V2.jpg'}];2026-08-26T04:51:04+02:00
1e878d38-ea44-408c-a3de-662053342b58;Privatzimmer Hobi;Das Privatzimmer Hobi in Valens bietet ein komfortabel eingerichtetes 2-Bett-Zimmer im Parterre. Es liegt sonnig und ruhig, nur drei Gehminuten vom Thermalbad entfernt, und verfügt über kostenfreies WLAN und einen Parkplatz.;Das 2 Bett-Zimmer im Parterre befindet sich an sonniger und ruhiger Lage in Valens, nur ca. 3 Gehminuten vom Thermalbad entfernt. Zum Zimmmer gehört ein kostenfreier Parkplatz.

Komfortabel eingerichtetes Zimmer im Parterre mit Doppelbett, TV und WLAN.;9.479686215137889;46.9688684;Gässli 10;7317;Valens;+41 81 302 48 50;vrenahobi@bluewin.ch;[{'@type': 'ImageObject', 'contentUrl': 'https://hltpimtsoch.sos-ch-dk-2.exoscale-cdn.com/catalog/d/a/0/1/da01625ff459e3c9bb7ceb8d52dcef2d1cae2e66_Privatzimmer_Hobi_1.jpg'}];2026-02-09T16:46:26+01:00
223f16a8-8169-4370-b773-5d61d063dc50;Sorell Hotel Tamina - Garni;Das Sorell Hotel Tamina in Bad Ragaz bietet geräumige Zimmer mit Panoramablick auf die Alpen, nur fünf Gehminuten von der Tamina Therme entfernt. Ein modernes Restaurant serviert ein europäisches Frühstück.;Das Sorell Hotel Tamina liegt nur 5 Gehminuten von der Tamina Therme entfernt.

Alle Zimmer sind sehr geräumig und begeistern mit einem herrlichen Panoramablick auf die Alpen. Zur Ausstattung gehören eine Minibar und eine Kaffeemaschine.

Im modernen Restaurant können Gäste ein europäisches Frühstück geniessen.;9.500772872301976;47.00200675;Am Platz 3;7310;Bad Ragaz;+41 81 303 71 71;tamina@sorellhotels.com;http://www.hoteltamina.ch;[{'@type': 'ImageObject', 'contentUrl': 'https://hltpimtsoch.sos-ch-dk-2.exoscale-cdn.com/catalog/6/1/d/e/61de09630f75e69e8e8e2c6a1801070b37d2cb6b_Sorell_Hotel_Tamina_Aussanansicht.jpg'}];2026-02-16T16:30:18+01:00
2326cce9-21c8-4608-a167-b649ad3fa3c3;Berghotel Seebenalp;Das Berghotel Seebenalp liegt auf 1650 m ü.M. im Flumserberg, einem Ski- und Wanderparadies. Es bietet gutbürgerliche Küche und verschiedene Zimmerkategorien. Im Sommer ist der Seebensee in der Nähe, im Winter ist das Hotel über den Winterwanderweg erreichbar.;Einmalige Lage, mitten im Ski- und Wanderparadies Flumserberg. Auf 1650 m Seehöhe, ganz idyllisch gelegen mitten in der Natur - fernab vom Strassenlärm und nur zu Fuss erreichbar. 

Gut bürgerliche Küche. Div. Kategorien von Zimmern. Wir freuen uns auf Ihren Besuch!

Im Sommer
Der Seebensee liegt direkt vor unserer Haustüre. Ca. 1 Stunde Fussmarsch vom Maschgenkamm und ca. 1.5 Stunden vom Tannenboden. 

Im Winter
Sind wir zu Fuss über den Winterwanderweg vom Tannenboden oder mit Skis oder Snowboard zu erreichen.;9.248347277089128;47.0804291;Seebenalp;8884;Oberterzen;+41 81 738 12 23;berghotel@seebenalp.ch;http://www.seebenalp.ch;[{'@type': 'ImageObject', 'contentUrl': 'https://hltpimtsoch.sos-ch-dk-2.exoscale-cdn.com/catalog/e/f/8/d/ef8d2cf583fc8856b63005f5d77590b0e3c9a396_Seebenalp_f__r_Michel_009.jpg'}];2026-07-10T13:29:11+02:00
2543c195-ed5f-44d9-847b-843fd3389500;Schwendihöckli (CharmingStay);Das Schwendihöckli (CharmingStay) ist ein charmantes 4,5-Zimmer Holzchalet mit beeindruckender Aussicht auf die Churfirsten und den Walensee. Es liegt etwa 1 km vom Zentrum Tannenboden entfernt und bietet Annehmlichkeiten wie kostenloses WLAN und Parkplätze.;Charmantes 4.5-Zimmer Chalet aus Holz mit atemberaubender Aussicht auf die schönen Churfirsten und den blauen Walensee. Etwa 1 km vom Zentrum Tannenboden entfernt.;9.284846050000004;47.096666850000005;Schwendistr. 48;8898;Flumserberg Tannenboden;+41 79 504 90 45;contact@charmingstay.ch;https://www.charmingstay.ch;[{'@type': 'ImageObject', 'contentUrl': 'https://hltpimtsoch.sos-ch-dk-2.exoscale-cdn.com/catalog/d/9/4/2/d9423b5225a569585cd41b5411f5f19a87218d9f_Terrasse_2__1_.JPG'}];2026-02-09T16:48:53+01:00
25bfa277-e1fb-4180-af5f-21c1751a613d;Hotel Restaurant Bergheim;Das Hotel Restaurant Bergheim am Flumserberg bietet regionale und saisonale Küche mit Bergblick von der Sonnenterrasse. Die Zimmer sind im alpinen Stil eingerichtet und WLAN ist kostenlos verfügbar.;An den Hängen des Flumserbergs erwartet Sie das Hotel Bergheim eine 2-minütige Fahrt von Flums und dem Skigebiet Tannenheim entfernt. Die Zimmer sind in einem schlichten alpinen Stil eingerichtet. Sie nutzen entweder ein eigenes Bad oder ein Gemeinschaftsbad. WLAN nutzen Sie kostenlos.

Das Restaurant verfügt über eine Sonnenterrasse mit Bergblick. In unserem kleinen Familienbetrieb geniessen Sie kulinarische Abwechslung in einer gemütlichen Atmosphäre. Geniessen Sie regionale Spezialitäten, feine Klassiker sowie frische saisonale Angebote. Unsere gute Küche ist unser Stolz, denn GAUMENFREUDEN werden bei uns GROSS geschrieben. Den passenden Wein dazu finden Sie auf unserer ausgesuchten Weinkarte mit guten Tropfen aus aller Welt. 

Bei uns ist jeder Gast herzliche willkommen - ob allein, zu zweit, in Gruppen, Raucher, Nichtraucher... Gerne sind wir für Sie da - denn Gastfreundschaft ist für uns eine wichtige Lebenseinstellung.;9.305889198305605;47.0978939;Flumserbergstrasse 50;8896;Flumserberg Bergheim;+41 81 733 12 54;info@hotelbergheim.ch;http://www.hotelbergheim.ch;[{'@type': 'ImageObject', 'contentUrl': 'https://hltpimtsoch.sos-ch-dk-2.exoscale-cdn.com/catalog/3/5/f/f/35fff2d0afd214ee9b3e00ee649df64f321656b5_Aussenansicht_Aussenansicht_Sommer1.JPG'}];2026-08-28T22:06:34+02:00
26b69b60-26ce-4c5a-8eae-b1a74198bb09;Heidi Holiday - Grand Maisonette-Attica;Die 5,5-Zimmerwohnung in Jenins bietet eine ruhige Lage nahe einem Weingut. Vom Balkon aus geniesst man die Aussicht auf die Bündner Herrschaft. Ein kostenloser Aussenparkplatz ist vorhanden.;Die 5.5-Zimmerwohnung befindet sich in der Nähe eines Weinguts und ist sehr ländlich gelegen. Vom Balkon aus können Sie die tolle Aussicht auf die Bündner Herrschaft geniessen. Ein Aussenparkplatz steht kostenlos zur Verfügung.;9.560760855674745;46.998054710470875;Pramalinis 10;7307;Jenins;+41 79 417 51 02;a.v.koenig@mailbox.org;[{'@type': 'ImageObject', 'contentUrl': 'https://hltpimtsoch.sos-ch-dk-2.exoscale-cdn.com/catalog/1/a/0/9/1a094e649594cf47b8b6c7709717f36e872d2d5d_Aussenansicht.jpg'}];2026-01-19T12:01:34+01:00
283c7634-7eef-429d-8f2a-10a9531cd7f2;Swiss Heidi Hotel;Das Swiss Heidi Hotel in Maienfeld bietet ein reichhaltiges Frühstück im Panorama Restaurant mit einzigartiger 360° Rundsicht. Eine sonnige Terrasse und der grosszügige Garten mit Spielplatz sorgen für Entspannung und Abwechslung. Im Bistro geniessen Gäste Pizza, Flammkuchen, regionale Snacks und gesellige Momente.;Im malerischen Maienfeld, in Heidis Heimat und mitten in den Rebbergen der Bündner Herrschaft, lädt das Swiss Heidi Hotel zum Ankommen und Wohlfühlen ein. Das unkomplizierte Haus verbindet herzliche Gastfreundschaft mit moderner Infrastruktur und ist ideal für Geschäftsreisen, Seminare, Ferien oder einen Zwischenstopp auf der Reise. Dank der Nähe zu den beliebten Skigebieten der Region – allen voran dem Pizol, dem Flumserberg und Grüsch Danusa – ist das Hotel zudem ein perfekter Ausgangspunkt für winterliche Bergerlebnisse.

Die 81 hellen Zimmer und 4 Junior Suiten bieten Ruhe, Komfort und einen wunderschönen Blick auf die Bergwelt. Hier beginnt Erholung vom ersten Moment an – ob allein, zu zweit oder mit der ganzen Familie.

Kulinarisch verwöhnt das lichtdurchflutete Bistro mit regionalen Spezialitäten, Pizza, Flammkuchen und erlesenen Weinen. Besonders beliebt sind die sonnige Terrasse mit Blick auf die Maienfelder Berge sowie der weitläufige Garten mit Relax-Zonen und Spielplatz, wo Gross und Klein gleichermassen auf ihre Kosten kommen.

Ein besonderes Highlight ist der Panoramasaal 360°, in dem morgens das reichhaltige Frühstücksbuffet serviert wird. Jeden ersten Sonntag im Monat (ausser Juli und August) verwandelt er sich zudem in den schönsten Brunch-Ort der Region – mit allem, was Geniesser lieben.

Auch für besondere Momente bietet das Swiss Heidi Hotel den perfekten Rahmen. Das Leben ist voller Jubiläen, geschäftlicher Erfolge, persönlicher Meilensteine oder einfach Freude am Hier und Jetzt. Mit der ruhigen Kulisse der Bündner Herrschaft und modernen, stilvollen Seminarräumen wird daraus eine bleibende Erinnerung – sei es bei Tagungen, Workshops, Feiern oder Incentives.

Ob für aktive Wintertage auf den nahegelegenen Pisten, für Wanderungen in den Weinbergen oder inspirierende Begegnungen – das Swiss Heidi Hotel ist der ideale Ausgangspunkt im Heidiland.;9.526555841737892;47.00351465;Werkhofstrasse 1;7304;Maienfeld;+41 81 303 88 88;info@swissheidihotel.ch;http://www.swissheidihotel.ch;[{'@type': 'ImageObject', 'contentUrl': 'https://hltpimtsoch.sos-ch-dk-2.exoscale-cdn.com/catalog/3/a/a/3/3aa3a03e48952f0dd1ff21239a71983c3a668850_SwissHeidiHotel_Winter_2022_Print_0558__2.jpg'}];2026-04-28T22:23:16+02:00
29d73c12-db5a-48d5-a3e4-9714fc47e4dd;Ferienwohnung Mätz (Whg. Tautscher);Die Ferienwohnung Mätz, erbaut 2022, liegt zentral in Flumserberg Tannenheim, nur 5 Gehminuten von der Talstation Prodalp-Express entfernt. Sie bietet eine schöne Aussicht auf die Berge und beherbergt das Restaurant mätz dine.;Die im Jahr 2022 erbaute und neue Ferienwohnung Mätz liegt mitten im Zentrum Flumserberg Tannenheim, 5 Gehminuten von der Haustüre bis zur Talstation Prodalp-Express und bietet eine schöne Aussicht auf die Berge. Im gleichen Gebäude finden Sie das einzigartige Restaurant mätz dine. Einkaufsmöglichkeiten sind 5 Minuten zu Fuss entfernt.;9.30443825;47.09053425;Flumserbergstrasse 41;8897;Flumserberg Tannenheim;+41 79 643 94 90;sabi.tautscher@bluemail.ch;[{'@type': 'ImageObject', 'contentUrl': 'https://hltpimtsoch.sos-ch-dk-2.exoscale-cdn.com/catalog/f/c/e/8/fce89c01a81e1aeedd440981123621980ba1de4f_Essbereich_Fewo_M__tz_3.jpeg'}];2026-04-21T13:00:01+02:00
29fe4bb6-2356-4e6e-880c-bad803766ca1;BnB Undergass;Das BnB Undergass in Heiligkreuz (Mels) bietet eine Sauna, einen privaten Garten und einen Fitnessraum. Es ist ideal für Paare und Familien mit kleinen Kindern und liegt nur 10 Minuten von den Pizolbahnen entfernt.;Unser stilvolles Bijou eignet sich für Paare oder Familien mit kleinen Kindern.
Sauna, privater Garten und Fitnessraum, Waschmaschine und Tumbler auf Anfrage nutzbar.

Für Actionliebhaber bietet unsere Region zahlreiche Möglichkeiten von Skifahren über Biken und Wandern bis zu rasanten Rodelfahrten.
Sie sind 3 min von der Bushaltestelle und 5 min vom Banhof Mels entfernt. Die Flumserberge lassen sich mit dem Auto oder Skibus in 20 min erreichen.;9.416962265968325;47.056375163360684;Untergasse;8888;Heiligkreuz (Mels);+41794600980;Claudia.gassner@bluewin.ch;[{'@type': 'ImageObject', 'contentUrl': 'https://hltpimtsoch.sos-ch-dk-2.exoscale-cdn.com/catalog/8/d/2/f/8d2f8143cfb2d514672d49e46dec48d0bfb62df1_Kingsize_Bett.jpeg'}];2026-05-14T15:48:50+02:00
2c4dc733-ec18-4dee-a57a-4fa5459041a1;Hotel Restaurant Seehof;Das Hotel Restaurant Seehof in Walenstadt bietet seit 1910 Unterkünfte direkt am Walensee. Es verfügt über kostenloses Internet, ein Restaurant mit Seeblick und einen Shuttleservice zur Unterterzen Seilbahn.;Das Hotel Seehof kann auf eine lange Tradition zurückblicken. Seit 1910 bietet es in Walenstadt, direkt am Ufer des Walensee gelegen, Unterkunft für Gäste. Heutzutage ist das Hotel mit kostenlosem Internet-Zugang ausgestattet. Alle Zimmer sind mit Fernseher und Haartrockner eingerichtet, einige haben sogar einen Balkon. Grosser Parkplatz vorhanden.

Das Restaurant mit grosser Gartenterrasse und Seeblick bietet eine gepflegte Küche sowie eine kompetente und freundliche Bedienung. 
Im Winter wird Käse-Fondue à discrétion nach Wunsch im überdachten Garten bei heimeligem Kerzenlicht serviert. Schaffell, Wärmeflasche und Wolldecke sorgen ebenfalls für Wohlfühlatmosphäre.

Mitglied der "Schweizerischen Gilde etablierter Gastronomen" und der "Tafelgesellschaft zum Goldenen Fisch".

Nutzen Sie im Winter den Shuttleservice des Hotels Restaurant Seehof zur  Seilbahn Unterterzen, die Sie in das Skigebiet Tannenbodenalp-Flumserberg bringt.;9.303253;47.127306;Seestrasse 104;8880;Walenstadt;+41 81 735 12 45;info@seehof-walenstadt.ch;http://www.seehof-walenstadt.ch;[{'@type': 'ImageObject', 'contentUrl': 'https://hltpimtsoch.sos-ch-dk-2.exoscale-cdn.com/catalog/a/9/1/6/a916f5179303c75db13cfa92ded0253a47d74d3b_tkv_hotelseehof_250_DJI_0902_HDR.jpg'}];2026-08-28T22:11:23+02:00
2f71932d-5846-4799-acb4-8267f8c931cd;Haus Steinbock;Das Haus Steinbock liegt zentral am Tannenboden auf dem Flumserberg, nur 150 Meter von Skipisten und Liften entfernt. Es bietet komfortable Zimmer und ist ideal für Ruhesuchende, Aktive und Geniesser.;Das Haus Steinbock befindet sich eingebettet im Zentrum vom Tannenboden am Flumserberg. Nur 150 Meter von den nächsten Skipisten und Skiliften entfernt. Ebenfalls liegen Wanderwege, Bikerstrecken und Einkaufsmöglichkeiten in unmittelbarer Nähe. So ist das Haus Steinbock für Ruhesuchende, Aktive und Geniesser der ideale Ausgangsort für ein paar Tage Urlaub. Im Steinbock finden Sie komfortable Zimmer mit Bad oder Dusche/WC, Haarfön, Fernseher und Radio. Das Haus ist mit einem Lift ausgestattet. Diverse Zimmer sind zudem mit ausziehbarer Couch eingerichtet, welche als Zusatzbett für 1-2 Personen verwendet werden kann.

BIKEHOTEL HEIDILAND: Das Haus Steinbock ist mit dem Gütesiegel «Bikehotel Heidiland» ausgezeichnet. Radfahrer profitieren hier von einem abschliessbaren Abstellraum, einer zweckmässig eingerichteten Werkstatt, einem Waschplatz, einem Wäscheservice und weiteren Dienstleistungen.;9.287109895179386;47.092780399999995;Flumserbergstrasse 182;8898;Flumserberg Tannenboden;+41 81 733 11 22;info@tannenboden.ch;https://tannenboden.ch/;[{'@type': 'ImageObject', 'contentUrl': 'https://hltpimtsoch.sos-ch-dk-2.exoscale-cdn.com/catalog/6/e/c/4/6ec4e3bcf9ffa373c98e9dd590f92720855057ce_Haus_Steinbock_Sommer_1.jpg'}];2026-08-31T23:13:40+02:00
30681761-d9ce-489c-a14c-9d9b4978f5f2;Waldhaus Panorama Home (CharmingStay);Grosszügige 4-Zimmer-Ferienwohnung (120 m²) für bis zu 6 Personen mit zwei Terrassen, Balkon mit Aussicht und nur 10 Gehminuten zum Lift Tannenboden.;<p>Diese grossz&uuml;gige 4-Zimmer-Ferienwohnung mit 120 m&sup2; ist komfortabel f&uuml;r bis zu 6 Personen geeignet. Die grosse, voll ausgestattete K&uuml;che l&auml;dt zum gemeinsamen Kochen und Essen ein. Wohnzimmer und Essbereich mit zwei Terrassen erg&auml;nzen sich harmonisch und schaffen ideale Voraussetzungen f&uuml;r gem&uuml;tliche Abende.</p><p>Die Raumaufteilung ist besonders gut f&uuml;r Familien oder kleinere Gruppen geeignet, die Wert auf Komfort und gen&uuml;gend Platz legen. Die Wohnung &uuml;berzeugt mit zwei Terrassen zum Innenbereich mit grosser Wiese sowie einem grossen Balkon mit traumhafter Aussicht. Die Lage ist praktisch: ca. 10 Gehminuten vom Lift Tannenboden entfernt mit Zugang zu allen Pisten am Flumserberg. Bitte beachten Sie, dass nur ein Parkplatz zur Verf&uuml;gung steht.</p><p>Zimmer mit eigenem Balkon und herrlicher Aussicht auf die Churfirsten. Das Zimmer bietet Schlafgelegenheit f&uuml;r 2 Personen im Doppelbett und verf&uuml;gt &uuml;ber einen direkten Zugang zu eigener Dusche/WC.</p>;9.2878351;47.0939962;Schwendistrasse 30;8898;Flumserberg Tannenbodenalp;+41 79 504 90 45;contact@charmingstay.ch;http://www.charmingstay.ch;[{'@type': 'ImageObject', 'contentUrl': 'https://hltpimtsoch.sos-ch-dk-2.exoscale-cdn.com/catalog/5/f/f/9/5ff9364cf3cc2e2712df4eeaf558cd3545435142_Balkon_Aussicht.jpeg'}];2026-07-03T16:38:01+02:00
32b5ebfb-07dd-4c10-8336-3630c9bb2230;lofthotel am Walensee;Das lofthotel am Walensee in Murg bietet eine beeindruckende Aussicht auf den Walensee und die Churfirsten. Es verfügt über einzigartige Übernachtungsmöglichkeiten, darunter eine grosse Loftsuite und umgebaute SBB-Güterwagen. Freizeitaktivitäten wie E-Bikes und eine Sauna am See stehen zur Verfügung.;Mit herrlicher Aussicht über den Walensee und die Churfirsten empfängt Sie das helle und luftige 3-Sterne-Superior-Hotel in der komplett umgebauten ehemaligen Spinnerei Murg. Reuse, Repurpose, Recycle.

Das lofthotel bietet neben den Standardzimmern viele spezielle Übernachtungsmöglichkeiten, von der spektakulären 330m2 grossen loftsuite für bis zu 10 Personen über zwei Bikerlofts, die Platz für die Fahrer*innen sowie die Motorräder im Zimmer bieten bis hin zum umgebauten SBB-Güterwagon, der nun als Hotelzimmer für bis zu 8 Personen dient.

Darüber hinaus punktet das Erlebnishotel mit diversen tollen Freizeitaktivitäten. Den Gästen stehen hauseigene E-Bikes, eine Indoor-Tennishalle, SUPs, ein Private Spa sowie eine holzbefeuerte Sauna direkt am See zur Verfügung.

Für Businesskunden bietet das lofthotel 10 grosszügige und modern ausgestattete Seminar- und Meetingräume, eine Eventhalle sowie spannende Rahmenprogramme.;9.217261;47.1124535;Alte Spinnerei 12;8877;Murg;+41 81 720 35 75;info@azibene.ch;https://www.lofthotel.ch;[{'@type': 'ImageObject', 'contentUrl': 'https://hltpimtsoch.sos-ch-dk-2.exoscale-cdn.com/catalog/5/7/9/e/579e2ec10e512cb18990fd89c1a4a44e07e50b30_lofthotel_Aussenansicht.jpg'}];2026-08-31T11:19:36+02:00
32bb0094-bcfe-40b5-9f8a-6c990670c33b;Hotel Waldegg;Das Hotel Waldegg in Flumserberg Tannenboden bietet eine ruhige Lage mit schöner Aussicht. Es ist familienfreundlich und verfügt über eine grosse Sonnenterrasse, Spielplatz und Spielraum. Im Winter kann direkt zum Hotel hinuntergefahren werden.;Ruhige Lage mit schöner Aussicht. Familienfreundliches Hotel mit schönen Zimmern. Im Sommer mit einer grossen Sonnenterrasse und Grill. Liegewiese, Spielplatz sowie ein Spielraum stehen zur Verfügung. Mit den Skiern kann direkt zum Hotel hinuntergefahren werden. Schulungs- und Konferenzraum, Freies WLAN.;9.283258593496619;47.0960986;Schwendistrasse 39;8898;Flumserberg Tannenboden;+41 81 733 18 85;info@hotelwaldegg.ch;http://www.hotelwaldegg.ch;[{'@type': 'ImageObject', 'contentUrl': 'https://hltpimtsoch.sos-ch-dk-2.exoscale-cdn.com/catalog/0/4/6/2/04624bc163564704c777869591ea1e2cf7327620_Waldegg1.jpg'}];2026-08-28T22:06:33+02:00
33aae776-d09f-4254-866a-51f698044ab2;Hotel Restaurant Schiffahrt;Das Hotel Restaurant Schiffahrt in Mols bietet komfortable Zimmer und ein gepflegtes Restaurant. Es liegt nur zwei Minuten vom Walensee entfernt und bietet im Sommer eine Gartenterrasse. Spezielle Gruppenpauschalen sind verfügbar.;Unser Hotel liegt mitten im idyllischen Heidiland, einer der schönsten Urlaubsdestinationen der Schweiz. Nicht ohne Grund ist der Name der beliebten Tourismusregion an Johanna Spyri‘s weltberühmte Heidi-Geschichte angelehnt, denn die sagenumwobene Naturidylle ist fast zu schön, um wahr zu sein.
Hier treffen majestätische Berge auf malerische Dörfer, tiefblaue Seen auf sonnenverwöhnte Rebhänge. Die fantastische Kulisse erstreckt sich vom Walensee und den imposanten Churfirsten über die Sommer- und Wintersportgebiete Flumserberg und Pizol bis hin zur Weinregion der Bündner Herrschaft.
Das Freizeit-Paradies im Osten der Schweiz ist das ganze Jahr über ein lohnenswertes Ziel für eine erholsame Kurzreise.

Die Zimmer sind alle im urchigen Landhausstil eingerichtet mit Massivholzbetten, und einem Kräuterschlafkissen-Menu. Alle Zimmer haben ein eigenes Bad mit Dusche/WC und Haartrockner, einen Schreibtisch, Balkon oder Terrasse, TV und WLAN. Einige bieten eine herrliche Aussicht auf den Walensee und die imposante Bergkette Churfirsten, andere sind mit Blick auf die umliegenden Berge.;9.278622;47.1124527;Schulhausstrasse 1;8885;Mols;+41 81 738 12 25;info@schiffahrt-mols.ch;http://www.schiffahrt-mols.ch;[{'@type': 'ImageObject', 'contentUrl': 'https://hltpimtsoch.sos-ch-dk-2.exoscale-cdn.com/catalog/b/1/2/3/b123e90584c635d7216c1b41876dd10afbecd6a8_IMG_20210814_WA0000.jpg'}];2026-09-01T22:02:42+02:00
33e43646-f9ae-4d9e-aa86-e9e2bdf98f94;Knobelboden Hotel und Restaurant;Das Knobelboden Hotel und Restaurant in Oberterzen bietet saisonale Gerichte im Landhausstil und eine Terrasse. Im Sommer laden Liegewiese und Pool ein, im Winter die Sauna. Die Seilbahnstation Flumserberg ist in der Nähe.;<p>Im reizvollen Dorf Oberterzen hoch &uuml;ber dem Walensee begr&uuml;sst Sie das seit 3 Generationen familiengef&uuml;hrte Knobelboden Hotel und Restaurant. Geniessen Sie K&ouml;stlichkeiten (saisonale Gerichte) in unserem Restaurant im Landhausstil oder bei gutem Wetter auch auf unserer Terrasse. Freuen Sie sich im Sommer auf eine Liegewiese, einen Aussenpool und einen Whirlpool. Im Winter l&auml;dt die Sauna zum Entspannen ein. Von der nahegelegenen Seilbahnstation aus erreichen Sie bequem das Ski- und Wandergebiet Flumserberg oder den See.</p>;9.260249562895584;47.103670949999994;Chnobelbodenstrasse 1;8884;Oberterzen;+41 81 738 12 29;info@knobelboden.ch;http://www.knobelboden.ch;[{'@type': 'ImageObject', 'contentUrl': 'https://hltpimtsoch.sos-ch-dk-2.exoscale-cdn.com/catalog/b/4/f/2/b4f29955fb048d38e33cbacca7927a9cc6d43241_unnamed__2_.jpg'}];2026-08-28T22:06:38+02:00
34e7e8e5-4266-4597-9e99-f17135521c31;juhui Flumserberg;Das juhui Flumserberg liegt 300 m von der Talstation Flumserberg entfernt in Flumserberg - Tannenbodenalp. Es bietet geräumige Zimmer, eine hauseigene Bar, Spielzimmer und kostenfreie Parkplätze. Skifahren, Radfahren und Wandern sind in der Umgebung möglich.;Das juhui Flumserberg ist 300 m von der Talstation Flumserberg entfernt und liegt an wunderschöner Lager in Flumserberg - Tannenbodenalp. Der Ausblick über die Berge ist beeindruckend. Das Ferienhaus bietet Zimmer in unterschiedlichen Komfortkategorien. 
Das Haus ist sehr geräumig eingerichtet, mit Spielzimmer, einer hauseigene Bar und Aufenthaltsräumen sowie 2 Speisesälen.
 Die Privatparkplätze vor der Unterkunft stehen Ihnen kostenfrei zur Verfügung. Die Garage (kostenpflichtig) bietet Platz für 12 Autos. 

In der Umgebung erholen Sie sich bei zahlreichen Aktivitäten, wie Skifahren, Fahrradfahren und Wandern. Vom juhui Flumserberg erreichen Sie nach jeweils 500 m die Talstation Maschgenkamm oder Chrüz. Vom nächstgelegenen Flughafen Zürich trennen Sie im juhui Flumserberg 67 km.;9.338378906250002;46.694509175082324;Schwendistrasse 11;8898;Flumserberg Tannenbodenalp;079 204 6552;juhui@unterkunft.ch;https://unterkunft.ch/haeuser/flumserberg;[{'@type': 'ImageObject', 'contentUrl': 'https://hltpimtsoch.sos-ch-dk-2.exoscale-cdn.com/catalog/e/d/d/f/eddf3b2299ca9e2ebd7b2104b7f757379d7ccbf8_Front.jpg'}];2026-05-15T20:10:09+02:00
37d62a43-7b2d-41e6-b8d5-281ee71f0d5a;Ferienwohnung Resort Walensee  Nr. 73;Die Ferienwohnung Resort Walensee Nr. 73 bietet eine 3,5-Zimmerwohnung mit 130 m2 und Terrasse direkt am Walensee. In der Nähe befinden sich das Restaurant Marina Walensee, eine Strandbar und Einkaufsmöglichkeiten.;Die 3.5-Zimmerwohnung beim Resort Walensee mit 130m2 inkl. Terrasse befindet sich am schönen Walensee in der Ferienregion Heidiland. In nur 2 Minuten zu Fuss erreichen Sie das Restaurant Marina Walensee, sowie die Strandbar. Zum Schiffssteg sind es 3 Minuten zu Fuss, geniessen Sie eine Schifffahrt auf dem fjordähnlichen Walensee unterhalb der Churfirstenkette. Einkaufsmöglichkeiten sind 5 Minuten zu Fuss entfernt.;9.258455250456695;47.115617650000004;Gostenstr. 33;8882;Unterterzen;+41 79 296 87 49;mueller.nicole.n@bluewin.ch;[{'@type': 'ImageObject', 'contentUrl': 'https://hltpimtsoch.sos-ch-dk-2.exoscale-cdn.com/catalog/7/0/d/8/70d833c0d4bb49b451cc4f75ca4e5c20c382a58a_Aussenansicht.jpg'}];2026-05-16T08:43:26+02:00
38f98cfd-d7a1-4f55-b663-d35c72d325a3;Alpenresidenz (CharmingStay);Die Alpenresidenz (CharmingStay) bietet eine moderne 4,5-Zimmer Dachwohnung im Zentrum von Flumserberg Tannenboden. In wenigen Minuten erreichst Du den Dorfladen, die Skischule, Restaurants und die Bergbahn. Ein Garagen- und ein Aussenparkplatz sind vorhanden.;Die moderne und helle 4.5-Zimmer Dachwohnung befindet sich im Zentrum von Flumserberg Tannenboden. Innerhalb von wenigen Gehminuten erreichen Sie den Dorfladen, die Skischule, verschiedene Restaurants und die Bergbahn. Zur Wohnung gehört ein Garagenparkplatz sowie ein Aussenparkplatz. ;9.287738984771416;47.09317115;Tannenbodenwiesenstrasse 3;8898;Flumserberg Tannenboden;+41 79 504 90 45;contact@charmingstay.ch;https://www.charmingstay.ch;[{'@type': 'ImageObject', 'contentUrl': 'https://hltpimtsoch.sos-ch-dk-2.exoscale-cdn.com/catalog/6/a/f/f/6aff1bae71769f7d683249ddc7e395bd5caef932_Alpenresidenz__6_.JPG'}];2026-01-19T12:01:34+01:00
3b756448-6511-4cd1-a26b-54b3e6c146cc;Berghotel Schönhalden;Das Berghotel Schönhalden auf 1500 m ü.M. bietet eine atemberaubende Aussicht auf die Churfirsten und die Alvier Bergkette. Es ist ideal für Erholungssuchende, die dem Massentourismus entfliehen möchten, und bietet zahlreiche Aktivitäten für Wanderer, Biker und Wintersportler.;Das Berghotel Schönhalden liegt auf 1500 M ü/M. auf dem Flumser Kleinberg. Das Hotel ist mit der Pendel Gondelbahn direkt erreichbar. In allen Räumen ist „Rauchen verboten"! Von der Terrasse aus hat man eine traumhafte Aussicht auf die Churfirsten und auf die Alvier Bergkette sowie auf das Sarganserland. Der Kleinberg ist speziell bei Erholungssuchenden beliebt, die den Massentourismus meiden wollen. Es gibt dennoch ein attraktives Angebot für Wanderer, Biker, Gleitschirmflieger, Schneeschuhläufer, Ski-Tourenfahrer und Winterwanderer.

Das Hotel verfügt über 13 Doppelzimmer und einem Vierbettzimmer plus 10 Zustellbetten und kann bis zu 40 Gäste beherbergen.
Die Zimmer sind geschmackvoll und mit einer persönlichen Note eingerichtet, die das Gefühl zur Entspannung und Wärme ausstrahlen. Einige Zimmer sind Behinderten gerecht und rollstuhlgängig.

Im neuen und gemütlichen Restaurant mit gut bürgerlicher Küche und Panoramasicht finden bis zu 80 Personen Platz. Auf der gemütlichen Sonnenterrasse kann man den Ausblick geniessen. Für die kleinen Gäste gibt es einen Aussen-Spielplatz und ein Spielzimmer.;9.3310109;47.0627408;Talstation Bergbahn Schönhalden;8894;Flumserberg Saxli;+41 81 733 11 96;flury@schoenhalden.ch;http://www.schoenhalden.ch;[{'@type': 'ImageObject', 'contentUrl': 'https://hltpimtsoch.sos-ch-dk-2.exoscale-cdn.com/catalog/c/b/d/5/cbd510d5f50fd72a763bfd5861b30cde1bd0d02e_Berghotel_Sch__nhalden_Sommer.png'}];2026-09-01T00:47:33+02:00
403958b7-4a63-41ed-8c11-3416d6f7ddbe;Hotel Cristal Flumserberg;Das Hotel Cristal Flumserberg liegt zentral in Tannenboden, nahe der Seilbahn Maschgenkamm. Es bietet 29 Zimmer, drei Restaurants und einen Wellnessbereich mit Dampfbad und Sauna. Die Skipiste befindet sich direkt neben dem Hotel.;Das umfangreich und aufwändig renovierte Hotel Cristal liegt zentral in Tannenboden auf dem Flumserberg, nur wenige Gehminuten von der Seilbahn Maschgenkamm und der Luftseilbahn LUFAG entfernt. Die Skipiste und der erste Lift liegen direkt neben dem Hotel. 

Das Hotel verfügt über 29 Zimmer, die Restaurants Churfirstenstube, Chäs-Stübli und Arvenstübli mit Kamin-Lounge sowie einen Wellnessbereich mit Dampfbad und Sauna. Die geschmackvolle Einrichtung und die gemütliche Atmosphäre im ganzen Hotel laden zum Geniessen und Entspannen ein.;9.282386599999999;47.0931453;Tannenbodenalpstr.3;8898;Flumserberg Tannenboden;+41 81 720 16 16;info@cristal-flumserberg.ch;https://cristal-flumserberg.ch/de/;[{'@type': 'ImageObject', 'contentUrl': 'https://hltpimtsoch.sos-ch-dk-2.exoscale-cdn.com/catalog/c/e/f/e/cefe1cbf6249152aa6276c9a60cc07d2776bf0a6_1Hausfront_Strasse.jpg'}];2026-08-31T23:22:49+02:00
41b32024-8801-4f31-9b48-13238a644ac7;Hotel Alpenhof;Das Hotel Alpenhof in Weisstannen ist ein charmantes, historisches Berghotel mit antik möblierten, einfachen Zimmern. Es bietet eine sonnige Gartenterrasse und ist der ideale Ausgangspunkt für Wanderungen in die UNESCO-Weltnaturerbe Tektonikarena Sardona.;Das Hotel Alpenhof im Weisstannental ist seit 1874 ein historisches Hotel im Dörfchen Weisstannen mit stilvollem Ambiente. Geniessen Sie die Gastfreundschaft in nostalgischen Zimmern, einer gemütlichen Gaststube und einem Biedermeierstübli mit Lesezimmer. Während der Sommersaison bietet der Speisesaal ein festliches Ambiente auch für Feiern, Seminare und Kulturanlässe. Bei sonnigem Wetter geniesst der Gast die angenehme Frische auf der Gartenterrasse mit Schatten spendenden Bäumen. Die Biedermeierzimmer sind antik möbliert und die Belle-Epoque Zimmer sind mit historischen Möbeln aus dem Hotelbestand ausgestattet. Für Hotelgäste bereiten wir dem Gast ein feines 3-Gang-Menü aus meist regionalen Produkten zu. Das Hotel Alpenhof ist der ideale Ausgangspunkt für Wanderungen zur Wasserfallarena Batöni und Etappenort entlang der Via Alpina und des Sardona Welterbeweg ins UNESCO-Weltnaturerbe Tektonikarena Sardona. Bei guten Schnee-Verhältnissen lassen sich im Winter auch einige Skitouren und Schneeschuhwanderungen erleben.;9.344299927902512;46.98883385;Oberdörflistrasse 16;7326;Weisstannen;+41 81 723 17 63;alpenhof.weisstannen@gmail.com;http://www.alpenhof-weisstannen.ch;[{'@type': 'ImageObject', 'contentUrl': 'https://hltpimtsoch.sos-ch-dk-2.exoscale-cdn.com/catalog/8/d/4/f/8d4f1cef0a7e0b57f73d4c06600605ec7b67b4e5_Hotel_Alpenhof1_IMG_3426.JPG'}];2026-08-31T23:13:14+02:00
423148bc-a9d5-4d03-b872-863c3fbd4668;Hotel Restaurant Churfirsten;Das Hotel Restaurant Churfirsten in Walenstadt bietet eine zentrale Lage nahe dem Bahnhof und dem Walensee. Es verfügt über kostenloses WLAN, eine gutbürgerliche Küche mit italienischen Spezialitäten und eine grosse Gartenterrasse im Sommer.;Der heimelige, gemütliche Churfirsten liegt beim Bahnhof Walenstadt und verfügt über einen grossen Parkplatz. Zum Walensee benötigen Sie nur 10 Minuten zu Fuß. Freuen Sie sich auf kostenloses WLAN.

Die Zimmer im Hotel Churfirsten sind mit einem Kabel-TV, einem Safe, einem Schreibtisch und einem Haartrockner ausgerüstet.

Die leistungsfähige, gutbürgerliche Küche mit italienischen Spezialitäten und den feinen Holzofen-Pizzas wird bei Einheimischen und Gästen sehr geschätzt. 
Im Sommter grosse Gartenterrasse. Die vielfältigen Räumlichkeiten bieten ideale Verhältnisse für Familienfeiern, Hochzeiten, Seminare, Tagungen etc.;9.312775133232773;47.1203077;Bahnhofstrasse 41;8880;Walenstadt;+41 81 736 44 44;info@hotelchurfirsten.ch;http://www.hotelchurfirsten.ch;[{'@type': 'ImageObject', 'contentUrl': 'https://hltpimtsoch.sos-ch-dk-2.exoscale-cdn.com/catalog/e/5/e/7/e5e7321b8a158e63709483317bb897de63d5c63f_Hotel_Churfirsten_Restaurant_Pizzeria_Walenstadt_Titelbild2.jpg'}];2026-08-28T22:06:20+02:00
42378a51-b72b-4202-a82e-eb20456c8c1a;Haus Alpenblick A5 (CharmingStay);Haus Alpenblick A5 bietet eine moderne 2,5-Zimmerwohnung am Flumserberg. Zentral gelegen, nur zwei Gehminuten vom Hallenbad und der Skipiste entfernt, mit Einkaufsmöglichkeiten in direkter Nähe.;Die moderne 2.5 Zimmerwohnung liegt sehr zentral am Flumserberg. Zwei Gehminuten zum Hallenbad sowie zur Skipiste. Einkaufsmöglichkeiten gibt es in direkter Nähe.;9.297766606774918;47.0907134;Tobelbachstr. 8;8897;Flumserberg Tannenheim;+41 79 504 90 45;contact@charmingstay.ch;https://www.charmingstay.ch;[{'@type': 'ImageObject', 'contentUrl': 'https://hltpimtsoch.sos-ch-dk-2.exoscale-cdn.com/catalog/d/2/3/0/d230ae05f62febe68ddb5ed7b8422586d3e6488f_AlpenblickA5_18.jpg'}];2026-08-26T05:02:14+02:00
42ebf9a2-5fdc-4285-963f-9d98b736d25d;Hotel Post;Das Hotel Post in Sargans bietet schallisolierte Zimmer mit TV und kostenfreiem WLAN. Ein Restaurant serviert Schweizer Küche und eine grosse Auswahl an Weinen. Die Seilbahn ins Skigebiet Wangs-Pizol ist in drei Minuten erreichbar.;Das familiengeführte Hotel Post begrüsst Sie in Sargans und liegt nur 5 Gehminuten vom Bahnhof entfernt. Eine 3-minütige Fahrt bringt Sie zur Seilbahn ins Skigebiet Wangs-Pizol.

Alle Zimmer sind schallisoliert und verfügen über einen TV sowie über ein Bad mit einer Dusche oder Badewanne. Freuen Sie sich auf kostenfreies WLAN.

Gemütliches Restaurant mit heimeliger Atmosphäre sowie Schweizer Küche mit Spezialitäten für Feinschmecker und einer grossen Auswahl an Weinen. Ideale Räumlichkeiten für Ihre diversen persönlichen und geschäftlichen Anlässe, wie Familienfeiern, Firmenessen, Vereine, Busse und Bankette.;9.4408779;47.0479524;Bahnhofstrasse 1;7320;Sargans;+41 81 720 47 47;info@hotelpost-sargans.ch;http://www.hotelpost-sargans.ch;[{'@type': 'ImageObject', 'contentUrl': 'https://hltpimtsoch.sos-ch-dk-2.exoscale-cdn.com/catalog/8/4/5/8/845818d5f795e03fd9a918941ae9dd62c173c541_Post_Sargans_Aussenaufnahme_1.jpg'}];2026-08-31T23:11:32+02:00
43a9715b-ad9c-4927-a3b7-d070d79b3ab0;Aparthotel Restaurant Edy Bruggmann;Das Aparthotel Edy Bruggmann am Flumserberg bietet haustierfreundliche Unterkünfte mit kostenfreien Privatparkplätzen. Geniesse lokale Spezialitäten im rustikalen Speiserestaurant oder im Panoramarestaurant. Der Prodalp-Express ist nur 100 m entfernt.;Das Aparthotel Edy Bruggmann begrüsst Sie mit einer wunderschönen Sonnenterrasse und bietet Ihnen haustierfreundliche Unterkünfte am Flumserberg. Die Privatparkplätze an der Unterkunft stehen Ihnen kostenlos zur Verfügung. Ein TV sorgt für Unterhaltung und die Gemeinschaftslounge der Unterkunft lädt zum Verweilen ein.

In unserem rustikalen Speiserestaurant *Pfnille" und Panoramarestaurant geniesst man einheimische Spezialitäten. Neben den beiden Restaurants kann man im Fonduestübli "Gadä" ein feines Käse- oder Fondue Chinoise geniessen. 

Den Skilift Schwammkopf erreichen Sie vom Aparthotel Edy Bruggmann nach 1,5 km und den Prodalp-Express nach 100 m.;9.303433011508352;47.0895725;Flumserbergstrasse 151;8897;Flumserberg Tannenheim;+41 81 733 24 24;info@hotelbruggmann.ch;http://www.hotelbruggmann.ch;[{'@type': 'ImageObject', 'contentUrl': 'https://hltpimtsoch.sos-ch-dk-2.exoscale-cdn.com/catalog/f/0/c/a/f0ca25c61b38f0ec7cd6b0e10138987734e225e7_DSC_0017.JPG'}];2026-07-03T20:17:25+02:00
46ba4279-90dc-48bf-8e09-788a8bce9f32;Garni Hotel Torkelbündte;Das Garni Hotel Torkelbündte in Bad Ragaz bietet geschmackvoll eingerichtete Zimmer mit Balkon, Dusche/WC, Kaffeemaschine und kostenlosem WLAN. Es ist ideal für Aktivitäten wie Mountainbiken, Golfen und Skifahren. Die Tamina Therme und das Casino sind in der Nähe.;Unsere Zimmer sind alle geschmackvoll eingerichtet  mit Balkon, Dusche/WC, Kaffeemaschine, TV und Safe. WLAN und die Parkmöglichkeiten nutzen Sie kostenfrei. Zwei Zimmer verfügen zusätzlich über ein Zustellbett.
Es ist der richtige Ausgangspunkt für die Taminaschlucht oder zum Mountainbiken, Golfen, Wandern, Tennisspielen und im Winter zum Skifahren, Langlaufen, Schlitteln oder Eislaufen. Die berühmte Tamina Therme, die Golfanlagen, das Casino  sind ein Katzensprung entfernt.;9.503753094845685;47.00497265;Fläscherstrasse 21a;7310;Bad Ragaz;+41 81 300 44 66;info@torkelbuendte.ch;https://www.torkelbuendte.ch;[{'@type': 'ImageObject', 'contentUrl': 'https://hltpimtsoch.sos-ch-dk-2.exoscale-cdn.com/catalog/3/e/5/b/3e5b51ea110c8bc55781bb0794179415bcb27c24_Aussen_Abendstimmung_Hotel_Garni_Torkelbuendte__2.jpg'}];2026-05-14T23:40:11+02:00
473f8492-2a35-40fe-bcb9-a36b737c92cf;Glamping Hotel Schloss Ragaz;Das Glamping Hotel Schloss Ragaz bietet ein Naturerlebnis mit Komfort im Schlosspark von Bad Ragaz. Die gemütlichen Glampinglodges bieten Zugang zum Hotelangebot und einige verfügen über einen eigenen Whirlpool.;<p>Naturerlebnis mit Komfort - Geniessen Sie ein einzigartiges Glamping-Erlebnis im Schlosspark! In den gemütlichen Glampinglodges mit Zugang zum Hotelangebot kommt ein unkompliziertes und individuelles Wohngefühl auf. Einige Lodges verfügen über einen eigenen Whirlpool.</p>;9.5084785;46.9974325;Schloss-Strasse 1;7310;Bad Ragaz;+41 81 303 77 77;info@hotelschlossragaz.ch;https://www.hotelschlossragaz.ch/de/;[{'@type': 'ImageObject', 'contentUrl': 'https://hltpimtsoch.sos-ch-dk-2.exoscale-cdn.com/catalog/6/a/2/2/6a228591417a949e1a6cc0c94cd2df3d0ff72a93_Bild2.jpg'}];2026-08-05T11:52:09+02:00
485acae9-1a89-4ee7-a902-9b6904befdba;Lueg ins Land;Das Studio Lueg ins Land in Mels bietet eine tolle Aussicht auf die Berglandschaft und verfügt über einen Gartensitzplatz mit Grillmöglichkeit. Ein Parkplatz und ein zusätzlicher Abstellraum sind ebenfalls vorhanden.;Das komplett möblierte Studio im Parterre von Lueg ins Land befindet sich oberhalb vom schönen Mels in der Ferienregion Heidiland. Tolle Aussicht auf die umliegende Berglandschaft. Zur Wohnung gehört ein Gartensitzplatz mit Grillmöglichkeit sowie ein zusätzlicher Abstellraum und ein Parkplatz ist vorhanden.;9.415213465690615;47.038135565140756;Butzerstrasse 130;8887;Mels;+41 77 424 65 53;ignazhobi@bluewin.ch;[{'@type': 'ImageObject', 'contentUrl': 'https://hltpimtsoch.sos-ch-dk-2.exoscale-cdn.com/catalog/f/9/0/0/f900eca8e347c79df9238e2da09b450d20d9abcb_IMG_6535.JPG'}];2026-01-19T12:01:34+01:00
49a12ad1-99a7-483e-b2b6-1dc01d83e799;Restaurant & Hotel Weiss Kreuz;Das Restaurant & Hotel Weiss Kreuz in Malans bietet eine vielfältige Küche mit französischen, italienischen und regionalen Spezialitäten. Gäste können in einem familienfreundlichen Ambiente mit Garten-Terrasse und rollstuhlgerechtem Zugang entspannen.;Das Restaurant & Hotel Weiss Kreuz in Malans zählt wohl berechtigterweise zu einem der schönsten Betriebe in der Bündner Herrschaft. Doch schön sein allein reicht ja bekanntlich noch nicht. Wir können Sie beruhigen, in unserem Restaurant, mit seinem vielfältigen Raumangebot ist es nicht «nur» wahnsinnig schön. Zusammen mit unserem sympathisch-herzlichen Service sorgen wir auch für das perfekte kulinarische Wohl unserer Gäste.

Geniessen Sie einen Abend mit einem ausgewählten Viergänger, eine feines Plättli nach einem tollen Wandertag, oder lassen Sie sich ganz einfach von unserer Karte inspirieren. Sie haben die Wahl. Gerne servieren wir Ihnen auch ein Glas Wein aus der Region – als Begleitung zum Essen, oder auch einfach so. Dazu wartet in unseren eigenen Weinkellern ein vielfältiges Weinangebot auf Sie. Und noch etwas: In unserem Restaurant verwöhnen wir Sie bereits am Mittag mit leckeren Speisen aus unserer Küche.;9.576131725657891;46.982555950000005;Dorfplatz 1;7208;Malans GR;+41 81 735 25 00;info@weisskreuzmalans.ch;http://www.weisskreuzmalans.ch;[{'@type': 'ImageObject', 'contentUrl': 'https://hltpimtsoch.sos-ch-dk-2.exoscale-cdn.com/catalog/2/f/2/b/2f2bffea0d8d212c4ad136c4ecb7fd9b8970a227_Weiss_Kreuz_Hauptbild.jpg'}];2026-09-01T22:02:36+02:00
49c29246-bb8c-4679-9579-b410ef0d41f7;Gauencenter EG (CharmingStay);Die 2,5-Zimmerwohnung im Gauencenter liegt zentral in Flumserberg Tannenheim. Die Gondelbahn Prodalp-Express ist in der Nähe und führt direkt ins Wander- und Skigebiet Flumserberg. Restaurants, Dorfladen und Hallenbad sind in wenigen Gehminuten erreichbar.;Die 2.5-Zimmerwohnung im Gauencenter befindet sich direkt im Zentrum vom Flumserberg Tannenheim. Die Gondelbahn Prodalp-Express ist in unmittelbarer Nähe und führt direkt in das Wander- und Skigebiet Flumserberg. Nur in wenigen Gehminuten befinden sich Restaurants, der Dorfladen und das Hallenbad Flumserberg.;9.298958655716081;47.0901013;Flumserbergstrasse 152;8897;Flumserberg-Tannenheim;+41 79 504 90 45;contact@charmingstay.ch;https://www.charmingstay.ch;[{'@type': 'ImageObject', 'contentUrl': 'https://hltpimtsoch.sos-ch-dk-2.exoscale-cdn.com/catalog/c/b/8/f/cb8f24c402d8319800bf6337be22b0338210cc67_Gauencenter_EG__6_.jpg'}];2026-01-19T12:01:34+01:00
4c03a852-eb3d-4802-85b4-7dc15f54748c;Hotel Restaurant Rössli;Das 3-Sterne-Hotel Rössli in Bad Ragaz bietet gehobene Küche und ist nur wenige Schritte vom Thermalbad Tamina entfernt. Es verfügt über kostenfreies WLAN und geschmackvoll eingerichtete Nichtraucherzimmer mit modernen Annehmlichkeiten.;<p>Das <strong>3-Sterne-Hotel R&ouml;ssli</strong> begr&uuml;sst Sie mit gehobener K&uuml;che im Herzen von Bad Ragaz, nur wenige Schritte vom Thermalbad Tamina entfernt. Kostenfreies WLAN steht zur Verf&uuml;gung. Die geschmackvoll eingerichteten Nichtraucherzimmer verf&uuml;gen &uuml;ber einen Flachbild-TV, ein Radio f&uuml;r Ihren iPod und eine L&uuml;ftungsanlage, die Pollen filtert. Obst, Mineralwasser und Tee stehen auf jeder Etage bereit.</p><p><strong>Ueli Kellenbergers K&uuml;che</strong> ist erfinderisch, saisongerecht und marktfrisch. Das Gem&uuml;se kommt aus der Umgebung, das Fleisch aus der Metzgerei des Bruders. Das R&ouml;ssli ist ein gediegen elegantes Restaurant, bewertet von <strong>Gault Millau mit 16 Punkten</strong> und vom Feinschmecker mit drei FFF.</p><p><strong>Die Karte f&uuml;hrt Weine aus &uuml;ber 500 Provenienzen</strong>. Weitherum gesch&auml;tzt ist das R&ouml;ssli auch f&uuml;r seine preiswerten, aber mit Meisterliebe bereiteten Men&uuml;s &uuml;ber Mittag. F&uuml;r Kaffee oder Aperitif gibt es bei gutem Wetter Platz auf einer kleinen Terrasse.</p>;9.501746918563985;47.003353149999995;Freihofweg 3;7310;Bad Ragaz;+41 81 302 32 32;info@roessliragaz.ch;https://www.roessliragaz.ch;[{'@type': 'ImageObject', 'contentUrl': 'https://hltpimtsoch.sos-ch-dk-2.exoscale-cdn.com/catalog/e/5/0/d/e50dcc0edf17022fcbe98a00c962a9a61484fda7_r__ssli_ragaz_007.jpg'}];2026-08-28T22:06:30+02:00
4ced3130-f829-4a0f-80e6-38aedec88f05;Haus Panorama B (Whg. Weibel);Das 1,5-Zimmer-Studio im Haus Panorama B in Flumserberg Tannenheim bietet moderne Einrichtung und eine Gartenterrasse mit Cheminée. In der Nähe befinden sich Skipisten, Biketrails und die Gondelbahn Prodalp-Express.;Das gemütliche 1.5-Zimmer-Studio befindet sich im Haus Panorama B in Flumserberg Tannenheim und ist zweckmässig - modern eingerichtet. Es liegt in unmittelbarer Nähe zu Skipiste, Biketrails und Wandergebiet. Die zur UNESCO-Welterbe Tektonikarena Sardona führende Gondelbahn &quot;Prodalp-Express&quot; sowie Bushaltestelle und Restaurants sind in Gehdistanz. Zur Wohnung gehört eine Gartenterrasse inkl. Cheminée mit Morgen- &amp; Abendsonne und herrlicher Aussicht auf die Churfirsten-Bergkette und das restliche Ostschweizer Bergpanorama des Sarganserlandes. In der Region befinden sich der fjordähnliche Walensee mit dem malerischen, autofreien Ausflugsort Quinten, sowie der mondäne Kurort Bad Ragaz.;9.304023100000002;47.0898412;Panoramastrasse 14;8897;Flumserberg Tannenheim;+41 71 720 02 17;daniel.weibel1@gmail.com;[{'@type': 'ImageObject', 'contentUrl': 'https://hltpimtsoch.sos-ch-dk-2.exoscale-cdn.com/catalog/d/0/9/3/d0936b3e1dd758aced1352dc3fbc88f946113e2b_Haus_Panorama_Hauptbild.jpeg'}];2026-01-19T12:01:34+01:00
4d3b3fad-9695-47a7-8154-8a035d453638;Mittleres Waldwiesli;Das Mittleres Waldwiesli liegt in ruhiger Lage am Flumserberg, nur zehn Minuten zu Fuss von der Bergbahn Prodalp-Express entfernt. Einkaufsmöglichkeiten, Sportgeschäfte und Restaurants sind ebenfalls in der Nähe. Im Sommer steht ein kostenloser Parkplatz zur Verfügung, im Winter ist die Zufahrt eingeschränkt.;In der Nähe (ca. 10 Minuten Gehdistanz) befinden sich die Bergbahn (Prodalp-Express), Einkaufsmöglichkeiten, Sportgeschäfte und diverse Restaurants. Kostenloser Parkplatz im Sommer in der Nähe der Ferienwohnung vorhanden, im Winter ist die Zufahrt sowie das Parkieren eingeschränkt.;9.30191795;47.09263715;Waldwieslistrasse 2;8897;Flumserberg Tannenheim;+41 79 323 81 58;info@waldwiesli.ch;http://www.waldwiesli.ch;[{'@type': 'ImageObject', 'contentUrl': 'https://hltpimtsoch.sos-ch-dk-2.exoscale-cdn.com/catalog/2/6/b/1/26b19672724e2af450318a91ee5bee244a7920db_TDS00020012541219224_sized_800_0.jpg'}];2026-01-19T12:01:34+01:00
4d5a3b88-a660-441d-ab31-25927a3018fa;Hotel Hirschen Maienfeld;Das zentral gelegene Hotel Hirschen Maienfeld bietet renovierte Zimmer mit Bergblick, eine Sonnenterrasse und kostenfreies WLAN. Gäste können Übernachtung mit Frühstück geniessen, während das Restaurant geschlossen bleibt.;In der wunderschönen Bündner Herrschaft, mitten in &quot;Heidis&quot; Dörfchen befindet sich das zentral gelegene B&amp;B Hirschen.
Mit einer schönen Sonnenterasse, gratis Wireless Netz sowie renovierten hellen und gemütlichen Zimmern und auch einem grossen Appartement würden wir Sie herzlich willkommen heissen.

Die Zimmer und Apartments im Hotel Hirschen bieten Bergblick, Holzböden und einen Flachbild-Sat-TV. Die Badezimmer sind privat oder Gemeinschaftsbäder.

Wir bieten unseren Gästen Übernachtung und Frühstück an, ansonsten bleibt das Restaurant geschlossen.;9.5290319;47.0045654;Bahnhofstrasse 16;7304;Maienfeld;+41 81 302 19 00;info.magastro@gmail.com;https://www.hirschen7304.ch/;[{'@type': 'ImageObject', 'contentUrl': 'https://hltpimtsoch.sos-ch-dk-2.exoscale-cdn.com/catalog/9/6/d/f/96df506513aef8517bc4d10161bdd7cefcb78947_Aussenansicht_2.jpg'}];2026-08-31T23:30:45+02:00
4dce7276-2933-4f85-810a-5c21a16d5a0e;Hotel Schloss Ragaz;Das Hotel Schloss Ragaz liegt in einem romantischen Schlosspark in Bad Ragaz. Es bietet traditionelle Schlosszimmer, moderne Pavillons und luxuriöse Glamping-Zimmer. In der Nähe befinden sich Golfplätze und die Tamina Therme.;<p data-start="56" data-end="459"><strong data-start="56" data-end="100">Der Wald im R&uuml;cken &ndash; die Berge im Blick.</strong><br data-start="100" data-end="103">Am Stadtrand von Bad Ragaz, umgeben von einem 60'000m&sup2; grossen Schlosspark, erwartet Sie das Naturpark Hotel Schloss Ragaz &ndash; ein R&uuml;ckzugsort zwischen Natur, Genuss und Entspannung. Direkt neben zwei Golfpl&auml;tzen gelegen und nur wenige Schritte von der Tamina Therme entfernt, verbindet das Hotel Ruhe mit idealer Ausgangslage f&uuml;r Erlebnisse in der Region.</p><p data-start="461" data-end="642">Die <strong data-start="465" data-end="479">Relax.Oase</strong> auf 300m&sup2; bietet Sauna, Dampfbad, Sprudelwannen, stilvolle Ruher&auml;ume und einen Aussenpool (Mai&ndash;September). Auch wohltuende Massagen sind direkt vor Ort buchbar.</p><p data-start="644" data-end="683"><strong data-start="644" data-end="681">Vier Wohnwelten f&uuml;r Ihre Auszeit:</strong></p><ul data-start="684" data-end="1145"><li data-start="684" data-end="756"><p data-start="686" data-end="756"><strong data-start="686" data-end="704">Schlosszimmer:</strong> klassisch-elegante Zimmer im historischen Geb&auml;ude</p></li><li data-start="757" data-end="914"><p data-start="759" data-end="914"><strong data-start="759" data-end="784">Residenz Sonderegger:</strong> praktisch eingerichtet mit eigener Kochnische in der nahegelegenen Residenz &ndash; perfekt f&uuml;r Kochliebhaber und l&auml;ngere Aufenthalte</p></li><li data-start="915" data-end="1003"><p data-start="917" data-end="1003"><strong data-start="917" data-end="937">Gartenpavillons:</strong> lichtdurchflutete Zimmer mit direktem Zugang zur Parklandschaft</p></li><li data-start="1004" data-end="1145"><p data-start="1006" data-end="1145"><strong data-start="1006" data-end="1026">Glamping Lodges:</strong> individuell gestaltete Lodges mit Terrasse, teilweise mit Whirlpool &ndash; einzigartiges Glamping-Erlebnis im Schlosspark</p></li></ul><p data-start="1147" data-end="1410">Kulinarisch erwarten Sie im <strong data-start="1175" data-end="1197">Restaurant Chutnee</strong> europ&auml;ische Spezialit&auml;ten und authentische indische K&uuml;che. Die <strong data-start="1261" data-end="1283">Bar Spirit of 7310</strong> l&auml;dt zu entspannten Abenden in besonderer Atmosph&auml;re ein. Jeden Morgen starten Sie mit einem reichhaltigen Fr&uuml;hst&uuml;cksbuffet.</p><p data-start="1412" data-end="1661">Die Umgebung bietet vielf&auml;ltige M&ouml;glichkeiten: Wanderungen durch die Taminaschlucht, Radtouren am Walensee, Golf direkt vor der T&uuml;r oder Ausfl&uuml;ge in die nahe Weinregion der B&uuml;ndner Herrschaft. Fahrr&auml;der und E-Bikes k&ouml;nnen im Hotel gemietet werden.</p><p data-start="1663" data-end="1776">Ein Ort zum Abschalten, Entdecken und Geniessen &ndash; f&uuml;r Ruhesuchende, Aktive, Golfer und Familien gleichermassen.</p>;9.50841584974839;46.99744825;Schloss-Strasse 1;7310;Bad Ragaz;+41 81 303 77 77;info@hotelschlossragaz.ch;http://www.hotelschlossragaz.ch;[{'@type': 'ImageObject', 'contentUrl': 'https://hltpimtsoch.sos-ch-dk-2.exoscale-cdn.com/catalog/6/7/6/0/6760312c62be43cd8bb027096e2ce3862d08e96a_AUFTRAG_HOTEL_DJI_20250611133657_0103_D__2.jpg'}];2026-08-27T14:33:45+02:00
4e71388e-b091-4829-8a0c-7e1ec0096dcb;Garni Hotel Schweizerhof;Das Garni Hotel Schweizerhof in Mels bietet Zimmer im alpenländischen Stil mit kostenfreiem WLAN, Bar und Kabel-TV. Es liegt ideal zwischen den Ski- und Wandergebieten Pizol und Flumserberge.;Im Dorf Mels in der Region Heidiland Sarganserland, inmitten der Ski- und Wandergebiete Pizol und Flumserberge, heißt Sie das Hotel Schweizerhof willkommen. Freuen Sie sich auf eine Bar und kostenfreies WLAN.

Die Zimmer in elegantem alpenländischen Stil sind mit Holzmöbeln und -böden ausgestattet. Sie verfügen über Kabel-TV, eine Minibar und ein Badezimmer. Haartrockner erhalten Sie auf Anfrage.;9.420163123443903;47.04707234999999;Kirchgasse 4;8887;Mels;+41 81 723 12 44;info@schweizerhof-mels.ch;http://www.schweizerhof-mels.ch;[{'@type': 'ImageObject', 'contentUrl': 'https://hltpimtsoch.sos-ch-dk-2.exoscale-cdn.com/catalog/0/1/4/c/014c9891eba157b27618bbd2b023e6d3befe2755_Doppelzimmer_superior_1.jpg'}];2026-09-04T21:05:57+02:00
4fe8b52d-18c2-4a18-a5de-4472e41f2623;Hotel-Restaurant-Ferienhaus ALTE SEKTION;Das Hotel-Restaurant-Ferienhaus ALTE SEKTION bietet 98 Betten in Massenlagern und 40 Betten in rustikalen Zimmern. Es liegt auf 1270 m ü. M. direkt an der Skipiste und bietet einfache, lokale Küche.;Die Unterkunft bietet 98 Betten in verschiedenen Massenlagern mit Etagenduschen/WC und 40 Betten in einfachen, rustikalen 2er - 6er-Zimmer mit WC/Dusche an. Ebenfalls verfügt die Unterkunft über eine 2.5-Zimmerwohnung, welche zusätzlich gemietet werden kann.

Wir verwöhnen Sie gerne mit unserer einfachen, aber währschaften Küche.
Kommen Sie vorbei und lassen Sie sich inspirieren.;9.298367942684013;47.08959025;Flumserbergstrasse 161/158;8897;Flumserberg Tannenheim;+41 79 912 50 05;info@altesektion.ch;http://www.altesektion.ch;[{'@type': 'ImageObject', 'contentUrl': 'https://hltpimtsoch.sos-ch-dk-2.exoscale-cdn.com/catalog/5/4/5/7/5457e9dd12277aee90f44319bfc97353b65658c3_Aussen_Winter.jpg'}];2026-05-15T08:43:18+02:00
51e8ac04-7c9a-4a21-a588-7b4f5291eb45;Hotel Restaurant Heidihof;Das Hotel Restaurant Heidihof in Maienfeld bietet Zimmer mit TV und Internet, moderne Seminarräume und einen Bankettsaal. Im À-la-carte-Restaurant werden regionale Spezialitäten serviert. Eine grosse Terrasse bietet Aussicht auf die Bündner Herrschaft.;Unser Hotel liegt in bester Lage mit traumhaftem Blick auf die Berge. Wir verfügen über 15 komfortable Zimmer mit Bad/Dusche, WC. TV, Radio und WLAN, die bis zu 27 Gästen Platz bieten. 
Unsere Küche vereint internationale Spezialitäten, Schweizer Klassiker und regionale Gerichte, die Sie auch auf unserer grossen Sonnenterrasse oder in Restaurant geniessen können. 
Für Feiern, Bankette oder Seminare steht Ihnen ein Eventsaal für bis zu 100 Personen oder ein kleineres Seminarraum mit moderner Technik zur Verfügung. 
Es würde uns sehr freuen, Sie bei uns willkommen heißen und verwöhnen zu dürfen.;9.54429770467971;47.017297;Bovelweg 16;7304;Maienfeld;+41 81 300 47 47;info@heidihof.ch;http://www.heidihof.ch;[{'@type': 'ImageObject', 'contentUrl': 'https://hltpimtsoch.sos-ch-dk-2.exoscale-cdn.com/catalog/b/c/f/e/bcfea43999666811f7fed8992e311aaa2c875f61_IMG_7064__1_.JPG'}];2026-08-26T14:33:43+02:00
54271edc-f9eb-4db2-877c-6f994ca95767;Quadernpark (9 Wohnungen);Die Quadernpark Apartments im Zentrum von Valens bieten eine ruhige Lage mit Blick auf eine grosszügige Parkumgebung. Einkaufsmöglichkeiten und Postautohaltestellen sind direkt vor der Tür. Ideal für Ausflüge in die umliegende Bergwelt.;Die Quadernpark Apartments befinden sich im Dorfzentrum von Valens, in unmittelbarer Nähe zur Reha-Klinik. Von den ruhig gelegenen Mehrfamilienhäusern haben sie Blick in eine grosszügige Umgebung mit Park. Die Ferienwohnungen befinden sich in drei Gebäuden mit Eigentumswohnungen integriert. In einem der Häuser befindet sich ein Einkaufsladen mit regionalen Produkten sowie Postautohaltestellen direkt vor der Türe.

Durch die hervorragende Erreichbarkeit ab Bad Ragaz über die grösste Bogenbrücke der Schweiz ist Valens zu jeder Jahreszeit attraktiv. Umgeben von beeindruckender Bergwelt erholen Sie sich am Ausgangspunkt für Ausflüge zum Wandern, Biken, Schwimmen und vielem mehr.;9.4824363;46.9696093;Quadernstrasse 2/4/6;7317;Valens;+41 81 911 30 34;info@i-s-p.ch;https://www.quadernpark.ch;[{'@type': 'ImageObject', 'contentUrl': 'https://hltpimtsoch.sos-ch-dk-2.exoscale-cdn.com/catalog/d/9/4/e/d94eb0d6d140df3c2ad04ab479b5db50084d5a2d_Bild1.jpg'}];2026-05-03T04:56:49+02:00
555b474e-e921-4834-b464-e6e67cf8f9d5;Ferienhaus Falknis;Das Ferienhaus Falknis in Bad Ragaz bietet eine moderne und gemütliche Unterkunft mit sonnigem Gartensitzplatz. Einkaufsmöglichkeiten, Bahnhof und Thermalbad sind in wenigen Gehminuten erreichbar. Ideal für Paare, Familien und Singles.;Das charmante 2 ½ Zimmer Maisonette-Eckhaus liegt an ruhiger Lage im Dorfzentrum. Einkaufsmöglichkeiten befinden sich in unmittelbarer Nähe (ca. 2 Gehminuten). Bis zum Bahnhof und zum Thermalbad sind es ca. 5 - 10 Gehminuten. Zur Wohnung gehört ein sonniger Gartensitzplatz sowie ein Keller mit Waschmaschine und Tumbler.

Das Ferienhaus ist modern und gemütlich eingerichtet. Der Wohn-/Essbereich verfügt über einen Plattenboden, die Schlafzimmer über einen Parkettboden. Im Erdgeschoss befindet sich eine Wendeltreppe ins Obergeschoss (nicht geeignet für kleine Kinder).;9.50253735;47.00353655;Pestalozziweg 5;7310;Bad Ragaz;+41 61 481 34 57;ros.lang@bluewin.ch;[{'@type': 'ImageObject', 'contentUrl': 'https://hltpimtsoch.sos-ch-dk-2.exoscale-cdn.com/catalog/b/a/9/a/ba9a74829a0431b6d7017f6f64ee801a12a2bfc1_Ferienhaus_Falknis_1.jpg'}];2026-02-09T15:44:43+01:00
55cc4c34-f88c-485b-af98-bb714a725ee8;Chalet Tännli (CharmingStay);Das Chalet Tännli bietet zwei 3,5-Zimmerwohnungen am Flumserberg Tannenboden. Die Bergstation, Einkaufsmöglichkeiten und Restaurants sind in wenigen Gehminuten erreichbar. Pro Wohnung steht ein Parkplatz zur Verfügung.;Das Chalet Tännli verfügt über zwei 3.5-Zimmerwohnungen direkt am Flumserberg Tannenboden.  Die Bergstation Tannenboden, Einkaufsmöglichkeiten und Restaurants befinden sich nur wenige Gehminuten von der Unterkunft entfernt. Vor dem Haus stehen pro Wohnung je ein Parkplatz zur Verfügung. ;9.285302000000001;47.09648525;Schwendistrasse 44;8898;Flumserberg Tannenboden;+41 79 504 90 45;contact@charmingstay.ch;https://www.charmingstay.ch;[{'@type': 'ImageObject', 'contentUrl': 'https://hltpimtsoch.sos-ch-dk-2.exoscale-cdn.com/catalog/3/2/6/6/3266565e0e6e08f817c92599315e1bd0e01a9b0f_Chalet_T__nnli1.jpg'}];2026-01-19T12:01:34+01:00
560f4a01-b3e8-4ced-9574-f97fe4825fea;Haus Zanaiblick;Haus Zanaiblick in Valens bietet zwei helle 2-Bett-Studios im Parterre. Die Studios sind gemütlich eingerichtet und verfügen über einen offenen Wohn-/Schlafraum mit Kochecke. Ein kostenfreier Parkplatz ist vorhanden.;Das Ferienhaus verfügt über zwei 2-Bett-Studios und liegt im schönen Valens. Ein kostenfreier Parkplatz gehört zu den Studios.

Details der einzelnen Ferienwohnungen
- 2x 2-Bett-Studio im Parterre

Die beiden hellen und gemütlich eingerichteten Studios verfügen beide über einen offenen Wohn-/Schlafraum mit zwei Betten, Sofa und Essbereich. In der kleinen Kochecke findet man alles was man braucht.;9.478308357082327;46.968177334268745;Duonigstrasse 17;7317;Valens;+41 81 302 41 58;kurt.wyrsch@bluewin.ch;[{'@type': 'ImageObject', 'contentUrl': 'https://hltpimtsoch.sos-ch-dk-2.exoscale-cdn.com/catalog/a/9/8/2/a982d9b2482ce53f9c64ccb24680854f53bf6c89_Haus_Zanaiblick_1.jpg'}];2026-02-09T16:35:53+01:00
5624ca77-f03a-4159-b394-b309a87724ba;Ferienwohnung Steinröschen;Die Ferienwohnung Steinröschen liegt zentral in Flumserberg Tannenbodenalp, nahe Skilift und Einkaufsmöglichkeiten. Sie bietet kostenfreien Parkplatz, gemütliche Einrichtung und Zugang zu einem Wintergarten.;Die 3.5-Zimmerwohnung befindet sich mitten im Zentrum von Flumserberg Tannenbodenalp, gleich bei der Postautohaltestelle und in der Nähe des Skilifts und Einkaufsmöglichkeiten. Zur Wohnung gehört ein kostenfreier Parkplatz.

Die helle Wohnung ist gemütlich und komfortabel eingerichtet. Der Wohnraum sowie ein Schlafzimmer verfügen über einen Holzboden. Vom Wohnzimmer aus hat man Zugang zum möblierten Wintergarten.;9.284847590473282;47.0935765;Flumserbergstrasse 190;8898;Flumserberg Tannenbodenalp;+41 78 779 55 78;els.steinemann@gmail.com;https://steinroeschen.ch/;[{'@type': 'ImageObject', 'contentUrl': 'https://hltpimtsoch.sos-ch-dk-2.exoscale-cdn.com/catalog/a/2/5/9/a2592e6dfa82608051d75da8198e063f1d5eec62_Steinr__schen_6.jpg'}];2026-03-11T14:19:08+01:00
5732e5a5-3e88-4e89-b6c6-ea76d3e512bf;Stellplatz Mapraggsee;Der Stellplatz Mapraggsee liegt am Waldrand und bietet 6-7 Stellplätze für Wohnmobile, Vans oder Zelte. Er verfügt über ein WC, eine Grillstelle und ist ideal für Wanderungen in der Umgebung.;Der Platz liegt am Waldrand und am Läuibach. Er verfügt über 6-7 Stellplätze für Wohnmobile, Wohnwagen, Vans oder Zelte. Er ist mit Schotter befestigt, verfügt über ein WC und eine Grillstelle mit Sitzmöglichkeiten. Vom Stellplatz aus führen Wanderwege am See entlang, Richtung Valens/Vasön und auf den Vättnerberg. Der Dorfladen in Vasön ist nur 1 km entfernt und zu Fuss in ca. 10 Minuten und mit dem Auto in 2 Minuten erreichbar.

Wir empfehlen den Stellplatz erst vor Ort zu bezahlen, da wir auch Barzahlung und Twint akzeptieren. Es kann vorab keine Garantie für die Verfügbarkeit der Plätze gegeben werden, da diese nicht einzeln markiert sind. Wir bitten um Verständnis.;9.479066133499147;46.946666040688434;Mapraggstausee;7317;Vasön;0791045567;valens.tourismus@gmail.com;https://valens-tourismus.ch/camping;[{'@type': 'ImageObject', 'contentUrl': 'https://hltpimtsoch.sos-ch-dk-2.exoscale-cdn.com/catalog/c/d/c/3/cdc3585c3d04ae5b28737e0fd0250a9ccf007adf_DSC_7212.jpg'}];2026-08-06T17:21:35+02:00
57883285-3525-402d-a6a2-5c2842db061d;Chalet Good ;Das Chalet Good in Flumserberg Tannenheim bietet zwei Ferienwohnungen, nur fünf Gehminuten von Postautohaltestelle, Einkaufsmöglichkeiten und Seilbahn entfernt. Im Winter direkt an der Skipiste, im Sommer an Wanderwegen gelegen. Kostenloser Parkplatz inklusive.;Das Chalet mit zwei Wohnungen befindet sich in Flumserberg Tannheim nur ca. 5 Gehminuten von der Postautohaltestelle, Einkaufsmöglichkeiten, Seilbahn, Minigolf und Tennisplatz entfernt. Im Winter direkt an der Skipiste und im Sommer an den Wanderwegen. Ein kostenloser Parkplatz gehört zum Chalet dazu.

Details der einzelnen Ferienwohnungen
- 1x 3.5-Zimmerwohnung im ersten Stock
- 1x 2.5-Zimmerwohnung im Parterre

Die Wohnungen verfügen beide über eine Wohnküche mit grossem Esstisch, Eckbank und Stühlen. Die Küche ist ausgestattet mit Kochherd, Backofen, Kühlschrank, Kaffeemaschine, Toaster und Racletteofen. Badezimmer mit Dusche/WC.;9.30025019013009;47.08918175;Cafridastrasse 4;8897;Flumserberg Tannenheim;+41 81 733 44 04;hotelalpenblick@bluewin.ch;[{'@type': 'ImageObject', 'contentUrl': 'https://hltpimtsoch.sos-ch-dk-2.exoscale-cdn.com/catalog/2/4/8/7/24878c5746a7810c56677e9170239b33974f813b_Sommer_Ansicht.jpg'}];2026-03-11T13:55:25+01:00
58d2abf4-ab13-4c17-93cf-91c462476920;Ferienwohnung Resort Walensee Nr. 99;Die 3,5-Zimmerwohnung im Resort Walensee bietet 99 m2 Wohnfläche direkt am Walensee in der Ferienregion Heidiland. In wenigen Minuten zu Fuss erreichbar sind das Restaurant Marina Walensee, die Strandbar und der Schiffssteg.;Die 3.5-Zimmerwohnung beim Resort Walensee mit 99m2 befindet sich am schönen Walensee in der Ferienregion Heidiland. In nur 2 Minuten zu Fuss erreichen Sie das Restaurant Marina Walensee, sowie die Strandbar. Zum Schiffssteg sind es 3 Minuten zu Fuss, geniessen Sie eine Schifffahrt auf dem fjordähnlichen Walensee unterhalb der Churfirstenkette. Einkaufsmöglichkeiten sind 5 Minuten zu Fuss entfernt.;9.256038013380152;47.11484435;Gostenstrasse 26;8882;Unterterzen;+41 79 376 83 66;maja.spiess@gmx.ch;[{'@type': 'ImageObject', 'contentUrl': 'https://hltpimtsoch.sos-ch-dk-2.exoscale-cdn.com/catalog/5/2/f/4/52f461d60b7ebfea0c1b0ad43d85bfc4385a0348_TDS00020012438967025_sized_800_0.jpg'}];2026-04-21T17:11:07+02:00
5a51b0aa-4289-4144-bb64-69c269f28551;Club Siesta Ferienwohnung/Studio;Club Siesta bietet neu sanierte Ferienwohnungen und Studios in Flumserberg Tannenheim. Die Unterkünfte sind modern eingerichtet und liegen in der Nähe der Prodalpbahn. Parkplätze und eine Spielwiese mit Grill sind vorhanden.;Zwei neu sanierte und möbilierte 3-Zimmer-Wohnung mit 5 Betten (2+3), und ein ebenso neu saniertes Studio mit 2 Betten.

Eigene Parkplätze mit ganzjähriger Zufahrt für PWs und Kleinbusse vor dem Haus. Spiel- und Liegewiese mit Aussengrill (Sommer). In Schrittnähe zur Prodalpbahn (Gondel), den Dorfläden.;9.305129390625002;47.08853685;Mätzwiesenstrasse 25;8897;Flumserberg Tannenheim;+41 44 382 44 44;info@siesta.swiss;https://siesta.ch/;[{'@type': 'ImageObject', 'contentUrl': 'https://hltpimtsoch.sos-ch-dk-2.exoscale-cdn.com/catalog/4/f/f/e/4ffe1de7f4fae08f8a0e4e4db70bfcb3d1a1c7af_2Schlafzimmer_Studio.JPG'}];2026-01-19T12:01:35+01:00
5c4274d3-729b-485b-bd38-ad975924e408;Ferienwohnung Chriesilöser;Die Ferienwohnung Chriesilöser in Bad Ragaz bietet eine stilvolle 3,5-Zimmerwohnung an sonniger Lage. Geschäfte, Restaurants, Thermalbad und Freibad sind in wenigen Gehminuten erreichbar.;Die gemütliche und stilvoll eingerichtete 3.5-Zimmerwohnung liegt an sonniger Lage im historischen Kurort Bad Ragaz. Das Ortszentrum mit Geschäften und Restaurants sowie das Thermalbad, der Giessenpark und das Freibad sind in wenigen Gehminuten erreichbar.;9.502314413377373;47.0124255;Chriesilöserstr. 13;7310;Bad Ragaz;brigit.danuser@gmail.com;[{'@type': 'ImageObject', 'contentUrl': 'https://hltpimtsoch.sos-ch-dk-2.exoscale-cdn.com/catalog/c/7/d/d/c7dd452a4c76182c25d72ea53b0e212ba0405bc0_Ferienwohnung_Chriesil__ser__1_.jpeg'}];2026-08-11T13:07:09+02:00
5d24d900-6d53-4191-b392-4d3adff63e6b;Haus Linaria (CharmingStay);Haus Linaria in Flumserberg-Mittenwald bietet eine gepflegte 3,5-Zimmerwohnung mit grossem Gartensitzplatz. Die Wohnung wurde 1974 gebaut und kürzlich renoviert. Sie liegt in unmittelbarer Nähe zur Talstation Mittenwald.;Gepflegte 3.5 Zimmerwohnung in Flumserberg-Mittenwald mit sehr grossem Gartensitzplatz. Gebaut wurde die Wohnung im Jahre 1974, wurde aber kürzlich renoviert und hat 55m2. In unmittelbarer Nähe zur Talstation Mittenwald. Virtueller 3D-Rundgang https://my.matterport.com/show/?m=3h4DvrLkh97  ;9.295494319019138;47.0903293;Sonnmattstr. 4;8898;Flumserberg Tannenboden;+41 79 504 90 45;contact@charmingstay.ch;https://www.charmingstay.ch;[{'@type': 'ImageObject', 'contentUrl': 'https://hltpimtsoch.sos-ch-dk-2.exoscale-cdn.com/catalog/b/b/f/9/bbf957b758b11c548fba8057f91ec102a94fc50d_Haus_Linaria1.jpg'}];2026-02-09T16:30:58+01:00
5f750e48-f329-4e74-8577-6bcad85dbbf0;Chalet Köbi;Idyllisch gelegenes Ferienhaus mit traumhafter Bergsicht in Flumserberg Tannenheim;<p>Das 4,5 -Zimmer Ferienhaus liegt an einer ausgesprochen ruhigen und idyllischen Lage in Flumserberg Tannenheim. Es bietet eine atemberaubende Aussicht auf die gegen&uuml;berliegende Bergkette sowie das Tal, das sich bis nach Sargans erstreckt. Ein Aussen-Parkplatz und ein Garagen-Parkplatz stehen zur Verf&uuml;gung. Die Talstation der Prodalp-Gondelbahn Tannenheim ist ca. 900 Meter entfernt.</p>;9.3077706;47.0833686;Untere Anggetlinstrasse 10;8897;Flumserberg Tannenheim;+41 78 844 00 04;maja@augustin-baer.ch;[{'@type': 'ImageObject', 'contentUrl': 'https://hltpimtsoch.sos-ch-dk-2.exoscale-cdn.com/catalog/5/0/4/7/5047950b84918c3313baf4fe37dbdfe84dd2e307_Chalet_Koebi_Sommer.jpg'}];2026-09-04T12:13:40+02:00
6283eeb7-6bad-480e-888d-1dce28d1e05c;Haus DOMO;Haus DOMO bietet unvergessliche Bergferien am Flumserberg. Die zentral gelegene Ferienwohnung ist ideal für Skifahren, Biken und Wandern. Sie bietet eine sonnige Lage, Panoramablick und ist nur 3 Gehminuten von Seilbahnstationen entfernt.;<p><strong><span class="Apple-style-span">DOMO - Ihre Wohlf&uuml;hloase in den Alpen, direkt am Flumserberg</span></strong></p>
<p>Erleben Sie unvergessliche Bergferien - ob verschneite Wintertage oder sonnige Sommerwochen - in der charmanten Ferienwohnung DOMO, direkt am Flumserberg. Hier trifft alpiner Lifestyle auf gem&uuml;tliches Ambiente und atemberaubende Natur.</p>
<p><strong><span class="Apple-style-span">Aktivurlaub oder pure Entspannung? Bei uns geht beides.</span></strong><br>Skifahren, Snowboarden, Biken, E-Biken, Wandern oder einfach die Seele baumeln lassen - all das beginnt praktisch vor der Haust&uuml;r. Die Seilbahnstationen sind nur ca. 3 Gehminuten entfernt und bringen Sie entweder auf &uuml;ber 2.000 Meter H&ouml;he oder hinunter zum malerischen Walensee, flankiert von den imposanten sieben Churfirsten.</p>
<p><span class="Apple-style-span">Details zu den einzelnen Ferienwohnungen</span></p>
<ul>
<li>1x 3.5-Zimmerwohnung im Erdgeschoss mit Dusche/Terrasse, 4 Personen, 82m2</li>
<li>1x 4.5-Zimmerwohnung im Obergeschoss mit Dusche/Balkon, 4 ( bis 6) Personen, 60m2</li>
</ul>
<p><strong><span class="Apple-style-span">Wohnen mit Stil und Aussicht</span></strong><br>Die beiden Wohnungen des Hauses DOMO &uuml;berzeugen mit hellen R&auml;umen, stilvollen Vintage-M&ouml;beln und warmem Holzambiente. Geniessen Sie den einzigartigen Panoramablick auf die umliegenden Berge - ob vom gem&uuml;tlichen Wohnzimmer oder von der sonnigen Terrasse oder dem Balkon.</p>
<p>Die Wohnungen bieten Raum f&uuml;r bis zu 4 (6) Personen und sind ideal f&uuml;r Paare, Familien oder Freunde, die gemeinsam Natur, Sport und Erholung geniessen m&ouml;chten.</p>
<p>F&uuml;r Biker steht ein grosser, &uuml;berdachter Stellplatz zur Verf&uuml;gung und f&uuml;r E-Bike-Enthusiasten zudem gen&uuml;gend leicht zug&auml;ngliche Ansteckm&ouml;glichkeiten.<br>Die Wintersportbegeisterten wiederum haben einen abschliessbaren Skiraum und einen leistungsstarken Skischuhtrockner zur freien Verf&uuml;gung.</p>
<p><strong><span class="Apple-style-span">Technische Einrichtung</span></strong><br>TV und WLAN stehen in beiden Wohnungen kostenlos zur Verf&uuml;gung.</p>;9.282718592111657;47.093954749999995;Tannenbodenalpstrasse 10;8898;Flumserberg Tannenbodenalp;+41 79 730 50 01;HausDOMO@bluewin.ch;[{'@type': 'ImageObject', 'contentUrl': 'https://hltpimtsoch.sos-ch-dk-2.exoscale-cdn.com/catalog/e/6/6/2/e6623e0f58b34707bdda74d38259caa0384d36f5_3_IMG_8769k.jpg', 'caption': {'de': 'Haus DOMO (Obergeschoss)', 'en': 'House DOMO (upper floor)'}}];2026-08-07T10:30:36+02:00
635e0604-01ba-4371-b6d2-ac1f24ab59e4;Hotel Tannenboden;Das Hotel Tannenboden liegt zentral am Flumserberg, nur 150 Meter von Skipisten und Skiliften entfernt. Es bietet Zugang zu Wanderwegen, Bikerstrecken und Einkaufsmöglichkeiten, ideal für Ruhesuchende, Aktive und Geniesser.;Das Hotel Tannenboden befindet sich eingebettet im Zentrum vom Tannenboden am Flumserberg. Nur 150 Meter von den nächsten Skipisten und Skiliften entfernt. Ebenfalls liegen Wanderwege, Bikerstrecken und Einkaufsmöglichkeiten in unmittelbarer Nähe. So ist das Hotel Tannenboden für Ruhesuchende, Aktive und Geniesser der ideale Ausgangsort für ein paar Tage Urlaub.;9.286605903128759;47.09299215;Flumserbergstrasse 184;8898;Flumserberg Tannenbodenalp;+41 81 733 11 22;info@tannenboden.ch;http://www.tannenboden.ch;[{'@type': 'ImageObject', 'contentUrl': 'https://hltpimtsoch.sos-ch-dk-2.exoscale-cdn.com/catalog/6/c/0/9/6c09b7d3eb1d67d7a035615044c3aa851ae6278f_IMG_1229.jpg'}];2026-08-28T22:06:12+02:00
638e1245-980d-4efe-96b6-a6f6ec824a6d;Waldcamping Landquart AG;Waldcamping Landquart AG bietet idyllisches Camping im Föhrenwald mit Stellplätzen und Mietunterkünften. Ein Bistro, ein Kinderspielplatz und ein Restaurant in der Nähe sorgen für einen entspannten Aufenthalt. Ideal für Fahrrad- und Biketouren.;Idyllisches Camping in einem Föhrenwald, mit Stellplätzen sowie Mietunterkünften ausgestattet. Es erwartet Sie ein gemütliches Bistro, ein heimeliger TV/Aufenthaltsraum, ein cooler Kinderspielplatz mit Wasserspiel, Tischtennis, Trampolin, Gartenschach, ein kleiner Shop direkt neben dem Platz und ein gutes Restaurant "Sandplatz" in unmittelbarer Nähe. Alles, was Sie für einen entspannenden Aufenthalt benötigen.

Nützliche Gästehinweise
In der Nähe befindet sich das Heididorf oberhalb von Maienfeld, die Ortschaft Bad Ragaz mit Tamina Therme, zwei erstklassige Golfplätze, das Wander- und Schneesportgebiet Pizol oder die Taminaschlucht. Der Platz ist zudem ein idealer Ausgangspunkt für schöne Fahrrad- und Biketouren. Die Gegend gilt als Gleitschirmparadies und ist ideal zum Inlineskaten, Klettern und Wandern. Als Hauptort der Rhätischen Bahn ist der Waldcamping Landquart bei Eisenbahnfans ein wichtiger Ausgangspunkt.;9.59385395050049;46.970691710268156;Ganda 21;7302;Landquart;+41 79 482 65 95;info@waldcamping.ch;http://www.waldcamping.ch/;[{'@type': 'ImageObject', 'contentUrl': 'https://hltpimtsoch.sos-ch-dk-2.exoscale-cdn.com/catalog/5/f/d/f/5fdf219ce9688039bc5af229c8256d107271d707_20190818_084837__3.jpg'}];2026-08-28T22:06:09+02:00
63959f90-5175-4d4a-ab85-73a0baea3297;Chalet Iris;Das Chalet Iris in Flumserberg Tannenheim bietet eine 4-Zimmerwohnung mit Blick auf die Churfirsten. Die Talstation Tannenheim ist 700 m entfernt. Zwei kostenlose Parkplätze und eine grosse Terrasse sind vorhanden.;Die 4-Zimmerwohnung befindet sich an sonniger Lage in Flumserberg Tannenheim im Quartier Anggetlin, mit herrlicher Aussicht auf die Churfirsten. Die Talstation Tannenheim ist nur 700 m entfernt. Vor dem Haus stehen zwei kostenlose Parkplätze zur Verfügung.

Die Ferienwohnung ist gemütlich eingerichtet und auf zwei Etagen eingeteilt. Die Wände in der ganzen Wohnung sind getäfelt. Zur Wohnung gehört eine grosse Terrasse mit Liegestuhl.;9.3075603;47.0835366;Unteres Anggetlin 15;8897;Flumserberg Tannenheim;+41 44 840 22 85;petra@oeschdruck.ch;[{'@type': 'ImageObject', 'contentUrl': 'https://hltpimtsoch.sos-ch-dk-2.exoscale-cdn.com/catalog/3/5/5/f/355f85795d70cf8c51b6c2b06e45d6b045cce5ae_Iris_Aussen_top__2_.JPG'}];2026-03-11T14:02:58+01:00
63b350b4-e38f-4b0a-92ba-67be9f47b5c9;Ferienwohnung Tobelbachstr. 11;Die Ferienwohnung Tobelbachstr. 11 in Flumserberg Tannenheim bietet eine ruhige Lage mit Bergblick, nahe Skilift und Hallenbad. Sie wurde 2021 renoviert und bietet modernen Komfort mit kostenlosem Parkplatz.;Die moderne, heimelige 4.5-Zimmerwohnung in Flumserberg Tannenheim, wurde 2021 umfangreich saniert und neu eingerichtet. Die Wohnung befindet sich in unmittelbarer Nähe zu Skilift und Hallenbad (3 Gehminuten) an ruhiger Lage mit einmaliger Aussicht auf die Berge. Ein kostenloser Parkplatz steht zur Verfügung.;9.2978742;47.09113455;Tobelbachstrasse 11;8897;Flumserberg Tannenheim;+41 79 444 41 93;daniel.zehnder@ibg.ch;[{'@type': 'ImageObject', 'contentUrl': 'https://hltpimtsoch.sos-ch-dk-2.exoscale-cdn.com/catalog/e/8/7/5/e875b23ec5628a52761a70659bb332eed1ef9f6c_Aussenansicht.jpg'}];2026-05-16T08:44:22+02:00
640c2715-7005-4119-8431-662afeba67a3;Haus zur Tanne (CharmingStay);Die 2,5-Zimmerwohnung im Haus zur Tanne liegt zentral in Tannenboden, ideal für Skifahren, Biken und Wandern. In weniger als fünf Minuten erreicht man den Skilift. Ein grosser Gartensitzplatz bietet im Sommer eine schöne Aussicht auf die Berge.;Die schöne 2.5-Zimmerwohnung im Haus zur Tanne befindet sich im Zentrum von Tannenboden an einer top Lage und als Ausgangsstandort für Skifahren, Biken und Wandern. In nur weniger als 5 Gehminuten zum Skilift und Sammelplatz der Skischule. Die Ferienwohnung hat einen eigenen grossen Gartensitzplatz mit Mobiliar im Sommer und bietet eine wunderschöne Aussicht auf die Bergketten. ;9.287063300000003;47.091816300000005;Obere Abendweidstrasse 3;8898;Flumserberg Tannenboden;+41 79 504 90 45;contact@charmingstay.ch;https://www.charmingstay.ch;[{'@type': 'ImageObject', 'contentUrl': 'https://hltpimtsoch.sos-ch-dk-2.exoscale-cdn.com/catalog/e/8/2/0/e820eedbc73db356326a4f016982135669d0a2a3_06_Badezimmer.jpg'}];2026-01-19T12:01:35+01:00
64c77d21-4d61-4597-b69e-5c00248b2b99;Terrassenwohnung im Städeli;Die 3 1/2-Zimmer-Terrassenwohnung in Valens bietet eine ruhige Lage mit Panoramablick auf das Taminatal. Sie ist modern eingerichtet und verfügt über eine grosse Sonnenterrasse, eine voll ausgestattete Küche und kostenfreies WLAN.;<p>Modern, sonnig und naturnah – diese 3½-Zimmer-Ferienwohnung (68 m²) mit grosser Südterrasse (24 m²) bietet alles, was das Herz von Erholungssuchenden und Naturliebhabern begehrt.</p><p>Die ruhige Lage mit traumhafter unverbaubarer Aussicht auf das Taminatal und den Calanda, der Komfort einer modernen Ausstattung und die Nähe zum Ski- und Wandergebiet Pizol machen diese Wohnung zur perfekten Ferienadresse – nur 75 Autominuten von Zürich entfernt!</p>

<p>Highlights auf einen Blick: 
* Helles Wohnzimmer mit Panoramafenstern
* Essbereich mit ausziehbarem Glastisch für 4 Personen 
* Voll ausgestattete Küche
* 2 Schlafzimmer (1x offen)
* Modernes Bad mit Dusche 
* Sonnenterrasse mit Gartenmöbeln 
* Gratis WLAN
* Gratis Tiefgaragenplatz, Skiraum, Lift ab Garage 
* Waschküche im Haus (gegen Gebühr) 
* 1-2 Hunde (je nach Grösse) willkommen (bitte Hunderegeln beachten)</p>

<p>Lage & Umgebung: Die Wohnung liegt in Valens, einem idyllischen Kurort oberhalb von Bad Ragaz. Nur wenige Minuten entfernt befindet sich die renommierte Rehaklinik Valens – ideal für Begleitpersonen oder Kuraufenthalte. Das Skigebiet Pizol ist in nur 15 Minuten erreichbar.</p>

<p>Nahegelegene Skigebiete: 
* Pizol: 15 Minuten * Flumserberg: 34 Minuten * Lenzerheide: 45 Minuten * Laax/Flims: 50 Minuten Folgende Winteraktivitäten warten auf Euch: -Skifahren und Snowboarden -Airborden -Schlitteln -Eislaufen -Eisstockschiessen -Langlaufen -Schneeschuhlaufen -Fitness und verschiedene Kursangebote und vieles mehr. <p>Im Sommer lädt die Region zum Wandern, Biken, Golfen, Schwimmen oder einfach Geniessen ein. Die Ferienregion Heidiland bietet das ganze Jahr hindurch ein breites Freizeitangebot wie: -Wandern -Mountainbiking -Inlineskating am Rhein -Boccia -Minigolf -Golf -Schwimmen -Tennis und vieles mehr.</p>

<p>Besonderheiten: 
Die Nichtraucherwohnung (Rauchen auf der Terrasse erlaubt) bietet ein entspanntes Umfeld für Paare, Familien sowie Begleitpersonen von Kurgästen. Check-in ist ab 15:00 Uhr, Check-out bis 10:00 Uhr; in Valens gibt es keinen Lebensmittelladen, daher wird der Einkauf in Bad Ragaz empfohlen.</p>

<p>Ob für aktive Bergferien, entspannte Wellness-Tage oder als ruhiger Rückzugsort – diese stilvolle Ferienwohnung in Valens bietet Ihnen Bergfeeling pur.</p>

<p>📅 Jetzt buchen & unvergessliche Tage in den Schweizer Alpen erleben!</p>;9.475316405296327;46.965958647877;Städelistrasse 5;7317;Valens;+41 79 391 20 32;info@gbimmobilien.ch;[{'@type': 'ImageObject', 'contentUrl': 'https://hltpimtsoch.sos-ch-dk-2.exoscale-cdn.com/catalog/f/0/7/4/f074e2a217faf970a55456c4d670f33eebaa5572_IMG_8124.jpeg'}];2026-08-03T12:42:39+02:00
65b3464d-7ea0-4a1a-a8a4-27f5bc7bd105;Haus Meierhüsli - Ferienwohnung;Das Haus Meierhüsli in Malans bietet ein modernes Studio mit eigenem Eingang und Sitzplatz. Ein abschliessbarer Raum für Sportgeräte steht zur Verfügung. Die zentrale Lage ermöglicht eine ruhige Umgebung.;Das moderne Studio befindet sich mitten im Dorfkern von Malans an ruhiger Lage. Zum Studio steht ein abschliessbarer Raum für Velos, Skis oder andere Sportgeräte zur Verfügung.

Das kleine, feine Studio (Baujahr 2012) ist liebevoll und sehr modern eingerichtet. Es verfügt über einen eigenen Eingang sowie einen Sitzplatz mit Gartenstühlen und einen Tisch. und einem abschliessbarem Raum für Sportgeräte;9.576165530670995;46.981429399999996;Löwengasse 6;7208;Malans GR;+41 79 857 58 83;zimmer@bnb-meierhuesli.ch;http://www.bnb-meierhuesli.ch;[{'@type': 'ImageObject', 'contentUrl': 'https://hltpimtsoch.sos-ch-dk-2.exoscale-cdn.com/catalog/a/6/4/0/a6406f664d63e1707aba1ef2dd205cc2521cf5ef_Haus_Meierh__sli__9_.jpg'}];2026-08-28T22:06:30+02:00
66ea4a83-3d8b-44dd-b753-934ff3c956e6;Chalet Tobeleck (CharmingStay);Das Chalet Tobeleck in Flumserberg Tannenheim bietet eine schöne Aussicht auf die Churfirsten und die Alvierkette. Es ist als 3,5-Zimmerwohnung oder 4,5-Zimmer-Maisonette-Wohnung mietbar und verfügt über eine Sauna.;Das Chalet befindet sich in Flumserberg Tannenheim mit schöner Aussicht auf die Churfirsten und die Alvierkette. Es ist als 3.5-Zimmerwohnung oder 4.5-Zimmer-Maisonette-Wohnung (ganzes Chalet) mietbar. Unterhalb des Chalets stehen zwei Parkplätze kostenlos zur Verfügung.

Details der einzelnen Ferienwohnungen
- 1x 3.5-Zimmerwohnung im Obergeschoss
- 1x 4.5-Zimmer-Maisonette-Wohnung (ganzes Chalet)

Beide Ferienwohnungen sind komfortabel und zeitgemäss eingerichtet und verfügen über ein gemütliches, offenes Wohnzimmer mit zwei Sofas, Lesesessel und Flachbild-TV sowie einen Essbereich mit Esstisch, Eckbank und Stühlen. Eine moderne Küche mit Kochherd, Backofen, Kühlschrank, Geschirrspüler, Kaffee-/Wasserkocher, Toaster. Badezimmer mit Dusche/WC.;9.303805232048036;47.083887260394604;Obere Anggetlinstrasse 14;8897;Flumserberg Tannenheim;+41 79 504 90 45;contact@charmingstay.ch;https://www.charmingstay.ch;[{'@type': 'ImageObject', 'contentUrl': 'https://hltpimtsoch.sos-ch-dk-2.exoscale-cdn.com/catalog/a/e/f/a/aefa1d6e35633f80f8fa28bdad0c5fc6e731e758_image00007.jpeg'}];2026-01-19T12:01:35+01:00
678802ba-14f0-48d0-83d6-ab84ba894d99;Gästezimmer Cantunada;Das Gästezimmer Cantunada in Maienfeld bietet ein romantisches Zimmer mit Doppelbett in einem 300-jährigen Herrschaftshaus. Das Badezimmer zur alleinigen Nutzung befindet sich ausserhalb des Zimmers.;Das Heidi Romantik-Zimmer im Weingut Cantunada, ausgestattet mit einem herrlichen Doppelbett, finden Sie in einem 300-jährigen Herrschaftshaus inmitten des Städtchens Maienfeld. Das Gewölbe verleiht dem Zimmer viel Charme und speziellen Charakter. Das Badezimmer mit Dusche/WC befindet sich ausserhalb des Zimmers, ist aber zur alleinigen Nutzung.;9.531193904743692;47.0084622;Eckgasse 2;7304;Maienfeld;+41 78 638 22 66;heidi.steiner@cantunada.ch;[{'@type': 'ImageObject', 'contentUrl': 'https://hltpimtsoch.sos-ch-dk-2.exoscale-cdn.com/catalog/f/2/d/d/f2dde83dc336c3ec5941cb9948d0703d3c67cbed_IMG_4671.jpg'}];2026-01-19T12:01:35+01:00
68ecbd97-0664-4a57-b8de-0a8feb4db384;Ferienwohnung Andrea;Die Ferienwohnung Andrea liegt ruhig am Waldrand in Mels, nur 800 m vom Dorfzentrum entfernt. Sie bietet modernen Komfort mit kostenlosem Parkplatz und ist ideal für Wander- und Fahrradtouren.;Die 2 ½ Zimmerwohnung liegt ruhig am Waldrand, nur ca. 800 m vom Dorfzentrum Mels entfernt. Wander- und Fahrradwege liegen in unmittelbarer Nähe und bis zum Ski- und Wandergebiet Pizol sind es nur wenige Fahrminuten. Ein Parkplatz steht kostenfrei zur Verfügung.

Die Wohnung liegt im Parterre und ist modern und komfortabel eingerichtet. Das Wohnzimmer und das Schlafzimmer verfügen über einen Parkettboden.;9.41401166008065;47.052833199999995;Bachstrasse 77;8887;Mels;+41 81 723 61 78;p.walther@gmx.ch;[{'@type': 'ImageObject', 'contentUrl': 'https://hltpimtsoch.sos-ch-dk-2.exoscale-cdn.com/catalog/5/2/2/0/5220bcab1d2d50dd21fabd78f958cda55493fa11_Ferienwohnung_Andrea__1_.jpg'}];2026-01-19T12:01:35+01:00
68ff6816-75cc-46b4-a6ae-142656ac56f6;Haus Margrithli, Furt;Das Chalet Margrithli in Wangs-Pizol bietet eine 3-Zimmer-Wohnung für bis zu fünf Personen. Es liegt direkt an der Seilbahnstation und bietet im Winter Zugang zu einem schneesicheren Skigebiet und im Sommer zu einem gut ausgebauten Wandergebiet mit Blick ins Rheintal und auf die Churfirsten.;Hausteil direkt bei Ski-/ Sessellift und Bahn-Bergstation. Sonnenterrasse mit Ausblick ins Rheintal, Churfirsten. Im Sommer Parkplatz. SAT-TV.
Komplette Küche mit grossem Kühlschrank, 3 Kochplatten, Backofen, Mikrowelle und genügend Schränken.;9.424209594726564;47.004831632997345;[{'@type': 'ImageObject', 'contentUrl': 'https://hltpimtsoch.sos-ch-dk-2.exoscale-cdn.com/catalog/0/8/e/1/08e122dbf56d4e5441ca970d1290f25bdd8f8f98_Bilder_2010_008.jpg'}];2026-08-01T08:11:18+02:00
697c04d5-cc19-4b57-ab49-585587d1c5ff;Tschudiboden (3 Wohnungen);Das Ferienhaus Tschudiboden in Flumserberg Tannenheim bietet drei gemütlich eingerichtete Wohnungen mit traumhafter Aussicht auf die Churfirsten und Alvierkette. Kostenlose Parkplätze sind vorhanden.;Das Ferienhaus befindet sich an ruhiger Lage in Flumserberg Tannenheim mit traumhafter Aussicht auf die Churfirsten und die Alvierkette. Kostenlose Parkplätze befinden sich vor dem Haus.

Details der einzelnen Ferienwohnungen
- 1x 2 Zimmerwohnung im Parterre
- 1x 3.5 Zimmerwohnung im Obergeschoss
- 1x 4 Zimmerwohnung im Mittelgeschoss

Alle drei Ferienwohnungen sind gemütlich eingerichtet und verfügen über ein Wohnzimmer mit Sofa, Schlafgelegenheit und Flachbild-TV, ein Essbereich mit Esstisch, Bank und Stühlen sowie eine kleine Küche mit allem was man braucht. Badezimmer mit WC, Badewanne oder Dusche.;9.297269618489583;47.09376955;Tschudiwiesenstrasse 37;8897;Flumserberg Tannenheim;+41 79 485 75 09;swildhaber@bluemail.ch;[{'@type': 'ImageObject', 'contentUrl': 'https://hltpimtsoch.sos-ch-dk-2.exoscale-cdn.com/catalog/f/8/c/d/f8cd701c581f3d0265f9c24adf25e54492f11f59_20241221_101245.jpg'}];2026-05-15T08:43:19+02:00
6b33a4cb-ea2c-4a43-b489-c0b121c15d44;Chalet Marlies Tannenboden;Das Chalet Marlies Tannenboden liegt in Flumserberg Tannenbodenalp und bietet eine schöne Aussicht auf die Berge. Die Busstation, Bergbahnen und Einkaufsmöglichkeiten sind zu Fuss erreichbar. Die Wohnung ist zweckmässig eingerichtet mit Wohnbereich, Kochgelegenheit und Bad.;Das Holzchalet befindet sich an sonniger Lage in Flumserberg Tannenbodenalp, mit schöner Aussicht auf die Berge. Die Busstation, Bergbahnen, Skilift und Einkaufsmöglichkeiten sind zu Fuss erreichbar. Zum Haus gehört ein Aussenparkplatz.

Die Wohnung ist zweckmässig eingerichtet und verfügt über einen Wohnbereich mit Sofa und eine Kochgelegenheit. Bad mit Dusche und WC.;9.295423296060036;47.0913222;Oberbergstrasse 4/6;8898;Flumserberg Tannenbodenalp;+41 56 664 18 76;info@hwt-treuhand.ch;[{'@type': 'ImageObject', 'contentUrl': 'https://hltpimtsoch.sos-ch-dk-2.exoscale-cdn.com/catalog/d/4/8/7/d487a4706f278303c7af3f51934f0926209cd5e4_Chalet_Marlies_2.jpg'}];2026-08-09T08:44:04+02:00
6fb7de46-dbbb-4881-91c4-a77383f4dc01;Haus Wiesengrün;Das Haus Wiesengrün liegt in ruhiger Lage mit Blick auf die Churfirsten, nur 10 Minuten von Bergbahnen und Geschäften entfernt. Es bietet moderne, familienfreundliche Ausstattung mit Garage und Abstellplatz.;Das Haus Wiesengrün liegt an sehr ruhiger Lage, mit traumhafter Aussicht auf die Churfirsten und nur 10 Gehminuten von den Bergbahnen, den Läden und der Pizzeria Tannenheim entfernt.
Das Haus Wiesengrün ist modern und familienfreundlich eingerichtet und verfügt über eine Garage, sowie einen Abstellplatz. Es ist ein Nichtraucher Ferienhaus. Im Winter empfehlt es sich Schneeketten dabei zu haben.

Im 2013 neu erstellten Obergeschoss hat es ein geräumiges Familienzimmer mit einem Doppelbett, einem Kajüttenbett und einem Einzelbett und zwei kleinere Zimmer mit je zwei Einzelbetten.
Im Erdgeschoss befindet sich ein weiteres Schlafzimmer mit einem Doppelbett. Es steht zudem ein Babybett zur Verfügung. Bettwäsche ist auf Wunsch vorhanden. Im Wohnzimmer gibt es einen Schwedenofen (Holz im Keller), ein Radio und ein Fernsehgerät. Die grosse Küche ist komplett ausgestattet (Fondue, Raclette, usw.) und verfügt über eine Geschirrspülmaschine, einen Kaffee-Vollautomaten und einen grossen Kühlschrank.;9.297662901888673;47.0935892;Tschudiwiesenstrasse 24;8897;Flumserberg Tannenheim;+41 44 780 15 18;info@wiesengruen.ch;http://www.wiesengruen.ch;[{'@type': 'ImageObject', 'contentUrl': 'https://hltpimtsoch.sos-ch-dk-2.exoscale-cdn.com/catalog/1/4/3/8/1438660bae68fab8301146ee5b66a802cf0aaeea_Haus_Wiesengr__n_1.jpg'}];2026-05-15T08:43:39+02:00
6ff9664e-741a-4e74-aaa8-e807eb9899a0;Chalet am Tobelbach;Das Chalet am Tobelbach in Flumserberg Tannenheim bietet direkten Zugang zur Gondelbahn Tannenheim. Es verfügt über drei Schlafzimmer, eine voll ausgestattete Küche und einen grosszügigen Wohnbereich mit Blick auf die Alvierkette und Churfirsten.;Dank der genialen Lage des Hauses bleibt ihr Auto während des Aufenthaltes stehen. Mit den Skiern erreichen Sie die Talstation der Gondelbahn Tannenheim direkt vom Haus aus. Nach einem Skitag fahren Sie bequem wieder von der Piste zu Ihrem heimeligen Feriendomizil.  
Eine Strasse führt das ganze Jahr direkt zum Chalet, wo Ihnen drei bis max. 4 Parkplätze direkt beim Haus zur Verfügung stehen. Gemütlichkeit ist für Ihren Aufenthalt garantiert. 

Das Haus verfügt über 3 holzvertäfelte Schlafzimmer (zwei mit Doppelbett, eines mit Kajütenbetten), ein Badezimmer mit Dusche, Closomat und Doppellavabo sowie ein weiteres separates WC. In der geräumigen, voll eingerichtete Küche macht kochen sogar im Urlaub Spass und der grosse ausziehbare Esstisch mit gemütlicher Eckbank eignet sich bestens für gesellige Abende mit Familie und Freunden. Highlight ist der grosszügige und offene Wohnbereich mit herrlicher unverbauter Aussicht auf die Alivierkette, die Churfirsten und freiem Blick über das Sarganserland.;9.305036144322598;47.083694513636374;Obere Anggetlinstrasse 48;8897;Flumserberg Tannenheim;+41 78 849 00 81;sengetschwiler@bluewin.ch;[{'@type': 'ImageObject', 'contentUrl': 'https://hltpimtsoch.sos-ch-dk-2.exoscale-cdn.com/catalog/a/a/4/0/aa40bf06a0bb6a9f9b65f4d0492a98712cb17197_Chalet_am_Tobelbach_1.jpg'}];2026-02-09T15:33:50+01:00
72030e12-42cf-479b-ab74-ef8a8ed0a479;Ferienhaus Fisch;Das Ferienhaus Fisch in Bad Ragaz bietet eine ruhige Lage mit moderner Ausstattung, Kamin und Gartensitzplatz. Es liegt in Gehdistanz zum historischen Dorfzentrum und verfügt über einen eigenen Parkplatz.;Gemütliches 2.5-Zimmer-Ferienhaus im Kurort Bad Ragaz an sonniger und ruhiger Lage, mit Cheminée im Wohnzimmer. 

Die moderne Küche ist komplett ausgestattet und verfügt u.a. über einen Geschirrspüler. Das Badezimmer und ein separates WC mit Lavabo sind ebenfalls frisch renoviert. 

Das Ferienhaus befindet sich in Gehdistanz zum historischen Dorfzentrum und verfügt über einen Gartensitzplatz sowie einen eigenen Autoabstellplatz.;9.502379894256594;47.00372544437181;Pestalozziweg 3;7310;Bad Ragaz;+41 76 548 17 00;gay-lang@gmx.ch;[{'@type': 'ImageObject', 'contentUrl': 'https://hltpimtsoch.sos-ch-dk-2.exoscale-cdn.com/catalog/f/7/6/0/f7604f35acbf8bb0023880bb8e13d3f1e0795f54_IMG_6008a.JPG'}];2026-01-19T12:01:35+01:00
75cf4e58-21d1-472c-8aa6-9e3aaf604dde;Haus Mezzaselva (CharmingStay);Haus Mezzaselva in Flumserberg Tannenheim bietet eine moderne 2-Zimmerwohnung mit Fussbodenheizung und Panoramaaussicht auf die Churfirsten. Einkaufsmöglichkeiten, Skilift und Wanderwege sind in unmittelbarer Nähe.;Die 2-Zimmerwohnung befindet sich in einem 2007 erbauten Mehrfamilienhaus an ruhiger aber zentraler Lage und fantastischer Aussicht auf die Churfirsten. Einkaufsmöglichkeiten, Skilift, Schlittenbahn, Hallenbad und Wanderwege befinden sich in direkter Umgebung. Zur Wohnung gehört ein kostenloser Tiefgaragenplatz.

Die Wohnung ist modern und komfortabel eingerichtet. Die ganze Wohnung ist mit einem Plattenboden ausgestattet. Die Fussbodenheizung sorgt für ein angenehmes Raumklima. Zur Wohnung gehört eine möblierte Terrasse mit herrlicher Panoramaaussicht.;9.297152550000007;47.089659749999996;Mittenwaldstrasse 3887;8897;Flumserberg Tannenheim;+41 79 504 90 45;contact@charmingstay.ch;https://www.charmingstay.ch;[{'@type': 'ImageObject', 'contentUrl': 'https://hltpimtsoch.sos-ch-dk-2.exoscale-cdn.com/catalog/6/d/e/a/6deae09fd00512684b616268df209b30e31461a0_Haus_Mezzaselva_Wohn_Essbereich.JPG'}];2026-04-09T13:53:28+02:00
765f21fc-739d-42e7-a514-92317ce958c8;Haus Edelweiss;Das Haus Edelweiss liegt im Ski- und Wandergebiet Pizol auf Pardiel, direkt neben der Bergstation der Gondelbahn Bad Ragaz. Es bietet moderne Ferienwohnungen und ist ein idealer Ausgangspunkt für Wanderungen und Erlebnisse.;Das Haus Edelweiss befindet sich im Ski- und Wandergebiet Pizol auf Pardiel. Direkt neben der Bergstation der Gondelbahn Bad Ragaz, mit direktem Zugang von der 8er Gondelbahn liegt das Haus auf 1&#039;630m ü. M. Im Sommer/Herbst ein herrlicher Ausgangspunkt zu vielen Wanderungen und Erlebnissen am Pizol. Im Winter direkt an 43 Pistenkilometern gelegen. Die drei Ferienwohnungen sind modern und gemütlich eingerichtet.;9.46451783180237;46.98960617968337;Pardiel;7310;Bad Ragaz;+41 81 300 48 30;info@pizol.com;http://www.pizol.com;[{'@type': 'ImageObject', 'contentUrl': 'https://hltpimtsoch.sos-ch-dk-2.exoscale-cdn.com/catalog/0/f/e/7/0fe79218da2bbafedca7a0eb98d0ceca2c79b209_Ferienwohnungen_Haus_Edelweiss_Alpenr__sli_cr_Riccardo_G__tz__2_.jpg'}];2026-07-21T14:24:27+02:00
7663e752-ce38-49ed-9597-6fc839771c7a;Ferienwohnung Casa Riposo;Die Ferienwohnung Casa Riposo liegt zentral und ruhig am Waldrand in Flumserberg Tannenheim. In fünf Minuten sind Talstation, Bushaltestelle, Einkaufsmöglichkeiten und Restaurants erreichbar. Die moderne Wohnung bietet Platz für bis zu zwölf Personen.;Die 6.5-Zimmerwohnung steht sehr zentral und doch ruhig am Waldrand in Flumserberg Tannenheim. Die Talstation Prodalp-Express, Bushaltestelle, Einkaufsmöglichkeiten und Restaurants sind in 5 Gehminuten erreichbar. Die Wohnung liegt im ersten Stock und ist über eine Aussentreppe erreichbar. Zur Wohnung gehören 2  Aussenparkplätze. Weitere Parkplätze befinden sich bei den Bergbahnen Tannenheim, welche kostenpflichtig sind.

Die Ferienwohnung ist sehr gemütlich, komfortabel und modern eingerichtet. Der Wohn- und Schlafbereich ist mit einem schönen Holzboden ausgestattet. Zur Wohnung gehört zudem ein Balkon.
Zur Wohnung gehören 2 Parkplätze die restlichen Autos können bei den Bergbahnen Parkiert werden auf kosten der Mieter,;9.300026492074048;47.0912043;Tschudiwiesenstrasse 11;8897;Flumserberg Tannenheim;+49793831621;c.rupf@gmx.ch;http://www.casa-riposo.ch/;[{'@type': 'ImageObject', 'contentUrl': 'https://hltpimtsoch.sos-ch-dk-2.exoscale-cdn.com/catalog/8/1/7/a/817ace9a42fcc1a2d9f7923d731b8357df0cc5b8_Wohnzimmer.jpg'}];2026-08-26T04:57:45+02:00
76daeeca-59a0-46ec-8212-82859e4c33b6;Haus Gimpel;Haus Gimpel bietet eine 3,5-Zimmerwohnung in ruhiger Lage in Flumserberg Tannenheim. Die Wohnung ist mit viel Holz eingerichtet und verfügt über einen Schwedenofen. Ein kostenloser Parkplatz ist vorhanden, und die Prodalp-Gondelbahn ist etwa 900 m entfernt.;Die 3.5 Zimmerwohnung befindet sich an ruhiger Lage in Flumserberg Tannenheim mit herrlicher Aussicht. Bis zur Talstation der Prodalp-Gondelbahn, Restaurants und Einkaufsmöglichkeiten sind es ca. 900 m. Zur Wohnung gehört ein kostenloser Parkplatz. Vom Parkplatz führt eine längere Treppe abwärts zum Haus.

Die Wohnung ist heimelig mit viel Holz eingerichtet. Der Schwedenofen im Wohnbereich macht den Aufenthalt sehr gemütlich. Die ganze Wohnung verfügt über einen Teppichboden.;9.3083221;47.084048;Untere Anggetlinstrasse 25;8897;Flumserberg Tannenheim;+41 44 935 18 82;moscheuner@sunrise.ch;[{'@type': 'ImageObject', 'contentUrl': 'https://hltpimtsoch.sos-ch-dk-2.exoscale-cdn.com/catalog/6/f/d/8/6fd8ee986d7e87e5f55c7297a9523a9be4d00d61_Haus_Gimpel_1.jpg'}];2026-02-09T16:28:08+01:00
77017b65-a7c8-4873-b21f-7c1e97cbd7f2;Casa Mia Pardiel;Gemütliche Unterkunft im Skigebiet Pizol auf 1'633 m ü. M., direkt an der Schwammpiste, bequem erreichbar ab Bad Ragaz und ideal für Ferien mit der ganzen Familie.;<p>Die Unterkunft befindet sich im Herzen vom Skigebiet Pizol, direkt neben der Schwammpiste auf der H&ouml;he von 1'633 m.&uuml;.M. Der Weg ins Casamia beginnt am Parkplatz der Pizolbahn Bad Ragaz. Von dort aus geht es mit der bequemen 8er Gondel hoch zur Mittelstation. Von hier sind es zu Fuss (im Winter mit Schneeschuhen) nur noch wenige Gehminuten. Das Haus bietet einen sehr hohen Qualit&auml;tsstandard mit Platz f&uuml;r bis zu sechs Personen. Ideal f&uuml;r Ferien mit der ganzen Familie.</p>;9.461942911148073;46.99073977678801;Pardiel;7310;Bad Ragaz;+41 79 480 30 11;casamia.pardiel@gmail.com;https://casamiapardiel.ch/;[{'@type': 'ImageObject', 'contentUrl': 'https://hltpimtsoch.sos-ch-dk-2.exoscale-cdn.com/catalog/9/7/8/b/978b23dbe7d34d145a8740c253f7b55169558cb8_Wohnbereich.jpg'}];2026-08-31T08:57:38+02:00
78944b14-056f-4bcf-a8df-7cc72a3d9961;Haus Panorama Hak (CharmingStay);Die 4,5-Zimmerwohnung in Flumserberg Tannenheim bietet eine schöne Aussicht auf die Churfirsten und liegt nahe der Bergbahn Prodalp-Express. Sie verfügt über zwei Balkone und einen kostenlosen Garagenplatz.;Die 4.5-Zimmerwohnung befindet sich in Flumserberg Tannenheim, sehr nahe der Bergbahn Prodalp-Express und bietet eine schöne Aussicht auf die Churfirsten. Zur Wohnung gehört ein kostenloser Garagenplatz.  

Die grosszügige Wohnung im zweiten Stock ist zweckmässig eingerichtet. Schöne Landschaftsbilder zieren die Wände. Die Wohnung verfügt über zwei Balkone mit Morgen- und Abendsonne.;9.304051995277407;47.08981171315592;Panoramastrasse 14;8897;Flumserberg Tannenheim;+41 79 504 90 45;contact@charmingstay.ch;https://www.charmingstay.ch;[{'@type': 'ImageObject', 'contentUrl': 'https://hltpimtsoch.sos-ch-dk-2.exoscale-cdn.com/catalog/2/3/c/3/23c33307587e9a277a1f4d9dfa2cddd97df04c1d_Panorama_B___Woh._Hak__8_.jpg'}];2026-08-07T10:26:17+02:00
79bb1f5e-0286-4c41-9539-f3e0f3c2df0c;Casa Terza (CharmingStay);Casa Terza bietet eine gemütliche 4,5-Zimmerwohnung in Top-Lage bei der Tannenbodenalp. In wenigen Gehminuten erreichst du die Talstation, Skischule, Restaurants und den Seejet. Zwei Aussenparkplätze sind inklusive.;Die wunderschöne und gemütliche 4.5-Zimmerwohnung befindet sich an Top-Lage bei der Tannenbodenalp. Innerhalb von wenigen Gehminuten erreichen Sie die Talstation Tannenbodenalp, die Skischule, Restaurants, Sportgeschäfte sowie den Seejet. Zur Wohnung gehören zwei Aussenparkplätze (im Winter ein Aussenparkplatz). ;9.281828953094703;47.0936342;Tannenbodenalpstrasse 16;8898;Flumserberg Tannenbodenalp;+41 79 504 90 45;contact@charmingstay.ch;https://www.charmingstay.ch;[{'@type': 'ImageObject', 'contentUrl': 'https://hltpimtsoch.sos-ch-dk-2.exoscale-cdn.com/catalog/a/5/b/c/a5bce863388d530852b3976b3ec1d9506e511f78_Casa_Terza_Essbereich.JPG'}];2026-08-26T04:45:41+02:00
7ae30204-b35c-4cb2-b212-e5d27f57b440;Studio Brisblick (CharmingStay);Das Studio Brisblick in Tannenboden bietet eine ruhige Lage mit Blick auf die Churfirsten und Alvierkette. Es verfügt über eine Terrasse, kostenfreien Parkplatz und erlaubt Haustiere. Ideal für Paare und Singles.;Die 1.5-Zimmerwohnung liegt sehr ruhig in Tannenboden Dorf mit schöner Sicht auf die Churfirsten und die Alvierkette. Zur Wohnung gehört ein kostenfreier Parkplatz.

Das Studio im Parterre mit Terrasse ist einfach eingerichtet, mit allem, was man braucht.
Haustiere sind erlaubt.;9.287214050000003;47.092078900000004;Untere Abendweidstrasse 3;8898;Flumserberg Tannenbodenalp;+41 79 504 90 45;contact@charmingstay.ch;http://www.charmingstay.ch;[{'@type': 'ImageObject', 'contentUrl': 'https://hltpimtsoch.sos-ch-dk-2.exoscale-cdn.com/catalog/3/6/3/0/3630cd8b64e05dc1c4fb85aa6e975bfd30c43531_Brisiblick_Studio_3.jpg'}];2026-05-15T08:43:20+02:00
7bdb2c63-7137-4596-81d8-649248f58650;Ferienwohnungen Resort Walensee 129 & 130;Die Ferienwohnungen Resort Walensee 129 & 130 in Unterterzen bieten eine beeindruckende Aussicht auf den Walensee und die Churfirsten. Sie sind ideal für Wanderungen und Outdoor-Aktivitäten und verfügen über moderne Ausstattung und Sauna.;Die Ferienwohnungen Nr. 129 & 130 vom Haus A3 im Walensee Resort in Unterterzen haben eine wunderschöne Aussicht auf den Walensee und die umliegenden Churfirsten. Die Ferienwohnungen sind ein idealer Ausgangspunkt für Wanderausflüge sowie See- und weitere Outdooraktivitäten. Die ruhig gelegenen Wohnungen sind nur wenige Meter vom Bahnhof, den Bergbahnen sowie den nächsten Einkaufsmöglichkeiten entfernt.

Details der einzelnen Ferienwohnungen
- 1x 4.5-Zimmerwohnung Penthouse im 3. Stock
- 1x 4.5-Zimmerwohnung im 2. Stock

Die Wohnungen verfügen beide über einen geräumigen und gemütlichen Wohnraum. Die gesamte Wohnung ist sehr modern und mit pflegeleichtem Parkett eingerichtet. Beide Wohnungen verfügen über 3 Schlafzimmer sowie 2 separate Badezimmer mit Bad, Dusche, WC sowie einer Sauna.;9.257302298223717;47.115411699999996;Gosten;8882;Unterterzen;+41 78 226 56 47;paimae.gongas@hotmail.com;[{'@type': 'ImageObject', 'contentUrl': 'https://hltpimtsoch.sos-ch-dk-2.exoscale-cdn.com/catalog/a/f/9/b/af9b51baa7d6ddaa6ca6803bb30a77a16c7b0be0_14.jpg'}];2026-04-21T17:11:07+02:00
7ce911ac-e81e-4073-a676-0f6f5d7f2984;Appartmenthaus Quadern (A302);Das Appartmenthaus Quadern liegt im Zentrum von Valens, nahe der Reha-Klinik. Es bietet eine ruhige Umgebung und ist ideal für Ausflüge zum Wandern, Biken und Schwimmen. Einkaufsmöglichkeiten und Postautohaltestellen sind in der Nähe.;Das Appartementhaus Quadern befindet sich im Dorfzentrum von Valens, in unmittelbarer Nähe zur Reha-Klinik. Das ruhig gelegene Mehrfamilienhaus verfügt über eine grosszügige Umgebung. Die Ferienwohnung ist im Gebäude mit 32- Eigentumswohnungen integriert. Wenige Schritte vom Haus entfernt befinden sich Einkaufsmöglichkeiten sowie Postautohaltestellen. Durch die hervorragende Erreichbarkeit ab Bad Ragaz über die grösste Bogenbrücke der Schweiz ist Valens zu jeder Jahreszeit attraktiv. Umgeben von beeindruckender Bergwelt erholen Sie sich am Ausgangspunkt für Ausflüge zum Wandern, Biken, Schwimmen und vielem mehr.;9.4823745;46.9704527;Quadernstrasse;7317;Valens;+41 76 440 43 19;radadimartino@gmail.com;[{'@type': 'ImageObject', 'contentUrl': 'https://hltpimtsoch.sos-ch-dk-2.exoscale-cdn.com/catalog/2/3/6/c/236cb40480e5ec98e2e7d2fbd10670409477ccac_Quadern_A302_Hauptbild.jpg'}];2026-05-16T08:43:25+02:00
7f8a4bfc-6693-4ae7-9b77-b34dd329634d;Ferienhaus Tannegg;Das Ferienhaus Tannegg in Flumserberg Tannenheim bietet eine ruhige Lage, nur fünf Gehminuten von der Prodkammbahn entfernt. Es verfügt über vier Zimmer, kostenfreien Parkplatz und Garage. Renoviert im Jahr 2016.;Das im Jahre 2016 renovierte Ferienhaus mit 4 Zimmern befindet sich an ruhiger Lage in Flumserberg Tannenheim, nur ca. 5 Gehminuten von der Prodkammbahn Tannenheim und vom Dorfladen entfernt. Zum Haus gehört ein kostenfreier Parkplatz und eine Garage.

Die Ferienwohnung wurde im Jahre 2016 renoviert und ist gemütlich und zeitgemäss eingerichtet. Die Wohn- und Schlafräume verfügen über einen Holzboden. Der Hausteil hat einen separaten Eingang.;9.301205304854964;47.09072995;Tschudiwiesenstrasse 5;8897;Flumserberg Tannenheim;peterbigger@bluewin.ch;[{'@type': 'ImageObject', 'contentUrl': 'https://hltpimtsoch.sos-ch-dk-2.exoscale-cdn.com/catalog/4/0/f/a/40fa4c5206678098b711207c820b0312d862d019_Ferienhaus_Tannegg_1.jpg'}];2026-04-09T13:35:10+02:00
8047ccf4-5a3c-41f1-a9cf-dae1f6139c23;Boutique-Hotel Bellevue & Genusswerkstatt;Das Boutique-Hotel Bellevue & Genusswerkstatt liegt im Zentrum von Bad Ragaz, nahe dem Kurpark und der Tamina Therme. Es bietet frische, saisonale Gerichte und wurde 2019 renoviert.;<p>Das Hotel befindet sich im Zentrum von Bad Ragaz. In unmittelbarer N&auml;he finden Sie den Kurpark sowie das Thermalbad Tamina Therme. Das Boutique-Hotel wurde im Jahr 2019 renoviert und erstrahlt im neuen Glanz. In der Genusswerkstatt werden frische und saisonale Gerichte zubereitet. Das Angebot SALT INSPIRATIONS reicht von Salaten, Suppen und Pasta &uuml;ber Vorspeisen, sowohl f&uuml;r den kleinen als auch f&uuml;r den grossen Hunger bis hin zu den Spezialit&auml;ten der Woche und Abendangeboten. Mit der SWEET INSPIRATION sind Torten, W&auml;hen, Desserts sowie das hervorragende B&uuml;ndner Glace "Glatsch" im Angebot.</p>;9.500832227957103;47.00107525;Bernhard Simonstrasse 2;7310;Bad Ragaz;081 302 23 33;info@bellevue-genusswerkstatt.ch;http://www.bellevue-genusswerkstatt.ch;[{'@type': 'ImageObject', 'contentUrl': 'https://hltpimtsoch.sos-ch-dk-2.exoscale-cdn.com/catalog/f/f/a/b/ffab7578f5818235114db7fe79157c8b2179e057_TDS00020012274586694_sized_800_0.jpg'}];2026-09-04T21:06:36+02:00
80ad88f8-1b29-40c6-b9d2-706fc517d659;Haus Bernova;Haus Bernova bietet eine ruhig gelegene 2,5-Zimmerwohnung im Flumserberg Tannenbodenalp, nur zwei Gehminuten von der Skiliftanlage entfernt. Die funktional eingerichtete Ferienwohnung verfügt über kostenlose Parkplätze.;Die 2.5 Zimmerwohnung befindet sich im Parterre eines freistehenden Einfamilienhauses in Flumserberg Tannenbodenalp. Das Haus ist ruhig gelegen und nur ca. 2 Gehminuten von der Skiliftanlage entfernt. Parkplätze sind kostenlos vorhanden.

Die Ferienwohnung ist zweckmässig eingerichtet. Wohn- und Schlafräume verfügen über einen Plattenboden.;9.285433097139828;47.09269295;Abendweistrasse 11;8898;Flumserberg Tannenbodenalp;+41 55 210 15 13;bernova@bluewin.ch;http://homepage.bluewin.ch/bernova;[{'@type': 'ImageObject', 'contentUrl': 'https://hltpimtsoch.sos-ch-dk-2.exoscale-cdn.com/catalog/a/e/b/7/aeb71e5578db285332b8ca86309a58dbb9a83c1a_Haus_Bernova_1.jpg'}];2026-02-09T16:23:37+01:00
8180f7a5-2035-44fa-bc28-90b967125816;Haus zur Föhre (Whg. Lendi);Die 3-Zimmerwohnung im Haus zur Föhre in Flumserberg Tannenboden bietet Platz für bis zu fünf Personen. Sie liegt nur zwei Minuten vom Skilift entfernt und verfügt über zwei Balkone sowie einen kostenlosen Garagenplatz.;Die 3-Zimmerwohnung befindet sich in einem 6-Familienhaus in Flumserberg Tannenboden. Bis zum Skilift sind es nur ca. 2 Minuten. Zur Wohnung gehört ein kostenloser Garagenplatz.

Die Wohnung ist gemütlich, mit viel Holz eingerichtet und hat Platz für bis zu 5 Personen. Zur Ferienwohnung gehören zwei Balkone.;9.286522401042062;47.0918244;Abendweidstrasse 4;8898;Flumserberg Tannenbodenalp;+4975441569;vrenilendi@web.de;[{'@type': 'ImageObject', 'contentUrl': 'https://hltpimtsoch.sos-ch-dk-2.exoscale-cdn.com/catalog/a/9/5/6/a9560766413beb4d96be17f9ddbd778da64cd6a3_Haus_zur_F__hre_4.jpg'}];2026-02-09T16:39:01+01:00
831ca326-78a8-4a5e-827a-8cdb5e5e6ee0;St. Gallerhof Apartment;Die Ferienwohnung liegt zentral in Bad Ragaz, nahe der Tamina Therme und Einkaufsmöglichkeiten. Sie bietet einen Balkon, ist rollstuhlgerecht und verfügt über Waschmaschine und Trockner. Parkmöglichkeiten sind im nahegelegenen Parkhaus vorhanden.;<p>Das St. Gallerhof Apartment befindet sich mitten im Dorf von Bad Ragaz, nahe der Tamina Therme (ca. 10 min Fussweg) sowie allen Einkaufsm&ouml;glichkeiten (ca. 2 min Fussweg). Die Wohnung befindet sich in einem mehrst&ouml;ckigen Geb&auml;ude und bietet Zugang zu einem Balkon. Parkm&ouml;glichkeiten befindet sich im nahegelegenen Parkhaus im Dorf (kostenpflichtig). Die gesamte Wohneinheit ist rollstuhlgerecht und ist mit einem Fahrstuhl erreichbar. Eine Waschmaschine, ein W&auml;schetrockner und ein B&uuml;geleisen sind verf&uuml;gbar. Es ist eine Nichtraucherwohnung.</p>;9.5007894;47.0017573;Kronenplatz 1;7310;Bad Ragaz;+41 61 382 33 22;info@basel-rooms.ch;https://www.basel-rooms.ch/bad-ragaz-ferienwohnung/;[{'@type': 'ImageObject', 'contentUrl': 'https://hltpimtsoch.sos-ch-dk-2.exoscale-cdn.com/catalog/4/5/d/7/45d79611a3d644df78f73766402b13d751bb721e_Fewo_Krone_2.jpg'}];2026-08-26T04:44:34+02:00
83b8c2bc-7c30-48c1-8cda-b5f1610d5046;Ferienhaus Siesta;Das Ferienhaus Siesta liegt ruhig am Ende einer Quartierstrasse in Flumserberg Tannenbodenalp. Es bietet Platz für bis zu sieben Personen mit vier Zimmern, Terrasse, Cheminée und Liegewiese. Hunde sind auf Anfrage willkommen. Im Sommer wird das Haus nicht vermietet.;Ferienhaus an ruhiger Lage, am Ende einer Quartierstrasse, im Grünen gelegen, prächtige Aussicht. 4-Zimmer, max. 7 Personen, Terrasse, Cheminée, Liegewiese, Parkplatz. Hunde auf Anfrage. 

Im Sommer keine Vermietung.;9.280963;47.094247;Drachenweid 16;8898;Flumserberg Tannenbodenalp;+4179 4195171;schwalbenpark@bluewin.ch;[{'@type': 'ImageObject', 'contentUrl': 'https://hltpimtsoch.sos-ch-dk-2.exoscale-cdn.com/catalog/b/7/1/1/b711d38567a17c94607a30bfc0d3c166ea471203_Stube___Kamin_und_Sofa.jpg'}];2026-05-14T23:16:08+02:00
844f0c5a-f5e6-48eb-b718-1c5592e1872f;Casa Luna A (Whg. Riesen);Die 3,5-Zimmerwohnung Casa Luna A liegt zentral am Flumserberg Tannenboden, gegenüber dem Hotel Tannenboden. Sie bietet einen kostenlosen Tiefgaragenplatz sowie einen Skiraum und Veloraum, die von aussen zugänglich sind.;Die 3.5-Zimmerwohnung liegt zentral am Flumserberg Tannenboden gegenüber dem Hotel Tannenboden, unweit von der Bushaltestelle und einem kleinen Supermarkt entfernt. Zur Wohnung gehört ein kostenloser Tiefgaragenplatz. Zudem ist ein Skiraum und ein Veloraum von aussen zugänglich.;9.286226900000003;47.092718250000004;Flumserbergstrasse 187;8898;Flumserberg Tannenbodenalp;+41 79 634 24 81;casaluna.flumserberg@gmail.com;[{'@type': 'ImageObject', 'contentUrl': 'https://hltpimtsoch.sos-ch-dk-2.exoscale-cdn.com/catalog/a/e/4/f/ae4f8f4bdd807d11673c2d5b5577de731b5ea7b4_Flumsi.jpg'}];2026-01-19T12:01:39+01:00
845159ec-05e5-48ae-8f4d-8627c1d23dfa;Ferienhaus "The View";Das Ferienhaus The View liegt zentral in Flumserberg-Tannenboden, nur 10 Gehminuten von der Talstation Tannenboden entfernt. Es bietet eine schöne Aussicht auf die Churfirsten und Einkaufsmöglichkeiten sind in wenigen Minuten zu Fuss erreichbar.;Das 6-Zimmer-Ferienhaus befindet sich direkt im Zentrum von Flumserberg-Tannenboden, 10 Gehminuten von der Haustüre bis zur Talstation Tannenboden und bietet eine schöne Aussicht auf die Churfirsten. Einkaufsmöglichkeiten sind in wenigen Minuten zu Fuss erreichbar. ;9.286983526553339;47.09334135;Arvenstrasse 4;8898;Flumserberg Tannenbodenalp;+41 78 847 21 25;am.schuepbach@bluewin.ch;[{'@type': 'ImageObject', 'contentUrl': 'https://hltpimtsoch.sos-ch-dk-2.exoscale-cdn.com/catalog/1/7/7/5/1775064e14a89f8179265b423f95597d0ae8abbb_Aussenansicht.jpg'}];2026-01-19T12:01:39+01:00
85962953-0ef2-4570-84da-c6b891e05bc8;Ferienwohnung Gäumann - Kiener;Die Ferienwohnung Gäumann - Kiener in Bad Ragaz bietet eine gemütliche 3 1/2 Zimmer Duplex-Wohnung mit sonniger Terrasse und kostenfreiem Parkplatz. Sie ist ideal gelegen in der Nähe des Bahnhofs und bietet Internet sowie Kabel-TV.;Es erwartet Sie eine gemütliche 3 1/2 Zimmer Duplex-Wohnung, die ideal in der Nähe des Bahnhofes liegt. Der Autobus, der Sie bequem in die Ortsmitte zu den Einkaufsmöglichkeiten und den Thermalbädern führt, ist nur wenige Minuten entfernt.

Die Wohnung, 75m2 gross, liegt im ersten Stock eines Vierfamilienhauses. 
Auf der Eingangsetage erwartet Sie ein gemütlicher Wohnraum mit moderner offener Küche mit Esstisch, vier Stühlen, Stehbar, Sofa (Canapélit), zwei Sesseln, Kabel TV.
Die vollausgestattete Küche verfügt über Keramikkochfeld, Backofen, grossen Kühlschrank, Geschirrspülmaschine, Kaffeemaschinen, Wasserkocher, Toaster, Fondue- Raclette Set.
Weiter gibt es ein Badezimmer mit Badewanne und WC.
Vom Wohn- Essraum aus gelangen Sie direkt auf die grosse sonnige Terrasse (2021 renoviert) mit einem traumhaften Blick auf die Bergwelt und die Tamina Brücke. Sitzgelegenheiten wie Gartenlounge, Tische, Stühle sind vorhanden.

Im oberen Stockwerk finden Sie die Schlafzimmer. Ein Schlafraum ist ausgestattet mit zwei Betten und einem antiken Holzschrank, der andere, ein Giebelzimmer, verfügt über zwei Betten und ein Lavabo. Zudem ist ein separates WC auf dem Stockwerk.

Die Wohnung verfügt über Parkettböden (2022 unteres Stockwerk neu versiegelt).
Auch steht Ihnen ein kostenfreier Parkplatz zur Verfügung.
Internet, Kabel TV vorhanden.;9.506962608812813;47.009789549999994;Fläscherstrasse 73;7310;Bad Ragaz;+41794274588;renate.gaeumann@gmail.com;[{'@type': 'ImageObject', 'contentUrl': 'https://hltpimtsoch.sos-ch-dk-2.exoscale-cdn.com/catalog/4/0/7/4/40743a0598ed196d6ebf19e135a34db76743669e_Hauptbild_Wohnzimmer__2.jpg'}];2026-03-11T14:17:37+01:00
85fca628-9465-472a-8938-65009d583af3;Gauenpark (Whg. Zürcher);Das Gauenpark Apartment in Flumserberg Tannenheim bietet eine gemütliche 1 1/2 Zimmer Wohnung mit 2-4 Betten. Die Unterkunft ist familienfreundlich und bietet eine wunderschöne Aussicht auf die Churfirsten.;Küche mit Abwasch- und Nespresso- Kaffeemaschine, Mikrowelle, Toaster, Racletteöfeli, Fondue - Chinoise- Käse etc.
Wohnzimmer mit Fernseher, DVD, X-Box und Stereoanlage.
Wunderschöne Aussicht auf die Churfirsten.;9.298958655716081;47.0901013;Flumserbergstrasse 146;8897;Flumserberg Tannenheim;+41 71 891 54 25;heidi.zuercher61@bluewin.ch;[{'@type': 'ImageObject', 'contentUrl': 'https://hltpimtsoch.sos-ch-dk-2.exoscale-cdn.com/catalog/1/e/d/3/1ed30813fda265a330182c4b038c7eead8ba6fdb_Flumsi_15.6.14_016.JPG'}];2026-05-15T08:45:17+02:00
87dc73dc-5c2c-4325-b3de-6a84dda96e03;Chalet Gauschla (CharmingStay);Das Chalet Gauschla in Flumserberg Tannenheim bietet zwei gemütliche Ferienwohnungen mit moderner Ausstattung und Terrasse. Die ruhige Lage auf 1250 m ü. M. ermöglicht einen schnellen Zugang zum Dorfzentrum und zur Prodalp-Express-Bahn.;Das Chalet steht in Flumserberg Tannenheim im Quartier Angettlin, auf rund 1250 m ü. M. an ruhiger und sonniger Lage. Zum Dorfzentrum Tannenheim mit Restaurants, Einkaufsladen und Prodalp-Express-Bahn sind es nur ca. 7 Gehminuten. Zum Chalet gehört ein kostenloser Parkplatz. Es besteht eine ganzjährige Zufahrt.

Details der einzelnen Ferienwohnungen
- 1x 3.5 Maisonette-Zimmerwohnung im Parterre
- 1x 2.5-Zimmer-Wohnung im oberen Stock

Die Wohnungen verfügen beide über einen geräumigen und gemütlichen Wohnraum mit Sofa, TV, Radio und CD/DVD-Player sowie einem Essbereich mit grossem Holztisch, Eckbank und Stühlen. Bad mit Dusche/WC, Haarföhn und eine moderne Küche mit Induktionskochfeld, Backofen, Kühlschrank, Geschirrspüler, Kaffee-/Teekocher, Fondue- und Raclettegeschirr. Zu den Wohnungen gehört auch eine Terrasse mit grossartiger Aussicht.;9.3065867;47.0834836;Obere Angetlinstrasse 6;8897;Flumserberg Tannenheim;+41 79 504 90 45;contact@charmingstay.ch;https://www.charmingstay.ch;[{'@type': 'ImageObject', 'contentUrl': 'https://hltpimtsoch.sos-ch-dk-2.exoscale-cdn.com/catalog/0/5/1/4/0514436573ace72e4e384d41ef9ec1ce8e16edcd_Gauschla__6_.JPG'}];2026-01-19T12:01:39+01:00
8a5a2ec0-710a-497f-9923-acff7195b22b;Ferienhaus Fäsch;Das Ferienhaus Fäsch in Flumserberg Bergheim bietet eine ruhige Lage mit Blick auf die Churfirsten. Es verfügt über einen Spielplatz, Sitzplatz, Cheminée und Kinderspielzeug, ideal für Familien und Gruppen.;Das 5-Zimmer-Ferienhaus befindet sich an ruhiger und sonniger Lage in Flumserberg Bergheim mit herrlicher Aussicht auf die Churfirsten. Das Haus hat viel Umschwung mit Spielwiese, Sitzplatz, Cheminée und Kinderspielzeug.

Das heimelige Ferienhaus ist gemütlich und komfortabel, mit viel Holz eingerichtet. Die Wände im Wohn- und Schlafzimmer sind getäfelt.;9.296197410935912;47.1034368;Oberfäschstrasse 3;8896;Flumserberg Bergheim;+41 78 807 92 84;faescherstallstobe@bluewin.ch;[{'@type': 'ImageObject', 'contentUrl': 'https://hltpimtsoch.sos-ch-dk-2.exoscale-cdn.com/catalog/f/1/f/4/f1f4d9320b51a485d5a8cb0e14bc5924022f0045_Ferienhaus_F__sch_1.jpg'}];2026-04-09T13:31:49+02:00
8b0ab76f-5739-411b-bfe9-fdf537b9715b;Ferienwohnung "Haus zur Arve";Die 3,5-Zimmerwohnung im Haus zur Arve bietet eine ideale Lage für Skifahren, Biken und Wandern. In wenigen Minuten erreichst Du Restaurants, Einkaufsmöglichkeiten und die Skischule. Der Balkon bietet eine Aussicht auf die Bergkette.;Die schöne im Chalet-Stil eingerichtete 3.5-Zimmerwohnung im "Haus zur Arve" befindet sich an einer top Lage als Ausgangsstandort für Skifahren, Biken und Wandern. In wenigen Gehminuten befinden sich Restaurants, Einkaufsmöglichkeiten und die Skischule. Die Ferienwohnung verfügt über einen Balkon mit Sicht auf die umliegende Bergkette. ;9.285433097139828;47.09269295;Abendweidstrasse 11;8898;Flumserberg Tannenboden;+41 79 683 12 31;nicole@familiebrunner.net;[{'@type': 'ImageObject', 'contentUrl': 'https://hltpimtsoch.sos-ch-dk-2.exoscale-cdn.com/catalog/6/5/5/6/6556e1c9d0858819b6a267a1811153d43f601395_Haus_zur_Arve__4_.jpeg'}];2026-01-19T12:01:39+01:00
8b4fc2de-c14c-4494-8dee-01e4a423e03e;Haus Heimetli (CharmingStay);Das Haus Heimetli (CharmingStay) ist ein modernes 4,5-Zimmer-Ferienhaus in ruhiger Lage nahe Tannenboden Dorf. Es bietet eine grosse Terrasse mit Kamin-Grill und ist ideal für Paare, Familien und Singles.;Das im Jahr 2016 neu gebaute 4.5-Zimmer-Haus befindet sich an sehr ruhiger Lage unweit von Tannenboden Dorf. Gondel- bzw. Sesselbahn für Wanderungen sind ca. 20 Gehminuten entfernt. Im Winter sind es zu den Skiliften rund 15 Gehminuten. Restaurants und Einkaufsmöglichkeiten sind in ca. 10 Minuten zu erreichen. Zum Ferienhaus gehört ein kostenloser Garagenplatz.

Die Wohnung ist sehr modern und komfortabel eingerichtet. Wohn- und Schlafräume verfügen über einen schönen Holzboden. Bilder und Schmuck verzieren Wände und Regale. Zum Haus gehört zudem eine grosse Terrasse, ca. 25m2 mit Kamin-Grill.;9.288912835240716;47.09376955865367;Ahorenstrasse 14;8898;Flumserberg Tannenbodenalp;+41 79 504 90 45;contact@charmingstay.ch;https://www.charmingstay.ch;[{'@type': 'ImageObject', 'contentUrl': 'https://hltpimtsoch.sos-ch-dk-2.exoscale-cdn.com/catalog/0/6/4/2/064242405cb1c5a59f45a9562db0d3481a99ae9e_1.1_new_.jpg'}];2026-06-03T05:23:50+02:00
8b8a3914-85a0-4311-81bd-91a0af51da6d;Haus zur Föhre (Whg. Selzam);Die 3,5-Zimmerwohnung im Haus zur Föhre bietet eine zentrale Lage in Flumserberg Tannenboden mit Blick auf die Churfirsten. Sie ist modern eingerichtet und verfügt über einen Gartensitzplatz und Balkon. Haustiere sind auf Anfrage erlaubt.;Die 3.5 Zimmerwohnung befindet sich in einem 6-Familienhaus an ruhiger Lage, zentral gelegen in Flumserberg Tannenboden mit sehr schöner Aussicht auf die Churfirsten. Die Lifte und der Sammelplatz der Ski- und Snowboardschule sind ca. 250m entfernt. Zur Wohnung gehört ein kostenloser Garagenplatz. Haustiere auf Anfrage.

Die helle, frisch renovierte Wohnung ist gemütlich und modern eingerichtet. Wohn- und Schlafräume sind mit Vinylböden ausgerüstet. Zur Wohnung gehören ein Gartensitzplatz und ein Balkon. Im Wohnzimmer befindet sich ein TV, WLAN ist nicht vorhanden.;9.286522401042062;47.0918244;Abendweidstrasse 4;8898;Flumserberg Tannenbodenalp;+41 52 335 18 16;r.selzam@bluewin.ch;[{'@type': 'ImageObject', 'contentUrl': 'https://hltpimtsoch.sos-ch-dk-2.exoscale-cdn.com/catalog/3/e/6/8/3e68a43e6f7edbe7c46c1ccf4a7ce5d6e421ef0b_Haus_zur_F__hre_6.jpg'}];2026-05-08T10:02:22+02:00
8e5cb257-acad-4639-896d-94e4057d5f6a;Ferienhaus Chalet Guggerli;Das Ferienhaus Chalet Guggerli in Flumserberg Tannenheim bietet eine ruhige Lage mit freiem Blick auf die Alvierkette und die Bündner Herrschaft. Die Talstation der Bergbahn ist nur 700 m entfernt. Ein kostenfreier Autoeinstellplatz ist vorhanden.;<p>Das alleinstehende nicht online buchbare 4.5-Zimmer-Chalet befindet sich an ruhiger Lage in Flumserberg Tannenheim mit unverbauter Rundumsicht auf Alvierkette, Sarganserland bis in die &ouml;sterreichischen Alpen und die B&uuml;ndner Herrschaft. Die Talstation der Bergbahn ist nur ca. 700m entfernt. Zum Chalet geh&ouml;rt ein kostenfreier Autoeinstellplatz. Die Wohnung ist sehr liebevoll und mit viel Holz eingerichtet. Das Wohnzimmer verf&uuml;gt &uuml;ber einen Schwedenofen, was den Aufenthalt sehr gem&uuml;tlich macht. Wohn- und Schlafzimmer verf&uuml;gen &uuml;ber einen Holzboden. Vom Wohnzimmer aus gelangt man auf den sonnigen Balkon.</p>;9.305726;47.0834726;Obere Anggetlinstrasse 5;8897;Flumserberg Tannenheim;+41 79 232 73 82;auo@bluewin.ch;http://www.chalet-flumserberg.ch;[{'@type': 'ImageObject', 'contentUrl': 'https://hltpimtsoch.sos-ch-dk-2.exoscale-cdn.com/catalog/5/5/8/d/558d3ce90515d9cd5c74a0ddb0ca6d9cd527fa6c_Guggerli_Ansicht.JPG'}];2026-07-21T18:04:20+02:00
975300f6-61a8-4f19-9466-e6bdcc66bb80;Mätzwiesen Höckli (CharmingStay);Ruhiges 5-Zimmer-Haus für bis zu 6 Personen mit vier Schlafzimmern, zwei Bädern und Wohnküche, nahe Prodalp-Gondelbahn, ideal für entspannte Bergferien.;<div>Dieses liebevoll eingerichtete 5-Zimmer-Haus ist ideal f&uuml;r entspannte Ferientage mit Familie oder Freunden. Vier Schlafzimmer, zwei Badezimmer sowie ein offener Wohn- und Essbereich mit voll ausgestatteter K&uuml;che bieten Platz f&uuml;r bis zu 6 Personen und schaffen ein wohnliches Zuhause-Gef&uuml;hl. Der gem&uuml;tliche Wohnbereich l&auml;dt nach aktiven Tagen zum gemeinsamen Kochen, Essen und Entspannen ein. Ruhig gelegen und dennoch zentral: Das Zentrum von Tannheim sowie die Prodalp-Express-Gondelbahn sind in 7&ndash;10 Gehminuten erreichbar. Ankommen, durchatmen und echte Bergferien geniessen.</div>;9.3052434;47.0893134;Mätzwiesenstrase 12;8897;Flumserberg Tannenheim;+41 79 504 90 45;contact@charmingstay.ch;https://www.charmingstay.ch;[{'@type': 'ImageObject', 'contentUrl': 'https://hltpimtsoch.sos-ch-dk-2.exoscale-cdn.com/catalog/3/b/2/1/3b21e309423f48b0e259a22f7dae20e93df0d6b3_batch_Essbereich_2.jpg'}];2026-07-03T16:39:15+02:00
98f13aaf-10f3-4c86-8de8-814bbf29f330;Chalet Gina;Das Chalet Gina liegt zentral in Flumserberg Tannenheim, nur 10 Gehminuten von der Talstation Prodalp-Express entfernt. Es bietet eine schöne Aussicht auf die Churfirsten und Einkaufsmöglichkeiten sind in 5 Minuten zu Fuss erreichbar.;Das gepflegte 3.5-Zimmer-Chalet liegt mitten im Zentrum Flumserberg Tannenheim, 10 Gehminuten von der Haustüre bis zur Talstation Prodalp-Express und bietet eine schöne Aussicht auf die Churfirsten. Einkaufsmöglichkeiten sind 5 Minuten zu Fuss entfernt.;9.3054735660553;47.08938828216;Mätzwiesenstrasse 11;8897;Flumserberg Tannenheim;+41 79 317 57 87;pbitter@bluewin.ch;[{'@type': 'ImageObject', 'contentUrl': 'https://hltpimtsoch.sos-ch-dk-2.exoscale-cdn.com/catalog/5/b/5/8/5b582af891a1c53c5f02967e6a2091273e353a48_Chalet_Gina__Flumserberg__1_.JPG'}];2026-01-27T13:07:44+01:00
99b1d7f9-e485-43ea-b5aa-255f73cb7e37;Haus Wogesa (CharmingStay);Haus Wogesa bietet geräumige Ferienwohnungen in Flumserberg Tannenbodenalp. Die Lage ist ideal, nahe der Prodalpbahn und den Pisten, und eignet sich für Paare, Familien und Singles.;Geräumige Ferienwohnungen im Haus Wogesa. Schön gelegen und in der Nähe von Prodalpbahn und Pisten.;9.29493613505944;47.090991;Oberbergstrasse 24;8898;Flumserberg Tannenbodenalp;+41 79 504 90 45;contact@charmingstay.ch;https://www.charmingstay.ch;[{'@type': 'ImageObject', 'contentUrl': 'https://hltpimtsoch.sos-ch-dk-2.exoscale-cdn.com/catalog/8/c/9/7/8c97705eda5ea05a8facfe8cddc7c98037ce4714_Haus_Wogesa_1.jpg'}];2026-01-19T12:01:39+01:00
99ec5c32-427f-4257-ad95-651ffb426d27;Flumser-Höckli - Casa Lilly (CharmingStay);Das 4,5-Zimmer-Haus Casa Lilly im Zentrum von Flumserberg Tannenheim bietet einen fantastischen Blick auf die Churfirsten. Die Talstation Prodalp-Express, Restaurants und Geschäfte sind in wenigen Gehminuten erreichbar. Ein Aussenparkplatz und eine Garage sind vorhanden.;Das 4.5-Zimmer-Haus Casa Lilly befindet sich im Zentrum von Flumserberg Tannenheim, verfügt über 3 Stockwerke und einen fantastischen Blick auf die Churfirsten. Die Talstation Prodalp-Express, Restaurants und Shops sind in wenigen Gehminuten erreichbar. Das Ferienhaus verfügt über einen Aussenparkplatz und eine Garage.;9.304341673851015;47.0892675241778;Panoramastrasse 2;8897;Flumserberg Tannenheim;+41 79 504 90 45;contact@charmingstay.ch;https://www.charmingstay.ch;[{'@type': 'ImageObject', 'contentUrl': 'https://hltpimtsoch.sos-ch-dk-2.exoscale-cdn.com/catalog/d/c/4/2/dc4209935e69ade203f8c6a01b1d51bea4d1165a_Casa_Lilly__2_.jpg'}];2026-01-19T12:01:39+01:00
9ab7c4e0-5f9a-4a15-91a8-69a27a80364f;Chalet Schwendihus (CharmingStay);Das Chalet Schwendihus bietet eine ruhige Lage mit Blick auf die Churfirsten und den Walensee. Es liegt etwa 1 km vom Zentrum Tannenboden entfernt und ist ideal für Paare, Familien und Singles.;Charmantes 3.5-Zimmer-Chalet aus Holzinterieur mit atemberaubender Aussicht auf die schönen Churfirsten und den blauen Walensee. Etwa 1 km vom Zentrum Tannenboden entfernt.;9.285072684288027;47.09682008180068;Schwendistrasse 48;8898;Flumserberg Tannenbodenalp;+41 79 504 90 45;contact@charmingstay.ch;https://www.charmingstay.ch;[{'@type': 'ImageObject', 'contentUrl': 'https://hltpimtsoch.sos-ch-dk-2.exoscale-cdn.com/catalog/2/6/b/0/26b0508e952bc743158331f7026b6215f654b87d_Chalet_Felsenberg__17_.jpeg'}];2026-01-19T12:01:39+01:00
9b17bfaf-3ec0-4053-b12a-8d5f0dacbbc7;Dachwohnung Tannenboden, Whg. Schmid;Die Dachwohnung Tannenboden, Whg. Schmid, bietet eine zentrale Lage am Flumserberg mit Blick auf die Churfirsten. In der Nähe befinden sich Skilifte, eine Skischule, ein Tourismusbüro und Einkaufsmöglichkeiten.;Die helle, moderne und kinderfreundliche 3.5-Zimmer Dachwohnung befindet sich im Hotel Tannenboden mit wunderschöner Aussicht auf das Bergpanorama Churfirsten. In kurzer Gehdistanz erreichen Sie die Skilifte, Ski- und Snowboardschule, Tourismusbüro, Einkaufsladen und diverse Restaurants. Es ist ein idealer Ausgangspunkt für sämtliche Aktivitäten und Attraktionen am Flumserberg. ;9.286634850000006;47.093023349999996;Flumserbergstr. 184;8898;Flumserberg Tannenboden;+41 79 641 39 14;martina.walliser@datazug.ch;[{'@type': 'ImageObject', 'contentUrl': 'https://hltpimtsoch.sos-ch-dk-2.exoscale-cdn.com/catalog/b/3/4/8/b348327a7c5da13d692d863d8612c87a7479ed12_Aussenansichit_Tannenboden.jpg'}];2026-01-19T12:01:39+01:00
9b51a67a-1dc9-46e6-a59b-5483782e812d;Pfadiheim Bad Ragaz;Das Pfadfinderheim Bad Ragaz liegt direkt am Rhein. Ein idealer Ausgangspunkt ins wunderschöne Ski- und Wandergebiet Bad Ragaz - Pizol.;Lagerhaus für Schulen und Jugendgruppen

Aufenthalts-/Essraum mit Holzchminée, voll ausgestattete Küche, Schlafräume 2x klein/ 1x gross, Leiterzimmer, Spielwiese, Feuerstelle, Brunnen, 3 Wc's, 6 Duschen (eine davon separat)

Skilift/Bergbahn (mit Ortsbus in 10 Minuten erreichbar)
Freibad/Sportplatz (10 Gehminuten )
Thermalbad (10 Gehminuten)
Hallenbad (10 km);9.508744;47.0109679;Rheindammstrasse 248;7310;Bad Ragaz;+41 81 302 39 39;info@italreding.ch;https://www.italreding.ch/start.php;[{'@type': 'ImageObject', 'contentUrl': 'https://hltpimtsoch.sos-ch-dk-2.exoscale-cdn.com/catalog/4/4/5/c/445cbf0f325e025ee1a03aca3900016c720cf015_IMG_6979.JPG'}];2026-08-07T04:25:58+02:00
9c018856-3a23-413b-ac28-b787b6436ca1;Gampergalt (Whg. Baker);Die Ferienwohnung Gampergalt in Flumserberg Tannenheim bietet eine ruhige Lage in einem 8-Familien-Haus. Sie ist nur drei Gehminuten von der Skipiste entfernt und verfügt über einen grossen Balkon mit Fernsicht sowie einen kostenlosen Parkplatz.;Die Ferienwohnung befindet sich an ruhiger Lage in einem 8-Familien-Ferienhaus in Flumserberg Tannenheim. Die Skipiste ist nur 3 Gehminuten entfernt. Zur Wohnung gehört ein kostenloser Parkplatz.

Die Wohnung ist gemütlich und komfortabel eingerichtet. Die ganze Wohnung verfügt über einen Plattenboden. Zur Wohnung gehört ein grosser Balkon mit Fernsicht.;9.30598712383185;47.08270506053502;Obere Anggetlinstrasse 36;8897;Flumserberg Tannenheim;+41 91 606 30 59;corinabaker@gmx.ch;[{'@type': 'ImageObject', 'contentUrl': 'https://hltpimtsoch.sos-ch-dk-2.exoscale-cdn.com/catalog/9/0/d/a/90da4e435c66c576bb84aea0cfd3042b5910f4d4_627193.jpg'}];2026-08-12T04:36:13+02:00
9e63ed52-51b8-4189-9947-1a1db5014e5f;Ferienwohnung Bijouswiss "The Yellow House" mit SAUNA;Die Ferienwohnung Bijouswiss The Yellow House in Oberterzen bietet eine private Sauna, einen gemütlichen Wohnraum und eine moderne Küche. Sie liegt in der Nähe des Walensees und der Bergbahnen, ideal für Erholung und Aktivitäten.;Die Wohnung verfügt über einen gemütlichen Wohnraum mit Samsung Home Cinema Anlage mit SAT TV.
Ledersofa, 2 Relaxstühle und einen Esstisch. Das Leder-Sofa kann als Bett umfunktioniert werden, falls eine Raumtrennung der Schlafzimmer gewünscht wird. Schlafzimmer mit Doppelbett und separatem Etagenbett in Normalgrösse, auch für Erwachsene geeignet. 
Die Küche ist sehr modern und mit Eckbank und Esstisch, Nespresso Kaffeemschine, Mikrowelle/Backofen, Kühlschrank,  ausgestattet.  
Dusche, WC, Lavabo und eigene Finnische Sauna. 
Viele Spiele für Jung und Alt vorhanden.;9.259990636194363;47.09945155;Ringstrasse 8;8884;Oberterzen;+41 79 818 04 32;info@bijouswiss.ch;http://www.bijouswiss.ch;[{'@type': 'ImageObject', 'contentUrl': 'https://hltpimtsoch.sos-ch-dk-2.exoscale-cdn.com/catalog/d/6/f/7/d6f736c318577c74291c650c0565bb7f5a4a2cfe_2023_08_22_20.13.02.jpg'}];2026-04-28T05:48:37+02:00
9e793cfa-0a4d-4bfd-ae0d-8b8e255e23a2;BikerCamping Flumserberg;BikerCamping Flumserberg bietet Übernachtungsmöglichkeiten direkt bei der Talstation der 12er-Gondelbahn Prodalp-Express in Tannenheim. Camper können die Infrastruktur des Aparthotels Edy Bruggmann nutzen und in der Nähe der BikerTrails übernachten.;Wer von den BikerTrails am Flumserberg gar nicht genug bekommen kann, hat die Möglichkeit, in unmittelbarer Nähe zu übernachten. Direkt bei der Talstation der 12er-Gondelbahn Prodalp-Express in Tannenheim, um genau zu sein. Zwischen der Talstation und der Après-Bike-Bar „sonderBar“ gibt es Abstellplätze für Busse und Vans. Zusätzlich können Wohnmobile bis zu einer Maximallänge von 7,50 m hinter dem Tennisplatz Flumserberg sowie in unmittelbarer Nähe zum BikerShop Flumserberg geparkt werden. Die Infrastruktur des Aparthotels Edy Bruggmann steht allen Campern zur Verfügung.

Erst auf den Trails abfahren, dann beim Après-Bike entspannen und schliesslich nur wenige Meter zum Schlafplatz gehen – das gibt es nur am BikerBerg Flumserberg.;9.303059577941896;47.089420135078456;Flumserbergstrasse 151;8897;Flumserberg Tannenheim;+41 79 893 35 12;sunneschy@hotelbruggmann.ch;http://www.hotelbruggmann.ch/index.php/booking;[{'@type': 'ImageObject', 'contentUrl': 'https://hltpimtsoch.sos-ch-dk-2.exoscale-cdn.com/catalog/4/c/c/9/4cc9cc8a45686253a60b736ff69bf65e68fea96e_BikerCamping_Flumserberg.png'}];2026-05-15T08:43:12+02:00
a1a7902c-da65-4e94-a99c-f8459dd41b1e;Chalet Ruedi (CharmingStay);Das Chalet Ruedi (CharmingStay) bietet eine 3,5-Zimmerwohnung inmitten der Natur am Flumserberg. Direkt an der Skipiste und dem Winterwanderweg gelegen, ist es ideal für zwei bis vier Personen. Die Wohnung wurde mehrfach renoviert und bietet modernen Komfort.;Die charmante 3.5 Zimmerwohnung liegt mitten in der Natur. Direkt beim Winterwanderweg und neben der Skipiste, bzw. beim Sommerhöhenweg und dem Biker Trail. Die Wohnung ist ideal für 2-4 Personen. Die Wohnfläche beträgt 35m2. Gebaut wurde das Chalet im Jahre 1970, in den letzten Jahren wurde es aber mehrfach renoviert. Direkt neben dem Chalet liegt die Skipiste. Nur ca. 2 Minuten Abfahrt zum Prodalp-Express. Im Sommer erfolgt die Zufahrt direkt vor das Chalet und im Winter ist der Zugang via fussweg von 300m über die Obere Anggetlinstrasse und den Winterwanderweg sichergestellt.;9.303999489145204;47.08464215714109;Hintere Cafridastr. 30;8897;Flumserberg Tannenheim;+41 79 504 90 45;contact@charmingstay.ch;https://www.charmingstay.ch;[{'@type': 'ImageObject', 'contentUrl': 'https://hltpimtsoch.sos-ch-dk-2.exoscale-cdn.com/catalog/1/1/9/3/11937903eecdca231b121c58897697e06698fe6f_01_Ansicht1.jpg'}];2026-02-09T15:40:29+01:00
a211f9ed-bc68-462d-b382-4a3b0337db43;Brunner's Gamperdon;Die neue 3,5-Zimmerwohnung in Flumserberg Tannenboden bietet eine zentrale Lage mit Panoramablick auf die Churfirsten. Wanderwege, Bushaltestelle und Geschäfte sind zu Fuss erreichbar. Ein Garagenplatz ist im Preis inbegriffen.;Die neue 3.5-Zimmerwohnung liegt sehr zentral am Standort vom ehemaligen Hotel Gamperdon in Tannenboden Dorf. Wanderwege, Bushaltestelle, Restaurants, Lebensmittel- und Sportgeschäfte sind zu Fuss erreichbar. Ein Garagenplatz ist im Preis inbegriffen.

Die helle und komplett neue Ferienwohnung ist modern und komfortabel eingerichtet. Alle Zimmer verfügen über einen hellen Holzboden und haben eine wunderschöne Panoramasicht auf die Churfirsten.;9.28523182510765;47.093405000000004;Flumserbergstrasse 188;8898;Flumserberg Tannenbodenalp;+41 52 659 20 72;mail@markusbrunner.ch;[{'@type': 'ImageObject', 'contentUrl': 'https://hltpimtsoch.sos-ch-dk-2.exoscale-cdn.com/catalog/c/d/5/2/cd527ceff6baec5b4dd19d003b1e50559442d4b0_Aussenansicht.JPG'}];2026-03-11T13:51:07+01:00
a3673a1c-f492-48d7-931a-f89682b89cd8;Chalet Felsenberg (CharmingStay);Das Chalet Felsenberg in Flumserberg Tannenheim bietet eine gemütliche 2,5-Zimmer-Wohnung mit Blick auf die Churfirsten. Die Bergbahn Prodalp-Express ist in zwölf Gehminuten erreichbar.;Diese gemütliche 2.5-Zimmer-Wohnung im Erdgeschoss des Chalet Felsenberg bietet eine traumhafte Aussicht auf die Churfirsten. Vom Chalet sind es 12 Gehminuten bis zur Bergbahn Prodalp-Express.;9.305532574653627;47.08385414148862;Oberes Anggetlinstrasse 16;8897;Flumserberg Tannenheim;+41 79 504 90 45;contact@charmingstay.ch;https://www.charmingstay.ch;[{'@type': 'ImageObject', 'contentUrl': 'https://hltpimtsoch.sos-ch-dk-2.exoscale-cdn.com/catalog/8/d/4/8/8d489af67736960a768c0f59376de38470e65721_image18.jpeg'}];2026-08-05T14:24:46+02:00
a68dc274-7cf4-4337-9f8c-ec6e266539c6;Chalet Hasehüsli;Das charmante Chalet Hasehüsli auf der Tannebodenalp bietet ruhige Lage und schöne Sicht auf die Churfirsten. 2.5- und 3.5-Zimmer-Wohnungen für 4–6 Personen, mit Küche, Bad, TV, Balkon oder Sitzplatz. Hunde nach Absprache willkommen.;<p class="MsoNormal"><span lang="DE-CH">Das Chalet Haseh&uuml;sli befindet sich auf der Tannebodenalp im Flumserberg in ruhiger Lage, nahe am Wald und mit herrlichem Blick auf die Churfirsten. Das Chalet umfasst eine 2,5-Zimmer-Wohnung mit bis zu vier Schlafpl&auml;tzen, darunter ein separates Schlafzimmer mit Doppelbett sowie ein Bettsofa im Wohnzimmer.</span></p><p class="MsoNormal"><span lang="DE-CH">Des Weiteren steht eine 3,5-Zimmer-Wohnung mit zwei Schlafzimmern und maximal sechs Schlafpl&auml;tzen zur Verf&uuml;gung. Ein Schlafzimmer ist mit einem Einzelbett ausgestattet, das zum Doppelbett umfunktioniert werden kann, sowie mit einem Etagenbett (geeignet f&uuml;r Erwachsene bis maximal 1,70 m K&ouml;rpergr&ouml;&szlig;e oder f&uuml;r Kinder). Das zweite Schlafzimmer verf&uuml;gt &uuml;ber ein Doppelbett.</span></p><p class="MsoNormal"><span lang="DE-CH">Beide Wohnungen bieten ein Badezimmer mit Dusche und WC sowie eine gut ausgestattete K&uuml;che inklusive Mikrowelle und Kaffeemaschine. Im Wohnzimmer befinden sich je ein Sofa und ein Fernseher. Internetzugang ist nicht verf&uuml;gbar.</span></p><p class="MsoNormal"><span lang="DE-CH">Hunde sind nach vorheriger Absprache grunds&auml;tzlich gestattet.</span></p><p class="MsoNormal"><span lang="DE-CH">Beide Wohneinheiten verf&uuml;gen &uuml;ber einen eigenen Sitzplatz oder Balkon mit Tisch und St&uuml;hlen. Zus&auml;tzlich steht im Garten ein &uuml;berdachter Sitzbereich mit Pavillon und Feuerstelle zur gemeinschaftlichen Nutzung bereit.</span></p>;9.286381;47.0944018;Schwendistrasse 18;8898;Flumserberg Tannenboden;+41 79 583 71 07;hasehuesli@gmail.com;[{'@type': 'ImageObject', 'contentUrl': 'https://hltpimtsoch.sos-ch-dk-2.exoscale-cdn.com/catalog/4/c/9/8/4c986e0874f8e6537ee3781948262674d48a1669_20250713_135714.jpg'}];2026-08-31T09:07:45+02:00
a80bb401-1acf-4df4-ba9b-b44d5a895109;Haus Gauenwald (Whg. Tribelhorn);Haus Gauenwald bietet eine gemütliche 3-Zimmer-Wohnung mit bis zu sechs Schlafplätzen. Zentral gelegen, nur fünf Gehminuten von der Bergbahn Tannenheim entfernt, bietet es Ruhe abseits der Hauptstrasse.;Gemütlich eingerichtete 3-Zimmer Wohnung mit maximal 6 Schlafplätzen zu vermieten. Die Wohnung liegt zentral, 5 Gehminuten von der Bergbahn im Tannenheim entfernt und doch weg vom Lärm der Hauptstrasse.;9.3004584;47.09134255;Tschudiwiesenstrasse 10;8897;Flumserberg Tannenheim;+423 797 18 69;info@flumserberg.li;http://www.flumserberg.li;[{'@type': 'ImageObject', 'contentUrl': 'https://hltpimtsoch.sos-ch-dk-2.exoscale-cdn.com/catalog/a/e/3/d/ae3d53df2bb2597bff90c3d59e5326ad1cc4604a_Haus_Gauenwald_7.jpg'}];2026-05-15T08:43:42+02:00
a8ef4c38-544f-4c0c-88db-360fd5f5c576;Haus Ahorn;Das freistehende Ferienhaus Haus Ahorn liegt in ruhiger Lage nahe den Skipisten und Wanderwegen von Flumserberg. Es bietet Platz für vier Erwachsene und zwei Kinder und ist gemütlich mit viel Holz eingerichtet.;Das freistehende 4.5 Ferienhaus an ruhiger Lage ist in der Nähe der Skipisten und der Wanderwege. In kurzer Gehdistanz ist das Hallenbad Flumserberg zu erreichen. Maximal 4 Erwachsene und 2 Kinder bis zu 16 Jahren finden im Haus Ahorn Platz, für 6 Erwachsene ist das Haus leider zu klein.

Die Wohnung ist gemütlich und mit viel Holz eingerichtet. Teilweise sind die Wände und Decken getäfert. Das Cheminée macht die Atmosphäre im Wohn-/Esszimmer gemütlich.;9.29464946178027;47.08984275;Oberbergstrasse 17;8898;Flumserberg Tannenbodenalp;+41 55 460 12 01;ahorn-flumserberg@gmx.ch;http://www.zueger.cc/ahorn.htm;[{'@type': 'ImageObject', 'contentUrl': 'https://hltpimtsoch.sos-ch-dk-2.exoscale-cdn.com/catalog/7/3/9/9/7399f3fdb91956e338f27394091da16533f48753_Ahorn_Ost_Januar_21_q.jpg'}];2026-02-09T16:20:19+01:00
a973ee01-50f6-456f-b8ab-1292c5206058;Chalet Taiabell;Das Chalet Taiabell liegt in Flumserberg Tannenboden und bietet einen Panoramablick nahe den Skipisten. Es verfügt über ein Wohnzimmer, eine gut ausgestattete Küche, drei Schlafzimmer und eine Spielwiese mit Grillmöglichkeit.;Das alleinstehende Chalet befindet sich an sehr sonniger Lage in Flumserberg Tannenboden, mit wunderschönem Panoramablick nahe an den Skipisten. Das heimelige Ferienhaus mit Balkon ist komfortabel eingerichtet. Dazu gehört eine grosse Spiel- und Liegewiese mit Grillmöglichkeit sowie eine Garage und einen Parkplatz. Die Inneneinrichtungen mit viel Holz schaffen eine gemütliche Wohn-Atmosphäre. Es sind vorhanden: ein grosszügiges Wohnzimmer, eine sehr gut ausgestattete Küche, drei Schlafzimmer mit je zwei Betten sowie ein Badezimmer mit Dusche/WC.;9.285373091697695;47.092598195373476;Alp  Tannenbodenstrasse 5;8898;Flumserberg Tannenbodenalp;+41 81 733 18 86;nadiggiger@rsnweb.ch;[{'@type': 'ImageObject', 'contentUrl': 'https://hltpimtsoch.sos-ch-dk-2.exoscale-cdn.com/catalog/6/a/5/d/6a5dba7e040773e3d64115d402826d0fb6502c47_TDS00020011345300656_1___2.jpg'}];2026-03-11T14:05:27+01:00
abd126c0-41bf-4ac3-966c-f8de365ad75d;Haus Panorama Reeling (CharmingStay);Die 3-Zimmerwohnung in Flumserberg Tannenheim bietet eine schöne Aussicht auf die Churfirsten und liegt nahe der Bergbahn Prodalp-Express. Sie verfügt über zwei Balkone und einen kostenlosen Garagenplatz.;Die 3-Zimmerwohnung befindet sich in Flumserberg Tannenheim, sehr nahe der Bergbahn Prodalp-Express und bietet eine schöne Aussicht auf die Churfirsten. Zur Wohnung gehört ein kostenloser Garagenplatz.

Die grosszügige Wohnung im obersten Stock ist zweckmässig eingerichtet. Schöne Landschaftsbilder zieren die Wände. Die Wohnung verfügt über zwei Balkone mit Morgen- und Abendsonne.;9.30404;47.08977;Panoramastrasse 14;8897;Flumserberg Tannenheim;+41 79 504 90 45;contact@charmingstay.ch;https://www.charmingstay.ch;[{'@type': 'ImageObject', 'contentUrl': 'https://hltpimtsoch.sos-ch-dk-2.exoscale-cdn.com/catalog/b/6/1/2/b6124843fde727ca96782d1cd57616cb88bff8f8_Esstisch.jpg'}];2026-01-19T12:01:39+01:00
add0b885-13dc-47ac-86ad-12fefd13b1d0;Chalet Agathli;Das Chalet Agathli in Flumserberg Bergheim bietet eine ruhige Lage mit Blick auf die Churfirsten. Es liegt direkt im Ski- und Wandergebiet und verfügt über zwei kostenlose Parkplätze sowie einen grossen Gartensitzplatz mit Spielplatz und Wintergarten.;Das alleinstehende 4.5-Zimmerchalet befindet sich an ruhiger Lage in Flumserberg Bergheim und bietet eine schöne Aussicht auf die Churfirsten. Direkt im Ski- und Wandergebiet. Zwei kostenlose Parkplätze sind inklusive.

Das 2-stöckige Ferienhaus ist gemütlich und zweckmässig eingerichtet. Zudem gehört zum Chalet ein grosser Gartensitzplatz mit viel Umschwung, Spielplatz und ein Wintergarten.;9.306738455281621;47.098285950000005;Bargsstrasse 25;8896;Flumserberg Bergheim;+41 79 310 59 42;martina.faessler@pm3.ch;[{'@type': 'ImageObject', 'contentUrl': 'https://hltpimtsoch.sos-ch-dk-2.exoscale-cdn.com/catalog/7/d/2/1/7d214c4cc57ed90a1b51d7ff8394734262b0b353_tkv_fh_martinafaessler_002_DJI_0007_HDR.jpg'}];2026-01-19T12:01:39+01:00
adf80e02-9516-44b7-ad4b-5334a7a6da43;Chalet Pfaffenacher;Das Chalet Pfaffenacher in Flumserberg Bergheim bietet eine ruhige Lage mit herrlicher Aussicht. Es verfügt über 4,5 Zimmer, eine voll ausgestattete Küche, zwei Nasszellen und eine gedeckte Terrasse. Ideal für Familien bis zu fünf Personen.;Gepflegtes, alleinstehendes Chalet mit herrlicher Aussicht.  Das Chalet hat 4.5 Zimmer. Zwei Zimmer mit je zwei Einzelbetten und Schrank im Obergeschoss sowie ein grosses Zimmer mit Doppelbett, Schrank, Sitzgelegenheit und Schreibtisch im Erdgeschoss. Wohnraum mit Sitzgruppe, TV und Essecke. Zwei Nasszellen mit Duschen und eine vollständig ausgerüstete, offene Küche. Gedeckte Terrasse und Sitzplatz. Waschmaschine und Abstellraum im Erdgeschoss. Parkplätze direkt an der Bergstrasse. Das Haus steht 50 m oberhalb der Strasse. Ideal für Familien bis max. 5 Personen.;9.3082039;47.0948308;Flumserbergstrasse 76;8896;Flumserberg Bergheim;+41 79 461 00 35;juerg.gadient@bluewin.ch;[{'@type': 'ImageObject', 'contentUrl': 'https://hltpimtsoch.sos-ch-dk-2.exoscale-cdn.com/catalog/c/1/3/f/c13f042320cd6e17f0911e57751905fc11ea82d1_Chalet_Pfaffenacher_aussen_winter.JPG'}];2026-05-29T04:14:05+02:00
af1bfd7e-215d-45b8-988a-045dedb6dc9c;Ferienwohnung Bi dä Susi;Die Ferienwohnung Bi dä Susi liegt zentral in Flumserberg Tannenheim, nur 5 Gehminuten von der Talstation Prodalp-Express entfernt. Sie bietet eine moderne Einrichtung und eine schöne Aussicht auf die Berge des Sarganserlandes.;Die Ferienwohnung "Bi dä Susi" liegt mitten im Zentrum Flumserberg Tannenheim, 5 Gehminuten von der Haustüre bis zur Talstation Prodalp-Express und bietet eine schöne Aussicht auf die Berge des Sarganserlandes. 
Die 4.5-Zimmerwohnung ist modern und gemütlich eingerichtet. Im gleichen Gebäude finden Sie das einzigartige Restaurant mätz dine. ;9.30443825;47.09053425;Flumserbergstrasse 41;8897;Flumserberg Tannenheim;+41 76 494 66 35;susi@bi-dae-susi.ch;https://www.bi-dae-susi.ch;[{'@type': 'ImageObject', 'contentUrl': 'https://hltpimtsoch.sos-ch-dk-2.exoscale-cdn.com/catalog/4/8/b/3/48b3deb45ee44c2289d84622a3618ab52d5a3f23_IMG_7251.jpg'}];2026-08-27T04:13:36+02:00
b029e5fd-46f8-4690-bab9-474ca79ff185;Haus Casetta (CharmingStay);Haus Casetta im Zentrum von Flumserberg-Tannenheim bietet eine 4,5-Zimmerwohnung. In der Nähe befinden sich Einkaufsläden, Sportgeschäfte, Skischule und Restaurants. Die Wohnung verfügt über eine Garage, Skiraum und Waschmaschine. Haustiere sind erlaubt.;Die 4.5-Zimmerwohnung befindet sich im Zentrum von Flumserberg-Tannenheim. Nur ca. 8 Gehminuten von der Haustüre bis zur Talstation Prodalp-Express über einen Naturweg, auch im Winter. In unmittelbarer Nähe der Ferienwohnung hat es Einkaufsläden, Sportgeschäfte, Skischule und Restaurants. Zur Wohnung gehört eine Garage, Skiraum, sowie eine Waschmaschine. Haustiere sind erlaubt.;9.3051;47.09012;Mätzwiesenstrasse 4;8897;Flumserberg Tannenheim;+41 79 504 90 45;contact@charmingstay.ch;https://www.charmingstay.ch;[{'@type': 'ImageObject', 'contentUrl': 'https://hltpimtsoch.sos-ch-dk-2.exoscale-cdn.com/catalog/c/7/b/d/c7bde43ae894d93c383cfae8d1af031d0b756809_11.jpg'}];2026-01-19T12:01:39+01:00
b0c6ec1c-266a-48ff-9d66-45802efb022c;b_smart motel Landquart;Das b_smart motel Landquart bietet 20 moderne Zimmer direkt neben dem Bahnhof Landquart. Es ist ideal für Shopping-Fans durch die Nähe zum Landquart Fashion Outlet.;Das b_smart motel Landquart lädt mit den 20 topmodernen Zimmern zum Entspannen und erholsamen Schlafen ein. Aufgrund der Lage direkt neben dem Bahnhof Landquart ist es perfekt erreichbar und durch die direkte Nachbarschaft zum Landquart Fashion Outlet kommen auch alle Shopping-Fans auf Ihre Kosten.;9.5553393;46.967034;Bahnhofplatz 3b;7302;Landquart;+423 230 47 47 ;landquart@b-smarts.net;https://www.b-smarts.net/landquart/;[{'@type': 'ImageObject', 'contentUrl': 'https://hltpimtsoch.sos-ch-dk-2.exoscale-cdn.com/catalog/4/a/b/4/4ab44fe585ba5b8aab28ff7ee6898cdc0bddbccc_EingangLobby1_M.jpg'}];2026-08-26T11:37:44+02:00
b7c3e28e-5f5d-4a62-84f2-53e75d88195a;Hotel Krone by b_smart;Die Krone by b_smart im Zentrum von Bad Ragaz ist ein Self Check-in Hotel ohne Rezeption. In der Nähe befinden sich die Tamina Therme, ein Naturpark und ein Golfplatz.;Das Hotel Krone by b_smart eingebettet im schönen Zentrum von Bad Ragaz ist ein Self-Check-in Hotel ohne Rezeption. Unmittelbar in der Nähe befindet sich das öffentliche Thermalbad Tamina Therme sowie einen traumhaften Naturpark und einen Golfplatz.;9.5008174;47.0012304;Kronenplatz 2;7310;Bad Ragaz;+423 230 47 47;info@krone-badragaz.net;http://www.krone-badragaz.net;[{'@type': 'ImageObject', 'contentUrl': 'https://hltpimtsoch.sos-ch-dk-2.exoscale-cdn.com/catalog/7/9/b/2/79b2fa0d3ec5ff665421404344a6db7311ff5d43_Krone_Bad_Ragaz_Zimmer_30.jpg'}];2026-09-01T00:11:59+02:00
b8ba301e-a365-4023-b126-5e6dd71f8e9d;Ferienwohnung Rothmund;Die Ferienwohnung Rothmund in Bad Ragaz bietet eine ruhige Lage nahe dem Giessenpark. Sie ist behindertengerecht, haustierfreundlich und verfügt über einen kostenfreien Parkplatz. Kuranlagen und das Ortszentrum sind in wenigen Gehminuten erreichbar.;Die 3.5-Zimmer-Wohnung befindet sich an ruhiger und sonniger Lage in Bad Ragaz, in unmittelbarer Nähe des Giessenparks. Kuranlagen, Zug, Post und Ortszentrum sind in 10 bis 15 Gehminuten erreichbar. Zur Wohnung gehört ein kostenfreier Parkplatz.

Die heimelige Wohnung ist behindertengerecht und rollstuhlgängig eingerichtet. Das helle Wohnzimmer ist Arve-getäfelt, was der Wohnung sehr viel Charme verleiht.;9.506600249463734;47.006619900000004;Föhrenwaldweg 1;7310;Bad Ragaz;+41 76 404 92 66;boutique-topolino@hotmail.com;https://www.ferienwohnung-rothmund.ch/;[{'@type': 'ImageObject', 'contentUrl': 'https://hltpimtsoch.sos-ch-dk-2.exoscale-cdn.com/catalog/2/0/1/8/20183b097acfede8a2f11817e1c73b2d4a686721_DSC_0676.JPG'}];2026-04-21T11:45:40+02:00
bc73425a-929e-4a59-b712-142622de4d4c;Casa Fluretta;Casa Fluretta bietet eine neu renovierte Wohnung für zwei bis fünf Personen in Flumserberg Tannenheim. Die Unterkunft verfügt über eine erstklassige Küche, kostenloses WLAN und einen Sitzplatz mit herrlicher Aussicht. Ein Trampolin und eine Schaukel stehen auf der Spielwiese zur Verfügung. Die Bergbahnen sind etwa 300 m entfernt.;Die im Frühling 2021 neu renovierte, komfortable und liebevoll mit viel Holz eingerichtete Wohnung ist für 2-5 Personen geeignet. Das Wohnzimmer verfügt über eine grosszügige Eckbank mit Tisch und Stühlen, gemütlichem Sofa, Sessel, TV und gratis WLAN. Die erstklassige Küche ist aus hochwertigem Material und mit Geschirrspüler, grossem Kühlschrank, Backofen und alles was man braucht ausgerüstet. Die Dusche/WC ist praktisch, hell, mit Spiegelkasten, Föhn und Handtuchwärmer versehen. In der ersten Etage befindet sich das Zwei- und Dreibett-Schlafzimmer mit Kasten und Kommode. Der Sitzplatz, mit herrlicher Aussicht, ist ebenerdig vom Wohnzimmer. Es stehen ein Gartentisch mit Stühlen, Grill, eine Lounge, Liegestühle und Sonnenschirme zur Verfügung. Auf der grossen Spielwiese gibt es ein Trampolin und eine Schaukel für Freude der Kinder. Gratiseintritt ins Hallenbad. Gratis Parkplatz und Einstellraum für Bikes, Ski, Kinderwagen, etc. ist vorhanden. Die Sportbushaltestelle ist direkt vor dem Haus und zu den Bergbahnen sind es ca. 300 m.;9.30712408288207;47.08900465;Flumserbergstrasse 113;8897;Flumserberg Tannenheim;+41 81 733 17 73;jaeger.rudolf@bluemail.ch;http://www.casafluretta.ch;[{'@type': 'ImageObject', 'contentUrl': 'https://hltpimtsoch.sos-ch-dk-2.exoscale-cdn.com/catalog/3/c/e/f/3cefd771ff51a19e67b0260a694767849d96e513_IMG_0435.JPEG'}];2026-01-27T14:25:02+01:00
bc838680-df37-4a66-bd0f-ebd408400120;Brunner's Studio;Brunner's Studio am Flumserberg bietet eine zentrale Lage mit Zugang zu Wanderwegen, Skiliften und Geschäften. Ein kostenloser Tiefgaragenplatz ist inklusive, ideal für Paare, Familien und Singles.;Das schöne 1.5-Zimmer Studio befindet sich an zentraler Lage am Flumserberg. Wanderwege, Bushaltestelle, Skilifte, Restaurants, Lebensmittel- und Sportgeschäfte sind in wenigen Gehminuten erreichbar. Zum Studio gehört ein kostenloser Tiefgaragenplatz dazu.;9.302172811439865;47.089559550000004;Flumserbergstrasse 132;8897;Flumserberg Tannenheim;+41 52 659 20 72;mail@markusbrunner.ch;[{'@type': 'ImageObject', 'contentUrl': 'https://hltpimtsoch.sos-ch-dk-2.exoscale-cdn.com/catalog/4/e/2/8/4e288193e18a7a30c7e8e37cfbcdf7b17459699f_Brunner_s_Studio__7_.JPG'}];2026-05-29T22:13:07+02:00
bd051d7c-49a9-40b0-a204-42d6042bd850;Casa Malanca;Die Casa Malanca bietet eine 3-Zimmerwohnung am Flumserberg mit Blick auf die Churfirsten. Sie liegt direkt an der Skipiste Prodalp-Tannenheim und ist ideal für Wanderungen und Ausflüge in der Region Heidiland.;Die 3-Zimmerwohnung liegt auf dem Flumserberg an ruhiger und sonniger Lage mit fantastischer Aussicht auf die Churfirsten. Zur Wohnung gehört ein kostenloser Parkplatz. Das Casa Malanca liegt direkt an der Skipiste Prodalp-Tannenheim. Im Sommer ist es ein idealer Ausgangspunkt für Wanderungen in den Flumserbergen und Ausflüge in der Region Heidiland.

Details zur Ferienwohnung
- 3-Zimmerwohnung im ersten Stock

Die Ferienwohnung verfügt über zwei Schlafzimmer mit je zwei Betten, ein Wohn- und Esszimmer, eine offene und moderne Küche sowie ein Badezimmer mit Badewanne/Dusche und WC.;9.3019734;47.0878485;Cafridastrasse 7;8897;Flumserberg Tannenheim;+41 79 768 88 08;r.brupbacher@gmx.net;[{'@type': 'ImageObject', 'contentUrl': 'https://hltpimtsoch.sos-ch-dk-2.exoscale-cdn.com/catalog/7/f/6/9/7f6938b3d46ce4adfb005afa26b9028f7952ef5f_Casa_Malanca_Winter__2.jpg'}];2026-01-27T14:26:17+01:00
bd06c35c-7c54-4c56-9586-bf50a7d622da;Pfadiheim Rhiau Sargans;Charmantes Pfadiheim im Heidiland, idyllisch in der Rheinau Sargans gelegen. 2025 saniert, neue Küche, Platz für 27 Personen, Spielwiese mit Feuerstelle, nahe Pizol und Flumserberg.;Das Pfadiheim Rhiau Sargans ist ein charmantes Gruppenhaus im Heidiland – mitten in der idyllischen Rheinau von Sargans, umgeben von Natur, Bach und Spielwiese, nur einen kurzen Fussmarsch vom Bahnhof entfernt. 2025 saniert und mit neuer Küche ausgestattet, bietet es Platz für bis zu 27 Personen in drei Schlafräumen und einem gemütlichen Gemeinschaftsraum. Draussen lädt eine Spielwiese mit Feuerstelle zum Lagerleben ein. In der Nähe von Pizol und Flumserberg – ideal für Wandern, Biken, Skifahren und unvergessliche Gruppenausflüge.;9.4587866;47.0505861;Rheinaustrasse 23;7320;Sargans;+41 79 455 12 68;sargans@pfadiheim-oberrhi.ch;https://pfadiheim-oberrhi.ch/sargans;[{'@type': 'ImageObject', 'contentUrl': 'https://hltpimtsoch.sos-ch-dk-2.exoscale-cdn.com/catalog/c/b/b/3/cbb3b0cab045b8600f362556792c47cc52425308_Pfadiheim_Rhiau__3.jpg'}];2026-06-15T22:01:47+02:00
c0ed7e2e-d321-4ea6-9bde-c93c5af9c0c1;Haus Gonzenblick;Die grosszügige 6-Zimmer-Ferienwohnung Haus Gonzenblick bietet einen fantastischen Blick auf die Churfirsten und das Tal. In weniger als 10 Minuten zu Fuss erreichst Du Restaurants, Geschäfte und die Gondelbahn Prodalp-Express.;Die grosszügige 6-Zimmer-Ferienwohnung befindet sich an schöner und ruhiger Lage mit fantastischem Blick auf die Churfirsten sowie ins Tal. In weniger als 10 Minuten zu Fuss erreichen Sie diverse Restaurants, Einkaufsgeschäfte, Bars und die Gondelbahn Prodalp-Express, welche Sie ins Ski- und Wandergebiet bringt. Zur Ferienwohnung gehört ein Fahrradabstellraum und ein Garagenplatz. Für Haustiere sind wir nicht eingerichtet.;9.305021017393717;47.08993925;Mätzwiesenstrasse 6;8897;Flumserberg Tannenheim;+41 71 694 10 24;info@haus-gonzenblick.ch;[{'@type': 'ImageObject', 'contentUrl': 'https://hltpimtsoch.sos-ch-dk-2.exoscale-cdn.com/catalog/c/1/a/e/c1aecd375a82e2cc6214bbc8dbb086f0bfc3a832_2.jpg'}];2026-01-19T12:01:39+01:00
c2b565e1-05cc-42da-8727-6d7a7429f2f9;Ferienhaus Schils;Das Ferienhaus Schils in Flums bietet eine ruhige, familienfreundliche Lage mit kostenlosem Parkplatz. Es ist komfortabel eingerichtet und verfügt über fünf Zimmer mit Holzböden im oberen Stockwerk. Der Bahnhof ist in zehn Minuten zu Fuss erreichbar.;Das 5-Zimmer-Ferienhaus befindet sich an ruhiger und familienfreundlicher Lage in Flums. Der Bahnhof Flums ist nur 10 Minuten entfernt. Ein Parkplatz ist gratis vorhanden.

Das Ferienhaus ist komfortabel eingerichtet und sehr heimelig. Die Schlafräume im oberen Stock verfügen über einen schönen Holzboden.;9.339125944233382;47.09315185;Gräpplangstr. 18;8890;Flums;+41 62 293 27 08;pbrotzer@bluewin.ch;[{'@type': 'ImageObject', 'contentUrl': 'https://hltpimtsoch.sos-ch-dk-2.exoscale-cdn.com/catalog/c/e/2/a/ce2a6530d38da24a96734dda92d5738845ae2cb3_Ferienhaus_Schils_3.jpg'}];2026-02-09T15:47:01+01:00
c2e5ab42-87b5-4933-a5b7-3e95744238c1;Ferienhaus Dreispitz;Das Ferienhaus Dreispitz in Flumserberg Tannenheim bietet eine ruhige Lage, nur sieben Gehminuten vom Zentrum, Bergbahnen und Einkaufsmöglichkeiten entfernt. Es verfügt über eine kostenlose Garage und zwei Wohnungen, die zusammen gemietet werden können.;Das traditionell und gemütlich eingerichtetes Schwedenhaus befindet sich an sehr ruhiger Lage in Flumserberg Tannenheim. Das Zentrum Tannenheim, die Bergbahnen, Restaurants, Einkaufsmöglichkeiten und die Bushaltestelle sind nur ca. 7 Gehminuten entfernt. Zum Ferienhaus gehört eine kostenlose Garage. Die beiden Wohnungen können bei grösseren Familien oder Gruppen auch zusammen gemietet werden.;9.307340383529665;47.08396733705863;Untere Anggetlinstr. 5;8897;Flumserberg Tannenheim;+41 76 419 48 86;fabian.boeni@gmail.com;[{'@type': 'ImageObject', 'contentUrl': 'https://hltpimtsoch.sos-ch-dk-2.exoscale-cdn.com/catalog/e/e/c/5/eec518208feab67d6ffe6b594f6cb1a76b61894c_Aussenansicht.jpg'}];2026-01-19T12:01:39+01:00
c359563e-d42e-434f-b510-b9f80850569a;Ferienwohnung Arvenstrasse 7 (CharmingStay);Die 3,5-Zimmer-Ferienwohnung Arvenstrasse 7 liegt zentral in Flumserberg-Tannenboden und bietet eine schöne Aussicht auf die Churfirsten. Sie ist hell, modern eingerichtet und verfügt über einen kostenlosen Garagenplatz.;Die 3.5-Zimmer-Ferienwohnung befindet sich direkt im Zentrum von Flumserberg-Tannenboden an ruhiger Lage und verfügt über eine schöne Aussicht auf die Churfirsten. Zur Wohnung gehört ein kostenloser Garagenplatz.

Die Ferienwohnung ist sehr hell, modern und komfortabel eingerichtet. Die Wohn- und Schlafräume verfügen über einen schönen Holzboden. Zur Wohnung gehören 2 Sitzplätze.;9.286467594793875;47.0934616;Arvenstrasse 7;8898;Flumserberg Tannenbodenalp;+41 79 504 90 45;contact@charmingstay.ch;https://www.charmingstay.ch;[{'@type': 'ImageObject', 'contentUrl': 'https://hltpimtsoch.sos-ch-dk-2.exoscale-cdn.com/catalog/5/c/0/9/5c0916704945e34876cbed872e6831f83f17d3c1_esszimmer.JPG'}];2026-01-19T12:01:39+01:00
c5876f5d-047c-4327-9ba3-6b65c019401c;Casa Viva;Das Casa Viva in Bad Ragaz bietet acht gemütliche Wohnungen im Dorfzentrum. Ein grosser Garten, nahe Thermalbäder und Einkaufsmöglichkeiten sowie kostenlose Parkplätze machen es ideal für Paare, Familien und Gruppen.;<p class="MsoNormal" style="margin-right: 0px; margin-bottom: 0px; margin-left: 0px; line-height: 1.5 !important;">Das Casa Viva mit seinen 8 Wohnungen befindet sich in der Fläscherstrasse 21B im Dorfzentrum von Bad Ragaz. Das ruhig gelegene Mehrfamilienhaus verfügt über einen wunderschönen Garten. Die Thermalbäder, diverse Einkaufsmöglichkeiten sowie der Bahnhof SBB sind nur wenige Gehminuten entfernt. Parkplätze stehen Gästen kostenlos zur Verfügung. Waschmaschine und Tumbler stehen Ihnen ebenfalls zur Verfügung. Haustiere sind auf Anfrage erlaubt.</p><p style="margin: 10px 0px 0px; line-height: 1.5 !important;"><span style="margin-top: 0px; line-height: 1.5 !important; font-weight: bold;">Details zu den einzelnen Wohnungen:</span></p><ul style="line-height: 1.5 !important;"><li style="line-height: 1.4;">6x Studios (ca. 40 m<span style="position: relative; vertical-align: baseline; top: -0.5em; margin-top: 0px; line-height: 1.5 !important;">2</span>)</li><li style="line-height: 1.4;">2x Apartments (ca. 60 m<span style="position: relative; vertical-align: baseline; top: -0.5em; margin-top: 0px; line-height: 1.5 !important;">2</span>)</li></ul>;9.503282203165657;47.00496605;Fläscherstrasse 21b;7310;Bad Ragaz;+41 81 511 50 67;reservation@casavivabadragaz.ch;https://www.casavivabadragaz.ch/;[{'@type': 'ImageObject', 'contentUrl': 'https://hltpimtsoch.sos-ch-dk-2.exoscale-cdn.com/catalog/6/0/5/a/605aa77d6b1bb1efbce47a5d04b0f1590f6f4227_Aussenansicht_2.JPG'}];2026-04-09T13:19:26+02:00
c5baec72-f372-4e6d-a39e-bc2811def905;Ferienwohnung Nadig;Die Ferienwohnung Nadig am Flumserberg bietet eine gemütliche 3,5-Zimmer-Wohnung mit traumhafter Aussicht auf die Churfirsten. Nur zwei Gehminuten von der Bergbahn Prodalp-Express entfernt, ideal für Ski- und Wanderferien.;Die gemütliche 3.5-Zimmer-Wohnung im Erdgeschoss bietet eine traumhafte Aussicht auf die Churfirsten. Von der Ferienwohnung sind es 2 Gehminuten bis zur Bergbahn Prodalp-Express.  ;9.30321514606476;47.08999421513073;Flumserbergstrasse 149;8897;Flumserberg Tannenheim;+41 81 733 23 23;info@nadigsport.ch;[{'@type': 'ImageObject', 'contentUrl': 'https://hltpimtsoch.sos-ch-dk-2.exoscale-cdn.com/catalog/1/1/2/5/11256cec2d7d0ea3116f560e1b9cde7224ef9fc5_Ferienwohnung_Nadig__3_.jpeg'}];2026-01-19T12:01:39+01:00
c90c98cd-77c3-4b69-8b6b-71ea57aff928;Haus Flumser-Höckli (CharmingStay);Die 4,5-Zimmerwohnung im Zentrum von Flumserberg-Tannenheim liegt direkt bei der Talstation Prodalp-Express. Sie erstreckt sich über drei Stockwerke und bietet einen grossen Balkon im Erdgeschoss.;Die 4.5 Zimmerwohnung im Zentrum von Flumserberg-Tannenheim ist direkt bei der Talstation Prodalp-Express gelegen. Die Wohnung hat 3 Stockwerke mit einem grossen Balkon im EG. Die Wohnung befindet sich in einem terrassenmässig angelegten 3er-Reihneneinfamilienhaus.

Die Wohnung ist zeitgemäss eingerichtet und mit einem Parkettboden ausgestattet.;9.3043313;47.0892258;Panoramastrasse 4;8897;Flumserberg Tannenheim;+41 79 504 90 45;contact@charmingstay.ch;https://www.charmingstay.ch;[{'@type': 'ImageObject', 'contentUrl': 'https://hltpimtsoch.sos-ch-dk-2.exoscale-cdn.com/catalog/b/8/9/5/b895b645bd3aff07fe951b7500b5666e3efe8530_01_Aussenansicht2.JPG'}];2026-01-19T12:01:39+01:00
c98b60ee-2846-4ac2-b650-58951e2e2796;Haus Gaschür;Haus Gaschür in Bad Ragaz bietet eine grosszügig ausgestattete 3,5-Zimmerwohnung mit Galerie und kleiner Bibliothek. Die Wohnung liegt im Dorfkern, nahe der Tamina Therme, und bietet eine schöne Aussicht auf die Berge.;Die 3.5 Zimmerwohnung ist ideal im Dorfkern gelegen, nahe zu den Geschäften und der Tamina Therme. Zudem bietet sie eine schöne Aussicht in die Berge.

Die Ferienwohnung liegt im 2. OG unter dem Dach. Sie ist grosszügig ausgestattet und stilvoll und modern möbliert. Zur Wohnung gehört auch eine grosse Sonnenterrasse und ein Balkon. Ebenfalls gibt es eine Galerie mit einer kleiner Bibliothek.;9.501548493740152;47.002264749999995;Gaschürstrasse 5;7310;Bad Ragaz;+41 79 500 94 20;gaschuer5@bluewin.ch;http://www.hausgaschur.com;[{'@type': 'ImageObject', 'contentUrl': 'https://hltpimtsoch.sos-ch-dk-2.exoscale-cdn.com/catalog/9/9/e/3/99e32831287ea48989e8cefe4770f510d54de154_Haus_Gasch__r_4.jpg'}];2026-02-09T16:25:40+01:00
cb7b7869-0958-415b-9223-4843e1c04553;Ferienwohnungen Gauencenter (Orange und Rot);Das Gauencenter in Flumserberg bietet direkten Zugang zu Skipisten, kostenfreies WLAN und Privatparkplätze. Die Seilbahn Maschgenkamm ist 1,2 km entfernt. Ein Fitness- und Wellnesscenter sowie eine Disco sind ebenfalls vorhanden.;Das Gauencenter bietet direkten Zugang zu den Skipisten, kostenfreies WLAN und kostenfreie Privatparkplätze an der Unterkunft. Die Seilbahn Maschgenkamm ist 1,2 km von der Unterkunft entfernt und eine Skipiste befindet sich vor dem Gebäude.
In der modern eingerichteten Unterkunft steht Ihnen eine Waschmaschine, sowie Bettwäsche und Handtücher zur Verfügung.
Zu den Einrichtungen gehört auch ein kostenloses Fitness- und Wellnesscenter mit einer Sauna, einem Solarium und einem Whirlpool. (Im Winter)
Ebenfalls ist im Gauencenter eine Skiaufbewahrung vorhanden. Eine Disco, mit separatem Eingang, lädt jeden Samstag zum Tanzen ein.;9.298958655716081;47.0901013;Flumserbergstr. 152;8897;Flumserberg;+41 78 343 44 66;info@newgoggeien.ch;https://www.newgoggeien.ch/;[{'@type': 'ImageObject', 'contentUrl': 'https://hltpimtsoch.sos-ch-dk-2.exoscale-cdn.com/catalog/7/b/7/1/7b71ea9f0e9b1bab6bb28f8fc440422bcb766680_K__che_orange.jpg'}];2026-04-09T13:47:51+02:00
cb8290cf-1bc9-4924-a6b1-74682657064f;Zunfthaus zum Löwen;Das Zunfthaus zum Löwen in Sargans bietet traditionelle Schweizer Küche, kreative Speisen und erlesene Weine. Im Winter gibt es jeden Freitag Live-Jazz im Jazzkeller. Ideal für kleine Feiern im Barbarastübli oder grössere Anlässe im Saal.;Das Restaurant ist im Gault Millau mit 14 Punkten ausgezeichnet und serviert Ihnen traditionelle Schweizer Küche, kreative Speisen und erlesene Weine. 

Im Winter werden Sie jeden Freitag mit Live-Jazz unterhalten, im Jazzkeller. Erleben Sie gelungene Stunden in einem ganz besonderen Ambiente. 

Das liebevoll eingerichtete Barbarastübli eignet sich besonders für kleine Familien- oder Firmenfeiern mit bis zu 25 Personen. Für grössere Anlässe steht unser Saal für Sie zur Verfügung.;9.4355606;47.0505308;Städtchenstrasse 60;7320;Sargans;+41 81 723 71 03;info@zunfthausloewen.ch;http://www.zunfthausloewen.ch;[{'@type': 'ImageObject', 'contentUrl': 'https://hltpimtsoch.sos-ch-dk-2.exoscale-cdn.com/catalog/4/d/c/6/4dc6fff97464c67803ebc32ddc2a29c8f1360aa0_DSC_0078.JPG'}];2026-08-26T11:37:43+02:00
cc3bfcb0-7014-4ea4-82c3-dab4aa64f626;Stellplatz Parkplatz Skilift Tristeli;Der Stellplatz beim Skilift Tristeli auf dem St. Margrethenberg bietet im Sommer fünf Plätze für Camper. Auf 1 200 Metern Höhe gelegen, ist er ein idealer Ausgangspunkt für Wanderungen, etwa zur Aussichtsplattform Pizalun.;Auf dem Parkplatz beim kleinen Skilift Tristeli auf dem St. Margrethenberg stehen im Sommer fünf Stellplätze für Camper zur Verfügung. Das beschauliche Dörfchen liegt auf 1'200 Metern über Meer und bietet eine ruhige, naturnahe Umgebung mit herrlicher Aussicht auf das umliegende Bergpanorama. Vom Stellplatz aus lassen sich zahlreiche Wanderungen unternehmen.

Besonders beliebt ist der Aufstieg zur Aussichtsplattform Pizalun, die einen weiten Blick über das Rheintal und die Bündner Herrschaft bietet.

Der Platz eignet sich ideal für Naturliebhaber, Ruhesuchende und aktive Gäste. Eine Reservation oder Buchung ist nicht möglich. Wir bitten um Verständnis.;9.507036209106447;46.98145666994276;Furggelsstrasse 20;7313;St. Margrethenberg;+41 79 297 96 90;meyerstephan@bluewin.ch;https://www.verkehrsverein-pfaefers.ch;[{'@type': 'ImageObject', 'contentUrl': 'https://hltpimtsoch.sos-ch-dk-2.exoscale-cdn.com/catalog/c/b/1/8/cb18722704b721a58d0c148e90e7837b086472d1_IMG_6022__1_.jpeg'}];2026-09-04T08:32:24+02:00
cc738346-2a9f-417b-978d-7aeaea965497;Gampergalt (Whg. Heubi);Die Ferienwohnung Gampergalt (Whg. Heubi) liegt ruhig im Anggetlin auf etwa 1400 m ü.M. und bietet eine unverbaute Aussicht auf die Churfirsten und die Bündner Berge. Die Talstation der Prodkammbahnen ist nur wenige Gehminuten entfernt.;Die Ferienwohnung befindet sich an ruhiger Lage im „Anggetlin“ auf ca. 1400 M.ü.M. Die Talstation der Prodkammbahnen ist nur wenige Gehminuten entfernt. Die Wohnung bietet eine wunderschöne, unverbaute Aussicht auf die Churfirsten, den Raum Sargans sowie die Bündner Berge. Die Postauto-Haltestelle und Einkaufsmöglichkeiten erreichen Sie nach ca. 10 Gehminuten. Zur Wohnung gehört ein kostenloser Parkplatz.

Die Wohnung im Parterre ist gemütlich eingerichtet, mit allem, was man braucht. Schlaf-, Wohn- und Essbereich ist ein Raum und bietet Platz für 2 Personen. Im Sommer steht ein Sitzplatz mit Cheminée zur Verfügung.;9.30598712383185;47.08270506053502;Obere Anggetlinstrasse 36;8897;Flumserberg Tannenheim;+41 56 667 19 23;r.heubi@bluewin.ch;[{'@type': 'ImageObject', 'contentUrl': 'https://hltpimtsoch.sos-ch-dk-2.exoscale-cdn.com/catalog/9/9/6/b/996b24bb40678a772d648a96005847e065ca8512_Gampergalt_5.jpg'}];2026-09-03T22:11:29+02:00
cc884af7-e1e6-4c35-b188-f9301a2d835a;Haus Mittenwald A;Haus Mittenwald A bietet eine 3,5-Zimmer-Ferienwohnung im Dachgeschoss mit Lift, Tiefgarage und Skiraum. Geeignet für vier Personen, ideal für Paare, Familien und Singles, die eine entspannte Auszeit suchen.;3.5 Zimmer Ferienwohnung im DG, Lift, Tiefgarage, Skiraum. Geeignet für 4 Personen.
Keine Haustiere erlaubt.;9.297387650000001;47.0899206;Flumserbergstrasse 165;8897;Flumserberg Tannenheim;+41 79 764 05 91;alexandra-zeller@bluewin.ch;[{'@type': 'ImageObject', 'contentUrl': 'https://hltpimtsoch.sos-ch-dk-2.exoscale-cdn.com/catalog/b/d/4/2/bd42e88e6e582bf0efd6ecc6d97d2db1206ce01e_Wohnzimmer1.jpg'}];2026-08-06T17:47:03+02:00
cca63a01-a52f-497f-927a-8398dbfe0104;Ferienwohnung Egglisboden;Die Ferienwohnung Egglisboden in Quarten bietet eine moderne 3-Zimmerwohnung mit Blick auf den Walensee und die Churfirsten. Sie ist nur 5 Minuten von der Mittelstation der Flumserberg-Luftseilbahn entfernt und verfügt über einen kostenlosen Parkplatz.;Neue und moderne 3-Zimmerwohnung an sehr ruhiger Lage in Quarten mit schönes Aussicht auf den Walensee und die Churfirsten. Bis zur Mittelstation der Luftseilbahn auf den Flumserberg sind es nur 5 Fahrminuten. Zur Wohnung gehört ein kostenloser Parkplatz.

Die neue Ferienwohnung im Parterre ist modern und komfortabel eingerichtet. Alle Räume sind sehr hell und Wohn- und Schlafräume verfügen über einen schönen Parkettboden.;9.238646204289786;47.1043765;Egglisbodenstrasse 28;8883;Quarten;+41 81 710 30 40;h.y.sidler@bluewin.ch;[{'@type': 'ImageObject', 'contentUrl': 'https://hltpimtsoch.sos-ch-dk-2.exoscale-cdn.com/catalog/e/a/d/5/ead5b7a181266e4fe0aa2d167d15295eea373c5c_Egglisboden_5.jpg'}];2026-04-20T08:20:11+02:00
cd042191-3ca4-4dcb-ab7e-ade3e9aafd44;Ferienwohnung Pramalinis;Die Ferienwohnung Pramalinis liegt auf einem Weingut in Jenins. Sie bietet eine ländliche Umgebung und einen Balkon mit toller Aussicht. Ein kostenloser Aussenparkplatz ist vorhanden.;Die 2.5-Zimmerwohnung befindet sich auf einem Weingut und ist sehr ländlich gelegen. Vom Balkon aus, können Sie die tolle Aussicht geniessen.
Ein Aussenparkplatz steht kostenlos zur Verfügung.;9.5616096;46.9985007;Im Pramalinis;7307;Jenins;+41 79 682 97 10;mail@johanni-wein.ch;[{'@type': 'ImageObject', 'contentUrl': 'https://hltpimtsoch.sos-ch-dk-2.exoscale-cdn.com/catalog/d/1/b/1/d1b16bad87531f70ffe1afda7deac3a1b2bf0961_Primalinis_Aussenansicht.JPG'}];2026-02-09T16:14:45+01:00
cf7dd61f-33b5-42d9-baa1-eaae43d9f98c;Cubilaris Motel Bad Ragaz;Das Cubilaris Motel in Bad Ragaz bietet moderne Raummodule aus Holz. Gäste können zwischen einem Modul (Cubi Classic) oder zwei Modulen (Cubi Suite) wählen. Das Motel ist mit dem Auto oder öffentlichen Verkehrsmitteln erreichbar.;Das Cubilaris ist ein neues innovatives Motel, bestehend aus 20 Raummodulen aus Holz. Sie haben die Wahl, in einem Cubi Classic (19 m2) oder im Cubi Studio (24 m2) zu übernachten. Alle Raummodule sind gemütlich und modern ausgestattet. Im Cubi Studio gibt es eine kleine Küche, einen Ess- und Loungebereich sowie ein grösseres Bad. Das Motel erreichen Sie mit Ihrem Fahrzeug oder dem öffentlichen Bus (direkt vor der Türe). Für Elektrofahrzeuge steht seit 2021 eine Ladestation zur Verfügung. Motorradfahrer und Velofahrer finden einen gedeckten Carport für ihre Zweiräder vor.;9.4938527;47.0129535;Buchenstrasse 2;7310;Bad Ragaz;+41 81 511 50 77;reservation@cubilaris.ch;http://www.cubilaris.ch;[{'@type': 'ImageObject', 'contentUrl': 'https://hltpimtsoch.sos-ch-dk-2.exoscale-cdn.com/catalog/2/0/7/5/2075a0f5ef9cfe14b81230dc179c52281d2d372c_suite16_6.jpg'}];2026-06-30T09:25:52+02:00
d2233cdb-2fb8-446b-a43d-0d87d7199734;Gauenpark-Uehli;Die 1,5-Zimmerwohnung im 11. Stock des MFH Gauenpark in Flumserberg Tannenheim bietet eine beeindruckende Aussicht auf die Churfirsten und den Walensee. Die moderne und gemütliche Wohnung ist ruhig gelegen und bietet Platz für bis zu vier Personen.;Die 1.5 Zimmerwohnung befindet sich zuoberst im 11. Stock im MFH Gauenpark in Flumserberg Tannenheim mit herrlicher Aussicht auf die Churfirsten und den Walensee. Die Wohnung ist sehr ruhig gelegen. Ein Parkplatz ist kostenlos vorhanden.

Die helle Wohnung mit traumhafter Aussicht ist modern und gemütlich eingerichtet. Schlaf-, Wohn- und Essbereich ist ein Raum und bietet Platz für bis zu 4 Personen. Die ganze Wohnung ist mit einem Parkettboden ausgestattet.;9.298958655716081;47.0901013;Flumserbergstr. 146;8897;Flumserberg Tannenheim;+41794067725;uehli.albert@gmail.com;[{'@type': 'ImageObject', 'contentUrl': 'https://hltpimtsoch.sos-ch-dk-2.exoscale-cdn.com/catalog/b/7/4/f/b74f8fc6aa56ed41e828a7fbcb4c32e452b27c68_Gauenpark_Uehli_Wohnzimmer.JPG'}];2026-08-07T14:32:06+02:00
d281b1fd-c7a5-4f86-85e2-c29b6997c827;Ferienwohnung Vonlanthen/Jud;Die 2,5-Zimmer-Maisonette-Wohnung in Bad Ragaz bietet einen eigenen Hauseingang, einen Gartensitzplatz und einen Balkon. Sie liegt ruhig und zentral, nur 50 m von Migros und Coop entfernt, und ist ideal für Paare, Familien und Singles.;Die 2.5-Zimmer-Maisonette-Wohnung mit eigenem Hauseingang befindet sich an ruhiger und zentraler Lage in Bad Ragaz. Zur Wohnung gehört ein Gartensitzplatz und ein Balkon.

Das Apartment verfügt über 1 grosses Schlafzimmer mit Trennwand, 1 Bad mit WC, 1 WC, Bettwäsche, Handtücher, 1 Flachbild-TV, Wlan,Cheminée,  eine voll ausgestattete Küche,Balkon und einen grossen Sitzplatz.

50 m von Migros umd Coop, 10 min zu Fuss bis zum Bahnhof un Tamina Therme.;9.502739310264587;47.003400040829;Pestalozziweg 5c;7310;Bad Ragaz;+41798402988;criastrid@icloud.com;[{'@type': 'ImageObject', 'contentUrl': 'https://hltpimtsoch.sos-ch-dk-2.exoscale-cdn.com/catalog/7/c/b/d/7cbd360ffbe3e663dab6fea91a53add3d5b58b53_8e4a2df1_f653_4877_92d9_8026b3df018e.JPG'}];2026-07-21T14:41:03+02:00
d563f7c7-5ddf-43df-bd02-aecd63e05c1c;Ferienhaus Arnika;Das Ferienhaus Arnika in Valens bietet zwei Schlafzimmer, Wohnraum und Küche. Es liegt nahe einem Bauernhof und verfügt über einen grossen Balkon sowie eine Terrasse mit Grillstelle. Ideal für kürzere oder längere Aufenthalte.;Das heimelige und helle Ferienhaus mit zwei Schlafzimmern, Wohnraum und Küche befindet sich bei Sergeuris in Valens in der Nähe eines Bauernhofes. Das Haus bietet sämtliche Einrichtungen und Ausstattungen, die ein kürzerer oder längerer Ferienaufenthalt erfordert. Ein grosser Balkon lädt zum Verweilen ein, ebenso ein Steinplatz vor dem Haus, mit Feuerstelle, mit Grill. Das Haus wird mit einem Specksteinofen (Holzheizung) geheizt. Bei Minustemperaturen muss der Ofen morgens und abends während ca. 3 Stunden ein gefeuert werden.;9.4840908;46.9936812;Sergeuris;7317;Valens;+41 79 413 49 19;urs.guldener@datazug.ch;http://www.ferienhaus-arnika.ch/;[{'@type': 'ImageObject', 'contentUrl': 'https://hltpimtsoch.sos-ch-dk-2.exoscale-cdn.com/catalog/3/2/7/8/3278650eafa7a06b96d129d7cf88f53f65954bd6_Haus_Winter2.jpg'}];2026-08-07T10:27:25+02:00
d5efa582-2f5b-4f01-aa2c-1fbee9040d79;Stellplatz Pardätsch;Der Stellplatz Pardätsch liegt an der ruhigen Kunkelsstrasse in Vättis und bietet eine freie Sicht auf Alpweiden und die umliegende Berglandschaft. Eine Schweizer Feuerstelle und der Vättner „Bergstrand“ sind nur 100 m entfernt.;Der Stellplatz Pardätsch liegt rund 300 Meter südlich des Zeltplatzes Hüttenwiese auf der gegenüberliegenden Strassenseite. Er befindet sich idyllisch an der ruhigen Kunkelsstrasse und bietet eine freie Sicht auf Alpweiden, Wälder und die eindrucksvolle Berglandschaft der Umgebung.
In nur 100 Metern Entfernung lädt eine Schweizer Familienfeuerstelle zum Verweilen ein. Ebenfalls rund 100 Meter entfernt fliesst auf der anderen Strassenseite, rund 30 Meter tiefer, der Görbsbach durch einen Auenwald. Der Vättner „Bergstrand“ mit seinem breiten Kiesbett bietet einen besonderen Ort zur Entspannung und Erholung inmitten der Natur.;9.4415215;46.9098162;Kunkelsstrasse;7315;Vättis;079 437 65 78;zeltplatz@ortsgemeinde-vaettis.ch;https://www.ortsgemeinde-vaettis.ch/liege-zelt/zeltplaetze;[{'@type': 'ImageObject', 'contentUrl': 'https://hltpimtsoch.sos-ch-dk-2.exoscale-cdn.com/catalog/2/1/3/7/2137832773ebadbcbdeed23a91d2e4a1ee958cdb_Stellplatz_Pard__tsch1.jpg'}];2025-11-04T09:34:53+01:00
d75b3886-6fc0-4f21-8f18-4ba3dee9944e;Ferienhaus Maienfeld - Heidihuus;Das Ferienhaus Heidihuus in Maienfeld bietet einen Blick auf die Weinbaugebiete der Bündner Herrschaft und den Pizol. Die Wohnung ist familien- und haustierfreundlich und verfügt über eine gut ausgestattete Küche.;Das Ferienhaus Heidihuus oberhalb Maienfeld in Weiher Rofels liegt nahe am Heididorf mit dem Museum. Vom Sitzplatz aus hat man einen wunderschönen Blick in die Weinanbaugebiete der Bündner Herrschaft und in Richtung Pizol. Die Umgebung bietet allerlei Möglichkeiten, den Aufenthalt genussvoll sowie auch sportlich und aktiv zu gestalten.

Die Wohnung verfügt über ein gemütliches Wohnzimmer mit Lesestühlen und Sofas, einen Chemineeofen sowie einen sonnigen Gartensitzplatz. Die Küche bietet Backofen, Kühlschrank, Geschirrspüler, Fondue- und Raclette-Set, Kaffeemaschine, Toaster und Wasserkocher.;9.544346369651297;47.00955675;Rofelsergasse 16;7304;Maienfeld;+41 78 776 52 24;info@ferien-heidiland.ch;https://www.ferien-heidiland.ch;[{'@type': 'ImageObject', 'contentUrl': 'https://hltpimtsoch.sos-ch-dk-2.exoscale-cdn.com/catalog/a/6/6/9/a669b6af439728d8f0b9a10fc1afe5faddb18656_MAIENFELD_Ferienhaus.jpg'}];2026-09-02T04:47:19+02:00
d7882d5d-b40a-4058-9963-c35eef16dffc;Chalet Waldwiese (CharmingStay);Das Chalet Waldwiese in Flumserberg Tannenheim bietet eine 4,5-Zimmerwohnung mit Blick auf die Churfirsten. Bergbahnen, Restaurants und ein Dorfladen sind in etwa zehn Minuten zu Fuss erreichbar. Ein kostenfreier Parkplatz ist vorhanden.;Das Chalet mit 4.5 Zimmer befindet sich am Dorfrand von Flumserberg Tannenheim, mit wunderbarer Aussicht auf die Churfirstenkette. Bergbahnen, Restaurants und der Dorfladen sind nur ca. 10 Gehminuten entfernt. Zum Ferienhaus gehört ein kostenfreier Parkplatz. Dieser befindet sich unterhalb des Hauses und ist über eine Treppe erreichbar, ca. 50m.

Die Wohnung ist zweckmässig und mit viel Holz eingerichtet. Die Wände von Wohn- und Schlafräumen sind getäfert und verfügen über einen Holzboden. Zum Chalet gehört ein Sitzplatz mit schöner Aussicht.;9.30613935;47.09091225;Plattenwiese 23;8897;Flumserberg Tannenheim;+41 79 504 90 45;contact@charmingstay.ch;https://www.charmingstay.ch;[{'@type': 'ImageObject', 'contentUrl': 'https://hltpimtsoch.sos-ch-dk-2.exoscale-cdn.com/catalog/7/e/8/3/7e83a6378e0ec60990d453f74450b269d6be1f46_ausenansicht___Kopie.JPG'}];2026-05-26T20:08:34+02:00
d84013ab-468d-4dc2-a437-b7b408d77846;Panoramawohnung am Pizol / Furt 1'525 m ü. M.;Die Panoramawohnung am Pizol bietet eine moderne Unterkunft direkt an der Bergstation Furt. Sie ist ideal für Aktivitäten wie Skifahren, Rodeln und Wandern und bietet Zugang zu Restaurants und einem Naturspielplatz.;Die helle, moderne und familienfreundliche 2.5-Zimmer Panoramawohnung befindet sich direkt bei der Bergstation Furt (8er Gondelbahn Wangs-Furt) mit wunderschöner Aussicht auf das Bergpanorama Churfirsten. Direkt an der Skipiste und am Ausgangspunkt der 3,5 km langen Schlittelbahn und dem Nachtskifahren. Umgeben von leckeren Restaurants und grossen Sonnenterrassen, Ski- und Snowboardschule in unmittelbarer Nähe. 
Es ist ein idealer Ausgangspunkt für sämtliche Aktivitäten und Attraktionen am Pizol.
Im Sommer direkt an der 5-Seen-Wanderroute und grossem Natur-Erlebnisspielplatz mit Wasserfall.;9.42151665687561;47.00237886732135;Furt 40;7323;Wangs;0041796387712;meinfarberlebnis@gmail.com;https://www.airbnb.com/h/berger-ferien-am-pizol;[{'@type': 'ImageObject', 'contentUrl': 'https://hltpimtsoch.sos-ch-dk-2.exoscale-cdn.com/catalog/8/9/7/7/8977be8b4dfd730a8969cb287397874316eac4c2_Schneehus_Valeis.jpg'}];2026-06-19T01:23:46+02:00
d91b3d09-e504-4efc-890c-05689ad7aae6;Gampergalt 4.5 Zi-Whg;Die 4,5-Zimmerwohnung in Flumserberg-Tannenheim liegt nur fünf Gehminuten von der Skipiste entfernt. Sie bietet einen kostenlosen Aussenparkplatz, einen grossen Balkon und eine Terrasse. Einkaufsmöglichkeiten und Restaurants sind 1,5 km entfernt.;Die 4.5-Zimmerwohnung befindet sich in Flumserberg-Tannenheim nur ca. 5 Gehminuten zur Skipiste, welche zur Talstation Prodalp-Express Tannenheim führt. Ins Zentrum mit Einkaufsläden, Sportgeschäften, Skischule und Restaurants sind es ca. 1.5 km. Zur Ferienwohnung gehört ein kostenloser Aussenparkplatz.

Die grosszügige Wohnung ist gemütlich und komfortabel eingerichtet. Vom Wohnzimmer aus gelangt man auf den grossen Balkon Richtung Norden und die grosse Terrasse Richtung Süden.;9.30598712383185;47.08270506053502;Obere Anggetlinstrasse 36;8897;Flumserberg Tannenheim;+41 79 669 60 68;peter.rahm@bluewin.ch;[{'@type': 'ImageObject', 'contentUrl': 'https://hltpimtsoch.sos-ch-dk-2.exoscale-cdn.com/catalog/f/e/b/f/febf45e764d2cb667c730622f6605cf67a5a10c9_IMG_1895.jpg'}];2026-08-27T08:08:55+02:00
da0bcc35-12d6-414b-8afc-c87b12ed7b00;Ferienwohnung Frei;Die Ferienwohnung Frei in Bad Ragaz bietet eine ruhige Lage am Ende einer Sackgasse. Sie ist funktional eingerichtet und verfügt über einen privaten Parkplatz. Restaurants und Geschäfte sind in der Nähe.;Die 2-Zimmerwohnung befindet sich an sehr ruhiger Lage am Rande von Bad Ragaz am Ende einer Sackgasse. Restaurants und Lebensmittelläden befinden sich in der Umgebung. Die Bushaltestelle ist 1,2 km, die Pizolbahn 3 km und das Thermalbad 1 km entfernt. Zur Wohnung gehört ein privater Parkplatz.

Die Wohnung liegt im Parterre und ist zweckmässig eingerichtet.;9.497417679972216;47.0061627;Weiligstrasse 36c;7310;Bad Ragaz;+41 81 302 37 53;paul.frei51@gmail.com;[{'@type': 'ImageObject', 'contentUrl': 'https://hltpimtsoch.sos-ch-dk-2.exoscale-cdn.com/catalog/d/1/5/c/d15c557c5288b75fa13eb9acd52c5b89f0661404_Frei_5.jpg'}];2026-03-11T14:15:15+01:00
daeb77f0-929b-4eb8-83ec-91d96e79bbaf;Haus Alpenblick A;Haus Alpenblick A in Flumserberg Tannenheim bietet eine 2,5-Zimmerwohnung, nur zwei Gehminuten vom Hallenbad und der Skipiste Mittenwald entfernt. Ein kostenloser Parkplatz in der Tiefgarage ist inklusive.;Die 2.5 Zimmerwohnung befindet sich in Flumserberg Tannenheim nur ca. 2 Gehminuten vom Hallenbad, Sportbus, Skipiste Mittenwald und Einkaufsmöglichkeiten entfernt. Zur Wohnung gehört ein kostenloser Parkplatz in der Tiefgarage.

Die helle Wohnung ist klassisch und gemütlich eingerichtet. Wohn- und Schlafräume verfügen über einen schönen Holzboden. Bilder und Deko verzieren die Wände und Regale.;9.297766606774918;47.0907134;Tobelbachstrasse 8;8897;Flumserberg Tannenheim;+41 76 462 23 61;sdahel@sunrise.ch;[{'@type': 'ImageObject', 'contentUrl': 'https://hltpimtsoch.sos-ch-dk-2.exoscale-cdn.com/catalog/7/4/8/7/7487f0ab3e055c25f71eddce6c091d89c5185d45_Haus_Alpenblick_1.jpg'}];2026-06-12T15:59:23+02:00
dd0a0ac1-4553-40b4-83fb-603a376fbe46;Casa Alpetta;Die Casa Alpetta bietet eine 2,5-Zimmerwohnung in Flumserberg Tannenboden, nahe Bergbahnen, Restaurants und Einkaufsmöglichkeiten. Die Unterkunft bietet eine schöne Aussicht auf die umliegenden Berge und einen Parkplatz.;Die 2.5-Zimmerwohnung befindet sich an der Flubastrasse 16 in Flumserberg Tannenboden, nahe der Bergbahnen, Restaurants und Einkaufsmöglichkeiten. Die Lage mit schöner Aussicht auf die umliegenden Berge ist hervorragend. Ein Parkplatz steht bei der Unterkunft zur Verfügung.;9.287785421515782;47.09344285;Flubastrasse 16;8898;Flumserberg Tannenheim;+41 79 615 17 06;w.vandoesburg@fdf-management.com;[{'@type': 'ImageObject', 'contentUrl': 'https://hltpimtsoch.sos-ch-dk-2.exoscale-cdn.com/catalog/b/5/5/5/b55573cd4fdef3c512896b1cc66fec6e000ea807_Casa_Alpetta_Hauptbild.jpg'}];2026-01-19T12:01:40+01:00
e08a7e02-5a67-4193-a5c9-798ce794bbce;Lerchenhüsli;Das Ferienhaus Lerchenhüsli liegt zentral in Flumserberg Tannenbodenalp. In der Nähe befinden sich Skischule, Einkaufsmöglichkeiten und Restaurants. Ein Garagenplatz ist 50 Meter entfernt. Haustiere sind erlaubt, ideal für Familien.;Das gemütlich, heimelige eingerichtete Ferienhaus Lerchenhüsli liegt im Zentrum Tannenboden. In der Nähe befindet sich die Skischule, Einkaufsmöglichkeiten und diverse Restaurants. Einen Garagenplatz ist 50 Meter unterhalb vorhanden. Im Sommer schöner Sitz- und Spielplatz beim Haus mit Gartencheminée, ideal für Familien. Das Lerchenhüsli befindet sich an einer sonnigen Lage mit wunderbarer Sicht zur Churfirsten und Alvier Bergkette. Haustiere sind erlaubt.;9.286287807779502;47.0937143;Flubastrasse 6;8898;Flumserberg Tannenbodenalp;+41 44 321 70 49;maja.zentner@gmx.ch;[{'@type': 'ImageObject', 'contentUrl': 'https://hltpimtsoch.sos-ch-dk-2.exoscale-cdn.com/catalog/c/b/8/c/cb8c7e8ff9c3c10800a46f85d3eb74d9ccd6254c_Lerchenh__sli_1.jpg'}];2026-05-14T23:16:25+02:00
e0dac3ac-c26c-45ce-a579-fb8225b86250;Haus Steinbock (CharmingStay);Das Haus Steinbock am Flumserberg Tannenheim bietet moderne Ferienwohnungen mit vollausgestatteter Küche, grossem Balkon und kostenlosem WLAN. Ein Lift und ein Ski-Abstellraum sind vorhanden. Ein Garagenparkplatz ist inklusive.;Das Mehrfamilienhaus befindet sich am Flumserberg Tannenheim. Innerhalb von wenigen Gehminuten befinden sich das Restaurant Mätz Dine und der Prodallp Express. Zu den Wohnungen gehört jeweils ein kostenloser Garagenparkplatz dazu.

Inneneinrichtung
Die Wohnungen sind gemütlich und modern eingerichtet. Sie verfügen über eine vollausgestattete Küche, offenes Wohnzimmer und einen grossen Balkon. Im Wohnhaus befindet sich ein Lift sowie ein Ski-Abstellraum.

Technische Einrichtung
Kostenloses WLAN, Radio und ein Kabel TV stehen in den Wohnungen zur Verfügung.;9.30473123098497;47.08930865;Mätzwiesenstrasse 31;8897;Flumserberg Tannenheim;+41 79 504 90 45;contact@charmingstay.ch;https://www.charmingstay.ch;[{'@type': 'ImageObject', 'contentUrl': 'https://hltpimtsoch.sos-ch-dk-2.exoscale-cdn.com/catalog/7/d/5/6/7d56b512d1221f8050715c578f7c77c4076f42cb_Haus_Steinbock_2OG__9_.JPG'}];2026-01-19T12:01:40+01:00
e132467a-39f3-4406-abc8-ab5c3e99e2ee;Haus Schwendihof (2 Studios);Das Haus Schwendihof in Flumserberg Tannenheim bietet zwei Studios im Dachgeschoss mit kostenlosem Parkplatz. Die Studios sind einfach eingerichtet und verfügen über eine Küchenzeile, Doppelbett, Sofa und TV. WLAN ist verfügbar.;Das Ferienhaus liegt auf 1280 m Höhe in Flumserberg Tannenheim, direkt bei den Bergbahnen und der Skipiste. Die beiden Studios befinden sich im Dachgeschoss des Zweifamilienhauses. Zu den Studios gehört ein kostenloser Parkplatz.

Details der einzelnen Studios
- 1x Studio Guscha
- 1x Studio Churfirsten

Beide Studios sind einfach eingerichtet und verfügen über einen Wohn-/Schlafbereich mit Doppelbett, Sofa und TV. Die kleine Küchenzeile ist mit allem ausgestattet was man braucht. Sie bietet Herd, Backofen, Kühlschrank und Kaffeemaschine. Die Dachschrägen mit Holzbalken machen den Aufenthalt in den Studios sehr gemütlich. WIFI vorhanden.;9.28503688613744;47.0944254;Schwendiwiesenstrasse 7;8897;Flumserberg Tannenheim;+41 81 733 16 43;f-m-beeler@bluewin.ch;[{'@type': 'ImageObject', 'contentUrl': 'https://hltpimtsoch.sos-ch-dk-2.exoscale-cdn.com/catalog/6/7/4/8/6748905e5a4609e226bb0b8cf52bf13525052bcc_Schwendihof_Essbereich.JPG'}];2026-04-30T17:57:36+02:00
e141e86a-91e4-499f-b4a2-6aa0ec8a2c43;Hotel Sportcenter Fünf Dörfer AG;Das Hotel Sportcenter Fünf Dörfer in Zizers bietet ein 3-Sterne-Hotel, ein Restaurant sowie Tennis, Squash und saisonal Badminton. Ideal für aktive Gäste und Erholungssuchende mit vielseitigem Sport- und Gastronomieangebot.;<div><p>Das Hotel Sportcenter F&uuml;nf D&ouml;rfer in Zizers verbindet 3-Sterne-Komfort mit einem umfassenden Sportangebot. Die 34 gem&uuml;tlichen Doppelzimmer (auch zur Einzelbelegung) bieten modernen 3-Sterne-Standard mit Zimmertresor, gratis WLAN, TV, Schreibtisch sowie Dusche/WC.</p><p>Im &ouml;ffentlichen Restaurant mit Gartenterrasse werden regionale, internationale und gutb&uuml;rgerliche Speisen serviert &ndash; perfekt f&uuml;r Sportlerinnen und Sportler sowie f&uuml;r erholungssuchende G&auml;ste.</p><p>F&uuml;r sportliche Aktivit&auml;ten stehen das ganze Jahr &uuml;ber vier gelenkschonende Tennispl&auml;tze in der Tennishalle sowie vier Squash-Boxen zur Verf&uuml;gung. Von Mai bis September erg&auml;nzen zwei Badminton-Felder das Angebot. Tennisunterricht, Turniere, attraktive Mietpreise und ein ausgew&auml;hltes Sortiment an Sportartikeln runden das Sportangebot ab.</p><p>Ob Tennis, Squash oder Badminton &ndash; das Sportcenter F&uuml;nf D&ouml;rfer ist die ideale Adresse f&uuml;r alle, die Bewegung, Spass und Gastfreundschaft kombinieren m&ouml;chten.</p></div>;9.557869434356691;46.91956678293475;Oberauweg 20;7205;Zizers;+41 81 307 19 90;hotel@5doerfer.ch;https://www.hotel-5doerfer.ch;[{'@type': 'ImageObject', 'contentUrl': 'https://hltpimtsoch.sos-ch-dk-2.exoscale-cdn.com/catalog/9/9/c/1/99c1148529a7a8abf10dcf49de1c55e2fdec49c8_P1070319.JPG'}];2026-08-14T20:16:09+02:00
e1652746-4ea7-496e-9b67-a545f5242362;Chalet Wiesehöckli (CharmingStay);Das Chalet Wiesehöckli in Flumserberg Tannenbodenalp bietet eine ruhige Lage mit Blick auf die Churfirsten und den Walensee. Es verfügt über einen Aussen-Whirlpool, einen Sitzplatz mit Cheminée und einen kostenlosen Parkplatz.;Das kleine 3-Zimmer-Chalet mit herrlicher Aussicht auf die Churfirsten und den Walensee befindet sich an ruhiger Lage in Flumserberg Tannenbodenalp. Zum Chalet gehört ein kostenloser Parkplatz.

Das heimelige Ferienchalet ist gemütlich und mit viel Holz eingerichtet. Die Wände im Wohn- und Schlafzimmer sind getäfelt. Zum Chalet gehört ein Sitzplatz mit Cheminée, mit Spielwiese sowie ein Aussen-Whirlpool.;9.284148542062624;47.0966193;Schwendi;8898;Flumserberg Tannenbodenalp;+41 79 504 90 45;contact@charmingstay.ch;https://www.charmingstay.ch;[{'@type': 'ImageObject', 'contentUrl': 'https://hltpimtsoch.sos-ch-dk-2.exoscale-cdn.com/catalog/6/a/2/d/6a2d3088a1b88f2237efdc0dae9690373b913988_Bild_Francois_201025_Wohnzimmer___Nebel.JPG'}];2026-01-19T12:01:40+01:00
e22c7f37-f27d-464a-8e12-ffceda4d0462;Ferienwohnung Edelweiss (Fluba);Frisch renovierte 3-Zimmerwohnung Edelweiss im Zentrum von Flumserberg Tannenboden für bis zu 4 Personen. Balkon mit Grill, alles zu Fuss erreichbar. Parkplatz inklusive.;Die frisch renovierte 3-Zimmerwohnung befindet sich im Zentrum von Flumserberg Tannenboden. Die Wohnung bietet Platz für eine vierköpfige Familie, Haustiere nach Absprache. Der kleine Balkon mit Tisch, Stühlen und einem Grill lädt zum Nichtstun ein. Innerhalb von wenigen Gehminuten erreichen Sie den Dorfladen, die Skischule, verschiedene Restaurants und die Bergbahnen. Zur Wohnung gehört ein Parkplatz dazu.</p>;9.286235;47.09414;Flubastrasse 3;8898;Flumserberg Tannenboden;+41 78 621 66 77;thurnherr.tanya@gmail.com;[{'@type': 'ImageObject', 'contentUrl': 'https://hltpimtsoch.sos-ch-dk-2.exoscale-cdn.com/catalog/8/0/0/e/800e366fbffb65fbaf20e385d617fbdb08177d16_Ferienwohnung_Edelweiss__Fluba_.JPG'}];2026-08-26T05:15:20+02:00
e3cc30c7-a2c8-4f8b-8e7e-5178605ae2b2;Haus Panorama B (Whg. Rupf);Haus Panorama B in Flumserberg Tannenheim bietet eine gemütliche 3-Zimmerwohnung mit 65 m2 für vier Personen. Zwei Balkone bieten Berg- und Talsicht, während die Wohnung über eine offene Küche und einen Garagenplatz verfügt.;Gemütliche 3 Zimmerwohnung mit 65m2 für vier Personen, mit zwei Balkons mit Berg- und Talsicht und schöner Aussicht auf die Churfirsten und bis Sargans. Die Wohnung ist im ersten Stock des Gebäudes, sie bietet zwei Schlafzimmer mit je zwei Betten, davon ein Etagenbett. Der grosse und helle Wohnraum mit offener Küche und Essbereich, bietet ein wunderbares Panorama. Die Wohnung verfügt über einen eigenen Garagenplatz.;9.304035902023317;47.089848555645915;Panoramastrasse 14;8897;Flumserberg Tannenheim;+41 79 383 16 21;c.rupf@gmx.ch;[{'@type': 'ImageObject', 'contentUrl': 'https://hltpimtsoch.sos-ch-dk-2.exoscale-cdn.com/catalog/d/4/5/2/d452d95f3d28d19d5b92ae8c9b4541b0b16986bb_Schlafzimmer_Doppelbett.jpeg'}];2026-04-21T11:53:14+02:00
e739d7fa-a384-4771-b4c7-f3260ff2835b;Auberge Adler, Fläsch;Die Auberge Adler in Fläsch bietet vier stilvoll eingerichtete Doppelzimmer mit Blick auf das Weinbaudorf. Das Gourmetrestaurant serviert hausgemachte und regionale Köstlichkeiten. Zahlreiche Aktivitäten sind in wenigen Minuten erreichbar.;Die Auberge Adler befindet sich mitten im Weindorf Fläsch. In Fläsch geniessen Sie die Ruhe und den Charme des idyllischen Weinbaudorfs.
Im Gästehaus befindet sich das Gourmetrestaurant Adler. Zahlreiche Aktivitäten wie die Tamina Therme, das Skigebiet Pizol und das Fashion-Outlet Landquart befinden sich nur wenige Fahrminuten entfernt.

Gästezimmer
Die harmonische Kombination aus historisch und modern verleiht jedem Zimmer seinen eigenen Charme. In unserer Auberge erwarten Sie, vier stilvoll eingerichtete Doppelzimmer mit Blick ins Weinbauerndorf Fläsch. Jedes Zimmer verfügt über ein Badezimmer mit Dusche und WC.

Restaurant Adler
In unserem Gourmetrestaurant Adler servieren wir hausgemachte und regionale Köstlichkeiten, welche direkt von Siggi Tschurtschenthaler und seinem Team zubereitet werden. Ein Hauch Südtirol - die Heimat von Siggi -  darf bei den Kreationen aus der Gourmetküche nicht fehlen.;9.51325681496726;47.02653735;Krüzgass 2;7306;Fläsch;+41 81 302 61 64;info@adlerflaesch.ch;https://www.adlerflaesch.ch/gaestezimmer.html;[{'@type': 'ImageObject', 'contentUrl': 'https://hltpimtsoch.sos-ch-dk-2.exoscale-cdn.com/catalog/d/5/1/e/d51ef2358a89eed608fd2eecbd47cab56c6c9edb_Auberge_Adler__2_.jpg'}];2026-02-20T09:20:19+01:00
e7f68b90-1030-46b3-8d67-595b841ca2af;Haus Alpina (CharmingStay);Das Haus Alpina in Tannenboden Dorf bietet eine 2,5-Zimmerwohnung mit Balkon und Blick auf das Skigebiet. Die Bergbahnen sind nur drei Gehminuten entfernt. Kostenlose Parkplätze und Garagen sind verfügbar.;Das Haus Alpina liegt in Tannenboden Dorf an Top-Lage. Die Bergbahnen sind nur ca. 3 Gehminuten entfernt. Die Wohnung verfügt über eine wunderschöne Aussicht auf das Skigebiet und das Bergpanorama. Aussenparkplätze und Garagen stehen kostenlos zur Verfügung.

Details zur Ferienwohnung
- 1x 2.5-Zimmerwohnung im zweiten Stock

Die Wohnung verfügt über ein offenes, geräumiges und gemütliches Wohnzimmer mit Sofa und Flachbild-TV. Die Küche bietet Herd, Backofen, Kühlschrank, Geschirrspüler, Toaster, Kaffeemaschine, Wasserkocher, Fondue- und Raclette-Set. Die Ferienwohnung verfügt ebenfalls über einen Balkon.;9.283183944204325;47.0941143;Tannenboden;8898;Flumserberg Tannenbodenalp;+41 79 504 90 45;contact@charmingstay.ch;https://www.charmingstay.ch;[{'@type': 'ImageObject', 'contentUrl': 'https://hltpimtsoch.sos-ch-dk-2.exoscale-cdn.com/catalog/e/7/8/0/e780714be15f40178ab324c75affc282b5c9d3b8_Sofa__neu__mit_K__che.jpeg'}];2026-08-27T04:13:57+02:00
e8413db3-b66e-4a82-b398-1f769f8759c3;Appartementhaus Quadern (5 Wohnungen);Das Appartementhaus Quadern liegt im Zentrum von Valens, nahe der Reha-Klinik. Die ruhige Lage und die Nähe zu Einkaufsmöglichkeiten und Postautohaltestellen machen es zu einem idealen Ausgangspunkt für Ausflüge in die umliegende Bergwelt.;<p>Das Appartementhaus Quadern befindet sich im Dorfzentrum von Valens, in unmittelbarer N&auml;he zur Reha-Klinik. Das ruhig gelegene Mehrfamilienhaus verf&uuml;gt &uuml;ber eine grossz&uuml;gige Umgebung. Die Ferienwohnungen sind im Geb&auml;ude mit 32-Eigentumswohnungen integriert. Wenige Schritte vom Haus entfernt befinden sich Einkaufsm&ouml;glichkeiten sowie Postautohaltestellen. Durch die hervorragende Erreichbarkeit ab Bad Ragaz &uuml;ber die gr&ouml;sste Bogenbr&uuml;cke der Schweiz ist Valens zu jeder Jahreszeit attraktiv. Umgeben von beeindruckender Bergwelt erholen Sie sich am Ausgangspunkt f&uuml;r Ausfl&uuml;ge zum Wandern, Biken, Schwimmen und vielem mehr. Details der einzelnen Ferienwohnungen - 1 x 1.-Zimmerwohnung im Dachgeschoss (B302) - 1 x 2.5-Zimmerwohnungen im Erdgeschoss (A001) - 1 x 2.5-Zimmerwohnung im 1. Obergeschoss (A102) - 2 x 2.5-Zimmerwohnung im 2. Obergeschoss (B201 &amp; B202) Die Wohnungen verf&uuml;gen alle &uuml;ber einen ger&auml;umigen und gem&uuml;tlichen Wohnraum und offene Einbauk&uuml;che. Badezimmer mit Dusche oder Badewanne, WC, Lavabo, Waschmaschine. Grosser Balkon mit Liegest&uuml;hlen und Tisch mit St&uuml;hlen.</p>;9.482333064079286;46.970758714037245;Quadernstrasse 1A/1B;7317;Valens;+41 81 911 30 34;info@i-s-p.ch;https://www.appartementhaus-quadern.ch/;[{'@type': 'ImageObject', 'contentUrl': 'https://hltpimtsoch.sos-ch-dk-2.exoscale-cdn.com/catalog/7/a/8/b/7a8b890d5b4a0503d34db1d95fa7d03c8219fc8a_Aussen_06_Panorama__2.jpg'}];2026-05-13T07:42:55+02:00
e8bb12a6-ccf9-4e6c-8f94-65fe1fa0fb8e;adfontes Ferien- & Wellnessappartements ;Die adfontes Ferien- & Wellnessappartements in Bad Ragaz bieten eine ruhige Lage mit Garten für naturnahe Entspannung. Ideal für Ferien, Kuraufenthalte oder Wochenenden mit Wellnessmöglichkeiten.;Ein Resort wird zum Zuhause für Geniesser. Unsere DreamLocations sind liebevoll eingerichtet und bieten unseren Gästen für Ferien, für einen Kuraufenthalt nach Operationen oder einfach einen Wochenendaufenthalt mit allen Möglichkeiten für Wellness und Anwendungen ein Zuhause in bezaubernder Atmosphäre. Die herrlich ruhige Lage und ein Garten zum Träumen für naturnahe Entspannung.

In unserem Orangerie Relaxingroom, umgeben von schützenden Bäumen gelingt es Ihnen den Alltag hinter sich zu lassen und ein herrliches Freizeitfeeling zu entwickeln.;9.504106681372097;47.0062851;Kirchgasse 16;7310;Bad Ragaz;+41 81 302 40 10;info@adfontes-wellness.ch;http://www.adfontes-wellness.ch/;[{'@type': 'ImageObject', 'contentUrl': 'https://hltpimtsoch.sos-ch-dk-2.exoscale-cdn.com/catalog/8/c/e/2/8ce2331722302caf506f67492a2313850b262656_Bild2.jpg'}];2026-08-31T23:12:09+02:00
e8fb9d91-185f-494d-9070-c4ac2e9d1c70;Mehrzweckgebäude Bovel;Das Mehrzweckgebäude Bovel in Pfäfers bietet Platz für Gruppen bis zu 40 Personen. Es liegt am Dorfrand und verfügt über Küche, Aufenthaltsraum, Duschen und WC. Preis auf Anfrage.;Die Gruppenunterkunft Bovel in Pfäfers ist geeignet für Lager oder gruppen von 6 bis zu 40 Personen. Geeignet auch für Vereine, Familien und Guppen.Sie liegt unmittelbar am Dorfrand von Pfäfers und verfügt über Küche, Aufenthaltsraum, Duschen und WC. Verschiedene stockwerke mit Schlafräumen 4x 4er Zimmer und 2x 12ers Zimmer Preis auf Anfrage.;9.497092093410085;46.98761748368809;Hintergasse;7312;Pfäfers;+41 81 300 42 42;info@pfaefers.ch;http://www.pfaefers.ch;[{'@type': 'ImageObject', 'contentUrl': 'https://hltpimtsoch.sos-ch-dk-2.exoscale-cdn.com/catalog/8/5/7/c/857cc53d9c833d37054b5a37510919c03eea9527_Mehrzweckgeb__ude_Bovel_1.jpg'}];2026-01-20T08:50:36+01:00
e983fa05-c7a7-4ccd-91e7-9037bcfabe24;Gruppenunterkunft Berghaus Pfadiheim Sunnebode Tannenheim Flumserberg;Das Pfadiheim Sunnebode liegt im Erholungsgebiet der Flumserberge auf 1200 m ü.M. Es bietet eine ruhige, verkehrsfreie Umgebung mit Blick auf das Seeztal und die Churfirsten. Ideal für Gruppen bis 35 Personen.;Das Pfadiheim Sunnebode liegt im schönen Erholungsgebiet der Flumserberge 1200 Meter über Meer. Es ist ruhig und in verkehrsfreier Umgebung gelegen, mit wunderschöner Aussicht ins Seeztal und die benachbarten Churfirsten. Das Haus wurde 1995 renoviert und umgebaut.

Ideal für Weekends und Lager. Maximum 35 Personen.;9.296868060775422;47.0941181;Tschudiwiesenstrasse 33;8897;Flumserberg Tannenheim;+41 44 760 33 60;pfadiheime@gloggi.onmicrosoft.com;https://www.heimverein-gloggi.ch/sunnebode/;[{'@type': 'ImageObject', 'contentUrl': 'https://hltpimtsoch.sos-ch-dk-2.exoscale-cdn.com/catalog/a/e/1/3/ae13abe13ce18ce1d4b3f1b98c308e7470ad916c_20231203_111256.jpg'}];2026-07-22T04:18:45+02:00
eb2f2db0-26ee-4a03-879b-378208c5b93f;Chalet Windegg (CharmingStay);Das Chalet Windegg (CharmingStay) liegt zentral in Flumserberg Tannenheim. In unmittelbarer Nähe befinden sich Skipisten, Wander- und Bikegebiete sowie ein Hallenbad. Die moderne Wohnung bietet Komfort für Paare, Familien und Singles.;Die schöne Wohnung befindet sich im Zentrum vom Tannenheim, Flumserberg. In unmittelbarer Nähe befindet sich die Ski- und Schlittelpiste sowie im Sommer ein wunderschöne Wander- und Bikegebiet. Ebenfalls ist das Hallenbad direkt neben der Wohnung. ;9.29743552673245;47.0909726;Tobelbachstr. 7;8897;Flumserberg Tannenheim;+41 79 504 90 45;contact@charmingstay.ch;https://www.charmingstay.ch;[{'@type': 'ImageObject', 'contentUrl': 'https://hltpimtsoch.sos-ch-dk-2.exoscale-cdn.com/catalog/4/8/6/d/486db1ac288bc056bac65de0978ebc60e45139dc_TDS00020012938652587_sized_800_0.jpg'}];2026-01-19T12:01:40+01:00
ec2ef367-c896-4274-85c0-da8ba5436b2c;Mehrzweckgebäude Allmend;Das Mehrzweckgebäude Allmend in Bad Ragaz bietet Platz für Ferienlager und Veranstaltungen. Es verfügt über einen Saal mit Bühne und Bestuhlung für bis zu 350 Personen. Ideal für Gruppenunterkünfte und Vereinsanlässe.;Zentral gelegene Unterkunft für Ferienlager und Militär bis 140 Personen. Saal mit Bühne, Festbestuhlung 250 Personen, Konzertbestuhlung 330 Personen. Gut geeignet für Vereinsanlässe. Preis auf Anfrage.;9.503838694536727;47.00347755;Fläscherstrasse 10;7310;Bad Ragaz;+41 81 303 49 61;ivana.gasic@badragaz.ch;[{'@type': 'ImageObject', 'contentUrl': 'https://hltpimtsoch.sos-ch-dk-2.exoscale-cdn.com/catalog/8/a/7/b/8a7bb1acaa9f5ee8a197c633777f941de46feb5f_Mehrzweckgeb__ude_Allmend_3.jpg'}];2026-05-21T02:32:14+02:00
eca22aae-f891-40b3-bc58-78c7868285ee;Chrüterhütte;Die Chrüterhütte auf 1400 m bietet eine einfache Unterkunft mitten auf der Skipiste im Winter und auf der Alpweide im Sommer. Sie ist renoviert und zu einem günstigen Preis mietbar.;Unsere Clubhütte liegt auf 1400 m und diente früher als Maiensäss. Sie befindet sich mitten in einer Skipiste oder im Sommer auf einer Alpweide. Sie kann heute zu einem sehr günstigen Preis gemietet werden. Die Clubhütte wurde im Sommer 2010 renoviert und präsentiert sich wieder in einem heimeligen und hervorragenden Zustand. Die Hütte ist mit dem Auto oder mit den öffentlichen Verkehrsmitteln, das heisst mit dem Postauto ab Flums oder mit der Luftseilbahn ab Unterterzen, erreichbar. Die letzten 200 m zur Chrüterhütte werden dann zu Fuss zurückgelegt.

Das Clubhaus ist einfach eingerichtet, wurde im Sommer 2010 renoviert und präsentiert sich wieder in einem heimeligen und fantastischen Zustand.;9.283576011657717;47.091046284227026;Tannenboden;8898;Flumserberg Tannenbodenalp;+41 79 210 68 81;chrueterhuette@skiclub-flumserberg.ch;https://skiclub-flumserberg.ch/chrueterhuette/;[{'@type': 'ImageObject', 'contentUrl': 'https://hltpimtsoch.sos-ch-dk-2.exoscale-cdn.com/catalog/c/0/e/7/c0e76da61b2e556bb7c25e37e0174beb40f7dcbc_Chr__tterh__tte_1.jpg'}];2026-05-15T08:43:38+02:00
ecac38be-681f-436e-a613-bebbeafe92d1;Skihaus Sunneschy;Das Skihaus Sunneschy in Flumserberg Tannenheim bietet Platz für 10 bis 20 Personen. Es verfügt über vier Mehrbettzimmer, eine Küche, einen Ess- und Aufenthaltsraum sowie eine grosse Spielwiese. Ideal für Familien und Gruppen.;Unser «Skihaus Sunneschy» liegt im Tannenheim rechts an der Strasse von Flums nach Flumserberg gegenüber dem Feuerwehrdepot Mätzwiese. 5 Minuten zu Fuss bis ins Tannenheim: Bergbahn Prodalp-Express, Aparthotel Edy Bruggmann, sonderBar, Postautohaltestelle, Sportshop. Ideal ab 10 bis 20 Personen. Es bietet 4 Mehrbettzimmer mit insgesamt 25 Liegeplätzen. Für grössere Gruppen kann das Massenlager mit total 22 Plätzen und zwei Doppelzimmer (für das Leiter-/Küchenteam) dazu gemietet werden. Ausstattungen - Küche - schöner Ess- und Aufenthaltsraum - Büro / kleiner Wohnraum - 4 Zimmer (5er, 6er, 2 x 7er) - 2 Waschräume - 2 Duschen, 2 WC’s, 1 Pissoir - Garderobenraum - Skiraum - Keller mit Waschmaschine und kleinem Tumbler - grosse Spielwiese. - Massenlager und 2 Doppelzimmer – optional bei grossen Gruppen;9.304622161604218;47.0913418;Flumserbergstrasse 120;8897;Flumserberg Tannenheim;+41 78 719 78 78;sunneschy@hotelbruggmann.ch;http://www.hotelbruggmann.ch/index.php/sunneschy;[{'@type': 'ImageObject', 'contentUrl': 'https://hltpimtsoch.sos-ch-dk-2.exoscale-cdn.com/catalog/3/4/e/e/34ee8642c6af2b954733eba691acca6916d3bfcc_Hauptbild.png'}];2026-07-21T14:44:20+02:00
ed8bdc8f-ad53-4f7e-ac67-67a7181c09ea;Gruppenunterkunft Berghaus Pfadiheim Parmort Mädris – Vermol bei Mels;Die Gruppenunterkunft Berghaus Pfadiheim Parmort liegt auf der Alp Hochschwendi bei Mels auf 1300 m ü.M. Sie bietet ideale Bedingungen für Lager und Wochenenden, mit Möglichkeiten zum Wandern und Skifahren.;Die Gruppenunterkunft im Berghaus Pfadiheim Parmort liegt auf der Alp Hochschwendi ob  Mädris – Vermol bei Mels Kanton St. Gallen auf 1300 Meter über Meer. Nähe vom Naturschutzgebietes «Chapfensee» in der freien Natur.

Das Haus eignet sich sehr gut für Lager und Weekends aller Art. Im Sommer lädt die vielfältige Umgebung zu Wanderungen, Naturbeobachtungen und zum Baden ein. Im Winter zu Schneeschuhwandern, Ski- und Snowboardtouren, abseits von Bahnen und Liften.;9.36146240008042;47.04816735;Alp Hochschwendi;8886;Mädris – Vermol bei Mels;+41 44 760 33 60;pfadiheime@gloggi.onmicrosoft.com;https://www.heimverein-gloggi.ch/parmort/;[{'@type': 'ImageObject', 'contentUrl': 'https://hltpimtsoch.sos-ch-dk-2.exoscale-cdn.com/catalog/e/b/b/a/ebba4ebc4ed622c42bc97389dfc523b2fd89bb76_parmort_anreise_winter.jpeg'}];2026-07-21T14:45:03+02:00
ee762de0-c014-4836-820f-6213b604b2db;Ferienhaus Margess;Das Ferienhaus Margess auf dem Flumserberg bietet eine ruhige Gruppenunterkunft mit 16 Zimmern und einem Massenlager für 20 Personen. Es ist ideal für Lager von 30 bis 60 Personen und bietet eine prächtige Aussicht.;Chalet mit prächtiger Aussicht, alleinstehend. 

Zufahrt möglich mit Postauto, Car, PW. Ein grosser Parkplatz steht beim Haus zur Verfügung.

16 Zimmer und im 3. Stock 20 Plätze im Massenlager. Kalt- und Warmwasser im Zimmer, Etagendusche, Zentralheizung, Elektrogasküche. Speisesaal, Spielwiese und Grill befinden sich in der Unterkunft. 

Geeignet für Lager von 30 bis 60 Personen. Selbstkocher. Preise auf Anfrage.;9.330278635025026;47.08133048632599;Margess;8895;Flumserberg Portels;+41 81 733 27 51;eberleglb@bluewin.ch;http://www.margess.ch;[{'@type': 'ImageObject', 'contentUrl': 'https://hltpimtsoch.sos-ch-dk-2.exoscale-cdn.com/catalog/0/5/f/c/05fc17a039516379ffe9a2f1e70a4bd926b1cced_Ferienhaus_Margess_1.jpg'}];2026-05-15T08:43:31+02:00
f060062c-cd40-4cfa-9c1d-840c83ec5398;Marina Walensee / Marina Hotel;Das Marina Walensee liegt direkt am Ufer des Walensees und bietet geräumige Apartments, Familienunterkünfte und Doppelzimmer. Es befindet sich an der Talstation zum Flumserberg und bietet zahlreiche Freizeitmöglichkeiten für die ganze Familie.;Direkt am Ufer des Walensees und am Fusse des Flumserbergs erwartet Sie das Marina Hotel der Marina Walensee in Unterterzen – der perfekte Ort für entspannte Auszeiten und aktive Ferientage zugleich.

Die zahlreichen Doppelzimmer und grosszügigen Familienzimmer bieten höchsten Komfort in einmaliger Lage. Ob romantischer Kurzurlaub zu zweit oder unvergessliche Ferien mit der ganzen Familie: Hier beginnen Erholung und Naturerlebnis direkt vor der Zimmertür.

Nach einer erholsamen Nacht starten Sie mit einem reichhaltigen Frühstück genussvoll in den Tag – bereits im Übernachtungspreis inbegriffen. Im selben Haus verwöhnt Sie das Marina Restaurant mit saisonalen Spezialitäten und herrlichem Blick auf See und Bergkulisse.

Dank der direkten Lage am Walensee und der unmittelbaren Nähe zur Talstation Flumserberg sind Wanderungen, Badeerlebnisse, Bike-Touren oder Wintersport nur wenige Schritte entfernt.;9.2561018;47.1158656;Gostenstrasse 20;8882;Unterterzen;+41 81 720 31 00;reservation@marina-walensee.ch;http://www.marina-walensee.ch;[{'@type': 'ImageObject', 'contentUrl': 'https://hltpimtsoch.sos-ch-dk-2.exoscale-cdn.com/catalog/e/9/5/e/e95e5c00f6c89e8a82afe3918c0613b4262e0a46_Marina_Walensee_Titelbild.jpg'}];2026-08-26T04:43:06+02:00
f344071a-a284-4661-b92f-08e14dbaa57d;Stellplatz Feuerwehrdepot Pfäfers;Der Stellplatz beim Feuerwehrdepot Pfäfers bietet eine ruhige Lage am Dorfrand, ideal für Naturfreunde. In der Nähe befinden sich die Taminabrücke und Wanderwege zur Taminaschlucht und zum Alten Bad Pfäfers.;<p>Der Stellplatz befindet sich auf dem Kiesparkplatz zwischen dem Feuerwehrdepot Bovel und dem Altersheim Montaluna in Pf&auml;fers. Der Platz liegt ruhig am Dorfrand und ist ideal gelegen f&uuml;r Naturfreunde und Wanderbegeisterte.<br>Nur wenige Gehminuten entfernt befindet sich die eindrucksvolle Taminabr&uuml;cke, die gr&ouml;sste Bogenbr&uuml;cke der Schweiz. Direkt ab dem Stellplatz f&uuml;hren Wanderwege in die eindr&uuml;ckliche Taminaschlucht und zum geschichtstr&auml;chtigen Alten Bad Pf&auml;fers. Eine Reservation oder Buchung ist nicht m&ouml;glich.&nbsp;Wir bitten um Verst&auml;ndnis.</p>;9.496382474899294;46.98784259493995;Bofelstrasse 2;7312;Pfäfers;+41 79 297 96 90;meyerstephan@bluewin.ch;https://www.verkehrsverein-pfaefers.ch;[{'@type': 'ImageObject', 'contentUrl': 'https://hltpimtsoch.sos-ch-dk-2.exoscale-cdn.com/catalog/8/b/3/6/8b361cb3de2953ed26988c212d08b10cdaad2f07_IMG_5791.jpeg'}];2026-06-30T09:47:07+02:00
f390c89b-0574-471e-95ef-ca82d4fc1f56;Chalet Bergruh;Das Chalet Bergruh in Flumserberg Tannenheim bietet Platz für Gruppen bis zu 42 Personen. Es ist ein renoviertes Holzhaus mit moderner Küche und Nassräumen, direkt an der Piste gelegen. Ganzjährig buchbar.;Gemütliches Holzhaus, renoviert, für Gruppen bis 42 Personen. Selbstversorger, Massenlager, moderne Küche und Nassräume. Liegt direkt an der Piste. 4 Parkplätze vor dem Haus. Ganzjährig buchbar.;9.302110716849313;47.087731000000005;Cafridastrasse 13;8897;Flumserberg Tannenheim;+41 44 858 13 42;sallyalbrecht@bluemail.ch;[{'@type': 'ImageObject', 'contentUrl': 'https://hltpimtsoch.sos-ch-dk-2.exoscale-cdn.com/catalog/9/4/c/e/94cec6b4892af727613c59378757281dfcc96ffc_2018_07_19.jpg'}];2026-07-23T04:51:52+02:00
f655d8a0-a37d-4b76-99f5-cb1c3043e0ec;Ferienhaus Schnäls;Das Ferienhaus Schnäls liegt unterhalb des Ferienortes Flumserberg im St. Galleroberland. Es bietet eine ruhige Lage mit Blick auf die Churfirstenkette, einen gemütlichen Ess- und Aufenthaltsraum mit Kamin, sowie einen Spielplatz und Grillstelle vor dem Haus.;Das Haus liegt unterhalb des Ferienortes Flumserberg in St. Galleroberland an einer ruhigen privaten Strasse mit Blick auf die Churfirstenkette. 

Heimeliger Ess- und Aufenthaltsraum mit Kamin. Küche mit Gastroherd, grossem Kühlschrank und Tiefkühltruhe. Die Betten sind bei Ihrer Ankunft immer frisch bezogen. Der holzgetäfelte Spielraum mit Tischtennis und Fussballkasten kann auch als Discoraum benützt werden. 

Vor dem Haus hat es eine Grillstelle, Spielplatz mit Sandkasten und ein geteerter Ballspielplatz sowie Parkplätze für Autos. 

Gratiseintritt in das Hallenbad Flumserberg, 4 km entfernt. 

Gratis Gepäckabholdienst.;9.322575330734255;47.08549492830861;Schnälsstrasse 3;8896;Flumserberg;+41 79 229 19 51;roland.beeler@bluewin.ch;http://www.ferienhaus-schnaels.ch;[{'@type': 'ImageObject', 'contentUrl': 'https://hltpimtsoch.sos-ch-dk-2.exoscale-cdn.com/catalog/d/a/5/9/da594c9e8e4903aaa58cb20a30ce92031cc400eb_Ferienhaus_Schn__ls__15_.jpg'}];2026-05-15T08:45:19+02:00
f6e6f630-c631-4f50-962d-6ae0de212096;Ferienhaus Dreitann;Das Ferienhaus Dreitann liegt auf 1633 m ü.M. und ist mit der Pizolbahn Bad Ragaz erreichbar. Es befindet sich 500 Meter neben der Bergstation Pardiel, direkt an der Skipiste und am Kinderlift. Die Unterkunft bietet Selbstversorgung oder Verpflegung in nahegelegenen Restaurants.;Erreichbar mit der Pizolbahn Bad Ragaz auf 1633 m.ü.M. Das Haus liegt 500 Meter neben der Bergstation Pardiel, direkt an der Skipiste und am Kinderlift. Selbstversorger oder Verpflegung in den nahegelegenen Restaurants. Die Schlafstellen sind auf 5 verschiedene Räume aufgeteilt. Grosser Aufenthaltsraum, Waschräume, 2 WC's und 2 Duschen vorhanden.;9.467189311981201;46.9887425812676;Pardiel;7310;Bad Ragaz;+41 78 923 27 85;dreitann@outlook.com;[{'@type': 'ImageObject', 'contentUrl': 'https://hltpimtsoch.sos-ch-dk-2.exoscale-cdn.com/catalog/6/3/9/d/639da2b5e0fc6ffe321dd07207e24e19e8905dd6_Haus.jpg'}];2026-08-04T03:26:18+02:00
f736364a-e903-4dbd-9720-1a1df6156776;Alpenlodge Prod;Die Alpenlodge Prod am Flumserberg bietet moderne Gruppenunterkunft mit 48 Betten und Selbstversorgungsküche. Ideal für Schullager oder Wochenenden für Firmen und Vereine, mit herrlicher Aussicht und ruhiger Lage.;Mitten im Sommer- und Wintersportgebiet Flumserberg – auf dem Hochplateau Prodalp (1576 m) – finden Sie die Alpenlodge Prod. Die moderne Gruppenunterkunft mit 48 Betten und einer grossen Selbstversorgungsküche bietet zusätzlich Ruhe, Idylle und eine herrliche Aussicht.

Ob für ein Schullager oder für ein Wochenende für Firmen oder Vereine – die Alpenlodge Prod bietet eine Übernachtungsmöglichkeit in einmaliger Atmosphäre. Die Gruppenunterkunft hat 48 Betten (2 x 10er; 4 x 6er und 2 x 2er-Zimmer). Die Küche ist mit Induktionsherd, Steamer, Backofen, einem Tiefkühlschrank, zwei Kühlschränken und einer Abwaschmaschine ausgestattet. Der gemütliche Ess- und Aufenthaltsraum hat ein Cheminée. Der Ski- und Trockenraum eignet sich im Winter ideal zur Aufbewahrung von Skischuhen.

Die Alpenlodge Prod ist eine Gruppenunterkunft für Selbstkocher. Bei einer Buchung mit Frühstück wird Ihnen dieses direkt ins Haus geliefert. Es besteht zudem die Möglichkeit ein Käse-Fondue auf Vorbestellung in die Alpenlodge Prod liefern zu lassen oder im ca. 300 m entfernten Bergrestaurant Prodalp das Mittag- und Abendessen einzunehmen (Reservation erforderlich).

Erreichbar ist die Alpenlodge Prod mit der 12er-Gondelbahn Prodalp-Express ab Tannenheim. Ab der Bergstation Prodalp gelangen Sie zu Fuss in wenigen Minuten zur Alpenlodge Prod. Mit den Skiern oder dem Snowboard ist die Alpenlodge Prod ebenfalls erreichbar. Die Gruppenunterkunft wird ab 30 Personen vermietet.;9.287202358245851;47.076241500083825;Prodalp;8898;Flumserberg;+41 81 720 15 15;info@flumserbergbahnen.ch;http://www.alpenlodge-prod.ch;[{'@type': 'ImageObject', 'contentUrl': 'https://hltpimtsoch.sos-ch-dk-2.exoscale-cdn.com/catalog/f/9/f/6/f9f697e5383fe2f636acf091f2d71880279999c0_Alpenlodge_Prod_Flumserberg.jpg'}];2026-05-22T21:07:53+02:00
f88c036b-b346-4c45-90e9-aac8e699d402;J-H Schwendiwiese;Die Gruppenunterkunft J-H Schwendiwiese bietet Platz für bis zu 50 Personen und liegt auf etwa 1300 m ü.M. in Flumserberg Tannenheim. Sie ist ideal für Schul- und Familiengruppen sowie Vereinsausflüge geeignet.;Die Gruppenunterkunft J-H Schwendiwiese mit herrlicher Aussicht auf die Churfirsten liegt auf etwa 1300 m.ü.M, in Flumserberg Tannenheim in der Ostschweiz. Das Haus ist auch im Winter mit Auto und Reisebus gut erreichbar. Gratis Parkplätze. Die Bushaltestelle ist etwa 300 m vom Haus entfernt. 

Die Talstation des Prodalp-Express ist nur etwa 250 m vom Lagerhaus entfernt, sodass auch Abfahrten bis vor die Haustüre möglich sind.

Der Walensee ist mit der modernen 8er-Gondelbahn in nur 12 Minuten von Tannenboden nach Unterterzen auch gut ohne Auto erreichbar. 

Mit seinen 50 Schlafplätzen eignet sich dieses gemütliche Lagerhaus hervorragend für Schul- und Familiengruppen sowie für Vereinsausflüge.

Unser Haus verfügt über eine gut eingerichtete Küche mit Glaskeramikherd, Steamer, Geschirrspüler, einem grossen Kühlschrank sowie einer Gefriertruhe, einem Fernseher mit DVD- sowie VHS-Gerät, Beamer und Internetanschluss. Im Sommer stehen Ihnen ein gedeckter Sitzplatz mit Tischen und Bänken, ein Tischtennistisch sowie eine Spielwiese mit Rutschbahn, Schaukel, Trampolin sowie einem Grill zu Verfügung. 

Das Hallenbad ist nur etwa 10 Gehminuten von unserem Haus entfernt (30 Gratiseintritt pro Tag). 

Ausstattung
1 Essraum
2 Aufenthaltsräume
Total 9 Zimmer:
4 Zweibettzimmer 
1 Vierbettzimmer 
2 Zimmer à 8 Etagenbetten
1 Zimmer à 10 Etagenbetten
12 Plätze im Massenlager 

Gerne senden wir Ihnen unsere Preisliste, beraten Sie am Telefon oder laden Sie zu einer unverbindlichen Hausbesichtigung ein. 

Im Winter wird nur das ganze Haus pauschal vermietet, mit max. 50 Schlafplätzen. Im Sommer nehmen wir auch kleinere Gruppen. 

30 Hallenbadkarten sind im Preis inbegriffen. 
Sie können jeden Tag 1x benutzt werden, ausser Montag (geschlossen).

Das Haus wird nur an eine Gruppe gleichzeitig vermietet.;9.305354580430862;47.08759595;Schwendiwiesenstrasse 3;8897;Flumserberg Tannenheim;+41 81 733 10 47;info@jugend-haus.ch;http://www.jugend-haus.ch;[{'@type': 'ImageObject', 'contentUrl': 'https://hltpimtsoch.sos-ch-dk-2.exoscale-cdn.com/catalog/b/5/0/2/b5029e6b911c24e41255f5bae620d95b454df0fd_Haus.jpg'}];2026-05-15T08:43:38+02:00
f92a7b61-32a9-4307-b84e-955b4ac3a9b8;Mehrzweckhalle Lust, Zivilschutz- und Sportanlagen;Die Mehrzweckhalle Lust in Maienfeld bietet moderne Sport- und Veranstaltungsräume. Sie verfügt über eine 3-fach Turnhalle, eine Zuschauergalerie für 300 Personen und eine Bühne. Ideal für Sport- und Kulturveranstaltungen.;Die zentral gelegene Sport- und Mehrzweckhalle Lust in Maienfeld wurde 2003 dem Schulsport- und Anlassbetrieb übergeben. Die modernen Räumlichkeiten eignen sich hervorragend für Sportanlässe, aber auch für kulturelle Veranstaltungen mit Bühnennutzung. 

Infrastruktur Mehrzweckhalle: 
- 3-fach Turnhalle, unterteilbar
- Zuschauergalerie im OG für 300 Personen
- Duschen / Garderoben
- Bühne
- Küche mit Geschirr für 500 Personen
- Foyerbereich
- Gymnastikraum mit Spiegelwand
- Seminarraum mit Beamer
- Sitzungszimmer
- Aussensportanlage
- geteerter Park- oder Festplatz
- Bankett-Mobiliar für 600 Personen
- 16 mobile Zuschauertribünen à 16 Sitzplätze
- LAN / W-LAN auf Wunsch
- Nichtraucherzone vor dem Haupteingang

Preis für die Mehrzweckhalle auf Anfrage!

Massenlager für 100 Personen in der Zivilschutzanlage Maienfeld.
Keine Übernachtungsmöglichkeit in der MZH Lust.;9.52723180317119;47.005403650000005;Giessenweg;7304;Maienfeld;+41 81 300 45 63;raoul.duenser@maienfeld.ch;https://www.maienfeld.ch/dienstleistungen/13821;[{'@type': 'ImageObject', 'contentUrl': 'https://hltpimtsoch.sos-ch-dk-2.exoscale-cdn.com/catalog/8/b/8/e/8b8e4851945fee819e5bac79f476699f4a1f39c4_2018_0526_08430500_01.jpeg'}];2026-05-21T02:32:30+02:00
fa9651fe-6094-40e0-9f21-32ca3c461e68;Schul- und Ferienheim Geisswiese;Das Schul- und Ferienheim Geisswiese in Flumserberg Saxli bietet Gruppenunterkünfte mit modernen sanitären Anlagen, Spielwiese, Grillplatz und Internet. Es gibt maximal vier Betten pro Zimmer und eine Schulküche.;Gruppenunterkunft mit fliessend warmem und kaltem Wasser im Zimmer. Maximal 4 Betten pro Zimmer. Moderne sanitäre Anlagen, 3 Lehrerzimmer mit Duschen, Spielwiese, Grillplatz, Internet, Schulküche, separater Aufenthaltsraum.;9.3570512;47.0669299;Geisswiesenstrasse 13;8894;Flumserberg Saxli;+41 81 723 80 95;manuela.grun@gmail.com;http://www.geisswiese.ch/;[{'@type': 'ImageObject', 'contentUrl': 'https://hltpimtsoch.sos-ch-dk-2.exoscale-cdn.com/catalog/2/6/b/a/26bafbf1ccc694ab02e8fd3769979653c72ebe05_ansicht.jpg'}];2026-05-15T08:45:20+02:00
fd7b0875-babf-4b91-a2fd-1f0e7ddc285d;Ferienhaus Prodkopf;Das Ferienhaus Prodkopf auf 1600 m ü.M. bietet 18 Zimmer mit insgesamt 60 Schlafplätzen. Es liegt im Wander- und Skigebiet Pizol und ist ideal für Selbstkocher-Gruppen oder mit Verpflegung buchbar.;Das Ferienlagerhaus liegt auf 1600 m.ü.M., mitten im Wander- und Skigebiet und kann mit der Bergbahn Bad Ragaz - Pizol schnell und bequem erreicht werden. Im Sommer ist die Zufahrt auch mit dem Auto möglich. Wir vermieten das Haus an Selbstkocher-Gruppen oder auf Anfrage mit Halb- oder Vollpension.

Der Prodkopf ist eingerichtet mit 18 Zimmer und total 60 Schlafplätzen (9x2er, 5x 4er, 2x 5er, 2x 6er). Die Zimmer sind mit Warm- und Kaltwasser ausgestattet. Auf den Etagen hat es Duschen und Toiletten. Nebst einem grossen Esssaal bietet das Haus auch einen Aufenthaltsraum für Spiel und Spass an. Das Haus wird nur an eine Gruppe zur Alleinbenutzung vermietet.;9.4637262;46.9898029;Pardiel;7310;Bad Ragaz;+41 71 440 13 05;info@prodkopf.ch;http://www.prodkopf.ch;[{'@type': 'ImageObject', 'contentUrl': 'https://hltpimtsoch.sos-ch-dk-2.exoscale-cdn.com/catalog/f/4/0/4/f40424b2fdcfa3e52084dbcf6d91e76a27b017b6_prodkopf_gut_9522.jpg'}];2026-07-26T16:31:37+02:00
