{"type": "FeatureCollection", "features": [{"type": "Feature", "properties": {"identifier": "0189d86c-8472-4c3f-a273-f6901c88ee53", "name": "See Camping B\u00fcrer", "description": "Ferienplatz f\u00fcr Zelte, Wohnwagen und Wohnmobile. Direkt am Ostufer des sauberen Walensees, ca. 1 km vom Garnisonsst\u00e4dtchen Walenstadt entfernt. Ausgangspunkt f\u00fcr sch\u00f6ne Ausfl\u00fcge mit Auto, Velo oder zu Fuss. \n\nTotal ca. 20&#039;000 m2, 200 m flacher Badestrand, gepflegter ebener Rasen, mehrere B\u00e4ume, Spielplatz und Liegewiese, mehrere Feuer- und Grillstellen, Rezeption, Kiosk, Aufenthalts- und Trockenraum. Gen\u00fcgend Toiletten und Duschen, Waschmaschine und Trockner, Kochgelegenheit, Camperstation. \n\nCa. 100 Residenz-, 70 Passanten- und 6 Saisonstellpl\u00e4tze.", "url": "http://www.see-camping.ch", "image": "https://hltpimtsoch.sos-ch-dk-2.exoscale-cdn.com/catalog/5/e/1/5/5e1536a6523b096c555e5480511b551a03260875_tkv_seecamping_web_002__51_1054.jpg", "openstreetmap_id": "relation/7292613"}, "geometry": {"type": "Point", "coordinates": ["9.300436530699649", "47.1180223"]}}, {"type": "Feature", "properties": {"identifier": "01901eb6-f087-46e9-a14b-1350f987a251", "name": "Murg Camping", "description": "Der Camping am Walensee ist von G\u00e4rten ums\u00e4umt und bietet eine tolle Sicht auf die imposanten Churfirsten. Im Dorf gibt es komplette Versorgung vom Supermarkt bis zur Bank und von der Forstwirtschaft bis zu einer vielf\u00e4ltigen Gastronomie, Hotels und Ferienwohnungen.\n\nWassersport bietet der Walensee in allen Sparten vom Badevergn\u00fcgen \u00fcber Segelkurse, Surfkurse bis zur Schifffahrt. Die Windsurfingschule vermietet Surfbretter und Kajaks. Die Segelschule vermietet Segelboote, Jollen und Kielboote. Die pr\u00e4chtige Aussicht auf die Churfirstenkette mitten im Heidiland runden das Angebot ab.\n\nDer Campingplatz verf\u00fcgt \u00fcber 20 Wohnwagenpl\u00e4tze direkt am Seeufer.", "url": "https://www.murg-camping.ch", "image": "https://hltpimtsoch.sos-ch-dk-2.exoscale-cdn.com/catalog/a/2/c/6/a2c63420edf17cbeb9e94864cd58c34797d02792_Camping_Murg.JPG", "openstreetmap_id": "way/193412043"}, "geometry": {"type": "Point", "coordinates": ["9.214526558266668", "47.115038600000005"]}}, {"type": "Feature", "properties": {"identifier": "02c8b54b-1226-456a-9e26-10905147d18c", "name": "Panorama View (CharmingStay)", "description": "Die moderne 3.5-Maisonette-Wohnung befindet sich im Zentrum von Flumserberg Tannenboden. In nur wenigen Gehminuten entfernt befinden sich der Dorfladen, Restaurants sowie die Bergbahn Tannenboden. Die Wohnung verf\u00fcgt \u00fcber eine grosse Terrasse mit einer fantastischen Aussicht auf die Churfirsten. Es stehen zwei Garagenparkpl\u00e4tze sowie Besucherparkpl\u00e4tze zur Verf\u00fcgung.  ", "url": "https://www.charmingstay.ch", "image": "https://hltpimtsoch.sos-ch-dk-2.exoscale-cdn.com/catalog/0/c/0/c/0c0c1433aed5630b146eeb1ac00ab4b9d29f240f_Panorama_View__8_.JPG", "openstreetmap_id": "way/294246318"}, "geometry": {"type": "Point", "coordinates": ["9.28523182510765", "47.093405000000004"]}}, {"type": "Feature", "properties": {"identifier": "06281908-85f4-4dba-83f3-3a474cb1282d", "name": "Hof Just - Schlafen im Stroh", "description": "Unser Bauernhof liegt oberhalb Maienfeld ganz in der N\u00e4he des Heidimuseums (8 Gehminuten). Wir sind ein Familienbetrieb. Bei uns sind Velo-, Auto-, Motorradfahrer und auch Fussg\u00e4nger jederzeit herzlich willkommen. Haben Sie schon einmal auf einem Bauernhof im Stroh oder auf Matratzen \u00fcbernachtet...?", "url": "https://www.hofjust.ch", "image": "https://hltpimtsoch.sos-ch-dk-2.exoscale-cdn.com/catalog/2/e/3/f/2e3ff8dee9ae3ebb5f2d7f34c35b05258fa4d4ed_Hof_Just_5.jpg", "openstreetmap_id": "way/61429126"}, "geometry": {"type": "Point", "coordinates": ["9.5377692", "47.0130648"]}}, {"type": "Feature", "properties": {"identifier": "06808cd3-ce4a-4132-91b1-a68925709892", "name": "Bauernhaus Cafrida", "description": "Unsere Wohnung befindet sich in einem ehemaligen Bauernhaus, welches vollst\u00e4ndig renoviert wurde. Die Wohnung liegt direkt an der Bikestrecke und an der Skipiste. Sowohl mit dem Bike als auch mit den Skiern kann man vor der Haust\u00fcre ins Abenteuer starten! Die Gondel ist zu Fuss in 10 Min. erreichbar. Das neu renovierte Hallenbad mit Sauna und Dampfbad liegt 5 Gehminuten von unserem Haus entfernt. Auch sind im Umkreis von 5 bis 20 Gehminuten einige Restaurants erreichbar.", "image": "https://hltpimtsoch.sos-ch-dk-2.exoscale-cdn.com/catalog/3/4/5/7/34570dd1b72248f16ab378941ea9ad307cbdc3eb_Doppelzimmer_mit_Kommode.jpg", "openstreetmap_id": "way/325408032"}, "geometry": {"type": "Point", "coordinates": ["9.300095280845616", "47.08866795"]}}, {"type": "Feature", "properties": {"identifier": "06fb92aa-392e-4235-86e6-98c4e0b7ce25", "name": "Bellahof", "description": "Die 4-Zimmerwohnung befindet sich an ruhiger Lage im Hausteil eines Bauernhauses mit Hof und vielen Tieren, ca. 1.3 km vom Weiler Bergheim entfernt. F\u00fcr die kleinen G\u00e4ste stehen verschiedene Spielm\u00f6glichkeiten zur Verf\u00fcgung. Zur Wohnung geh\u00f6rt ein kostenloser Parkplatz.\n\nDie Ferienwohnung im ersten Stock ist gem\u00fctlich und sehr rustikal eingerichtet. An den W\u00e4nden und Decken sind Holzbalken sichtbar. Zur Wohnung geh\u00f6rt eine Veranda.", "url": "http://www.bellahof.ch", "image": "https://hltpimtsoch.sos-ch-dk-2.exoscale-cdn.com/catalog/a/6/8/7/a687b11341697aee82ffe469268952dd1d98b319_Bellahof_Wohnbereich1.JPG", "openstreetmap_id": "way/309848907"}, "geometry": {"type": "Point", "coordinates": ["9.30273875000001", "47.103448400000005"]}}, {"type": "Feature", "properties": {"identifier": "073cba69-a2db-4c2a-8ce0-3517ebc2ea9b", "name": "Ferienwohnung Tobelbach (CharmingStay)", "description": "Die 3.5-Zimmerwohnung befindet sich im Ski- und Wandergebiet Flumserberg Tannenheim. Die Gondelbahn Prodalp-Express, Einkaufsm\u00f6glichkeiten und Restaurants sind nur in wenigen Gehminuten entfernt.", "url": "https://www.charmingstay.ch", "image": "https://hltpimtsoch.sos-ch-dk-2.exoscale-cdn.com/catalog/0/e/5/3/0e53dca43356d049f25528c05cf8ac29e377c187_Tobelbach__2_.jpg", "openstreetmap_id": "way/306018739"}, "geometry": {"type": "Point", "coordinates": ["9.298215508461", "47.09129090458793"]}}, {"type": "Feature", "properties": {"identifier": "0d5e490c-afb2-4559-9531-cb4fbd63d942", "name": "Ferienhaus BERGflow", "description": "Das Ferienhaus BERGflow befindet sich sehr zentral gelegen im Ski-, Bike- und Wanderparadies Flumserberg-Tannenheim. In nur 300 m zu Fuss erreichen Sie die Bergbahn Prodalp-Express Tannenheim. Das Hallenbad mit Sauna ist in 800 m erreichbar. Die Busstation Plattenwiese ist 200 m von der Unterkunft entfernt.\n\nDie Ferienwohnungen und das Clubhaus verf\u00fcgen \u00fcber separate Eing\u00e4nge und gratis Parkpl\u00e4tze. Sie k\u00f6nnen nach Bedarf einzeln oder auch zusammen gemietet werden. Auch eine Saison- oder Jahresmiete der Wohnungen ist m\u00f6glich.", "url": "https://bergflow.ch", "image": "https://hltpimtsoch.sos-ch-dk-2.exoscale-cdn.com/catalog/2/3/d/6/23d69bd9ec5bd8b2f012c48dc38ea7b791cffbf1_Bergflow_Haus_2__2.jpg", "openstreetmap_id": "way/321791795"}, "geometry": {"type": "Point", "coordinates": ["9.305118771278615", "47.0908321"]}}, {"type": "Feature", "properties": {"identifier": "10507f59-4a24-45ec-b0d1-1b364921b1e2", "name": "Hotel Kurhaus Sennis", "description": "<div><p>Das traditionsreiche <strong>Hotel Kurhaus Sennis</strong> auf der idyllischen Sennis-Alp (1400 m &uuml;. M.) ist ein einzigartiger R&uuml;ckzugsort inmitten der Alvierkette. Das Haus bietet einen stilvollen, hellen Speisesaal, ein gem&uuml;tliches J&auml;gerst&uuml;bli, eine vertr&auml;umte Veranda und eine grossz&uuml;gige Gartenwirtschaft. F&uuml;r &Uuml;bernachtungen stehen nostalgische G&auml;stezimmer, zweckm&auml;ssige Familienzimmer sowie weitere Kategorien mit und ohne Balkon zur Verf&uuml;gung &ndash; insgesamt 25 Zimmer mit rund 60 Betten.</p><p>Geniesse die <strong>traditionelle K&uuml;che</strong> mit sorgf&auml;ltig zubereiteten Spezialit&auml;ten &ndash; von der &Auml;lplerspeise bis zum exklusiven Men&uuml; f&uuml;r besondere Anl&auml;sse. F&uuml;r Halbpension bieten wir den klassischen Table d&rsquo;h&ocirc;te Service (Vier-Gang-Men&uuml;) an.</p><p>Die Sennis-Alp ist ein Ort f&uuml;r Ruhe, Erholung und neue Lebenskraft. Entdecke die blumigen Alpweiden des Naturschutzgebietes, den knorrigen Bergwald mit w&uuml;rzigem Harzduft und die Tierwelt im nahen Wildasyl. Der Blick reicht &uuml;ber das Heidiland, den Walensee und die imposante Alvierkette &ndash; die &bdquo;Dolomiten der Ostschweiz&ldquo;.</p><p><strong>Infrastruktur &amp; Extras:</strong></p><ul><li>Restaurant mit 80&ndash;100 Sitzpl&auml;tzen</li><li>Gartenwirtschaft</li><li>25 Zimmer (Nostalgie-, Einzel-, Doppel-, Familien- und Mehrbettzimmer)</li><li>Parkpl&auml;tze (gegen Geb&uuml;hr)</li><li>Transfer-Service ab Rotherdplangg auf Anfrage</li><li>Hunde willkommen (mit Ausstattung)</li><li>WLAN nicht verf&uuml;gbar &ndash; Natur pur</li></ul></div>", "url": "https://www.hotelkurhaussennis.com/", "image": "https://hltpimtsoch.sos-ch-dk-2.exoscale-cdn.com/catalog/a/b/5/e/ab5ed87e531f9ca3bfcef2b4846bdd5e1e2f7bd1_Hotel_Kurhaus_Sennis.jpg", "openstreetmap_id": "node/10836755733"}, "geometry": {"type": "Point", "coordinates": ["9.3715405", "47.1190555"]}}, {"type": "Feature", "properties": {"identifier": "12f581d5-9df7-4b4b-9f50-97e11ed0f9a3", "name": "Sardonah\u00fctte SAC", "description": "Die H\u00fctte ist modern renoviert und heimelig eingerichtet. \nDie H\u00fctte ist offen von Mitte Juni bis Mitte Oktober. Wir bieten den G\u00e4sten Halbpension, Getr\u00e4nke und eine kleine Speisekarte f\u00fcr Tagesg\u00e4ste an. Der Winterraum hat 14 Pl\u00e4tze. Es ist ein Kochherd, Holz und Geschirr vorhanden. Alle Schlafr\u00e4ume sind mit Duvets ausgestattet.\nEs hat Waschr\u00e4ume, aber keine Duschen. Das St\u00fcbli ist, auch wenn es draussen k\u00fchl ist, gem\u00fctlich eingerichtet.", "url": "http://www.sardonahuette.ch", "image": "https://hltpimtsoch.sos-ch-dk-2.exoscale-cdn.com/catalog/5/6/d/9/56d982f96d3d4d056563aaca9326c9c0c07ba384_Sardonah__tte_SAC11.JPG", "openstreetmap_id": "way/233206648"}, "geometry": {"type": "Point", "coordinates": ["9.275419190833333", "46.91547395"]}}, {"type": "Feature", "properties": {"identifier": "1386323c-8233-458d-a452-ec746ecbc26f", "name": "M\u00e4tz Appartement", "description": "Das Appartement M\u00e4tz liegt mitten im Zentrum Flumserberg Tannenheim, 5 Gehminuten von der Haust\u00fcre bis zur Talstation Prodalp-Express und bietet eine sch\u00f6ne Aussicht auf die Berge des Sarganserlandes. Im gleichen Geb\u00e4ude finden Sie das einzigartige Restaurant m\u00e4tz dine. Einkaufsm\u00f6glichkeiten sind 5 Minuten zu Fuss entfernt.", "url": "https://www.maetz-appartement.ch/", "image": "https://hltpimtsoch.sos-ch-dk-2.exoscale-cdn.com/catalog/6/6/d/1/66d109f2b384b0384f53c5e867ba36cc68ba0889_Titelbild_M__tz_Appartement.jpeg", "openstreetmap_id": "way/182428539"}, "geometry": {"type": "Point", "coordinates": ["9.304427504539492", "47.09051299112454"]}}, {"type": "Feature", "properties": {"identifier": "177aa9ad-7b76-4eb9-8671-b1264ab37560", "name": "SAC Spitzmeilenh\u00fctte", "description": "Familienfreundliche, moderne SAC-H\u00fctte mit Schlafpl\u00e4tzen aufgeteilt in 4er, 6er und 8er Zimmer, insgesamt 50 Schlafpl\u00e4tze. Der Winterraum ist immer offen auch wenn die H\u00fctte geschlossen ist. \n\nWanderer, Naturbegeisterte und Skitouren-L\u00e4ufer sch\u00e4tzen die einzigartige Lage der Spitzmeilenh\u00fctte: hoch \u00fcber dem Schilstal mit atemberaubendem Blick zu den Churfirsten und auf den Spitzmeilen.", "url": "http://www.spitzmeilenhuette.ch", "image": "https://hltpimtsoch.sos-ch-dk-2.exoscale-cdn.com/catalog/6/4/7/7/6477adf72792a9d172207b49925afee490074e19_Spitzmeilenh__tte.jpg", "openstreetmap_id": "way/200501526"}, "geometry": {"type": "Point", "coordinates": ["9.250584400895953", "47.0342389"]}}, {"type": "Feature", "properties": {"identifier": "17c5124a-4ddf-453a-9af5-9ade5d6d49fb", "name": "BnB Haus Weibel", "description": "Das BnB Haus Weibel liegt nur 500 m vom Bahnhof Landquart und der Autobahn A13 entfernt. Es bietet einen Panoramablick auf die Berge, kostenfreies WLAN im Zimmer und kostenfreie Parkpl\u00e4tze.\n\nAlle Zimmer verf\u00fcgen \u00fcber einen Flachbild-Kabel-TV und eine Nespresso-Kaffeemaschine. Bei der Ankunft steht 1 Flasche Mineralwasser pro Person kostenfrei bereit.\n\nMorgens wird ab 08:00 Uhr im Fr\u00fchst\u00fccksraum, auf der Terrasse oder auf Anfrage auch auf Ihrem Zimmer ein kontinentales Fr\u00fchst\u00fcck serviert.", "url": "http://www.hausweibel.ch", "image": "https://hltpimtsoch.sos-ch-dk-2.exoscale-cdn.com/catalog/1/0/7/e/107e0be940dde6999d53ed01dac55a3fa23c99e3_Heidi3.JPG", "openstreetmap_id": "way/364950741"}, "geometry": {"type": "Point", "coordinates": ["9.5622841185405", "46.968601500000005"]}}, {"type": "Feature", "properties": {"identifier": "1b15b04f-6ecb-4b0e-8960-25f32d4b259b", "name": "Grand Resort Bad Ragaz", "description": "Das Grand Resort Bad Ragaz ist eine einmalige Kombination aus F\u00fcnf-Sterne-Luxusresort und erstklassiger medizinischer Expertise in der Schweiz. G\u00e4ste finden hier einen R\u00fcckzugort der Erholung und tiefgreifenden Regeneration.\n\nEs besteht aus den beiden F\u00fcnf-Sterne-Hotels Grand Hotel Quellenhof &amp; Spa Suites und Grand Hotel Hof Ragaz mit 233 luxuri\u00f6sen Zimmern und Suiten. Das Resort integriert eines der besten Gesundheitszentren Europas und bietet ein einzigartiges Health- und Wellnessangebot an. F\u00fcr kulinarische Gaument\u00e4nze stehen sieben Restaurants mit insgesamt 6 Michelin-Sternen und 76 Gault-Millau-Punkten, ein Sushi-Take-Away, ein Bistro sowie ein Caf\u00e9 zur Auswahl. Zwei Golfpl\u00e4tze, ein Meetings &amp; Events Center, das \u00f6ffentliche Thermalbad Tamina Therme und ein eigenes Casino machen jeden Aufenthalt zu einem wahren Erlebnis.", "url": "http://www.resortragaz.ch", "image": "https://hltpimtsoch.sos-ch-dk-2.exoscale-cdn.com/catalog/f/7/8/c/f78c85aaae02c4aeed9014e12f89293d78284b98_GRBR_Resort_allgemein_aussen_leicht_von_oben_V2.jpg", "openstreetmap_id": "way/43085085"}, "geometry": {"type": "Point", "coordinates": ["9.50390330143708", "47.0004384"]}}, {"type": "Feature", "properties": {"identifier": "1e878d38-ea44-408c-a3de-662053342b58", "name": "Privatzimmer Hobi", "description": "Das 2 Bett-Zimmer im Parterre befindet sich an sonniger und ruhiger Lage in Valens, nur ca. 3 Gehminuten vom Thermalbad entfernt. Zum Zimmmer geh\u00f6rt ein kostenfreier Parkplatz.\n\nKomfortabel eingerichtetes Zimmer im Parterre mit Doppelbett, TV und WLAN.", "image": "https://hltpimtsoch.sos-ch-dk-2.exoscale-cdn.com/catalog/d/a/0/1/da01625ff459e3c9bb7ceb8d52dcef2d1cae2e66_Privatzimmer_Hobi_1.jpg", "openstreetmap_id": "way/330819584"}, "geometry": {"type": "Point", "coordinates": ["9.479686215137889", "46.9688684"]}}, {"type": "Feature", "properties": {"identifier": "223f16a8-8169-4370-b773-5d61d063dc50", "name": "Sorell Hotel Tamina - Garni", "description": "Das Sorell Hotel Tamina liegt nur 5 Gehminuten von der Tamina Therme entfernt.\n\nAlle Zimmer sind sehr ger\u00e4umig und begeistern mit einem herrlichen Panoramablick auf die Alpen. Zur Ausstattung geh\u00f6ren eine Minibar und eine Kaffeemaschine.\n\nIm modernen Restaurant k\u00f6nnen G\u00e4ste ein europ\u00e4isches Fr\u00fchst\u00fcck geniessen.", "url": "http://www.hoteltamina.ch", "image": "https://hltpimtsoch.sos-ch-dk-2.exoscale-cdn.com/catalog/6/1/d/e/61de09630f75e69e8e8e2c6a1801070b37d2cb6b_Sorell_Hotel_Tamina_Aussanansicht.jpg", "openstreetmap_id": "way/231547174"}, "geometry": {"type": "Point", "coordinates": ["9.500772872301976", "47.00200675"]}}, {"type": "Feature", "properties": {"identifier": "2326cce9-21c8-4608-a167-b649ad3fa3c3", "name": "Berghotel Seebenalp", "description": "Einmalige Lage, mitten im Ski- und Wanderparadies Flumserberg. Auf 1650 m Seeh\u00f6he, ganz idyllisch gelegen mitten in der Natur - fernab vom Strassenl\u00e4rm und nur zu Fuss erreichbar. \n\nGut b\u00fcrgerliche K\u00fcche. Div. Kategorien von Zimmern. Wir freuen uns auf Ihren Besuch!\n\nIm Sommer\nDer Seebensee liegt direkt vor unserer Haust\u00fcre. Ca. 1 Stunde Fussmarsch vom Maschgenkamm und ca. 1.5 Stunden vom Tannenboden. \n\nIm Winter\nSind wir zu Fuss \u00fcber den Winterwanderweg vom Tannenboden oder mit Skis oder Snowboard zu erreichen.", "url": "http://www.seebenalp.ch", "image": "https://hltpimtsoch.sos-ch-dk-2.exoscale-cdn.com/catalog/e/f/8/d/ef8d2cf583fc8856b63005f5d77590b0e3c9a396_Seebenalp_f__r_Michel_009.jpg", "openstreetmap_id": "way/190606656"}, "geometry": {"type": "Point", "coordinates": ["9.248347277089128", "47.0804291"]}}, {"type": "Feature", "properties": {"identifier": "2543c195-ed5f-44d9-847b-843fd3389500", "name": "Schwendih\u00f6ckli (CharmingStay)", "description": "Charmantes 4.5-Zimmer Chalet aus Holz mit atemberaubender Aussicht auf die sch\u00f6nen Churfirsten und den blauen Walensee. Etwa 1 km vom Zentrum Tannenboden entfernt.", "url": "https://www.charmingstay.ch", "image": "https://hltpimtsoch.sos-ch-dk-2.exoscale-cdn.com/catalog/d/9/4/2/d9423b5225a569585cd41b5411f5f19a87218d9f_Terrasse_2__1_.JPG", "openstreetmap_id": "node/294246246"}, "geometry": {"type": "Point", "coordinates": ["9.284846050000004", "47.096666850000005"]}}, {"type": "Feature", "properties": {"identifier": "25bfa277-e1fb-4180-af5f-21c1751a613d", "name": "Hotel Restaurant Bergheim", "description": "An den H\u00e4ngen des Flumserbergs erwartet Sie das Hotel Bergheim eine 2-min\u00fctige Fahrt von Flums und dem Skigebiet Tannenheim entfernt. Die Zimmer sind in einem schlichten alpinen Stil eingerichtet. Sie nutzen entweder ein eigenes Bad oder ein Gemeinschaftsbad. WLAN nutzen Sie kostenlos.\n\nDas Restaurant verf\u00fcgt \u00fcber eine Sonnenterrasse mit Bergblick. In unserem kleinen Familienbetrieb geniessen Sie kulinarische Abwechslung in einer gem\u00fctlichen Atmosph\u00e4re. Geniessen Sie regionale Spezialit\u00e4ten, feine Klassiker sowie frische saisonale Angebote. Unsere gute K\u00fcche ist unser Stolz, denn GAUMENFREUDEN werden bei uns GROSS geschrieben. Den passenden Wein dazu finden Sie auf unserer ausgesuchten Weinkarte mit guten Tropfen aus aller Welt. \n\nBei uns ist jeder Gast herzliche willkommen - ob allein, zu zweit, in Gruppen, Raucher, Nichtraucher... Gerne sind wir f\u00fcr Sie da - denn Gastfreundschaft ist f\u00fcr uns eine wichtige Lebenseinstellung.", "url": "http://www.hotelbergheim.ch", "image": "https://hltpimtsoch.sos-ch-dk-2.exoscale-cdn.com/catalog/3/5/f/f/35fff2d0afd214ee9b3e00ee649df64f321656b5_Aussenansicht_Aussenansicht_Sommer1.JPG", "openstreetmap_id": "node/206466318"}, "geometry": {"type": "Point", "coordinates": ["9.305889198305605", "47.0978939"]}}, {"type": "Feature", "properties": {"identifier": "26b69b60-26ce-4c5a-8eae-b1a74198bb09", "name": "Heidi Holiday - Grand Maisonette-Attica", "description": "Die 5.5-Zimmerwohnung befindet sich in der N\u00e4he eines Weinguts und ist sehr l\u00e4ndlich gelegen. Vom Balkon aus k\u00f6nnen Sie die tolle Aussicht auf die B\u00fcndner Herrschaft geniessen. Ein Aussenparkplatz steht kostenlos zur Verf\u00fcgung.", "image": "https://hltpimtsoch.sos-ch-dk-2.exoscale-cdn.com/catalog/1/a/0/9/1a094e649594cf47b8b6c7709717f36e872d2d5d_Aussenansicht.jpg", "openstreetmap_id": "way/198377806"}, "geometry": {"type": "Point", "coordinates": ["9.560760855674745", "46.998054710470875"]}}, {"type": "Feature", "properties": {"identifier": "283c7634-7eef-429d-8f2a-10a9531cd7f2", "name": "Swiss Heidi Hotel", "description": "Im malerischen Maienfeld, in Heidis Heimat und mitten in den Rebbergen der B\u00fcndner Herrschaft, l\u00e4dt das Swiss Heidi Hotel zum Ankommen und Wohlf\u00fchlen ein. Das unkomplizierte Haus verbindet herzliche Gastfreundschaft mit moderner Infrastruktur und ist ideal f\u00fcr Gesch\u00e4ftsreisen, Seminare, Ferien oder einen Zwischenstopp auf der Reise. Dank der N\u00e4he zu den beliebten Skigebieten der Region \u2013 allen voran dem Pizol, dem Flumserberg und Gr\u00fcsch Danusa \u2013 ist das Hotel zudem ein perfekter Ausgangspunkt f\u00fcr winterliche Bergerlebnisse.\n\nDie 81 hellen Zimmer und 4 Junior Suiten bieten Ruhe, Komfort und einen wundersch\u00f6nen Blick auf die Bergwelt. Hier beginnt Erholung vom ersten Moment an \u2013 ob allein, zu zweit oder mit der ganzen Familie.\n\nKulinarisch verw\u00f6hnt das lichtdurchflutete Bistro mit regionalen Spezialit\u00e4ten, Pizza, Flammkuchen und erlesenen Weinen. Besonders beliebt sind die sonnige Terrasse mit Blick auf die Maienfelder Berge sowie der weitl\u00e4ufige Garten mit Relax-Zonen und Spielplatz, wo Gross und Klein gleichermassen auf ihre Kosten kommen.\n\nEin besonderes Highlight ist der Panoramasaal 360\u00b0, in dem morgens das reichhaltige Fr\u00fchst\u00fccksbuffet serviert wird. Jeden ersten Sonntag im Monat (ausser Juli und August) verwandelt er sich zudem in den sch\u00f6nsten Brunch-Ort der Region \u2013 mit allem, was Geniesser lieben.\n\nAuch f\u00fcr besondere Momente bietet das Swiss Heidi Hotel den perfekten Rahmen. Das Leben ist voller Jubil\u00e4en, gesch\u00e4ftlicher Erfolge, pers\u00f6nlicher Meilensteine oder einfach Freude am Hier und Jetzt. Mit der ruhigen Kulisse der B\u00fcndner Herrschaft und modernen, stilvollen Seminarr\u00e4umen wird daraus eine bleibende Erinnerung \u2013 sei es bei Tagungen, Workshops, Feiern oder Incentives.\n\nOb f\u00fcr aktive Wintertage auf den nahegelegenen Pisten, f\u00fcr Wanderungen in den Weinbergen oder inspirierende Begegnungen \u2013 das Swiss Heidi Hotel ist der ideale Ausgangspunkt im Heidiland.", "url": "http://www.swissheidihotel.ch", "image": "https://hltpimtsoch.sos-ch-dk-2.exoscale-cdn.com/catalog/3/a/a/3/3aa3a03e48952f0dd1ff21239a71983c3a668850_SwissHeidiHotel_Winter_2022_Print_0558__2.jpg", "openstreetmap_id": "way/1258752161"}, "geometry": {"type": "Point", "coordinates": ["9.526555841737892", "47.00351465"]}}, {"type": "Feature", "properties": {"identifier": "29d73c12-db5a-48d5-a3e4-9714fc47e4dd", "name": "Ferienwohnung M\u00e4tz (Whg. Tautscher)", "description": "Die im Jahr 2022 erbaute und neue Ferienwohnung M\u00e4tz liegt mitten im Zentrum Flumserberg Tannenheim, 5 Gehminuten von der Haust\u00fcre bis zur Talstation Prodalp-Express und bietet eine sch\u00f6ne Aussicht auf die Berge. Im gleichen Geb\u00e4ude finden Sie das einzigartige Restaurant m\u00e4tz dine. Einkaufsm\u00f6glichkeiten sind 5 Minuten zu Fuss entfernt.", "image": "https://hltpimtsoch.sos-ch-dk-2.exoscale-cdn.com/catalog/f/c/e/8/fce89c01a81e1aeedd440981123621980ba1de4f_Essbereich_Fewo_M__tz_3.jpeg", "openstreetmap_id": "way/321791780"}, "geometry": {"type": "Point", "coordinates": ["9.30443825", "47.09053425"]}}, {"type": "Feature", "properties": {"identifier": "29fe4bb6-2356-4e6e-880c-bad803766ca1", "name": "BnB Undergass", "description": "Unser stilvolles Bijou eignet sich f\u00fcr Paare oder Familien mit kleinen Kindern.\nSauna, privater Garten und Fitnessraum, Waschmaschine und Tumbler auf Anfrage nutzbar.\n\nF\u00fcr Actionliebhaber bietet unsere Region zahlreiche M\u00f6glichkeiten von Skifahren \u00fcber Biken und Wandern bis zu rasanten Rodelfahrten.\nSie sind 3 min von der Bushaltestelle und 5 min vom Banhof Mels entfernt. Die Flumserberge lassen sich mit dem Auto oder Skibus in 20 min erreichen.", "image": "https://hltpimtsoch.sos-ch-dk-2.exoscale-cdn.com/catalog/8/d/2/f/8d2f8143cfb2d514672d49e46dec48d0bfb62df1_Kingsize_Bett.jpeg", "openstreetmap_id": "way/26413251"}, "geometry": {"type": "Point", "coordinates": ["9.416962265968325", "47.056375163360684"]}}, {"type": "Feature", "properties": {"identifier": "2c4dc733-ec18-4dee-a57a-4fa5459041a1", "name": "Hotel Restaurant Seehof", "description": "Das Hotel Seehof kann auf eine lange Tradition zur\u00fcckblicken. Seit 1910 bietet es in Walenstadt, direkt am Ufer des Walensee gelegen, Unterkunft f\u00fcr G\u00e4ste. Heutzutage ist das Hotel mit kostenlosem Internet-Zugang ausgestattet. Alle Zimmer sind mit Fernseher und Haartrockner eingerichtet, einige haben sogar einen Balkon. Grosser Parkplatz vorhanden.\n\nDas Restaurant mit grosser Gartenterrasse und Seeblick bietet eine gepflegte K\u00fcche sowie eine kompetente und freundliche Bedienung. \nIm Winter wird K\u00e4se-Fondue \u00e0 discr\u00e9tion nach Wunsch im \u00fcberdachten Garten bei heimeligem Kerzenlicht serviert. Schaffell, W\u00e4rmeflasche und Wolldecke sorgen ebenfalls f\u00fcr Wohlf\u00fchlatmosph\u00e4re.\n\nMitglied der \"Schweizerischen Gilde etablierter Gastronomen\" und der \"Tafelgesellschaft zum Goldenen Fisch\".\n\nNutzen Sie im Winter den Shuttleservice des Hotels Restaurant Seehof zur  Seilbahn Unterterzen, die Sie in das Skigebiet Tannenbodenalp-Flumserberg bringt.", "url": "http://www.seehof-walenstadt.ch", "image": "https://hltpimtsoch.sos-ch-dk-2.exoscale-cdn.com/catalog/a/9/1/6/a916f5179303c75db13cfa92ded0253a47d74d3b_tkv_hotelseehof_250_DJI_0902_HDR.jpg", "openstreetmap_id": "node/752369934"}, "geometry": {"type": "Point", "coordinates": ["9.303253", "47.127306"]}}, {"type": "Feature", "properties": {"identifier": "2f71932d-5846-4799-acb4-8267f8c931cd", "name": "Haus Steinbock", "description": "Das Haus Steinbock befindet sich eingebettet im Zentrum vom Tannenboden am Flumserberg. Nur 150 Meter von den n\u00e4chsten Skipisten und Skiliften entfernt. Ebenfalls liegen Wanderwege, Bikerstrecken und Einkaufsm\u00f6glichkeiten in unmittelbarer N\u00e4he. So ist das Haus Steinbock f\u00fcr Ruhesuchende, Aktive und Geniesser der ideale Ausgangsort f\u00fcr ein paar Tage Urlaub. Im Steinbock finden Sie komfortable Zimmer mit Bad oder Dusche/WC, Haarf\u00f6n, Fernseher und Radio. Das Haus ist mit einem Lift ausgestattet. Diverse Zimmer sind zudem mit ausziehbarer Couch eingerichtet, welche als Zusatzbett f\u00fcr 1-2 Personen verwendet werden kann.\n\nBIKEHOTEL HEIDILAND: Das Haus Steinbock ist mit dem G\u00fctesiegel \u00abBikehotel Heidiland\u00bb ausgezeichnet. Radfahrer profitieren hier von einem abschliessbaren Abstellraum, einer zweckm\u00e4ssig eingerichteten Werkstatt, einem Waschplatz, einem W\u00e4scheservice und weiteren Dienstleistungen.", "url": "https://tannenboden.ch/", "image": "https://hltpimtsoch.sos-ch-dk-2.exoscale-cdn.com/catalog/6/e/c/4/6ec4e3bcf9ffa373c98e9dd590f92720855057ce_Haus_Steinbock_Sommer_1.jpg", "openstreetmap_id": "way/294246381"}, "geometry": {"type": "Point", "coordinates": ["9.287109895179386", "47.092780399999995"]}}, {"type": "Feature", "properties": {"identifier": "30681761-d9ce-489c-a14c-9d9b4978f5f2", "name": "Waldhaus Panorama Home (CharmingStay)", "description": "<p>Diese grossz&uuml;gige 4-Zimmer-Ferienwohnung mit 120 m&sup2; ist komfortabel f&uuml;r bis zu 6 Personen geeignet. Die grosse, voll ausgestattete K&uuml;che l&auml;dt zum gemeinsamen Kochen und Essen ein. Wohnzimmer und Essbereich mit zwei Terrassen erg&auml;nzen sich harmonisch und schaffen ideale Voraussetzungen f&uuml;r gem&uuml;tliche Abende.</p><p>Die Raumaufteilung ist besonders gut f&uuml;r Familien oder kleinere Gruppen geeignet, die Wert auf Komfort und gen&uuml;gend Platz legen. Die Wohnung &uuml;berzeugt mit zwei Terrassen zum Innenbereich mit grosser Wiese sowie einem grossen Balkon mit traumhafter Aussicht. Die Lage ist praktisch: ca. 10 Gehminuten vom Lift Tannenboden entfernt mit Zugang zu allen Pisten am Flumserberg. Bitte beachten Sie, dass nur ein Parkplatz zur Verf&uuml;gung steht.</p><p>Zimmer mit eigenem Balkon und herrlicher Aussicht auf die Churfirsten. Das Zimmer bietet Schlafgelegenheit f&uuml;r 2 Personen im Doppelbett und verf&uuml;gt &uuml;ber einen direkten Zugang zu eigener Dusche/WC.</p>", "url": "http://www.charmingstay.ch", "image": "https://hltpimtsoch.sos-ch-dk-2.exoscale-cdn.com/catalog/5/f/f/9/5ff9364cf3cc2e2712df4eeaf558cd3545435142_Balkon_Aussicht.jpeg", "openstreetmap_id": "way/294246306"}, "geometry": {"type": "Point", "coordinates": ["9.2878351", "47.0939962"]}}, {"type": "Feature", "properties": {"identifier": "32b5ebfb-07dd-4c10-8336-3630c9bb2230", "name": "lofthotel am Walensee", "description": "Mit herrlicher Aussicht \u00fcber den Walensee und die Churfirsten empf\u00e4ngt Sie das helle und luftige 3-Sterne-Superior-Hotel in der komplett umgebauten ehemaligen Spinnerei Murg. Reuse, Repurpose, Recycle.\n\nDas lofthotel bietet neben den Standardzimmern viele spezielle \u00dcbernachtungsm\u00f6glichkeiten, von der spektakul\u00e4ren 330m2 grossen loftsuite f\u00fcr bis zu 10 Personen \u00fcber zwei Bikerlofts, die Platz f\u00fcr die Fahrer*innen sowie die Motorr\u00e4der im Zimmer bieten bis hin zum umgebauten SBB-G\u00fcterwagon, der nun als Hotelzimmer f\u00fcr bis zu 8 Personen dient.\n\nDar\u00fcber hinaus punktet das Erlebnishotel mit diversen tollen Freizeitaktivit\u00e4ten. Den G\u00e4sten stehen hauseigene E-Bikes, eine Indoor-Tennishalle, SUPs, ein Private Spa sowie eine holzbefeuerte Sauna direkt am See zur Verf\u00fcgung.\n\nF\u00fcr Businesskunden bietet das lofthotel 10 grossz\u00fcgige und modern ausgestattete Seminar- und Meetingr\u00e4ume, eine Eventhalle sowie spannende Rahmenprogramme.", "url": "https://www.lofthotel.ch", "image": "https://hltpimtsoch.sos-ch-dk-2.exoscale-cdn.com/catalog/5/7/9/e/579e2ec10e512cb18990fd89c1a4a44e07e50b30_lofthotel_Aussenansicht.jpg", "openstreetmap_id": "node/418190191"}, "geometry": {"type": "Point", "coordinates": ["9.217261", "47.1124535"]}}, {"type": "Feature", "properties": {"identifier": "32bb0094-bcfe-40b5-9f8a-6c990670c33b", "name": "Hotel Waldegg", "description": "Ruhige Lage mit sch\u00f6ner Aussicht. Familienfreundliches Hotel mit sch\u00f6nen Zimmern. Im Sommer mit einer grossen Sonnenterrasse und Grill. Liegewiese, Spielplatz sowie ein Spielraum stehen zur Verf\u00fcgung. Mit den Skiern kann direkt zum Hotel hinuntergefahren werden. Schulungs- und Konferenzraum, Freies WLAN.", "url": "http://www.hotelwaldegg.ch", "image": "https://hltpimtsoch.sos-ch-dk-2.exoscale-cdn.com/catalog/0/4/6/2/04624bc163564704c777869591ea1e2cf7327620_Waldegg1.jpg", "openstreetmap_id": "way/294246212"}, "geometry": {"type": "Point", "coordinates": ["9.283258593496619", "47.0960986"]}}, {"type": "Feature", "properties": {"identifier": "33aae776-d09f-4254-866a-51f698044ab2", "name": "Hotel Restaurant Schiffahrt", "description": "Unser Hotel liegt mitten im idyllischen Heidiland, einer der sch\u00f6nsten Urlaubsdestinationen der Schweiz. Nicht ohne Grund ist der Name der beliebten Tourismusregion an Johanna Spyri\u2018s weltber\u00fchmte Heidi-Geschichte angelehnt, denn die sagenumwobene Naturidylle ist fast zu sch\u00f6n, um wahr zu sein.\nHier treffen majest\u00e4tische Berge auf malerische D\u00f6rfer, tiefblaue Seen auf sonnenverw\u00f6hnte Rebh\u00e4nge. Die fantastische Kulisse erstreckt sich vom Walensee und den imposanten Churfirsten \u00fcber die Sommer- und Wintersportgebiete Flumserberg und Pizol bis hin zur Weinregion der B\u00fcndner Herrschaft.\nDas Freizeit-Paradies im Osten der Schweiz ist das ganze Jahr \u00fcber ein lohnenswertes Ziel f\u00fcr eine erholsame Kurzreise.\n\nDie Zimmer sind alle im urchigen Landhausstil eingerichtet mit Massivholzbetten, und einem Kr\u00e4uterschlafkissen-Menu. Alle Zimmer haben ein eigenes Bad mit Dusche/WC und Haartrockner, einen Schreibtisch, Balkon oder Terrasse, TV und WLAN. Einige bieten eine herrliche Aussicht auf den Walensee und die imposante Bergkette Churfirsten, andere sind mit Blick auf die umliegenden Berge.", "url": "http://www.schiffahrt-mols.ch", "image": "https://hltpimtsoch.sos-ch-dk-2.exoscale-cdn.com/catalog/b/1/2/3/b123e90584c635d7216c1b41876dd10afbecd6a8_IMG_20210814_WA0000.jpg", "openstreetmap_id": "node/1417590626"}, "geometry": {"type": "Point", "coordinates": ["9.278622", "47.1124527"]}}, {"type": "Feature", "properties": {"identifier": "33e43646-f9ae-4d9e-aa86-e9e2bdf98f94", "name": "Knobelboden Hotel und Restaurant", "description": "<p>Im reizvollen Dorf Oberterzen hoch &uuml;ber dem Walensee begr&uuml;sst Sie das seit 3 Generationen familiengef&uuml;hrte Knobelboden Hotel und Restaurant. Geniessen Sie K&ouml;stlichkeiten (saisonale Gerichte) in unserem Restaurant im Landhausstil oder bei gutem Wetter auch auf unserer Terrasse. Freuen Sie sich im Sommer auf eine Liegewiese, einen Aussenpool und einen Whirlpool. Im Winter l&auml;dt die Sauna zum Entspannen ein. Von der nahegelegenen Seilbahnstation aus erreichen Sie bequem das Ski- und Wandergebiet Flumserberg oder den See.</p>", "url": "http://www.knobelboden.ch", "image": "https://hltpimtsoch.sos-ch-dk-2.exoscale-cdn.com/catalog/b/4/f/2/b4f29955fb048d38e33cbacca7927a9cc6d43241_unnamed__2_.jpg", "openstreetmap_id": "way/194644492"}, "geometry": {"type": "Point", "coordinates": ["9.260249562895584", "47.103670949999994"]}}, {"type": "Feature", "properties": {"identifier": "34e7e8e5-4266-4597-9e99-f17135521c31", "name": "juhui Flumserberg", "description": "Das juhui Flumserberg ist 300 m von der Talstation Flumserberg entfernt und liegt an wundersch\u00f6ner Lager in Flumserberg - Tannenbodenalp. Der Ausblick \u00fcber die Berge ist beeindruckend. Das Ferienhaus bietet Zimmer in unterschiedlichen Komfortkategorien. \nDas Haus ist sehr ger\u00e4umig eingerichtet, mit Spielzimmer, einer hauseigene Bar und Aufenthaltsr\u00e4umen sowie 2 Speises\u00e4len.\n Die Privatparkpl\u00e4tze vor der Unterkunft stehen Ihnen kostenfrei zur Verf\u00fcgung. Die Garage (kostenpflichtig) bietet Platz f\u00fcr 12 Autos. \n\nIn der Umgebung erholen Sie sich bei zahlreichen Aktivit\u00e4ten, wie Skifahren, Fahrradfahren und Wandern. Vom juhui Flumserberg erreichen Sie nach jeweils 500 m die Talstation Maschgenkamm oder Chr\u00fcz. Vom n\u00e4chstgelegenen Flughafen Z\u00fcrich trennen Sie im juhui Flumserberg 67 km.", "url": "https://unterkunft.ch/haeuser/flumserberg", "image": "https://hltpimtsoch.sos-ch-dk-2.exoscale-cdn.com/catalog/e/d/d/f/eddf3b2299ca9e2ebd7b2104b7f757379d7ccbf8_Front.jpg", "openstreetmap_id": "way/294246227"}, "geometry": {"type": "Point", "coordinates": ["9.338378906250002", "46.694509175082324"]}}, {"type": "Feature", "properties": {"identifier": "37d62a43-7b2d-41e6-b8d5-281ee71f0d5a", "name": "Ferienwohnung Resort Walensee  Nr. 73", "description": "Die 3.5-Zimmerwohnung beim Resort Walensee mit 130m2 inkl. Terrasse befindet sich am sch\u00f6nen Walensee in der Ferienregion Heidiland. In nur 2 Minuten zu Fuss erreichen Sie das Restaurant Marina Walensee, sowie die Strandbar. Zum Schiffssteg sind es 3 Minuten zu Fuss, geniessen Sie eine Schifffahrt auf dem fjord\u00e4hnlichen Walensee unterhalb der Churfirstenkette. Einkaufsm\u00f6glichkeiten sind 5 Minuten zu Fuss entfernt.", "image": "https://hltpimtsoch.sos-ch-dk-2.exoscale-cdn.com/catalog/7/0/d/8/70d833c0d4bb49b451cc4f75ca4e5c20c382a58a_Aussenansicht.jpg", "openstreetmap_id": "way/244424425"}, "geometry": {"type": "Point", "coordinates": ["9.258455250456695", "47.115617650000004"]}}, {"type": "Feature", "properties": {"identifier": "38f98cfd-d7a1-4f55-b663-d35c72d325a3", "name": "Alpenresidenz (CharmingStay)", "description": "Die moderne und helle 4.5-Zimmer Dachwohnung befindet sich im Zentrum von Flumserberg Tannenboden. Innerhalb von wenigen Gehminuten erreichen Sie den Dorfladen, die Skischule, verschiedene Restaurants und die Bergbahn. Zur Wohnung geh\u00f6rt ein Garagenparkplatz sowie ein Aussenparkplatz. ", "url": "https://www.charmingstay.ch", "image": "https://hltpimtsoch.sos-ch-dk-2.exoscale-cdn.com/catalog/6/a/f/f/6aff1bae71769f7d683249ddc7e395bd5caef932_Alpenresidenz__6_.JPG", "openstreetmap_id": "way/294246222"}, "geometry": {"type": "Point", "coordinates": ["9.287738984771416", "47.09317115"]}}, {"type": "Feature", "properties": {"identifier": "3b756448-6511-4cd1-a26b-54b3e6c146cc", "name": "Berghotel Sch\u00f6nhalden", "description": "Das Berghotel Sch\u00f6nhalden liegt auf 1500 M \u00fc/M. auf dem Flumser Kleinberg. Das Hotel ist mit der Pendel Gondelbahn direkt erreichbar. In allen R\u00e4umen ist \u201eRauchen verboten\"! Von der Terrasse aus hat man eine traumhafte Aussicht auf die Churfirsten und auf die Alvier Bergkette sowie auf das Sarganserland. Der Kleinberg ist speziell bei Erholungssuchenden beliebt, die den Massentourismus meiden wollen. Es gibt dennoch ein attraktives Angebot f\u00fcr Wanderer, Biker, Gleitschirmflieger, Schneeschuhl\u00e4ufer, Ski-Tourenfahrer und Winterwanderer.\n\nDas Hotel verf\u00fcgt \u00fcber 13 Doppelzimmer und einem Vierbettzimmer plus 10 Zustellbetten und kann bis zu 40 G\u00e4ste beherbergen.\nDie Zimmer sind geschmackvoll und mit einer pers\u00f6nlichen Note eingerichtet, die das Gef\u00fchl zur Entspannung und W\u00e4rme ausstrahlen. Einige Zimmer sind Behinderten gerecht und rollstuhlg\u00e4ngig.\n\nIm neuen und gem\u00fctlichen Restaurant mit gut b\u00fcrgerlicher K\u00fcche und Panoramasicht finden bis zu 80 Personen Platz. Auf der gem\u00fctlichen Sonnenterrasse kann man den Ausblick geniessen. F\u00fcr die kleinen G\u00e4ste gibt es einen Aussen-Spielplatz und ein Spielzimmer.", "url": "http://www.schoenhalden.ch", "image": "https://hltpimtsoch.sos-ch-dk-2.exoscale-cdn.com/catalog/c/b/d/5/cbd510d5f50fd72a763bfd5861b30cde1bd0d02e_Berghotel_Sch__nhalden_Sommer.png", "openstreetmap_id": "node/2008893410"}, "geometry": {"type": "Point", "coordinates": ["9.3310109", "47.0627408"]}}, {"type": "Feature", "properties": {"identifier": "403958b7-4a63-41ed-8c11-3416d6f7ddbe", "name": "Hotel Cristal Flumserberg", "description": "Das umfangreich und aufw\u00e4ndig renovierte Hotel Cristal liegt zentral in Tannenboden auf dem Flumserberg, nur wenige Gehminuten von der Seilbahn Maschgenkamm und der Luftseilbahn LUFAG entfernt. Die Skipiste und der erste Lift liegen direkt neben dem Hotel. \n\nDas Hotel verf\u00fcgt \u00fcber 29 Zimmer, die Restaurants Churfirstenstube, Ch\u00e4s-St\u00fcbli und Arvenst\u00fcbli mit Kamin-Lounge sowie einen Wellnessbereich mit Dampfbad und Sauna. Die geschmackvolle Einrichtung und die gem\u00fctliche Atmosph\u00e4re im ganzen Hotel laden zum Geniessen und Entspannen ein.", "url": "https://cristal-flumserberg.ch/de/", "image": "https://hltpimtsoch.sos-ch-dk-2.exoscale-cdn.com/catalog/c/e/f/e/cefe1cbf6249152aa6276c9a60cc07d2776bf0a6_1Hausfront_Strasse.jpg", "openstreetmap_id": "way/194649363"}, "geometry": {"type": "Point", "coordinates": ["9.282386599999999", "47.0931453"]}}, {"type": "Feature", "properties": {"identifier": "41b32024-8801-4f31-9b48-13238a644ac7", "name": "Hotel Alpenhof", "description": "Das Hotel Alpenhof im Weisstannental ist seit 1874 ein historisches Hotel im D\u00f6rfchen Weisstannen mit stilvollem Ambiente. Geniessen Sie die Gastfreundschaft in nostalgischen Zimmern, einer gem\u00fctlichen Gaststube und einem Biedermeierst\u00fcbli mit Lesezimmer. W\u00e4hrend der Sommersaison bietet der Speisesaal ein festliches Ambiente auch f\u00fcr Feiern, Seminare und Kulturanl\u00e4sse. Bei sonnigem Wetter geniesst der Gast die angenehme Frische auf der Gartenterrasse mit Schatten spendenden B\u00e4umen. Die Biedermeierzimmer sind antik m\u00f6bliert und die Belle-Epoque Zimmer sind mit historischen M\u00f6beln aus dem Hotelbestand ausgestattet. F\u00fcr Hotelg\u00e4ste bereiten wir dem Gast ein feines 3-Gang-Men\u00fc aus meist regionalen Produkten zu. Das Hotel Alpenhof ist der ideale Ausgangspunkt f\u00fcr Wanderungen zur Wasserfallarena Bat\u00f6ni und Etappenort entlang der Via Alpina und des Sardona Welterbeweg ins UNESCO-Weltnaturerbe Tektonikarena Sardona. Bei guten Schnee-Verh\u00e4ltnissen lassen sich im Winter auch einige Skitouren und Schneeschuhwanderungen erleben.", "url": "http://www.alpenhof-weisstannen.ch", "image": "https://hltpimtsoch.sos-ch-dk-2.exoscale-cdn.com/catalog/8/d/4/f/8d4f1cef0a7e0b57f73d4c06600605ec7b67b4e5_Hotel_Alpenhof1_IMG_3426.JPG", "openstreetmap_id": "way/308479337"}, "geometry": {"type": "Point", "coordinates": ["9.344299927902512", "46.98883385"]}}, {"type": "Feature", "properties": {"identifier": "423148bc-a9d5-4d03-b872-863c3fbd4668", "name": "Hotel Restaurant Churfirsten", "description": "Der heimelige, gem\u00fctliche Churfirsten liegt beim Bahnhof Walenstadt und verf\u00fcgt \u00fcber einen grossen Parkplatz. Zum Walensee ben\u00f6tigen Sie nur 10 Minuten zu Fu\u00df. Freuen Sie sich auf kostenloses WLAN.\n\nDie Zimmer im Hotel Churfirsten sind mit einem Kabel-TV, einem Safe, einem Schreibtisch und einem Haartrockner ausger\u00fcstet.\n\nDie leistungsf\u00e4hige, gutb\u00fcrgerliche K\u00fcche mit italienischen Spezialit\u00e4ten und den feinen Holzofen-Pizzas wird bei Einheimischen und G\u00e4sten sehr gesch\u00e4tzt. \nIm Sommter grosse Gartenterrasse. Die vielf\u00e4ltigen R\u00e4umlichkeiten bieten ideale Verh\u00e4ltnisse f\u00fcr Familienfeiern, Hochzeiten, Seminare, Tagungen etc.", "url": "http://www.hotelchurfirsten.ch", "image": "https://hltpimtsoch.sos-ch-dk-2.exoscale-cdn.com/catalog/e/5/e/7/e5e7321b8a158e63709483317bb897de63d5c63f_Hotel_Churfirsten_Restaurant_Pizzeria_Walenstadt_Titelbild2.jpg", "openstreetmap_id": "way/70297189"}, "geometry": {"type": "Point", "coordinates": ["9.312775133232773", "47.1203077"]}}, {"type": "Feature", "properties": {"identifier": "42378a51-b72b-4202-a82e-eb20456c8c1a", "name": "Haus Alpenblick A5 (CharmingStay)", "description": "Die moderne 2.5 Zimmerwohnung liegt sehr zentral am Flumserberg. Zwei Gehminuten zum Hallenbad sowie zur Skipiste. Einkaufsm\u00f6glichkeiten gibt es in direkter N\u00e4he.", "url": "https://www.charmingstay.ch", "image": "https://hltpimtsoch.sos-ch-dk-2.exoscale-cdn.com/catalog/d/2/3/0/d230ae05f62febe68ddb5ed7b8422586d3e6488f_AlpenblickA5_18.jpg", "openstreetmap_id": "way/325407976"}, "geometry": {"type": "Point", "coordinates": ["9.297766606774918", "47.0907134"]}}, {"type": "Feature", "properties": {"identifier": "42ebf9a2-5fdc-4285-963f-9d98b736d25d", "name": "Hotel Post", "description": "Das familiengef\u00fchrte Hotel Post begr\u00fcsst Sie in Sargans und liegt nur 5 Gehminuten vom Bahnhof entfernt. Eine 3-min\u00fctige Fahrt bringt Sie zur Seilbahn ins Skigebiet Wangs-Pizol.\n\nAlle Zimmer sind schallisoliert und verf\u00fcgen \u00fcber einen TV sowie \u00fcber ein Bad mit einer Dusche oder Badewanne. Freuen Sie sich auf kostenfreies WLAN.\n\nGem\u00fctliches Restaurant mit heimeliger Atmosph\u00e4re sowie Schweizer K\u00fcche mit Spezialit\u00e4ten f\u00fcr Feinschmecker und einer grossen Auswahl an Weinen. Ideale R\u00e4umlichkeiten f\u00fcr Ihre diversen pers\u00f6nlichen und gesch\u00e4ftlichen Anl\u00e4sse, wie Familienfeiern, Firmenessen, Vereine, Busse und Bankette.", "url": "http://www.hotelpost-sargans.ch", "image": "https://hltpimtsoch.sos-ch-dk-2.exoscale-cdn.com/catalog/8/4/5/8/845818d5f795e03fd9a918941ae9dd62c173c541_Post_Sargans_Aussenaufnahme_1.jpg", "openstreetmap_id": "node/6019161695"}, "geometry": {"type": "Point", "coordinates": ["9.4408779", "47.0479524"]}}, {"type": "Feature", "properties": {"identifier": "43a9715b-ad9c-4927-a3b7-d070d79b3ab0", "name": "Aparthotel Restaurant Edy Bruggmann", "description": "Das Aparthotel Edy Bruggmann begr\u00fcsst Sie mit einer wundersch\u00f6nen Sonnenterrasse und bietet Ihnen haustierfreundliche Unterk\u00fcnfte am Flumserberg. Die Privatparkpl\u00e4tze an der Unterkunft stehen Ihnen kostenlos zur Verf\u00fcgung. Ein TV sorgt f\u00fcr Unterhaltung und die Gemeinschaftslounge der Unterkunft l\u00e4dt zum Verweilen ein.\n\nIn unserem rustikalen Speiserestaurant *Pfnille\" und Panoramarestaurant geniesst man einheimische Spezialit\u00e4ten. Neben den beiden Restaurants kann man im Fonduest\u00fcbli \"Gad\u00e4\" ein feines K\u00e4se- oder Fondue Chinoise geniessen. \n\nDen Skilift Schwammkopf erreichen Sie vom Aparthotel Edy Bruggmann nach 1,5 km und den Prodalp-Express nach 100 m.", "url": "http://www.hotelbruggmann.ch", "image": "https://hltpimtsoch.sos-ch-dk-2.exoscale-cdn.com/catalog/f/0/c/a/f0ca25c61b38f0ec7cd6b0e10138987734e225e7_DSC_0017.JPG", "openstreetmap_id": "way/229475013"}, "geometry": {"type": "Point", "coordinates": ["9.303433011508352", "47.0895725"]}}, {"type": "Feature", "properties": {"identifier": "46ba4279-90dc-48bf-8e09-788a8bce9f32", "name": "Garni Hotel Torkelb\u00fcndte", "description": "Unsere Zimmer sind alle geschmackvoll eingerichtet  mit Balkon, Dusche/WC, Kaffeemaschine, TV und Safe. WLAN und die Parkm\u00f6glichkeiten nutzen Sie kostenfrei. Zwei Zimmer verf\u00fcgen zus\u00e4tzlich \u00fcber ein Zustellbett.\nEs ist der richtige Ausgangspunkt f\u00fcr die Taminaschlucht oder zum Mountainbiken, Golfen, Wandern, Tennisspielen und im Winter zum Skifahren, Langlaufen, Schlitteln oder Eislaufen. Die ber\u00fchmte Tamina Therme, die Golfanlagen, das Casino  sind ein Katzensprung entfernt.", "url": "https://www.torkelbuendte.ch", "image": "https://hltpimtsoch.sos-ch-dk-2.exoscale-cdn.com/catalog/3/e/5/b/3e5b51ea110c8bc55781bb0794179415bcb27c24_Aussen_Abendstimmung_Hotel_Garni_Torkelbuendte__2.jpg", "openstreetmap_id": "way/409157230"}, "geometry": {"type": "Point", "coordinates": ["9.503753094845685", "47.00497265"]}}, {"type": "Feature", "properties": {"identifier": "473f8492-2a35-40fe-bcb9-a36b737c92cf", "name": "Glamping Hotel Schloss Ragaz", "description": "<p>Naturerlebnis mit Komfort - Geniessen Sie ein einzigartiges Glamping-Erlebnis im Schlosspark! In den gem\u00fctlichen Glampinglodges mit Zugang zum Hotelangebot kommt ein unkompliziertes und individuelles Wohngef\u00fchl auf. Einige Lodges verf\u00fcgen \u00fcber einen eigenen Whirlpool.</p>", "url": "https://www.hotelschlossragaz.ch/de/", "image": "https://hltpimtsoch.sos-ch-dk-2.exoscale-cdn.com/catalog/6/a/2/2/6a228591417a949e1a6cc0c94cd2df3d0ff72a93_Bild2.jpg", "openstreetmap_id": "way/832298013"}, "geometry": {"type": "Point", "coordinates": ["9.5084785", "46.9974325"]}}, {"type": "Feature", "properties": {"identifier": "485acae9-1a89-4ee7-a902-9b6904befdba", "name": "Lueg ins Land", "description": "Das komplett m\u00f6blierte Studio im Parterre von Lueg ins Land befindet sich oberhalb vom sch\u00f6nen Mels in der Ferienregion Heidiland. Tolle Aussicht auf die umliegende Berglandschaft. Zur Wohnung geh\u00f6rt ein Gartensitzplatz mit Grillm\u00f6glichkeit sowie ein zus\u00e4tzlicher Abstellraum und ein Parkplatz ist vorhanden.", "image": "https://hltpimtsoch.sos-ch-dk-2.exoscale-cdn.com/catalog/f/9/0/0/f900eca8e347c79df9238e2da09b450d20d9abcb_IMG_6535.JPG", "openstreetmap_id": "way/26450342"}, "geometry": {"type": "Point", "coordinates": ["9.415213465690615", "47.038135565140756"]}}, {"type": "Feature", "properties": {"identifier": "49a12ad1-99a7-483e-b2b6-1dc01d83e799", "name": "Restaurant & Hotel Weiss Kreuz", "description": "Das Restaurant & Hotel Weiss Kreuz in Malans z\u00e4hlt wohl berechtigterweise zu einem der sch\u00f6nsten Betriebe in der B\u00fcndner Herrschaft. Doch sch\u00f6n sein allein reicht ja bekanntlich noch nicht. Wir k\u00f6nnen Sie beruhigen, in unserem Restaurant, mit seinem vielf\u00e4ltigen Raumangebot ist es nicht \u00abnur\u00bb wahnsinnig sch\u00f6n. Zusammen mit unserem sympathisch-herzlichen Service sorgen wir auch f\u00fcr das perfekte kulinarische Wohl unserer G\u00e4ste.\n\nGeniessen Sie einen Abend mit einem ausgew\u00e4hlten Vierg\u00e4nger, eine feines Pl\u00e4ttli nach einem tollen Wandertag, oder lassen Sie sich ganz einfach von unserer Karte inspirieren. Sie haben die Wahl. Gerne servieren wir Ihnen auch ein Glas Wein aus der Region \u2013 als Begleitung zum Essen, oder auch einfach so. Dazu wartet in unseren eigenen Weinkellern ein vielf\u00e4ltiges Weinangebot auf Sie. Und noch etwas: In unserem Restaurant verw\u00f6hnen wir Sie bereits am Mittag mit leckeren Speisen aus unserer K\u00fcche.", "url": "http://www.weisskreuzmalans.ch", "image": "https://hltpimtsoch.sos-ch-dk-2.exoscale-cdn.com/catalog/2/f/2/b/2f2bffea0d8d212c4ad136c4ecb7fd9b8970a227_Weiss_Kreuz_Hauptbild.jpg", "openstreetmap_id": "way/232221627"}, "geometry": {"type": "Point", "coordinates": ["9.576131725657891", "46.982555950000005"]}}, {"type": "Feature", "properties": {"identifier": "49c29246-bb8c-4679-9579-b410ef0d41f7", "name": "Gauencenter EG (CharmingStay)", "description": "Die 2.5-Zimmerwohnung im Gauencenter befindet sich direkt im Zentrum vom Flumserberg Tannenheim. Die Gondelbahn Prodalp-Express ist in unmittelbarer N\u00e4he und f\u00fchrt direkt in das Wander- und Skigebiet Flumserberg. Nur in wenigen Gehminuten befinden sich Restaurants, der Dorfladen und das Hallenbad Flumserberg.", "url": "https://www.charmingstay.ch", "image": "https://hltpimtsoch.sos-ch-dk-2.exoscale-cdn.com/catalog/c/b/8/f/cb8f24c402d8319800bf6337be22b0338210cc67_Gauencenter_EG__6_.jpg", "openstreetmap_id": "way/194824448"}, "geometry": {"type": "Point", "coordinates": ["9.298958655716081", "47.0901013"]}}, {"type": "Feature", "properties": {"identifier": "4c03a852-eb3d-4802-85b4-7dc15f54748c", "name": "Hotel Restaurant R\u00f6ssli", "description": "<p>Das <strong>3-Sterne-Hotel R&ouml;ssli</strong> begr&uuml;sst Sie mit gehobener K&uuml;che im Herzen von Bad Ragaz, nur wenige Schritte vom Thermalbad Tamina entfernt. Kostenfreies WLAN steht zur Verf&uuml;gung. Die geschmackvoll eingerichteten Nichtraucherzimmer verf&uuml;gen &uuml;ber einen Flachbild-TV, ein Radio f&uuml;r Ihren iPod und eine L&uuml;ftungsanlage, die Pollen filtert. Obst, Mineralwasser und Tee stehen auf jeder Etage bereit.</p><p><strong>Ueli Kellenbergers K&uuml;che</strong> ist erfinderisch, saisongerecht und marktfrisch. Das Gem&uuml;se kommt aus der Umgebung, das Fleisch aus der Metzgerei des Bruders. Das R&ouml;ssli ist ein gediegen elegantes Restaurant, bewertet von <strong>Gault Millau mit 16 Punkten</strong> und vom Feinschmecker mit drei FFF.</p><p><strong>Die Karte f&uuml;hrt Weine aus &uuml;ber 500 Provenienzen</strong>. Weitherum gesch&auml;tzt ist das R&ouml;ssli auch f&uuml;r seine preiswerten, aber mit Meisterliebe bereiteten Men&uuml;s &uuml;ber Mittag. F&uuml;r Kaffee oder Aperitif gibt es bei gutem Wetter Platz auf einer kleinen Terrasse.</p>", "url": "https://www.roessliragaz.ch", "image": "https://hltpimtsoch.sos-ch-dk-2.exoscale-cdn.com/catalog/e/5/0/d/e50dcc0edf17022fcbe98a00c962a9a61484fda7_r__ssli_ragaz_007.jpg", "openstreetmap_id": "way/44368146"}, "geometry": {"type": "Point", "coordinates": ["9.501746918563985", "47.003353149999995"]}}, {"type": "Feature", "properties": {"identifier": "4ced3130-f829-4a0f-80e6-38aedec88f05", "name": "Haus Panorama B (Whg. Weibel)", "description": "Das gem\u00fctliche 1.5-Zimmer-Studio befindet sich im Haus Panorama B in Flumserberg Tannenheim und ist zweckm\u00e4ssig - modern eingerichtet. Es liegt in unmittelbarer N\u00e4he zu Skipiste, Biketrails und Wandergebiet. Die zur UNESCO-Welterbe Tektonikarena Sardona f\u00fchrende Gondelbahn &quot;Prodalp-Express&quot; sowie Bushaltestelle und Restaurants sind in Gehdistanz. Zur Wohnung geh\u00f6rt eine Gartenterrasse inkl. Chemin\u00e9e mit Morgen- &amp; Abendsonne und herrlicher Aussicht auf die Churfirsten-Bergkette und das restliche Ostschweizer Bergpanorama des Sarganserlandes. In der Region befinden sich der fjord\u00e4hnliche Walensee mit dem malerischen, autofreien Ausflugsort Quinten, sowie der mond\u00e4ne Kurort Bad Ragaz.", "image": "https://hltpimtsoch.sos-ch-dk-2.exoscale-cdn.com/catalog/d/0/9/3/d0936b3e1dd758aced1352dc3fbc88f946113e2b_Haus_Panorama_Hauptbild.jpeg", "openstreetmap_id": "way/194824434"}, "geometry": {"type": "Point", "coordinates": ["9.304023100000002", "47.0898412"]}}, {"type": "Feature", "properties": {"identifier": "4d3b3fad-9695-47a7-8154-8a035d453638", "name": "Mittleres Waldwiesli", "description": "In der N\u00e4he (ca. 10 Minuten Gehdistanz) befinden sich die Bergbahn (Prodalp-Express), Einkaufsm\u00f6glichkeiten, Sportgesch\u00e4fte und diverse Restaurants. Kostenloser Parkplatz im Sommer in der N\u00e4he der Ferienwohnung vorhanden, im Winter ist die Zufahrt sowie das Parkieren eingeschr\u00e4nkt.", "url": "http://www.waldwiesli.ch", "image": "https://hltpimtsoch.sos-ch-dk-2.exoscale-cdn.com/catalog/2/6/b/1/26b19672724e2af450318a91ee5bee244a7920db_TDS00020012541219224_sized_800_0.jpg", "openstreetmap_id": "way/309844994"}, "geometry": {"type": "Point", "coordinates": ["9.30191795", "47.09263715"]}}, {"type": "Feature", "properties": {"identifier": "4d5a3b88-a660-441d-ab31-25927a3018fa", "name": "Hotel Hirschen Maienfeld", "description": "In der wundersch\u00f6nen B\u00fcndner Herrschaft, mitten in &quot;Heidis&quot; D\u00f6rfchen befindet sich das zentral gelegene B&amp;B Hirschen.\nMit einer sch\u00f6nen Sonnenterasse, gratis Wireless Netz sowie renovierten hellen und gem\u00fctlichen Zimmern und auch einem grossen Appartement w\u00fcrden wir Sie herzlich willkommen heissen.\n\nDie Zimmer und Apartments im Hotel Hirschen bieten Bergblick, Holzb\u00f6den und einen Flachbild-Sat-TV. Die Badezimmer sind privat oder Gemeinschaftsb\u00e4der.\n\nWir bieten unseren G\u00e4sten \u00dcbernachtung und Fr\u00fchst\u00fcck an, ansonsten bleibt das Restaurant geschlossen.", "url": "https://www.hirschen7304.ch/", "image": "https://hltpimtsoch.sos-ch-dk-2.exoscale-cdn.com/catalog/9/6/d/f/96df506513aef8517bc4d10161bdd7cefcb78947_Aussenansicht_2.jpg", "openstreetmap_id": "node/3660576999"}, "geometry": {"type": "Point", "coordinates": ["9.5290319", "47.0045654"]}}, {"type": "Feature", "properties": {"identifier": "4dce7276-2933-4f85-810a-5c21a16d5a0e", "name": "Hotel Schloss Ragaz", "description": "<p data-start=\"56\" data-end=\"459\"><strong data-start=\"56\" data-end=\"100\">Der Wald im R&uuml;cken &ndash; die Berge im Blick.</strong><br data-start=\"100\" data-end=\"103\">Am Stadtrand von Bad Ragaz, umgeben von einem 60'000m&sup2; grossen Schlosspark, erwartet Sie das Naturpark Hotel Schloss Ragaz &ndash; ein R&uuml;ckzugsort zwischen Natur, Genuss und Entspannung. Direkt neben zwei Golfpl&auml;tzen gelegen und nur wenige Schritte von der Tamina Therme entfernt, verbindet das Hotel Ruhe mit idealer Ausgangslage f&uuml;r Erlebnisse in der Region.</p><p data-start=\"461\" data-end=\"642\">Die <strong data-start=\"465\" data-end=\"479\">Relax.Oase</strong> auf 300m&sup2; bietet Sauna, Dampfbad, Sprudelwannen, stilvolle Ruher&auml;ume und einen Aussenpool (Mai&ndash;September). Auch wohltuende Massagen sind direkt vor Ort buchbar.</p><p data-start=\"644\" data-end=\"683\"><strong data-start=\"644\" data-end=\"681\">Vier Wohnwelten f&uuml;r Ihre Auszeit:</strong></p><ul data-start=\"684\" data-end=\"1145\"><li data-start=\"684\" data-end=\"756\"><p data-start=\"686\" data-end=\"756\"><strong data-start=\"686\" data-end=\"704\">Schlosszimmer:</strong> klassisch-elegante Zimmer im historischen Geb&auml;ude</p></li><li data-start=\"757\" data-end=\"914\"><p data-start=\"759\" data-end=\"914\"><strong data-start=\"759\" data-end=\"784\">Residenz Sonderegger:</strong> praktisch eingerichtet mit eigener Kochnische in der nahegelegenen Residenz &ndash; perfekt f&uuml;r Kochliebhaber und l&auml;ngere Aufenthalte</p></li><li data-start=\"915\" data-end=\"1003\"><p data-start=\"917\" data-end=\"1003\"><strong data-start=\"917\" data-end=\"937\">Gartenpavillons:</strong> lichtdurchflutete Zimmer mit direktem Zugang zur Parklandschaft</p></li><li data-start=\"1004\" data-end=\"1145\"><p data-start=\"1006\" data-end=\"1145\"><strong data-start=\"1006\" data-end=\"1026\">Glamping Lodges:</strong> individuell gestaltete Lodges mit Terrasse, teilweise mit Whirlpool &ndash; einzigartiges Glamping-Erlebnis im Schlosspark</p></li></ul><p data-start=\"1147\" data-end=\"1410\">Kulinarisch erwarten Sie im <strong data-start=\"1175\" data-end=\"1197\">Restaurant Chutnee</strong> europ&auml;ische Spezialit&auml;ten und authentische indische K&uuml;che. Die <strong data-start=\"1261\" data-end=\"1283\">Bar Spirit of 7310</strong> l&auml;dt zu entspannten Abenden in besonderer Atmosph&auml;re ein. Jeden Morgen starten Sie mit einem reichhaltigen Fr&uuml;hst&uuml;cksbuffet.</p><p data-start=\"1412\" data-end=\"1661\">Die Umgebung bietet vielf&auml;ltige M&ouml;glichkeiten: Wanderungen durch die Taminaschlucht, Radtouren am Walensee, Golf direkt vor der T&uuml;r oder Ausfl&uuml;ge in die nahe Weinregion der B&uuml;ndner Herrschaft. Fahrr&auml;der und E-Bikes k&ouml;nnen im Hotel gemietet werden.</p><p data-start=\"1663\" data-end=\"1776\">Ein Ort zum Abschalten, Entdecken und Geniessen &ndash; f&uuml;r Ruhesuchende, Aktive, Golfer und Familien gleichermassen.</p>", "url": "http://www.hotelschlossragaz.ch", "image": "https://hltpimtsoch.sos-ch-dk-2.exoscale-cdn.com/catalog/6/7/6/0/6760312c62be43cd8bb027096e2ce3862d08e96a_AUFTRAG_HOTEL_DJI_20250611133657_0103_D__2.jpg", "openstreetmap_id": "way/832298013"}, "geometry": {"type": "Point", "coordinates": ["9.50841584974839", "46.99744825"]}}, {"type": "Feature", "properties": {"identifier": "4e71388e-b091-4829-8a0c-7e1ec0096dcb", "name": "Garni Hotel Schweizerhof", "description": "Im Dorf Mels in der Region Heidiland Sarganserland, inmitten der Ski- und Wandergebiete Pizol und Flumserberge, hei\u00dft Sie das Hotel Schweizerhof willkommen. Freuen Sie sich auf eine Bar und kostenfreies WLAN.\n\nDie Zimmer in elegantem alpenl\u00e4ndischen Stil sind mit Holzm\u00f6beln und -b\u00f6den ausgestattet. Sie verf\u00fcgen \u00fcber Kabel-TV, eine Minibar und ein Badezimmer. Haartrockner erhalten Sie auf Anfrage.", "url": "http://www.schweizerhof-mels.ch", "image": "https://hltpimtsoch.sos-ch-dk-2.exoscale-cdn.com/catalog/0/1/4/c/014c9891eba157b27618bbd2b023e6d3befe2755_Doppelzimmer_superior_1.jpg", "openstreetmap_id": "way/410664278"}, "geometry": {"type": "Point", "coordinates": ["9.420163123443903", "47.04707234999999"]}}, {"type": "Feature", "properties": {"identifier": "4fe8b52d-18c2-4a18-a5de-4472e41f2623", "name": "Hotel-Restaurant-Ferienhaus ALTE SEKTION", "description": "Die Unterkunft bietet 98 Betten in verschiedenen Massenlagern mit Etagenduschen/WC und 40 Betten in einfachen, rustikalen 2er - 6er-Zimmer mit WC/Dusche an. Ebenfalls verf\u00fcgt die Unterkunft \u00fcber eine 2.5-Zimmerwohnung, welche zus\u00e4tzlich gemietet werden kann.\n\nWir verw\u00f6hnen Sie gerne mit unserer einfachen, aber w\u00e4hrschaften K\u00fcche.\nKommen Sie vorbei und lassen Sie sich inspirieren.", "url": "http://www.altesektion.ch", "image": "https://hltpimtsoch.sos-ch-dk-2.exoscale-cdn.com/catalog/5/4/5/7/5457e9dd12277aee90f44319bfc97353b65658c3_Aussen_Winter.jpg", "openstreetmap_id": "way/194824454"}, "geometry": {"type": "Point", "coordinates": ["9.298367942684013", "47.08959025"]}}, {"type": "Feature", "properties": {"identifier": "51e8ac04-7c9a-4a21-a588-7b4f5291eb45", "name": "Hotel Restaurant Heidihof", "description": "Unser Hotel liegt in bester Lage mit traumhaftem Blick auf die Berge. Wir verf\u00fcgen \u00fcber 15 komfortable Zimmer mit Bad/Dusche, WC. TV, Radio und WLAN, die bis zu 27 G\u00e4sten Platz bieten. \nUnsere K\u00fcche vereint internationale Spezialit\u00e4ten, Schweizer Klassiker und regionale Gerichte, die Sie auch auf unserer grossen Sonnenterrasse oder in Restaurant geniessen k\u00f6nnen. \nF\u00fcr Feiern, Bankette oder Seminare steht Ihnen ein Eventsaal f\u00fcr bis zu 100 Personen oder ein kleineres Seminarraum mit moderner Technik zur Verf\u00fcgung. \nEs w\u00fcrde uns sehr freuen, Sie bei uns willkommen hei\u00dfen und verw\u00f6hnen zu d\u00fcrfen.", "url": "http://www.heidihof.ch", "image": "https://hltpimtsoch.sos-ch-dk-2.exoscale-cdn.com/catalog/b/c/f/e/bcfea43999666811f7fed8992e311aaa2c875f61_IMG_7064__1_.JPG", "openstreetmap_id": "way/119015122"}, "geometry": {"type": "Point", "coordinates": ["9.54429770467971", "47.017297"]}}, {"type": "Feature", "properties": {"identifier": "54271edc-f9eb-4db2-877c-6f994ca95767", "name": "Quadernpark (9 Wohnungen)", "description": "Die Quadernpark Apartments befinden sich im Dorfzentrum von Valens, in unmittelbarer N\u00e4he zur Reha-Klinik. Von den ruhig gelegenen Mehrfamilienh\u00e4usern haben sie Blick in eine grossz\u00fcgige Umgebung mit Park. Die Ferienwohnungen befinden sich in drei Geb\u00e4uden mit Eigentumswohnungen integriert. In einem der H\u00e4user befindet sich ein Einkaufsladen mit regionalen Produkten sowie Postautohaltestellen direkt vor der T\u00fcre.\n\nDurch die hervorragende Erreichbarkeit ab Bad Ragaz \u00fcber die gr\u00f6sste Bogenbr\u00fccke der Schweiz ist Valens zu jeder Jahreszeit attraktiv. Umgeben von beeindruckender Bergwelt erholen Sie sich am Ausgangspunkt f\u00fcr Ausfl\u00fcge zum Wandern, Biken, Schwimmen und vielem mehr.", "url": "https://www.quadernpark.ch", "image": "https://hltpimtsoch.sos-ch-dk-2.exoscale-cdn.com/catalog/d/9/4/e/d94eb0d6d140df3c2ad04ab479b5db50084d5a2d_Bild1.jpg", "openstreetmap_id": "node/883151729"}, "geometry": {"type": "Point", "coordinates": ["9.4824363", "46.9696093"]}}, {"type": "Feature", "properties": {"identifier": "555b474e-e921-4834-b464-e6e67cf8f9d5", "name": "Ferienhaus Falknis", "description": "Das charmante 2 \u00bd Zimmer Maisonette-Eckhaus liegt an ruhiger Lage im Dorfzentrum. Einkaufsm\u00f6glichkeiten befinden sich in unmittelbarer N\u00e4he (ca. 2 Gehminuten). Bis zum Bahnhof und zum Thermalbad sind es ca. 5 - 10 Gehminuten. Zur Wohnung geh\u00f6rt ein sonniger Gartensitzplatz sowie ein Keller mit Waschmaschine und Tumbler.\n\nDas Ferienhaus ist modern und gem\u00fctlich eingerichtet. Der Wohn-/Essbereich verf\u00fcgt \u00fcber einen Plattenboden, die Schlafzimmer \u00fcber einen Parkettboden. Im Erdgeschoss befindet sich eine Wendeltreppe ins Obergeschoss (nicht geeignet f\u00fcr kleine Kinder).", "image": "https://hltpimtsoch.sos-ch-dk-2.exoscale-cdn.com/catalog/b/a/9/a/ba9a74829a0431b6d7017f6f64ee801a12a2bfc1_Ferienhaus_Falknis_1.jpg", "openstreetmap_id": "way/300566802"}, "geometry": {"type": "Point", "coordinates": ["9.50253735", "47.00353655"]}}, {"type": "Feature", "properties": {"identifier": "55cc4c34-f88c-485b-af98-bb714a725ee8", "name": "Chalet T\u00e4nnli (CharmingStay)", "description": "Das Chalet T\u00e4nnli verf\u00fcgt \u00fcber zwei 3.5-Zimmerwohnungen direkt am Flumserberg Tannenboden.  Die Bergstation Tannenboden, Einkaufsm\u00f6glichkeiten und Restaurants befinden sich nur wenige Gehminuten von der Unterkunft entfernt. Vor dem Haus stehen pro Wohnung je ein Parkplatz zur Verf\u00fcgung. ", "url": "https://www.charmingstay.ch", "image": "https://hltpimtsoch.sos-ch-dk-2.exoscale-cdn.com/catalog/3/2/6/6/3266565e0e6e08f817c92599315e1bd0e01a9b0f_Chalet_T__nnli1.jpg", "openstreetmap_id": "way/294246280"}, "geometry": {"type": "Point", "coordinates": ["9.285302000000001", "47.09648525"]}}, {"type": "Feature", "properties": {"identifier": "560f4a01-b3e8-4ced-9574-f97fe4825fea", "name": "Haus Zanaiblick", "description": "Das Ferienhaus verf\u00fcgt \u00fcber zwei 2-Bett-Studios und liegt im sch\u00f6nen Valens. Ein kostenfreier Parkplatz geh\u00f6rt zu den Studios.\n\nDetails der einzelnen Ferienwohnungen\n- 2x 2-Bett-Studio im Parterre\n\nDie beiden hellen und gem\u00fctlich eingerichteten Studios verf\u00fcgen beide \u00fcber einen offenen Wohn-/Schlafraum mit zwei Betten, Sofa und Essbereich. In der kleinen Kochecke findet man alles was man braucht.", "image": "https://hltpimtsoch.sos-ch-dk-2.exoscale-cdn.com/catalog/a/9/8/2/a982d9b2482ce53f9c64ccb24680854f53bf6c89_Haus_Zanaiblick_1.jpg", "openstreetmap_id": "way/590842131"}, "geometry": {"type": "Point", "coordinates": ["9.478308357082327", "46.968177334268745"]}}, {"type": "Feature", "properties": {"identifier": "5624ca77-f03a-4159-b394-b309a87724ba", "name": "Ferienwohnung Steinr\u00f6schen", "description": "Die 3.5-Zimmerwohnung befindet sich mitten im Zentrum von Flumserberg Tannenbodenalp, gleich bei der Postautohaltestelle und in der N\u00e4he des Skilifts und Einkaufsm\u00f6glichkeiten. Zur Wohnung geh\u00f6rt ein kostenfreier Parkplatz.\n\nDie helle Wohnung ist gem\u00fctlich und komfortabel eingerichtet. Der Wohnraum sowie ein Schlafzimmer verf\u00fcgen \u00fcber einen Holzboden. Vom Wohnzimmer aus hat man Zugang zum m\u00f6blierten Wintergarten.", "url": "https://steinroeschen.ch/", "image": "https://hltpimtsoch.sos-ch-dk-2.exoscale-cdn.com/catalog/a/2/5/9/a2592e6dfa82608051d75da8198e063f1d5eec62_Steinr__schen_6.jpg", "openstreetmap_id": "way/294246316"}, "geometry": {"type": "Point", "coordinates": ["9.284847590473282", "47.0935765"]}}, {"type": "Feature", "properties": {"identifier": "5732e5a5-3e88-4e89-b6c6-ea76d3e512bf", "name": "Stellplatz Mapraggsee", "description": "Der Platz liegt am Waldrand und am L\u00e4uibach. Er verf\u00fcgt \u00fcber 6-7 Stellpl\u00e4tze f\u00fcr Wohnmobile, Wohnwagen, Vans oder Zelte. Er ist mit Schotter befestigt, verf\u00fcgt \u00fcber ein WC und eine Grillstelle mit Sitzm\u00f6glichkeiten. Vom Stellplatz aus f\u00fchren Wanderwege am See entlang, Richtung Valens/Vas\u00f6n und auf den V\u00e4ttnerberg. Der Dorfladen in Vas\u00f6n ist nur 1 km entfernt und zu Fuss in ca. 10 Minuten und mit dem Auto in 2 Minuten erreichbar.\n\nWir empfehlen den Stellplatz erst vor Ort zu bezahlen, da wir auch Barzahlung und Twint akzeptieren. Es kann vorab keine Garantie f\u00fcr die Verf\u00fcgbarkeit der Pl\u00e4tze gegeben werden, da diese nicht einzeln markiert sind. Wir bitten um Verst\u00e4ndnis.", "url": "https://valens-tourismus.ch/camping", "image": "https://hltpimtsoch.sos-ch-dk-2.exoscale-cdn.com/catalog/c/d/c/3/cdc3585c3d04ae5b28737e0fd0250a9ccf007adf_DSC_7212.jpg", "openstreetmap_id": "way/363320243"}, "geometry": {"type": "Point", "coordinates": ["9.479066133499147", "46.946666040688434"]}}, {"type": "Feature", "properties": {"identifier": "57883285-3525-402d-a6a2-5c2842db061d", "name": "Chalet Good ", "description": "Das Chalet mit zwei Wohnungen befindet sich in Flumserberg Tannheim nur ca. 5 Gehminuten von der Postautohaltestelle, Einkaufsm\u00f6glichkeiten, Seilbahn, Minigolf und Tennisplatz entfernt. Im Winter direkt an der Skipiste und im Sommer an den Wanderwegen. Ein kostenloser Parkplatz geh\u00f6rt zum Chalet dazu.\n\nDetails der einzelnen Ferienwohnungen\n- 1x 3.5-Zimmerwohnung im ersten Stock\n- 1x 2.5-Zimmerwohnung im Parterre\n\nDie Wohnungen verf\u00fcgen beide \u00fcber eine Wohnk\u00fcche mit grossem Esstisch, Eckbank und St\u00fchlen. Die K\u00fcche ist ausgestattet mit Kochherd, Backofen, K\u00fchlschrank, Kaffeemaschine, Toaster und Racletteofen. Badezimmer mit Dusche/WC.", "image": "https://hltpimtsoch.sos-ch-dk-2.exoscale-cdn.com/catalog/2/4/8/7/24878c5746a7810c56677e9170239b33974f813b_Sommer_Ansicht.jpg", "openstreetmap_id": "way/325408057"}, "geometry": {"type": "Point", "coordinates": ["9.30025019013009", "47.08918175"]}}, {"type": "Feature", "properties": {"identifier": "58d2abf4-ab13-4c17-93cf-91c462476920", "name": "Ferienwohnung Resort Walensee Nr. 99", "description": "Die 3.5-Zimmerwohnung beim Resort Walensee mit 99m2 befindet sich am sch\u00f6nen Walensee in der Ferienregion Heidiland. In nur 2 Minuten zu Fuss erreichen Sie das Restaurant Marina Walensee, sowie die Strandbar. Zum Schiffssteg sind es 3 Minuten zu Fuss, geniessen Sie eine Schifffahrt auf dem fjord\u00e4hnlichen Walensee unterhalb der Churfirstenkette. Einkaufsm\u00f6glichkeiten sind 5 Minuten zu Fuss entfernt.", "image": "https://hltpimtsoch.sos-ch-dk-2.exoscale-cdn.com/catalog/5/2/f/4/52f461d60b7ebfea0c1b0ad43d85bfc4385a0348_TDS00020012438967025_sized_800_0.jpg", "openstreetmap_id": "way/244424431"}, "geometry": {"type": "Point", "coordinates": ["9.256038013380152", "47.11484435"]}}, {"type": "Feature", "properties": {"identifier": "5a51b0aa-4289-4144-bb64-69c269f28551", "name": "Club Siesta Ferienwohnung/Studio", "description": "Zwei neu sanierte und m\u00f6bilierte 3-Zimmer-Wohnung mit 5 Betten (2+3), und ein ebenso neu saniertes Studio mit 2 Betten.\n\nEigene Parkpl\u00e4tze mit ganzj\u00e4hriger Zufahrt f\u00fcr PWs und Kleinbusse vor dem Haus. Spiel- und Liegewiese mit Aussengrill (Sommer). In Schrittn\u00e4he zur Prodalpbahn (Gondel), den Dorfl\u00e4den.", "url": "https://siesta.ch/", "image": "https://hltpimtsoch.sos-ch-dk-2.exoscale-cdn.com/catalog/4/f/f/e/4ffe1de7f4fae08f8a0e4e4db70bfcb3d1a1c7af_2Schlafzimmer_Studio.JPG", "openstreetmap_id": "way/437736051"}, "geometry": {"type": "Point", "coordinates": ["9.305129390625002", "47.08853685"]}}, {"type": "Feature", "properties": {"identifier": "5c4274d3-729b-485b-bd38-ad975924e408", "name": "Ferienwohnung Chriesil\u00f6ser", "description": "Die gem\u00fctliche und stilvoll eingerichtete 3.5-Zimmerwohnung liegt an sonniger Lage im historischen Kurort Bad Ragaz. Das Ortszentrum mit Gesch\u00e4ften und Restaurants sowie das Thermalbad, der Giessenpark und das Freibad sind in wenigen Gehminuten erreichbar.", "image": "https://hltpimtsoch.sos-ch-dk-2.exoscale-cdn.com/catalog/c/7/d/d/c7dd452a4c76182c25d72ea53b0e212ba0405bc0_Ferienwohnung_Chriesil__ser__1_.jpeg", "openstreetmap_id": "way/44961291"}, "geometry": {"type": "Point", "coordinates": ["9.502314413377373", "47.0124255"]}}, {"type": "Feature", "properties": {"identifier": "5d24d900-6d53-4191-b392-4d3adff63e6b", "name": "Haus Linaria (CharmingStay)", "description": "Gepflegte 3.5 Zimmerwohnung in Flumserberg-Mittenwald mit sehr grossem Gartensitzplatz. Gebaut wurde die Wohnung im Jahre 1974, wurde aber k\u00fcrzlich renoviert und hat 55m2. In unmittelbarer N\u00e4he zur Talstation Mittenwald. Virtueller 3D-Rundgang https://my.matterport.com/show/?m=3h4DvrLkh97  ", "url": "https://www.charmingstay.ch", "image": "https://hltpimtsoch.sos-ch-dk-2.exoscale-cdn.com/catalog/b/b/f/9/bbf957b758b11c548fba8057f91ec102a94fc50d_Haus_Linaria1.jpg", "openstreetmap_id": "way/325407995"}, "geometry": {"type": "Point", "coordinates": ["9.295494319019138", "47.0903293"]}}, {"type": "Feature", "properties": {"identifier": "5f750e48-f329-4e74-8577-6bcad85dbbf0", "name": "Chalet K\u00f6bi", "description": "<p>Das 4,5 -Zimmer Ferienhaus liegt an einer ausgesprochen ruhigen und idyllischen Lage in Flumserberg Tannenheim. Es bietet eine atemberaubende Aussicht auf die gegen&uuml;berliegende Bergkette sowie das Tal, das sich bis nach Sargans erstreckt. Ein Aussen-Parkplatz und ein Garagen-Parkplatz stehen zur Verf&uuml;gung. Die Talstation der Prodalp-Gondelbahn Tannenheim ist ca. 900 Meter entfernt.</p>", "image": "https://hltpimtsoch.sos-ch-dk-2.exoscale-cdn.com/catalog/5/0/4/7/5047950b84918c3313baf4fe37dbdfe84dd2e307_Chalet_Koebi_Sommer.jpg", "openstreetmap_id": "way/229138650"}, "geometry": {"type": "Point", "coordinates": ["9.3077706", "47.0833686"]}}, {"type": "Feature", "properties": {"identifier": "6283eeb7-6bad-480e-888d-1dce28d1e05c", "name": "Haus DOMO", "description": "<p><strong><span class=\"Apple-style-span\">DOMO - Ihre Wohlf&uuml;hloase in den Alpen, direkt am Flumserberg</span></strong></p>\n<p>Erleben Sie unvergessliche Bergferien - ob verschneite Wintertage oder sonnige Sommerwochen - in der charmanten Ferienwohnung DOMO, direkt am Flumserberg. Hier trifft alpiner Lifestyle auf gem&uuml;tliches Ambiente und atemberaubende Natur.</p>\n<p><strong><span class=\"Apple-style-span\">Aktivurlaub oder pure Entspannung? Bei uns geht beides.</span></strong><br>Skifahren, Snowboarden, Biken, E-Biken, Wandern oder einfach die Seele baumeln lassen - all das beginnt praktisch vor der Haust&uuml;r. Die Seilbahnstationen sind nur ca. 3 Gehminuten entfernt und bringen Sie entweder auf &uuml;ber 2.000 Meter H&ouml;he oder hinunter zum malerischen Walensee, flankiert von den imposanten sieben Churfirsten.</p>\n<p><span class=\"Apple-style-span\">Details zu den einzelnen Ferienwohnungen</span></p>\n<ul>\n<li>1x 3.5-Zimmerwohnung im Erdgeschoss mit Dusche/Terrasse, 4 Personen, 82m2</li>\n<li>1x 4.5-Zimmerwohnung im Obergeschoss mit Dusche/Balkon, 4 ( bis 6) Personen, 60m2</li>\n</ul>\n<p><strong><span class=\"Apple-style-span\">Wohnen mit Stil und Aussicht</span></strong><br>Die beiden Wohnungen des Hauses DOMO &uuml;berzeugen mit hellen R&auml;umen, stilvollen Vintage-M&ouml;beln und warmem Holzambiente. Geniessen Sie den einzigartigen Panoramablick auf die umliegenden Berge - ob vom gem&uuml;tlichen Wohnzimmer oder von der sonnigen Terrasse oder dem Balkon.</p>\n<p>Die Wohnungen bieten Raum f&uuml;r bis zu 4 (6) Personen und sind ideal f&uuml;r Paare, Familien oder Freunde, die gemeinsam Natur, Sport und Erholung geniessen m&ouml;chten.</p>\n<p>F&uuml;r Biker steht ein grosser, &uuml;berdachter Stellplatz zur Verf&uuml;gung und f&uuml;r E-Bike-Enthusiasten zudem gen&uuml;gend leicht zug&auml;ngliche Ansteckm&ouml;glichkeiten.<br>Die Wintersportbegeisterten wiederum haben einen abschliessbaren Skiraum und einen leistungsstarken Skischuhtrockner zur freien Verf&uuml;gung.</p>\n<p><strong><span class=\"Apple-style-span\">Technische Einrichtung</span></strong><br>TV und WLAN stehen in beiden Wohnungen kostenlos zur Verf&uuml;gung.</p>", "image": "https://hltpimtsoch.sos-ch-dk-2.exoscale-cdn.com/catalog/e/6/6/2/e6623e0f58b34707bdda74d38259caa0384d36f5_3_IMG_8769k.jpg", "openstreetmap_id": "way/294246333"}, "geometry": {"type": "Point", "coordinates": ["9.282718592111657", "47.093954749999995"]}}, {"type": "Feature", "properties": {"identifier": "635e0604-01ba-4371-b6d2-ac1f24ab59e4", "name": "Hotel Tannenboden", "description": "Das Hotel Tannenboden befindet sich eingebettet im Zentrum vom Tannenboden am Flumserberg. Nur 150 Meter von den n\u00e4chsten Skipisten und Skiliften entfernt. Ebenfalls liegen Wanderwege, Bikerstrecken und Einkaufsm\u00f6glichkeiten in unmittelbarer N\u00e4he. So ist das Hotel Tannenboden f\u00fcr Ruhesuchende, Aktive und Geniesser der ideale Ausgangsort f\u00fcr ein paar Tage Urlaub.", "url": "http://www.tannenboden.ch", "image": "https://hltpimtsoch.sos-ch-dk-2.exoscale-cdn.com/catalog/6/c/0/9/6c09b7d3eb1d67d7a035615044c3aa851ae6278f_IMG_1229.jpg", "openstreetmap_id": "way/294246358"}, "geometry": {"type": "Point", "coordinates": ["9.286605903128759", "47.09299215"]}}, {"type": "Feature", "properties": {"identifier": "638e1245-980d-4efe-96b6-a6f6ec824a6d", "name": "Waldcamping Landquart AG", "description": "Idyllisches Camping in einem F\u00f6hrenwald, mit Stellpl\u00e4tzen sowie Mietunterk\u00fcnften ausgestattet. Es erwartet Sie ein gem\u00fctliches Bistro, ein heimeliger TV/Aufenthaltsraum, ein cooler Kinderspielplatz mit Wasserspiel, Tischtennis, Trampolin, Gartenschach, ein kleiner Shop direkt neben dem Platz und ein gutes Restaurant \"Sandplatz\" in unmittelbarer N\u00e4he. Alles, was Sie f\u00fcr einen entspannenden Aufenthalt ben\u00f6tigen.\n\nN\u00fctzliche G\u00e4stehinweise\nIn der N\u00e4he befindet sich das Heididorf oberhalb von Maienfeld, die Ortschaft Bad Ragaz mit Tamina Therme, zwei erstklassige Golfpl\u00e4tze, das Wander- und Schneesportgebiet Pizol oder die Taminaschlucht. Der Platz ist zudem ein idealer Ausgangspunkt f\u00fcr sch\u00f6ne Fahrrad- und Biketouren. Die Gegend gilt als Gleitschirmparadies und ist ideal zum Inlineskaten, Klettern und Wandern. Als Hauptort der Rh\u00e4tischen Bahn ist der Waldcamping Landquart bei Eisenbahnfans ein wichtiger Ausgangspunkt.", "url": "http://www.waldcamping.ch/", "image": "https://hltpimtsoch.sos-ch-dk-2.exoscale-cdn.com/catalog/5/f/d/f/5fdf219ce9688039bc5af229c8256d107271d707_20190818_084837__3.jpg", "openstreetmap_id": "way/432689456"}, "geometry": {"type": "Point", "coordinates": ["9.59385395050049", "46.970691710268156"]}}, {"type": "Feature", "properties": {"identifier": "63959f90-5175-4d4a-ab85-73a0baea3297", "name": "Chalet Iris", "description": "Die 4-Zimmerwohnung befindet sich an sonniger Lage in Flumserberg Tannenheim im Quartier Anggetlin, mit herrlicher Aussicht auf die Churfirsten. Die Talstation Tannenheim ist nur 700 m entfernt. Vor dem Haus stehen zwei kostenlose Parkpl\u00e4tze zur Verf\u00fcgung.\n\nDie Ferienwohnung ist gem\u00fctlich eingerichtet und auf zwei Etagen eingeteilt. Die W\u00e4nde in der ganzen Wohnung sind get\u00e4felt. Zur Wohnung geh\u00f6rt eine grosse Terrasse mit Liegestuhl.", "image": "https://hltpimtsoch.sos-ch-dk-2.exoscale-cdn.com/catalog/3/5/5/f/355f85795d70cf8c51b6c2b06e45d6b045cce5ae_Iris_Aussen_top__2_.JPG", "openstreetmap_id": "way/229138649"}, "geometry": {"type": "Point", "coordinates": ["9.3075603", "47.0835366"]}}, {"type": "Feature", "properties": {"identifier": "63b350b4-e38f-4b0a-92ba-67be9f47b5c9", "name": "Ferienwohnung Tobelbachstr. 11", "description": "Die moderne, heimelige 4.5-Zimmerwohnung in Flumserberg Tannenheim, wurde 2021 umfangreich saniert und neu eingerichtet. Die Wohnung befindet sich in unmittelbarer N\u00e4he zu Skilift und Hallenbad (3 Gehminuten) an ruhiger Lage mit einmaliger Aussicht auf die Berge. Ein kostenloser Parkplatz steht zur Verf\u00fcgung.", "image": "https://hltpimtsoch.sos-ch-dk-2.exoscale-cdn.com/catalog/e/8/7/5/e875b23ec5628a52761a70659bb332eed1ef9f6c_Aussenansicht.jpg", "openstreetmap_id": "way/383761297"}, "geometry": {"type": "Point", "coordinates": ["9.2978742", "47.09113455"]}}, {"type": "Feature", "properties": {"identifier": "640c2715-7005-4119-8431-662afeba67a3", "name": "Haus zur Tanne (CharmingStay)", "description": "Die sch\u00f6ne 2.5-Zimmerwohnung im Haus zur Tanne befindet sich im Zentrum von Tannenboden an einer top Lage und als Ausgangsstandort f\u00fcr Skifahren, Biken und Wandern. In nur weniger als 5 Gehminuten zum Skilift und Sammelplatz der Skischule. Die Ferienwohnung hat einen eigenen grossen Gartensitzplatz mit Mobiliar im Sommer und bietet eine wundersch\u00f6ne Aussicht auf die Bergketten. ", "url": "https://www.charmingstay.ch", "image": "https://hltpimtsoch.sos-ch-dk-2.exoscale-cdn.com/catalog/e/8/2/0/e820eedbc73db356326a4f016982135669d0a2a3_06_Badezimmer.jpg", "openstreetmap_id": "way/258942562"}, "geometry": {"type": "Point", "coordinates": ["9.287063300000003", "47.091816300000005"]}}, {"type": "Feature", "properties": {"identifier": "64c77d21-4d61-4597-b69e-5c00248b2b99", "name": "Terrassenwohnung im St\u00e4deli", "description": "<p>Modern, sonnig und naturnah \u2013 diese 3\u00bd-Zimmer-Ferienwohnung (68\u202fm\u00b2) mit grosser S\u00fcdterrasse (24\u202fm\u00b2) bietet alles, was das Herz von Erholungssuchenden und Naturliebhabern begehrt.</p><p>Die ruhige Lage mit traumhafter unverbaubarer Aussicht auf das Taminatal und den Calanda, der Komfort einer modernen Ausstattung und die N\u00e4he zum Ski- und Wandergebiet Pizol machen diese Wohnung zur perfekten Ferienadresse \u2013 nur 75 Autominuten von Z\u00fcrich entfernt!</p>\n\n<p>Highlights auf einen Blick: \n* Helles Wohnzimmer mit Panoramafenstern\n* Essbereich mit ausziehbarem Glastisch f\u00fcr 4 Personen \n* Voll ausgestattete K\u00fcche\n* 2 Schlafzimmer (1x offen)\n* Modernes Bad mit Dusche \n* Sonnenterrasse mit Gartenm\u00f6beln \n* Gratis WLAN\n* Gratis Tiefgaragenplatz, Skiraum, Lift ab Garage \n* Waschk\u00fcche im Haus (gegen Geb\u00fchr) \n* 1-2 Hunde (je nach Gr\u00f6sse) willkommen (bitte Hunderegeln beachten)</p>\n\n<p>Lage & Umgebung: Die Wohnung liegt in Valens, einem idyllischen Kurort oberhalb von Bad Ragaz. Nur wenige Minuten entfernt befindet sich die renommierte Rehaklinik Valens \u2013 ideal f\u00fcr Begleitpersonen oder Kuraufenthalte. Das Skigebiet Pizol ist in nur 15 Minuten erreichbar.</p>\n\n<p>Nahegelegene Skigebiete: \n* Pizol: 15 Minuten * Flumserberg: 34 Minuten * Lenzerheide: 45 Minuten * Laax/Flims: 50 Minuten Folgende Winteraktivit\u00e4ten warten auf Euch: -Skifahren und Snowboarden -Airborden -Schlitteln -Eislaufen -Eisstockschiessen -Langlaufen -Schneeschuhlaufen -Fitness und verschiedene Kursangebote und vieles mehr. <p>Im Sommer l\u00e4dt die Region zum Wandern, Biken, Golfen, Schwimmen oder einfach Geniessen ein. Die Ferienregion Heidiland bietet das ganze Jahr hindurch ein breites Freizeitangebot wie: -Wandern -Mountainbiking -Inlineskating am Rhein -Boccia -Minigolf -Golf -Schwimmen -Tennis und vieles mehr.</p>\n\n<p>Besonderheiten: \nDie Nichtraucherwohnung (Rauchen auf der Terrasse erlaubt) bietet ein entspanntes Umfeld f\u00fcr Paare, Familien sowie Begleitpersonen von Kurg\u00e4sten. Check-in ist ab 15:00 Uhr, Check-out bis 10:00 Uhr; in Valens gibt es keinen Lebensmittelladen, daher wird der Einkauf in Bad Ragaz empfohlen.</p>\n\n<p>Ob f\u00fcr aktive Bergferien, entspannte Wellness-Tage oder als ruhiger R\u00fcckzugsort \u2013 diese stilvolle Ferienwohnung in Valens bietet Ihnen Bergfeeling pur.</p>\n\n<p>\ud83d\udcc5 Jetzt buchen & unvergessliche Tage in den Schweizer Alpen erleben!</p>", "image": "https://hltpimtsoch.sos-ch-dk-2.exoscale-cdn.com/catalog/f/0/7/4/f074e2a217faf970a55456c4d670f33eebaa5572_IMG_8124.jpeg", "openstreetmap_id": "way/590842132"}, "geometry": {"type": "Point", "coordinates": ["9.475316405296327", "46.965958647877"]}}, {"type": "Feature", "properties": {"identifier": "65b3464d-7ea0-4a1a-a8a4-27f5bc7bd105", "name": "Haus Meierh\u00fcsli - Ferienwohnung", "description": "Das moderne Studio befindet sich mitten im Dorfkern von Malans an ruhiger Lage. Zum Studio steht ein abschliessbarer Raum f\u00fcr Velos, Skis oder andere Sportger\u00e4te zur Verf\u00fcgung.\n\nDas kleine, feine Studio (Baujahr 2012) ist liebevoll und sehr modern eingerichtet. Es verf\u00fcgt \u00fcber einen eigenen Eingang sowie einen Sitzplatz mit Gartenst\u00fchlen und einen Tisch. und einem abschliessbarem Raum f\u00fcr Sportger\u00e4te", "url": "http://www.bnb-meierhuesli.ch", "image": "https://hltpimtsoch.sos-ch-dk-2.exoscale-cdn.com/catalog/a/6/4/0/a6406f664d63e1707aba1ef2dd205cc2521cf5ef_Haus_Meierh__sli__9_.jpg", "openstreetmap_id": "way/232221584"}, "geometry": {"type": "Point", "coordinates": ["9.576165530670995", "46.981429399999996"]}}, {"type": "Feature", "properties": {"identifier": "66ea4a83-3d8b-44dd-b753-934ff3c956e6", "name": "Chalet Tobeleck (CharmingStay)", "description": "Das Chalet befindet sich in Flumserberg Tannenheim mit sch\u00f6ner Aussicht auf die Churfirsten und die Alvierkette. Es ist als 3.5-Zimmerwohnung oder 4.5-Zimmer-Maisonette-Wohnung (ganzes Chalet) mietbar. Unterhalb des Chalets stehen zwei Parkpl\u00e4tze kostenlos zur Verf\u00fcgung.\n\nDetails der einzelnen Ferienwohnungen\n- 1x 3.5-Zimmerwohnung im Obergeschoss\n- 1x 4.5-Zimmer-Maisonette-Wohnung (ganzes Chalet)\n\nBeide Ferienwohnungen sind komfortabel und zeitgem\u00e4ss eingerichtet und verf\u00fcgen \u00fcber ein gem\u00fctliches, offenes Wohnzimmer mit zwei Sofas, Lesesessel und Flachbild-TV sowie einen Essbereich mit Esstisch, Eckbank und St\u00fchlen. Eine moderne K\u00fcche mit Kochherd, Backofen, K\u00fchlschrank, Geschirrsp\u00fcler, Kaffee-/Wasserkocher, Toaster. Badezimmer mit Dusche/WC.", "url": "https://www.charmingstay.ch", "image": "https://hltpimtsoch.sos-ch-dk-2.exoscale-cdn.com/catalog/a/e/f/a/aefa1d6e35633f80f8fa28bdad0c5fc6e731e758_image00007.jpeg", "openstreetmap_id": "way/182426761"}, "geometry": {"type": "Point", "coordinates": ["9.303805232048036", "47.083887260394604"]}}, {"type": "Feature", "properties": {"identifier": "678802ba-14f0-48d0-83d6-ab84ba894d99", "name": "G\u00e4stezimmer Cantunada", "description": "Das Heidi Romantik-Zimmer im Weingut Cantunada, ausgestattet mit einem herrlichen Doppelbett, finden Sie in einem 300-j\u00e4hrigen Herrschaftshaus inmitten des St\u00e4dtchens Maienfeld. Das Gew\u00f6lbe verleiht dem Zimmer viel Charme und speziellen Charakter. Das Badezimmer mit Dusche/WC befindet sich ausserhalb des Zimmers, ist aber zur alleinigen Nutzung.", "image": "https://hltpimtsoch.sos-ch-dk-2.exoscale-cdn.com/catalog/f/2/d/d/f2dde83dc336c3ec5941cb9948d0703d3c67cbed_IMG_4671.jpg", "openstreetmap_id": "way/1267069860"}, "geometry": {"type": "Point", "coordinates": ["9.531193904743692", "47.0084622"]}}, {"type": "Feature", "properties": {"identifier": "68ecbd97-0664-4a57-b8de-0a8feb4db384", "name": "Ferienwohnung Andrea", "description": "Die 2 \u00bd Zimmerwohnung liegt ruhig am Waldrand, nur ca. 800 m vom Dorfzentrum Mels entfernt. Wander- und Fahrradwege liegen in unmittelbarer N\u00e4he und bis zum Ski- und Wandergebiet Pizol sind es nur wenige Fahrminuten. Ein Parkplatz steht kostenfrei zur Verf\u00fcgung.\n\nDie Wohnung liegt im Parterre und ist modern und komfortabel eingerichtet. Das Wohnzimmer und das Schlafzimmer verf\u00fcgen \u00fcber einen Parkettboden.", "image": "https://hltpimtsoch.sos-ch-dk-2.exoscale-cdn.com/catalog/5/2/2/0/5220bcab1d2d50dd21fabd78f958cda55493fa11_Ferienwohnung_Andrea__1_.jpg", "openstreetmap_id": "way/410668093"}, "geometry": {"type": "Point", "coordinates": ["9.41401166008065", "47.052833199999995"]}}, {"type": "Feature", "properties": {"identifier": "68ff6816-75cc-46b4-a6ae-142656ac56f6", "name": "Haus Margrithli, Furt", "description": "Hausteil direkt bei Ski-/ Sessellift und Bahn-Bergstation. Sonnenterrasse mit Ausblick ins Rheintal, Churfirsten. Im Sommer Parkplatz. SAT-TV.\nKomplette K\u00fcche mit grossem K\u00fchlschrank, 3 Kochplatten, Backofen, Mikrowelle und gen\u00fcgend Schr\u00e4nken.", "image": "https://hltpimtsoch.sos-ch-dk-2.exoscale-cdn.com/catalog/0/8/e/1/08e122dbf56d4e5441ca970d1290f25bdd8f8f98_Bilder_2010_008.jpg", "openstreetmap_id": "node/240092143"}, "geometry": {"type": "Point", "coordinates": ["9.424209594726564", "47.004831632997345"]}}, {"type": "Feature", "properties": {"identifier": "697c04d5-cc19-4b57-ab49-585587d1c5ff", "name": "Tschudiboden (3 Wohnungen)", "description": "Das Ferienhaus befindet sich an ruhiger Lage in Flumserberg Tannenheim mit traumhafter Aussicht auf die Churfirsten und die Alvierkette. Kostenlose Parkpl\u00e4tze befinden sich vor dem Haus.\n\nDetails der einzelnen Ferienwohnungen\n- 1x 2 Zimmerwohnung im Parterre\n- 1x 3.5 Zimmerwohnung im Obergeschoss\n- 1x 4 Zimmerwohnung im Mittelgeschoss\n\nAlle drei Ferienwohnungen sind gem\u00fctlich eingerichtet und verf\u00fcgen \u00fcber ein Wohnzimmer mit Sofa, Schlafgelegenheit und Flachbild-TV, ein Essbereich mit Esstisch, Bank und St\u00fchlen sowie eine kleine K\u00fcche mit allem was man braucht. Badezimmer mit WC, Badewanne oder Dusche.", "image": "https://hltpimtsoch.sos-ch-dk-2.exoscale-cdn.com/catalog/f/8/c/d/f8cd701c581f3d0265f9c24adf25e54492f11f59_20241221_101245.jpg", "openstreetmap_id": "way/205538804"}, "geometry": {"type": "Point", "coordinates": ["9.297269618489583", "47.09376955"]}}, {"type": "Feature", "properties": {"identifier": "6b33a4cb-ea2c-4a43-b489-c0b121c15d44", "name": "Chalet Marlies Tannenboden", "description": "Das Holzchalet befindet sich an sonniger Lage in Flumserberg Tannenbodenalp, mit sch\u00f6ner Aussicht auf die Berge. Die Busstation, Bergbahnen, Skilift und Einkaufsm\u00f6glichkeiten sind zu Fuss erreichbar. Zum Haus geh\u00f6rt ein Aussenparkplatz.\n\nDie Wohnung ist zweckm\u00e4ssig eingerichtet und verf\u00fcgt \u00fcber einen Wohnbereich mit Sofa und eine Kochgelegenheit. Bad mit Dusche und WC.", "image": "https://hltpimtsoch.sos-ch-dk-2.exoscale-cdn.com/catalog/d/4/8/7/d487a4706f278303c7af3f51934f0926209cd5e4_Chalet_Marlies_2.jpg", "openstreetmap_id": "way/325408051"}, "geometry": {"type": "Point", "coordinates": ["9.295423296060036", "47.0913222"]}}, {"type": "Feature", "properties": {"identifier": "6fb7de46-dbbb-4881-91c4-a77383f4dc01", "name": "Haus Wiesengr\u00fcn", "description": "Das Haus Wiesengr\u00fcn liegt an sehr ruhiger Lage, mit traumhafter Aussicht auf die Churfirsten und nur 10 Gehminuten von den Bergbahnen, den L\u00e4den und der Pizzeria Tannenheim entfernt.\nDas Haus Wiesengr\u00fcn ist modern und familienfreundlich eingerichtet und verf\u00fcgt \u00fcber eine Garage, sowie einen Abstellplatz. Es ist ein Nichtraucher Ferienhaus. Im Winter empfehlt es sich Schneeketten dabei zu haben.\n\nIm 2013 neu erstellten Obergeschoss hat es ein ger\u00e4umiges Familienzimmer mit einem Doppelbett, einem Kaj\u00fcttenbett und einem Einzelbett und zwei kleinere Zimmer mit je zwei Einzelbetten.\nIm Erdgeschoss befindet sich ein weiteres Schlafzimmer mit einem Doppelbett. Es steht zudem ein Babybett zur Verf\u00fcgung. Bettw\u00e4sche ist auf Wunsch vorhanden. Im Wohnzimmer gibt es einen Schwedenofen (Holz im Keller), ein Radio und ein Fernsehger\u00e4t. Die grosse K\u00fcche ist komplett ausgestattet (Fondue, Raclette, usw.) und verf\u00fcgt \u00fcber eine Geschirrsp\u00fclmaschine, einen Kaffee-Vollautomaten und einen grossen K\u00fchlschrank.", "url": "http://www.wiesengruen.ch", "image": "https://hltpimtsoch.sos-ch-dk-2.exoscale-cdn.com/catalog/1/4/3/8/1438660bae68fab8301146ee5b66a802cf0aaeea_Haus_Wiesengr__n_1.jpg", "openstreetmap_id": "way/205538788"}, "geometry": {"type": "Point", "coordinates": ["9.297662901888673", "47.0935892"]}}, {"type": "Feature", "properties": {"identifier": "6ff9664e-741a-4e74-aaa8-e807eb9899a0", "name": "Chalet am Tobelbach", "description": "Dank der genialen Lage des Hauses bleibt ihr Auto w\u00e4hrend des Aufenthaltes stehen. Mit den Skiern erreichen Sie die Talstation der Gondelbahn Tannenheim direkt vom Haus aus. Nach einem Skitag fahren Sie bequem wieder von der Piste zu Ihrem heimeligen Feriendomizil.  \nEine Strasse f\u00fchrt das ganze Jahr direkt zum Chalet, wo Ihnen drei bis max. 4 Parkpl\u00e4tze direkt beim Haus zur Verf\u00fcgung stehen. Gem\u00fctlichkeit ist f\u00fcr Ihren Aufenthalt garantiert. \n\nDas Haus verf\u00fcgt \u00fcber 3 holzvert\u00e4felte Schlafzimmer (zwei mit Doppelbett, eines mit Kaj\u00fctenbetten), ein Badezimmer mit Dusche, Closomat und Doppellavabo sowie ein weiteres separates WC. In der ger\u00e4umigen, voll eingerichtete K\u00fcche macht kochen sogar im Urlaub Spass und der grosse ausziehbare Esstisch mit gem\u00fctlicher Eckbank eignet sich bestens f\u00fcr gesellige Abende mit Familie und Freunden. Highlight ist der grossz\u00fcgige und offene Wohnbereich mit herrlicher unverbauter Aussicht auf die Alivierkette, die Churfirsten und freiem Blick \u00fcber das Sarganserland.", "image": "https://hltpimtsoch.sos-ch-dk-2.exoscale-cdn.com/catalog/a/a/4/0/aa40bf06a0bb6a9f9b65f4d0492a98712cb17197_Chalet_am_Tobelbach_1.jpg", "openstreetmap_id": "way/413154705"}, "geometry": {"type": "Point", "coordinates": ["9.305036144322598", "47.083694513636374"]}}, {"type": "Feature", "properties": {"identifier": "72030e12-42cf-479b-ab74-ef8a8ed0a479", "name": "Ferienhaus Fisch", "description": "Gem\u00fctliches 2.5-Zimmer-Ferienhaus im Kurort Bad Ragaz an sonniger und ruhiger Lage, mit Chemin\u00e9e im Wohnzimmer. \n\nDie moderne K\u00fcche ist komplett ausgestattet und verf\u00fcgt u.a. \u00fcber einen Geschirrsp\u00fcler. Das Badezimmer und ein separates WC mit Lavabo sind ebenfalls frisch renoviert. \n\nDas Ferienhaus befindet sich in Gehdistanz zum historischen Dorfzentrum und verf\u00fcgt \u00fcber einen Gartensitzplatz sowie einen eigenen Autoabstellplatz.", "image": "https://hltpimtsoch.sos-ch-dk-2.exoscale-cdn.com/catalog/f/7/6/0/f7604f35acbf8bb0023880bb8e13d3f1e0795f54_IMG_6008a.JPG", "openstreetmap_id": "way/118979559"}, "geometry": {"type": "Point", "coordinates": ["9.502379894256594", "47.00372544437181"]}}, {"type": "Feature", "properties": {"identifier": "75cf4e58-21d1-472c-8aa6-9e3aaf604dde", "name": "Haus Mezzaselva (CharmingStay)", "description": "Die 2-Zimmerwohnung befindet sich in einem 2007 erbauten Mehrfamilienhaus an ruhiger aber zentraler Lage und fantastischer Aussicht auf die Churfirsten. Einkaufsm\u00f6glichkeiten, Skilift, Schlittenbahn, Hallenbad und Wanderwege befinden sich in direkter Umgebung. Zur Wohnung geh\u00f6rt ein kostenloser Tiefgaragenplatz.\n\nDie Wohnung ist modern und komfortabel eingerichtet. Die ganze Wohnung ist mit einem Plattenboden ausgestattet. Die Fussbodenheizung sorgt f\u00fcr ein angenehmes Raumklima. Zur Wohnung geh\u00f6rt eine m\u00f6blierte Terrasse mit herrlicher Panoramaaussicht.", "url": "https://www.charmingstay.ch", "image": "https://hltpimtsoch.sos-ch-dk-2.exoscale-cdn.com/catalog/6/d/e/a/6deae09fd00512684b616268df209b30e31461a0_Haus_Mezzaselva_Wohn_Essbereich.JPG", "openstreetmap_id": "way/194824444"}, "geometry": {"type": "Point", "coordinates": ["9.297152550000007", "47.089659749999996"]}}, {"type": "Feature", "properties": {"identifier": "765f21fc-739d-42e7-a514-92317ce958c8", "name": "Haus Edelweiss", "description": "Das Haus Edelweiss befindet sich im Ski- und Wandergebiet Pizol auf Pardiel. Direkt neben der Bergstation der Gondelbahn Bad Ragaz, mit direktem Zugang von der 8er Gondelbahn liegt das Haus auf 1&#039;630m \u00fc. M. Im Sommer/Herbst ein herrlicher Ausgangspunkt zu vielen Wanderungen und Erlebnissen am Pizol. Im Winter direkt an 43 Pistenkilometern gelegen. Die drei Ferienwohnungen sind modern und gem\u00fctlich eingerichtet.", "url": "http://www.pizol.com", "image": "https://hltpimtsoch.sos-ch-dk-2.exoscale-cdn.com/catalog/0/f/e/7/0fe79218da2bbafedca7a0eb98d0ceca2c79b209_Ferienwohnungen_Haus_Edelweiss_Alpenr__sli_cr_Riccardo_G__tz__2_.jpg", "openstreetmap_id": "node/4301387458"}, "geometry": {"type": "Point", "coordinates": ["9.46451783180237", "46.98960617968337"]}}, {"type": "Feature", "properties": {"identifier": "7663e752-ce38-49ed-9597-6fc839771c7a", "name": "Ferienwohnung Casa Riposo", "description": "Die 6.5-Zimmerwohnung steht sehr zentral und doch ruhig am Waldrand in Flumserberg Tannenheim. Die Talstation Prodalp-Express, Bushaltestelle, Einkaufsm\u00f6glichkeiten und Restaurants sind in 5 Gehminuten erreichbar. Die Wohnung liegt im ersten Stock und ist \u00fcber eine Aussentreppe erreichbar. Zur Wohnung geh\u00f6ren 2  Aussenparkpl\u00e4tze. Weitere Parkpl\u00e4tze befinden sich bei den Bergbahnen Tannenheim, welche kostenpflichtig sind.\n\nDie Ferienwohnung ist sehr gem\u00fctlich, komfortabel und modern eingerichtet. Der Wohn- und Schlafbereich ist mit einem sch\u00f6nen Holzboden ausgestattet. Zur Wohnung geh\u00f6rt zudem ein Balkon.\nZur Wohnung geh\u00f6ren 2 Parkpl\u00e4tze die restlichen Autos k\u00f6nnen bei den Bergbahnen Parkiert werden auf kosten der Mieter,", "url": "http://www.casa-riposo.ch/", "image": "https://hltpimtsoch.sos-ch-dk-2.exoscale-cdn.com/catalog/8/1/7/a/817ace9a42fcc1a2d9f7923d731b8357df0cc5b8_Wohnzimmer.jpg", "openstreetmap_id": "way/325407996"}, "geometry": {"type": "Point", "coordinates": ["9.300026492074048", "47.0912043"]}}, {"type": "Feature", "properties": {"identifier": "76daeeca-59a0-46ec-8212-82859e4c33b6", "name": "Haus Gimpel", "description": "Die 3.5 Zimmerwohnung befindet sich an ruhiger Lage in Flumserberg Tannenheim mit herrlicher Aussicht. Bis zur Talstation der Prodalp-Gondelbahn, Restaurants und Einkaufsm\u00f6glichkeiten sind es ca. 900 m. Zur Wohnung geh\u00f6rt ein kostenloser Parkplatz. Vom Parkplatz f\u00fchrt eine l\u00e4ngere Treppe abw\u00e4rts zum Haus.\n\nDie Wohnung ist heimelig mit viel Holz eingerichtet. Der Schwedenofen im Wohnbereich macht den Aufenthalt sehr gem\u00fctlich. Die ganze Wohnung verf\u00fcgt \u00fcber einen Teppichboden.", "image": "https://hltpimtsoch.sos-ch-dk-2.exoscale-cdn.com/catalog/6/f/d/8/6fd8ee986d7e87e5f55c7297a9523a9be4d00d61_Haus_Gimpel_1.jpg", "openstreetmap_id": "way/413154700"}, "geometry": {"type": "Point", "coordinates": ["9.3083221", "47.084048"]}}, {"type": "Feature", "properties": {"identifier": "77017b65-a7c8-4873-b21f-7c1e97cbd7f2", "name": "Casa Mia Pardiel", "description": "<p>Die Unterkunft befindet sich im Herzen vom Skigebiet Pizol, direkt neben der Schwammpiste auf der H&ouml;he von 1'633 m.&uuml;.M. Der Weg ins Casamia beginnt am Parkplatz der Pizolbahn Bad Ragaz. Von dort aus geht es mit der bequemen 8er Gondel hoch zur Mittelstation. Von hier sind es zu Fuss (im Winter mit Schneeschuhen) nur noch wenige Gehminuten. Das Haus bietet einen sehr hohen Qualit&auml;tsstandard mit Platz f&uuml;r bis zu sechs Personen. Ideal f&uuml;r Ferien mit der ganzen Familie.</p>", "url": "https://casamiapardiel.ch/", "image": "https://hltpimtsoch.sos-ch-dk-2.exoscale-cdn.com/catalog/9/7/8/b/978b23dbe7d34d145a8740c253f7b55169558cb8_Wohnbereich.jpg", "openstreetmap_id": "node/4301387458"}, "geometry": {"type": "Point", "coordinates": ["9.461942911148073", "46.99073977678801"]}}, {"type": "Feature", "properties": {"identifier": "78944b14-056f-4bcf-a8df-7cc72a3d9961", "name": "Haus Panorama Hak (CharmingStay)", "description": "Die 4.5-Zimmerwohnung befindet sich in Flumserberg Tannenheim, sehr nahe der Bergbahn Prodalp-Express und bietet eine sch\u00f6ne Aussicht auf die Churfirsten. Zur Wohnung geh\u00f6rt ein kostenloser Garagenplatz.  \n\nDie grossz\u00fcgige Wohnung im zweiten Stock ist zweckm\u00e4ssig eingerichtet. Sch\u00f6ne Landschaftsbilder zieren die W\u00e4nde. Die Wohnung verf\u00fcgt \u00fcber zwei Balkone mit Morgen- und Abendsonne.", "url": "https://www.charmingstay.ch", "image": "https://hltpimtsoch.sos-ch-dk-2.exoscale-cdn.com/catalog/2/3/c/3/23c33307587e9a277a1f4d9dfa2cddd97df04c1d_Panorama_B___Woh._Hak__8_.jpg", "openstreetmap_id": "way/194824434"}, "geometry": {"type": "Point", "coordinates": ["9.304051995277407", "47.08981171315592"]}}, {"type": "Feature", "properties": {"identifier": "79bb1f5e-0286-4c41-9539-f3e0f3c2df0c", "name": "Casa Terza (CharmingStay)", "description": "Die wundersch\u00f6ne und gem\u00fctliche 4.5-Zimmerwohnung befindet sich an Top-Lage bei der Tannenbodenalp. Innerhalb von wenigen Gehminuten erreichen Sie die Talstation Tannenbodenalp, die Skischule, Restaurants, Sportgesch\u00e4fte sowie den Seejet. Zur Wohnung geh\u00f6ren zwei Aussenparkpl\u00e4tze (im Winter ein Aussenparkplatz). ", "url": "https://www.charmingstay.ch", "image": "https://hltpimtsoch.sos-ch-dk-2.exoscale-cdn.com/catalog/a/5/b/c/a5bce863388d530852b3976b3ec1d9506e511f78_Casa_Terza_Essbereich.JPG", "openstreetmap_id": "way/228797644"}, "geometry": {"type": "Point", "coordinates": ["9.281828953094703", "47.0936342"]}}, {"type": "Feature", "properties": {"identifier": "7ae30204-b35c-4cb2-b212-e5d27f57b440", "name": "Studio Brisblick (CharmingStay)", "description": "Die 1.5-Zimmerwohnung liegt sehr ruhig in Tannenboden Dorf mit sch\u00f6ner Sicht auf die Churfirsten und die Alvierkette. Zur Wohnung geh\u00f6rt ein kostenfreier Parkplatz.\n\nDas Studio im Parterre mit Terrasse ist einfach eingerichtet, mit allem, was man braucht.\nHaustiere sind erlaubt.", "url": "http://www.charmingstay.ch", "image": "https://hltpimtsoch.sos-ch-dk-2.exoscale-cdn.com/catalog/3/6/3/0/3630cd8b64e05dc1c4fb85aa6e975bfd30c43531_Brisiblick_Studio_3.jpg", "openstreetmap_id": "way/228845302"}, "geometry": {"type": "Point", "coordinates": ["9.287214050000003", "47.092078900000004"]}}, {"type": "Feature", "properties": {"identifier": "7bdb2c63-7137-4596-81d8-649248f58650", "name": "Ferienwohnungen Resort Walensee 129 & 130", "description": "Die Ferienwohnungen Nr. 129 & 130 vom Haus A3 im Walensee Resort in Unterterzen haben eine wundersch\u00f6ne Aussicht auf den Walensee und die umliegenden Churfirsten. Die Ferienwohnungen sind ein idealer Ausgangspunkt f\u00fcr Wanderausfl\u00fcge sowie See- und weitere Outdooraktivit\u00e4ten. Die ruhig gelegenen Wohnungen sind nur wenige Meter vom Bahnhof, den Bergbahnen sowie den n\u00e4chsten Einkaufsm\u00f6glichkeiten entfernt.\n\nDetails der einzelnen Ferienwohnungen\n- 1x 4.5-Zimmerwohnung Penthouse im 3. Stock\n- 1x 4.5-Zimmerwohnung im 2. Stock\n\nDie Wohnungen verf\u00fcgen beide \u00fcber einen ger\u00e4umigen und gem\u00fctlichen Wohnraum. Die gesamte Wohnung ist sehr modern und mit pflegeleichtem Parkett eingerichtet. Beide Wohnungen verf\u00fcgen \u00fcber 3 Schlafzimmer sowie 2 separate Badezimmer mit Bad, Dusche, WC sowie einer Sauna.", "image": "https://hltpimtsoch.sos-ch-dk-2.exoscale-cdn.com/catalog/a/f/9/b/af9b51baa7d6ddaa6ca6803bb30a77a16c7b0be0_14.jpg", "openstreetmap_id": "way/54890534"}, "geometry": {"type": "Point", "coordinates": ["9.257302298223717", "47.115411699999996"]}}, {"type": "Feature", "properties": {"identifier": "7ce911ac-e81e-4073-a676-0f6f5d7f2984", "name": "Appartmenthaus Quadern (A302)", "description": "Das Appartementhaus Quadern befindet sich im Dorfzentrum von Valens, in unmittelbarer N\u00e4he zur Reha-Klinik. Das ruhig gelegene Mehrfamilienhaus verf\u00fcgt \u00fcber eine grossz\u00fcgige Umgebung. Die Ferienwohnung ist im Geb\u00e4ude mit 32- Eigentumswohnungen integriert. Wenige Schritte vom Haus entfernt befinden sich Einkaufsm\u00f6glichkeiten sowie Postautohaltestellen. Durch die hervorragende Erreichbarkeit ab Bad Ragaz \u00fcber die gr\u00f6sste Bogenbr\u00fccke der Schweiz ist Valens zu jeder Jahreszeit attraktiv. Umgeben von beeindruckender Bergwelt erholen Sie sich am Ausgangspunkt f\u00fcr Ausfl\u00fcge zum Wandern, Biken, Schwimmen und vielem mehr.", "image": "https://hltpimtsoch.sos-ch-dk-2.exoscale-cdn.com/catalog/2/3/6/c/236cb40480e5ec98e2e7d2fbd10670409477ccac_Quadern_A302_Hauptbild.jpg", "openstreetmap_id": "way/35910004"}, "geometry": {"type": "Point", "coordinates": ["9.4823745", "46.9704527"]}}, {"type": "Feature", "properties": {"identifier": "7f8a4bfc-6693-4ae7-9b77-b34dd329634d", "name": "Ferienhaus Tannegg", "description": "Das im Jahre 2016 renovierte Ferienhaus mit 4 Zimmern befindet sich an ruhiger Lage in Flumserberg Tannenheim, nur ca. 5 Gehminuten von der Prodkammbahn Tannenheim und vom Dorfladen entfernt. Zum Haus geh\u00f6rt ein kostenfreier Parkplatz und eine Garage.\n\nDie Ferienwohnung wurde im Jahre 2016 renoviert und ist gem\u00fctlich und zeitgem\u00e4ss eingerichtet. Die Wohn- und Schlafr\u00e4ume verf\u00fcgen \u00fcber einen Holzboden. Der Hausteil hat einen separaten Eingang.", "image": "https://hltpimtsoch.sos-ch-dk-2.exoscale-cdn.com/catalog/4/0/f/a/40fa4c5206678098b711207c820b0312d862d019_Ferienhaus_Tannegg_1.jpg", "openstreetmap_id": "way/325408054"}, "geometry": {"type": "Point", "coordinates": ["9.301205304854964", "47.09072995"]}}, {"type": "Feature", "properties": {"identifier": "8047ccf4-5a3c-41f1-a9cf-dae1f6139c23", "name": "Boutique-Hotel Bellevue & Genusswerkstatt", "description": "<p>Das Hotel befindet sich im Zentrum von Bad Ragaz. In unmittelbarer N&auml;he finden Sie den Kurpark sowie das Thermalbad Tamina Therme. Das Boutique-Hotel wurde im Jahr 2019 renoviert und erstrahlt im neuen Glanz. In der Genusswerkstatt werden frische und saisonale Gerichte zubereitet. Das Angebot SALT INSPIRATIONS reicht von Salaten, Suppen und Pasta &uuml;ber Vorspeisen, sowohl f&uuml;r den kleinen als auch f&uuml;r den grossen Hunger bis hin zu den Spezialit&auml;ten der Woche und Abendangeboten. Mit der SWEET INSPIRATION sind Torten, W&auml;hen, Desserts sowie das hervorragende B&uuml;ndner Glace \"Glatsch\" im Angebot.</p>", "url": "http://www.bellevue-genusswerkstatt.ch", "image": "https://hltpimtsoch.sos-ch-dk-2.exoscale-cdn.com/catalog/f/f/a/b/ffab7578f5818235114db7fe79157c8b2179e057_TDS00020012274586694_sized_800_0.jpg", "openstreetmap_id": "way/1259145078"}, "geometry": {"type": "Point", "coordinates": ["9.500832227957103", "47.00107525"]}}, {"type": "Feature", "properties": {"identifier": "80ad88f8-1b29-40c6-b9d2-706fc517d659", "name": "Haus Bernova", "description": "Die 2.5 Zimmerwohnung befindet sich im Parterre eines freistehenden Einfamilienhauses in Flumserberg Tannenbodenalp. Das Haus ist ruhig gelegen und nur ca. 2 Gehminuten von der Skiliftanlage entfernt. Parkpl\u00e4tze sind kostenlos vorhanden.\n\nDie Ferienwohnung ist zweckm\u00e4ssig eingerichtet. Wohn- und Schlafr\u00e4ume verf\u00fcgen \u00fcber einen Plattenboden.", "url": "http://homepage.bluewin.ch/bernova", "image": "https://hltpimtsoch.sos-ch-dk-2.exoscale-cdn.com/catalog/a/e/b/7/aeb71e5578db285332b8ca86309a58dbb9a83c1a_Haus_Bernova_1.jpg", "openstreetmap_id": "way/258942565"}, "geometry": {"type": "Point", "coordinates": ["9.285433097139828", "47.09269295"]}}, {"type": "Feature", "properties": {"identifier": "8180f7a5-2035-44fa-bc28-90b967125816", "name": "Haus zur F\u00f6hre (Whg. Lendi)", "description": "Die 3-Zimmerwohnung befindet sich in einem 6-Familienhaus in Flumserberg Tannenboden. Bis zum Skilift sind es nur ca. 2 Minuten. Zur Wohnung geh\u00f6rt ein kostenloser Garagenplatz.\n\nDie Wohnung ist gem\u00fctlich, mit viel Holz eingerichtet und hat Platz f\u00fcr bis zu 5 Personen. Zur Ferienwohnung geh\u00f6ren zwei Balkone.", "image": "https://hltpimtsoch.sos-ch-dk-2.exoscale-cdn.com/catalog/a/9/5/6/a9560766413beb4d96be17f9ddbd778da64cd6a3_Haus_zur_F__hre_4.jpg", "openstreetmap_id": "node/258942561"}, "geometry": {"type": "Point", "coordinates": ["9.286522401042062", "47.0918244"]}}, {"type": "Feature", "properties": {"identifier": "831ca326-78a8-4a5e-827a-8cdb5e5e6ee0", "name": "St. Gallerhof Apartment", "description": "<p>Das St. Gallerhof Apartment befindet sich mitten im Dorf von Bad Ragaz, nahe der Tamina Therme (ca. 10 min Fussweg) sowie allen Einkaufsm&ouml;glichkeiten (ca. 2 min Fussweg). Die Wohnung befindet sich in einem mehrst&ouml;ckigen Geb&auml;ude und bietet Zugang zu einem Balkon. Parkm&ouml;glichkeiten befindet sich im nahegelegenen Parkhaus im Dorf (kostenpflichtig). Die gesamte Wohneinheit ist rollstuhlgerecht und ist mit einem Fahrstuhl erreichbar. Eine Waschmaschine, ein W&auml;schetrockner und ein B&uuml;geleisen sind verf&uuml;gbar. Es ist eine Nichtraucherwohnung.</p>", "url": "https://www.basel-rooms.ch/bad-ragaz-ferienwohnung/", "image": "https://hltpimtsoch.sos-ch-dk-2.exoscale-cdn.com/catalog/4/5/d/7/45d79611a3d644df78f73766402b13d751bb721e_Fewo_Krone_2.jpg", "openstreetmap_id": "node/5164457924"}, "geometry": {"type": "Point", "coordinates": ["9.5007894", "47.0017573"]}}, {"type": "Feature", "properties": {"identifier": "83b8c2bc-7c30-48c1-8cda-b5f1610d5046", "name": "Ferienhaus Siesta", "description": "Ferienhaus an ruhiger Lage, am Ende einer Quartierstrasse, im Gr\u00fcnen gelegen, pr\u00e4chtige Aussicht. 4-Zimmer, max. 7 Personen, Terrasse, Chemin\u00e9e, Liegewiese, Parkplatz. Hunde auf Anfrage. \n\nIm Sommer keine Vermietung.", "image": "https://hltpimtsoch.sos-ch-dk-2.exoscale-cdn.com/catalog/b/7/1/1/b711d38567a17c94607a30bfc0d3c166ea471203_Stube___Kamin_und_Sofa.jpg", "openstreetmap_id": "way/294246357"}, "geometry": {"type": "Point", "coordinates": ["9.280963", "47.094247"]}}, {"type": "Feature", "properties": {"identifier": "844f0c5a-f5e6-48eb-b718-1c5592e1872f", "name": "Casa Luna A (Whg. Riesen)", "description": "Die 3.5-Zimmerwohnung liegt zentral am Flumserberg Tannenboden gegen\u00fcber dem Hotel Tannenboden, unweit von der Bushaltestelle und einem kleinen Supermarkt entfernt. Zur Wohnung geh\u00f6rt ein kostenloser Tiefgaragenplatz. Zudem ist ein Skiraum und ein Veloraum von aussen zug\u00e4nglich.", "image": "https://hltpimtsoch.sos-ch-dk-2.exoscale-cdn.com/catalog/a/e/4/f/ae4f8f4bdd807d11673c2d5b5577de731b5ea7b4_Flumsi.jpg", "openstreetmap_id": "way/228797665"}, "geometry": {"type": "Point", "coordinates": ["9.286226900000003", "47.092718250000004"]}}, {"type": "Feature", "properties": {"identifier": "845159ec-05e5-48ae-8f4d-8627c1d23dfa", "name": "Ferienhaus \"The View\"", "description": "Das 6-Zimmer-Ferienhaus befindet sich direkt im Zentrum von Flumserberg-Tannenboden, 10 Gehminuten von der Haust\u00fcre bis zur Talstation Tannenboden und bietet eine sch\u00f6ne Aussicht auf die Churfirsten. Einkaufsm\u00f6glichkeiten sind in wenigen Minuten zu Fuss erreichbar. ", "image": "https://hltpimtsoch.sos-ch-dk-2.exoscale-cdn.com/catalog/1/7/7/5/1775064e14a89f8179265b423f95597d0ae8abbb_Aussenansicht.jpg", "openstreetmap_id": "way/294246329"}, "geometry": {"type": "Point", "coordinates": ["9.286983526553339", "47.09334135"]}}, {"type": "Feature", "properties": {"identifier": "85962953-0ef2-4570-84da-c6b891e05bc8", "name": "Ferienwohnung G\u00e4umann - Kiener", "description": "Es erwartet Sie eine gem\u00fctliche 3 1/2 Zimmer Duplex-Wohnung, die ideal in der N\u00e4he des Bahnhofes liegt. Der Autobus, der Sie bequem in die Ortsmitte zu den Einkaufsm\u00f6glichkeiten und den Thermalb\u00e4dern f\u00fchrt, ist nur wenige Minuten entfernt.\n\nDie Wohnung, 75m2 gross, liegt im ersten Stock eines Vierfamilienhauses. \nAuf der Eingangsetage erwartet Sie ein gem\u00fctlicher Wohnraum mit moderner offener K\u00fcche mit Esstisch, vier St\u00fchlen, Stehbar, Sofa (Canap\u00e9lit), zwei Sesseln, Kabel TV.\nDie vollausgestattete K\u00fcche verf\u00fcgt \u00fcber Keramikkochfeld, Backofen, grossen K\u00fchlschrank, Geschirrsp\u00fclmaschine, Kaffeemaschinen, Wasserkocher, Toaster, Fondue- Raclette Set.\nWeiter gibt es ein Badezimmer mit Badewanne und WC.\nVom Wohn- Essraum aus gelangen Sie direkt auf die grosse sonnige Terrasse (2021 renoviert) mit einem traumhaften Blick auf die Bergwelt und die Tamina Br\u00fccke. Sitzgelegenheiten wie Gartenlounge, Tische, St\u00fchle sind vorhanden.\n\nIm oberen Stockwerk finden Sie die Schlafzimmer. Ein Schlafraum ist ausgestattet mit zwei Betten und einem antiken Holzschrank, der andere, ein Giebelzimmer, verf\u00fcgt \u00fcber zwei Betten und ein Lavabo. Zudem ist ein separates WC auf dem Stockwerk.\n\nDie Wohnung verf\u00fcgt \u00fcber Parkettb\u00f6den (2022 unteres Stockwerk neu versiegelt).\nAuch steht Ihnen ein kostenfreier Parkplatz zur Verf\u00fcgung.\nInternet, Kabel TV vorhanden.", "image": "https://hltpimtsoch.sos-ch-dk-2.exoscale-cdn.com/catalog/4/0/7/4/40743a0598ed196d6ebf19e135a34db76743669e_Hauptbild_Wohnzimmer__2.jpg", "openstreetmap_id": "way/44978171"}, "geometry": {"type": "Point", "coordinates": ["9.506962608812813", "47.009789549999994"]}}, {"type": "Feature", "properties": {"identifier": "85fca628-9465-472a-8938-65009d583af3", "name": "Gauenpark (Whg. Z\u00fcrcher)", "description": "K\u00fcche mit Abwasch- und Nespresso- Kaffeemaschine, Mikrowelle, Toaster, Raclette\u00f6feli, Fondue - Chinoise- K\u00e4se etc.\nWohnzimmer mit Fernseher, DVD, X-Box und Stereoanlage.\nWundersch\u00f6ne Aussicht auf die Churfirsten.", "image": "https://hltpimtsoch.sos-ch-dk-2.exoscale-cdn.com/catalog/1/e/d/3/1ed30813fda265a330182c4b038c7eead8ba6fdb_Flumsi_15.6.14_016.JPG", "openstreetmap_id": "way/194824448"}, "geometry": {"type": "Point", "coordinates": ["9.298958655716081", "47.0901013"]}}, {"type": "Feature", "properties": {"identifier": "87dc73dc-5c2c-4325-b3de-6a84dda96e03", "name": "Chalet Gauschla (CharmingStay)", "description": "Das Chalet steht in Flumserberg Tannenheim im Quartier Angettlin, auf rund 1250 m \u00fc. M. an ruhiger und sonniger Lage. Zum Dorfzentrum Tannenheim mit Restaurants, Einkaufsladen und Prodalp-Express-Bahn sind es nur ca. 7 Gehminuten. Zum Chalet geh\u00f6rt ein kostenloser Parkplatz. Es besteht eine ganzj\u00e4hrige Zufahrt.\n\nDetails der einzelnen Ferienwohnungen\n- 1x 3.5 Maisonette-Zimmerwohnung im Parterre\n- 1x 2.5-Zimmer-Wohnung im oberen Stock\n\nDie Wohnungen verf\u00fcgen beide \u00fcber einen ger\u00e4umigen und gem\u00fctlichen Wohnraum mit Sofa, TV, Radio und CD/DVD-Player sowie einem Essbereich mit grossem Holztisch, Eckbank und St\u00fchlen. Bad mit Dusche/WC, Haarf\u00f6hn und eine moderne K\u00fcche mit Induktionskochfeld, Backofen, K\u00fchlschrank, Geschirrsp\u00fcler, Kaffee-/Teekocher, Fondue- und Raclettegeschirr. Zu den Wohnungen geh\u00f6rt auch eine Terrasse mit grossartiger Aussicht.", "url": "https://www.charmingstay.ch", "image": "https://hltpimtsoch.sos-ch-dk-2.exoscale-cdn.com/catalog/0/5/1/4/0514436573ace72e4e384d41ef9ec1ce8e16edcd_Gauschla__6_.JPG", "openstreetmap_id": "way/413154688"}, "geometry": {"type": "Point", "coordinates": ["9.3065867", "47.0834836"]}}, {"type": "Feature", "properties": {"identifier": "8a5a2ec0-710a-497f-9923-acff7195b22b", "name": "Ferienhaus F\u00e4sch", "description": "Das 5-Zimmer-Ferienhaus befindet sich an ruhiger und sonniger Lage in Flumserberg Bergheim mit herrlicher Aussicht auf die Churfirsten. Das Haus hat viel Umschwung mit Spielwiese, Sitzplatz, Chemin\u00e9e und Kinderspielzeug.\n\nDas heimelige Ferienhaus ist gem\u00fctlich und komfortabel, mit viel Holz eingerichtet. Die W\u00e4nde im Wohn- und Schlafzimmer sind get\u00e4felt.", "image": "https://hltpimtsoch.sos-ch-dk-2.exoscale-cdn.com/catalog/f/1/f/4/f1f4d9320b51a485d5a8cb0e14bc5924022f0045_Ferienhaus_F__sch_1.jpg", "openstreetmap_id": "way/309848913"}, "geometry": {"type": "Point", "coordinates": ["9.296197410935912", "47.1034368"]}}, {"type": "Feature", "properties": {"identifier": "8b0ab76f-5739-411b-bfe9-fdf537b9715b", "name": "Ferienwohnung \"Haus zur Arve\"", "description": "Die sch\u00f6ne im Chalet-Stil eingerichtete 3.5-Zimmerwohnung im \"Haus zur Arve\" befindet sich an einer top Lage als Ausgangsstandort f\u00fcr Skifahren, Biken und Wandern. In wenigen Gehminuten befinden sich Restaurants, Einkaufsm\u00f6glichkeiten und die Skischule. Die Ferienwohnung verf\u00fcgt \u00fcber einen Balkon mit Sicht auf die umliegende Bergkette. ", "image": "https://hltpimtsoch.sos-ch-dk-2.exoscale-cdn.com/catalog/6/5/5/6/6556e1c9d0858819b6a267a1811153d43f601395_Haus_zur_Arve__4_.jpeg", "openstreetmap_id": "way/258942565"}, "geometry": {"type": "Point", "coordinates": ["9.285433097139828", "47.09269295"]}}, {"type": "Feature", "properties": {"identifier": "8b4fc2de-c14c-4494-8dee-01e4a423e03e", "name": "Haus Heimetli (CharmingStay)", "description": "Das im Jahr 2016 neu gebaute 4.5-Zimmer-Haus befindet sich an sehr ruhiger Lage unweit von Tannenboden Dorf. Gondel- bzw. Sesselbahn f\u00fcr Wanderungen sind ca. 20 Gehminuten entfernt. Im Winter sind es zu den Skiliften rund 15 Gehminuten. Restaurants und Einkaufsm\u00f6glichkeiten sind in ca. 10 Minuten zu erreichen. Zum Ferienhaus geh\u00f6rt ein kostenloser Garagenplatz.\n\nDie Wohnung ist sehr modern und komfortabel eingerichtet. Wohn- und Schlafr\u00e4ume verf\u00fcgen \u00fcber einen sch\u00f6nen Holzboden. Bilder und Schmuck verzieren W\u00e4nde und Regale. Zum Haus geh\u00f6rt zudem eine grosse Terrasse, ca. 25m2 mit Kamin-Grill.", "url": "https://www.charmingstay.ch", "image": "https://hltpimtsoch.sos-ch-dk-2.exoscale-cdn.com/catalog/0/6/4/2/064242405cb1c5a59f45a9562db0d3481a99ae9e_1.1_new_.jpg", "openstreetmap_id": "way/228272342"}, "geometry": {"type": "Point", "coordinates": ["9.288912835240716", "47.09376955865367"]}}, {"type": "Feature", "properties": {"identifier": "8b8a3914-85a0-4311-81bd-91a0af51da6d", "name": "Haus zur F\u00f6hre (Whg. Selzam)", "description": "Die 3.5 Zimmerwohnung befindet sich in einem 6-Familienhaus an ruhiger Lage, zentral gelegen in Flumserberg Tannenboden mit sehr sch\u00f6ner Aussicht auf die Churfirsten. Die Lifte und der Sammelplatz der Ski- und Snowboardschule sind ca. 250m entfernt. Zur Wohnung geh\u00f6rt ein kostenloser Garagenplatz. Haustiere auf Anfrage.\n\nDie helle, frisch renovierte Wohnung ist gem\u00fctlich und modern eingerichtet. Wohn- und Schlafr\u00e4ume sind mit Vinylb\u00f6den ausger\u00fcstet. Zur Wohnung geh\u00f6ren ein Gartensitzplatz und ein Balkon. Im Wohnzimmer befindet sich ein TV, WLAN ist nicht vorhanden.", "image": "https://hltpimtsoch.sos-ch-dk-2.exoscale-cdn.com/catalog/3/e/6/8/3e68a43e6f7edbe7c46c1ccf4a7ce5d6e421ef0b_Haus_zur_F__hre_6.jpg", "openstreetmap_id": "way/258942561"}, "geometry": {"type": "Point", "coordinates": ["9.286522401042062", "47.0918244"]}}, {"type": "Feature", "properties": {"identifier": "8e5cb257-acad-4639-896d-94e4057d5f6a", "name": "Ferienhaus Chalet Guggerli", "description": "<p>Das alleinstehende nicht online buchbare 4.5-Zimmer-Chalet befindet sich an ruhiger Lage in Flumserberg Tannenheim mit unverbauter Rundumsicht auf Alvierkette, Sarganserland bis in die &ouml;sterreichischen Alpen und die B&uuml;ndner Herrschaft. Die Talstation der Bergbahn ist nur ca. 700m entfernt. Zum Chalet geh&ouml;rt ein kostenfreier Autoeinstellplatz. Die Wohnung ist sehr liebevoll und mit viel Holz eingerichtet. Das Wohnzimmer verf&uuml;gt &uuml;ber einen Schwedenofen, was den Aufenthalt sehr gem&uuml;tlich macht. Wohn- und Schlafzimmer verf&uuml;gen &uuml;ber einen Holzboden. Vom Wohnzimmer aus gelangt man auf den sonnigen Balkon.</p>", "url": "http://www.chalet-flumserberg.ch", "image": "https://hltpimtsoch.sos-ch-dk-2.exoscale-cdn.com/catalog/5/5/8/d/558d3ce90515d9cd5c74a0ddb0ca6d9cd527fa6c_Guggerli_Ansicht.JPG", "openstreetmap_id": "way/182426752"}, "geometry": {"type": "Point", "coordinates": ["9.305726", "47.0834726"]}}, {"type": "Feature", "properties": {"identifier": "975300f6-61a8-4f19-9466-e6bdcc66bb80", "name": "M\u00e4tzwiesen H\u00f6ckli (CharmingStay)", "description": "<div>Dieses liebevoll eingerichtete 5-Zimmer-Haus ist ideal f&uuml;r entspannte Ferientage mit Familie oder Freunden. Vier Schlafzimmer, zwei Badezimmer sowie ein offener Wohn- und Essbereich mit voll ausgestatteter K&uuml;che bieten Platz f&uuml;r bis zu 6 Personen und schaffen ein wohnliches Zuhause-Gef&uuml;hl. Der gem&uuml;tliche Wohnbereich l&auml;dt nach aktiven Tagen zum gemeinsamen Kochen, Essen und Entspannen ein. Ruhig gelegen und dennoch zentral: Das Zentrum von Tannheim sowie die Prodalp-Express-Gondelbahn sind in 7&ndash;10 Gehminuten erreichbar. Ankommen, durchatmen und echte Bergferien geniessen.</div>", "url": "https://www.charmingstay.ch", "image": "https://hltpimtsoch.sos-ch-dk-2.exoscale-cdn.com/catalog/3/b/2/1/3b21e309423f48b0e259a22f7dae20e93df0d6b3_batch_Essbereich_2.jpg", "openstreetmap_id": "way/321791732"}, "geometry": {"type": "Point", "coordinates": ["9.3052434", "47.0893134"]}}, {"type": "Feature", "properties": {"identifier": "98f13aaf-10f3-4c86-8de8-814bbf29f330", "name": "Chalet Gina", "description": "Das gepflegte 3.5-Zimmer-Chalet liegt mitten im Zentrum Flumserberg Tannenheim, 10 Gehminuten von der Haust\u00fcre bis zur Talstation Prodalp-Express und bietet eine sch\u00f6ne Aussicht auf die Churfirsten. Einkaufsm\u00f6glichkeiten sind 5 Minuten zu Fuss entfernt.", "image": "https://hltpimtsoch.sos-ch-dk-2.exoscale-cdn.com/catalog/5/b/5/8/5b582af891a1c53c5f02967e6a2091273e353a48_Chalet_Gina__Flumserberg__1_.JPG", "openstreetmap_id": "way/182428539"}, "geometry": {"type": "Point", "coordinates": ["9.3054735660553", "47.08938828216"]}}, {"type": "Feature", "properties": {"identifier": "99b1d7f9-e485-43ea-b5aa-255f73cb7e37", "name": "Haus Wogesa (CharmingStay)", "description": "Ger\u00e4umige Ferienwohnungen im Haus Wogesa. Sch\u00f6n gelegen und in der N\u00e4he von Prodalpbahn und Pisten.", "url": "https://www.charmingstay.ch", "image": "https://hltpimtsoch.sos-ch-dk-2.exoscale-cdn.com/catalog/8/c/9/7/8c97705eda5ea05a8facfe8cddc7c98037ce4714_Haus_Wogesa_1.jpg", "openstreetmap_id": "way/325408059"}, "geometry": {"type": "Point", "coordinates": ["9.29493613505944", "47.090991"]}}, {"type": "Feature", "properties": {"identifier": "99ec5c32-427f-4257-ad95-651ffb426d27", "name": "Flumser-H\u00f6ckli - Casa Lilly (CharmingStay)", "description": "Das 4.5-Zimmer-Haus Casa Lilly befindet sich im Zentrum von Flumserberg Tannenheim, verf\u00fcgt \u00fcber 3 Stockwerke und einen fantastischen Blick auf die Churfirsten. Die Talstation Prodalp-Express, Restaurants und Shops sind in wenigen Gehminuten erreichbar. Das Ferienhaus verf\u00fcgt \u00fcber einen Aussenparkplatz und eine Garage.", "url": "https://www.charmingstay.ch", "image": "https://hltpimtsoch.sos-ch-dk-2.exoscale-cdn.com/catalog/d/c/4/2/dc4209935e69ade203f8c6a01b1d51bea4d1165a_Casa_Lilly__2_.jpg", "openstreetmap_id": "way/194824450"}, "geometry": {"type": "Point", "coordinates": ["9.304341673851015", "47.0892675241778"]}}, {"type": "Feature", "properties": {"identifier": "9ab7c4e0-5f9a-4a15-91a8-69a27a80364f", "name": "Chalet Schwendihus (CharmingStay)", "description": "Charmantes 3.5-Zimmer-Chalet aus Holzinterieur mit atemberaubender Aussicht auf die sch\u00f6nen Churfirsten und den blauen Walensee. Etwa 1 km vom Zentrum Tannenboden entfernt.", "url": "https://www.charmingstay.ch", "image": "https://hltpimtsoch.sos-ch-dk-2.exoscale-cdn.com/catalog/2/6/b/0/26b0508e952bc743158331f7026b6215f654b87d_Chalet_Felsenberg__17_.jpeg", "openstreetmap_id": "way/294246246"}, "geometry": {"type": "Point", "coordinates": ["9.285072684288027", "47.09682008180068"]}}, {"type": "Feature", "properties": {"identifier": "9b17bfaf-3ec0-4053-b12a-8d5f0dacbbc7", "name": "Dachwohnung Tannenboden, Whg. Schmid", "description": "Die helle, moderne und kinderfreundliche 3.5-Zimmer Dachwohnung befindet sich im Hotel Tannenboden mit wundersch\u00f6ner Aussicht auf das Bergpanorama Churfirsten. In kurzer Gehdistanz erreichen Sie die Skilifte, Ski- und Snowboardschule, Tourismusb\u00fcro, Einkaufsladen und diverse Restaurants. Es ist ein idealer Ausgangspunkt f\u00fcr s\u00e4mtliche Aktivit\u00e4ten und Attraktionen am Flumserberg. ", "image": "https://hltpimtsoch.sos-ch-dk-2.exoscale-cdn.com/catalog/b/3/4/8/b348327a7c5da13d692d863d8612c87a7479ed12_Aussenansichit_Tannenboden.jpg", "openstreetmap_id": "way/294246358"}, "geometry": {"type": "Point", "coordinates": ["9.286634850000006", "47.093023349999996"]}}, {"type": "Feature", "properties": {"identifier": "9b51a67a-1dc9-46e6-a59b-5483782e812d", "name": "Pfadiheim Bad Ragaz", "description": "Lagerhaus f\u00fcr Schulen und Jugendgruppen\n\nAufenthalts-/Essraum mit Holzchmin\u00e9e, voll ausgestattete K\u00fcche, Schlafr\u00e4ume 2x klein/ 1x gross, Leiterzimmer, Spielwiese, Feuerstelle, Brunnen, 3 Wc's, 6 Duschen (eine davon separat)\n\nSkilift/Bergbahn (mit Ortsbus in 10 Minuten erreichbar)\nFreibad/Sportplatz (10 Gehminuten )\nThermalbad (10 Gehminuten)\nHallenbad (10 km)", "url": "https://www.italreding.ch/start.php", "image": "https://hltpimtsoch.sos-ch-dk-2.exoscale-cdn.com/catalog/4/4/5/c/445cbf0f325e025ee1a03aca3900016c720cf015_IMG_6979.JPG", "openstreetmap_id": "way/44976595"}, "geometry": {"type": "Point", "coordinates": ["9.508744", "47.0109679"]}}, {"type": "Feature", "properties": {"identifier": "9c018856-3a23-413b-ac28-b787b6436ca1", "name": "Gampergalt (Whg. Baker)", "description": "Die Ferienwohnung befindet sich an ruhiger Lage in einem 8-Familien-Ferienhaus in Flumserberg Tannenheim. Die Skipiste ist nur 3 Gehminuten entfernt. Zur Wohnung geh\u00f6rt ein kostenloser Parkplatz.\n\nDie Wohnung ist gem\u00fctlich und komfortabel eingerichtet. Die ganze Wohnung verf\u00fcgt \u00fcber einen Plattenboden. Zur Wohnung geh\u00f6rt ein grosser Balkon mit Fernsicht.", "image": "https://hltpimtsoch.sos-ch-dk-2.exoscale-cdn.com/catalog/9/0/d/a/90da4e435c66c576bb84aea0cfd3042b5910f4d4_627193.jpg", "openstreetmap_id": "way/182426752"}, "geometry": {"type": "Point", "coordinates": ["9.30598712383185", "47.08270506053502"]}}, {"type": "Feature", "properties": {"identifier": "9e63ed52-51b8-4189-9947-1a1db5014e5f", "name": "Ferienwohnung Bijouswiss \"The Yellow House\" mit SAUNA", "description": "Die Wohnung verf\u00fcgt \u00fcber einen gem\u00fctlichen Wohnraum mit Samsung Home Cinema Anlage mit SAT TV.\nLedersofa, 2 Relaxst\u00fchle und einen Esstisch. Das Leder-Sofa kann als Bett umfunktioniert werden, falls eine Raumtrennung der Schlafzimmer gew\u00fcnscht wird. Schlafzimmer mit Doppelbett und separatem Etagenbett in Normalgr\u00f6sse, auch f\u00fcr Erwachsene geeignet. \nDie K\u00fcche ist sehr modern und mit Eckbank und Esstisch, Nespresso Kaffeemschine, Mikrowelle/Backofen, K\u00fchlschrank,  ausgestattet.  \nDusche, WC, Lavabo und eigene Finnische Sauna. \nViele Spiele f\u00fcr Jung und Alt vorhanden.", "url": "http://www.bijouswiss.ch", "image": "https://hltpimtsoch.sos-ch-dk-2.exoscale-cdn.com/catalog/d/6/f/7/d6f736c318577c74291c650c0565bb7f5a4a2cfe_2023_08_22_20.13.02.jpg", "openstreetmap_id": "way/291232755"}, "geometry": {"type": "Point", "coordinates": ["9.259990636194363", "47.09945155"]}}, {"type": "Feature", "properties": {"identifier": "9e793cfa-0a4d-4bfd-ae0d-8b8e255e23a2", "name": "BikerCamping Flumserberg", "description": "Wer von den BikerTrails am Flumserberg gar nicht genug bekommen kann, hat die M\u00f6glichkeit, in unmittelbarer N\u00e4he zu \u00fcbernachten. Direkt bei der Talstation der 12er-Gondelbahn Prodalp-Express in Tannenheim, um genau zu sein. Zwischen der Talstation und der Apr\u00e8s-Bike-Bar \u201esonderBar\u201c gibt es Abstellpl\u00e4tze f\u00fcr Busse und Vans. Zus\u00e4tzlich k\u00f6nnen Wohnmobile bis zu einer Maximall\u00e4nge von 7,50 m hinter dem Tennisplatz Flumserberg sowie in unmittelbarer N\u00e4he zum BikerShop Flumserberg geparkt werden. Die Infrastruktur des Aparthotels Edy Bruggmann steht allen Campern zur Verf\u00fcgung.\n\nErst auf den Trails abfahren, dann beim Apr\u00e8s-Bike entspannen und schliesslich nur wenige Meter zum Schlafplatz gehen \u2013 das gibt es nur am BikerBerg Flumserberg.", "url": "http://www.hotelbruggmann.ch/index.php/booking", "image": "https://hltpimtsoch.sos-ch-dk-2.exoscale-cdn.com/catalog/4/c/c/9/4cc9cc8a45686253a60b736ff69bf65e68fea96e_BikerCamping_Flumserberg.png", "openstreetmap_id": "node/244066306"}, "geometry": {"type": "Point", "coordinates": ["9.303059577941896", "47.089420135078456"]}}, {"type": "Feature", "properties": {"identifier": "a1a7902c-da65-4e94-a99c-f8459dd41b1e", "name": "Chalet Ruedi (CharmingStay)", "description": "Die charmante 3.5 Zimmerwohnung liegt mitten in der Natur. Direkt beim Winterwanderweg und neben der Skipiste, bzw. beim Sommerh\u00f6henweg und dem Biker Trail. Die Wohnung ist ideal f\u00fcr 2-4 Personen. Die Wohnfl\u00e4che betr\u00e4gt 35m2. Gebaut wurde das Chalet im Jahre 1970, in den letzten Jahren wurde es aber mehrfach renoviert. Direkt neben dem Chalet liegt die Skipiste. Nur ca. 2 Minuten Abfahrt zum Prodalp-Express. Im Sommer erfolgt die Zufahrt direkt vor das Chalet und im Winter ist der Zugang via fussweg von 300m \u00fcber die Obere Anggetlinstrasse und den Winterwanderweg sichergestellt.", "url": "https://www.charmingstay.ch", "image": "https://hltpimtsoch.sos-ch-dk-2.exoscale-cdn.com/catalog/1/1/9/3/11937903eecdca231b121c58897697e06698fe6f_01_Ansicht1.jpg", "openstreetmap_id": "way/325408005"}, "geometry": {"type": "Point", "coordinates": ["9.303999489145204", "47.08464215714109"]}}, {"type": "Feature", "properties": {"identifier": "a211f9ed-bc68-462d-b382-4a3b0337db43", "name": "Brunner's Gamperdon", "description": "Die neue 3.5-Zimmerwohnung liegt sehr zentral am Standort vom ehemaligen Hotel Gamperdon in Tannenboden Dorf. Wanderwege, Bushaltestelle, Restaurants, Lebensmittel- und Sportgesch\u00e4fte sind zu Fuss erreichbar. Ein Garagenplatz ist im Preis inbegriffen.\n\nDie helle und komplett neue Ferienwohnung ist modern und komfortabel eingerichtet. Alle Zimmer verf\u00fcgen \u00fcber einen hellen Holzboden und haben eine wundersch\u00f6ne Panoramasicht auf die Churfirsten.", "image": "https://hltpimtsoch.sos-ch-dk-2.exoscale-cdn.com/catalog/c/d/5/2/cd527ceff6baec5b4dd19d003b1e50559442d4b0_Aussenansicht.JPG", "openstreetmap_id": "way/294246318"}, "geometry": {"type": "Point", "coordinates": ["9.28523182510765", "47.093405000000004"]}}, {"type": "Feature", "properties": {"identifier": "a3673a1c-f492-48d7-931a-f89682b89cd8", "name": "Chalet Felsenberg (CharmingStay)", "description": "Diese gem\u00fctliche 2.5-Zimmer-Wohnung im Erdgeschoss des Chalet Felsenberg bietet eine traumhafte Aussicht auf die Churfirsten. Vom Chalet sind es 12 Gehminuten bis zur Bergbahn Prodalp-Express.", "url": "https://www.charmingstay.ch", "image": "https://hltpimtsoch.sos-ch-dk-2.exoscale-cdn.com/catalog/8/d/4/8/8d489af67736960a768c0f59376de38470e65721_image18.jpeg", "openstreetmap_id": "way/413154675"}, "geometry": {"type": "Point", "coordinates": ["9.305532574653627", "47.08385414148862"]}}, {"type": "Feature", "properties": {"identifier": "a68dc274-7cf4-4337-9f8c-ec6e266539c6", "name": "Chalet Haseh\u00fcsli", "description": "<p class=\"MsoNormal\"><span lang=\"DE-CH\">Das Chalet Haseh&uuml;sli befindet sich auf der Tannebodenalp im Flumserberg in ruhiger Lage, nahe am Wald und mit herrlichem Blick auf die Churfirsten. Das Chalet umfasst eine 2,5-Zimmer-Wohnung mit bis zu vier Schlafpl&auml;tzen, darunter ein separates Schlafzimmer mit Doppelbett sowie ein Bettsofa im Wohnzimmer.</span></p><p class=\"MsoNormal\"><span lang=\"DE-CH\">Des Weiteren steht eine 3,5-Zimmer-Wohnung mit zwei Schlafzimmern und maximal sechs Schlafpl&auml;tzen zur Verf&uuml;gung. Ein Schlafzimmer ist mit einem Einzelbett ausgestattet, das zum Doppelbett umfunktioniert werden kann, sowie mit einem Etagenbett (geeignet f&uuml;r Erwachsene bis maximal 1,70 m K&ouml;rpergr&ouml;&szlig;e oder f&uuml;r Kinder). Das zweite Schlafzimmer verf&uuml;gt &uuml;ber ein Doppelbett.</span></p><p class=\"MsoNormal\"><span lang=\"DE-CH\">Beide Wohnungen bieten ein Badezimmer mit Dusche und WC sowie eine gut ausgestattete K&uuml;che inklusive Mikrowelle und Kaffeemaschine. Im Wohnzimmer befinden sich je ein Sofa und ein Fernseher. Internetzugang ist nicht verf&uuml;gbar.</span></p><p class=\"MsoNormal\"><span lang=\"DE-CH\">Hunde sind nach vorheriger Absprache grunds&auml;tzlich gestattet.</span></p><p class=\"MsoNormal\"><span lang=\"DE-CH\">Beide Wohneinheiten verf&uuml;gen &uuml;ber einen eigenen Sitzplatz oder Balkon mit Tisch und St&uuml;hlen. Zus&auml;tzlich steht im Garten ein &uuml;berdachter Sitzbereich mit Pavillon und Feuerstelle zur gemeinschaftlichen Nutzung bereit.</span></p>", "image": "https://hltpimtsoch.sos-ch-dk-2.exoscale-cdn.com/catalog/4/c/9/8/4c986e0874f8e6537ee3781948262674d48a1669_20250713_135714.jpg", "openstreetmap_id": "way/294246302"}, "geometry": {"type": "Point", "coordinates": ["9.286381", "47.0944018"]}}, {"type": "Feature", "properties": {"identifier": "a80bb401-1acf-4df4-ba9b-b44d5a895109", "name": "Haus Gauenwald (Whg. Tribelhorn)", "description": "Gem\u00fctlich eingerichtete 3-Zimmer Wohnung mit maximal 6 Schlafpl\u00e4tzen zu vermieten. Die Wohnung liegt zentral, 5 Gehminuten von der Bergbahn im Tannenheim entfernt und doch weg vom L\u00e4rm der Hauptstrasse.", "url": "http://www.flumserberg.li", "image": "https://hltpimtsoch.sos-ch-dk-2.exoscale-cdn.com/catalog/a/e/3/d/ae3d53df2bb2597bff90c3d59e5326ad1cc4604a_Haus_Gauenwald_7.jpg", "openstreetmap_id": "way/194824445"}, "geometry": {"type": "Point", "coordinates": ["9.3004584", "47.09134255"]}}, {"type": "Feature", "properties": {"identifier": "a8ef4c38-544f-4c0c-88db-360fd5f5c576", "name": "Haus Ahorn", "description": "Das freistehende 4.5 Ferienhaus an ruhiger Lage ist in der N\u00e4he der Skipisten und der Wanderwege. In kurzer Gehdistanz ist das Hallenbad Flumserberg zu erreichen. Maximal 4 Erwachsene und 2 Kinder bis zu 16 Jahren finden im Haus Ahorn Platz, f\u00fcr 6 Erwachsene ist das Haus leider zu klein.\n\nDie Wohnung ist gem\u00fctlich und mit viel Holz eingerichtet. Teilweise sind die W\u00e4nde und Decken get\u00e4fert. Das Chemin\u00e9e macht die Atmosph\u00e4re im Wohn-/Esszimmer gem\u00fctlich.", "url": "http://www.zueger.cc/ahorn.htm", "image": "https://hltpimtsoch.sos-ch-dk-2.exoscale-cdn.com/catalog/7/3/9/9/7399f3fdb91956e338f27394091da16533f48753_Ahorn_Ost_Januar_21_q.jpg", "openstreetmap_id": "way/325408008"}, "geometry": {"type": "Point", "coordinates": ["9.29464946178027", "47.08984275"]}}, {"type": "Feature", "properties": {"identifier": "a973ee01-50f6-456f-b8ab-1292c5206058", "name": "Chalet Taiabell", "description": "Das alleinstehende Chalet befindet sich an sehr sonniger Lage in Flumserberg Tannenboden, mit wundersch\u00f6nem Panoramablick nahe an den Skipisten. Das heimelige Ferienhaus mit Balkon ist komfortabel eingerichtet. Dazu geh\u00f6rt eine grosse Spiel- und Liegewiese mit Grillm\u00f6glichkeit sowie eine Garage und einen Parkplatz. Die Inneneinrichtungen mit viel Holz schaffen eine gem\u00fctliche Wohn-Atmosph\u00e4re. Es sind vorhanden: ein grossz\u00fcgiges Wohnzimmer, eine sehr gut ausgestattete K\u00fcche, drei Schlafzimmer mit je zwei Betten sowie ein Badezimmer mit Dusche/WC.", "image": "https://hltpimtsoch.sos-ch-dk-2.exoscale-cdn.com/catalog/6/a/5/d/6a5dba7e040773e3d64115d402826d0fb6502c47_TDS00020011345300656_1___2.jpg", "openstreetmap_id": "way/1199354662"}, "geometry": {"type": "Point", "coordinates": ["9.285373091697695", "47.092598195373476"]}}, {"type": "Feature", "properties": {"identifier": "abd126c0-41bf-4ac3-966c-f8de365ad75d", "name": "Haus Panorama Reeling (CharmingStay)", "description": "Die 3-Zimmerwohnung befindet sich in Flumserberg Tannenheim, sehr nahe der Bergbahn Prodalp-Express und bietet eine sch\u00f6ne Aussicht auf die Churfirsten. Zur Wohnung geh\u00f6rt ein kostenloser Garagenplatz.\n\nDie grossz\u00fcgige Wohnung im obersten Stock ist zweckm\u00e4ssig eingerichtet. Sch\u00f6ne Landschaftsbilder zieren die W\u00e4nde. Die Wohnung verf\u00fcgt \u00fcber zwei Balkone mit Morgen- und Abendsonne.", "url": "https://www.charmingstay.ch", "image": "https://hltpimtsoch.sos-ch-dk-2.exoscale-cdn.com/catalog/b/6/1/2/b6124843fde727ca96782d1cd57616cb88bff8f8_Esstisch.jpg", "openstreetmap_id": "way/194824434"}, "geometry": {"type": "Point", "coordinates": ["9.30404", "47.08977"]}}, {"type": "Feature", "properties": {"identifier": "add0b885-13dc-47ac-86ad-12fefd13b1d0", "name": "Chalet Agathli", "description": "Das alleinstehende 4.5-Zimmerchalet befindet sich an ruhiger Lage in Flumserberg Bergheim und bietet eine sch\u00f6ne Aussicht auf die Churfirsten. Direkt im Ski- und Wandergebiet. Zwei kostenlose Parkpl\u00e4tze sind inklusive.\n\nDas 2-st\u00f6ckige Ferienhaus ist gem\u00fctlich und zweckm\u00e4ssig eingerichtet. Zudem geh\u00f6rt zum Chalet ein grosser Gartensitzplatz mit viel Umschwung, Spielplatz und ein Wintergarten.", "image": "https://hltpimtsoch.sos-ch-dk-2.exoscale-cdn.com/catalog/7/d/2/1/7d214c4cc57ed90a1b51d7ff8394734262b0b353_tkv_fh_martinafaessler_002_DJI_0007_HDR.jpg", "openstreetmap_id": "way/321791744"}, "geometry": {"type": "Point", "coordinates": ["9.306738455281621", "47.098285950000005"]}}, {"type": "Feature", "properties": {"identifier": "adf80e02-9516-44b7-ad4b-5334a7a6da43", "name": "Chalet Pfaffenacher", "description": "Gepflegtes, alleinstehendes Chalet mit herrlicher Aussicht.  Das Chalet hat 4.5 Zimmer. Zwei Zimmer mit je zwei Einzelbetten und Schrank im Obergeschoss sowie ein grosses Zimmer mit Doppelbett, Schrank, Sitzgelegenheit und Schreibtisch im Erdgeschoss. Wohnraum mit Sitzgruppe, TV und Essecke. Zwei Nasszellen mit Duschen und eine vollst\u00e4ndig ausger\u00fcstete, offene K\u00fcche. Gedeckte Terrasse und Sitzplatz. Waschmaschine und Abstellraum im Erdgeschoss. Parkpl\u00e4tze direkt an der Bergstrasse. Das Haus steht 50 m oberhalb der Strasse. Ideal f\u00fcr Familien bis max. 5 Personen.", "image": "https://hltpimtsoch.sos-ch-dk-2.exoscale-cdn.com/catalog/c/1/3/f/c13f042320cd6e17f0911e57751905fc11ea82d1_Chalet_Pfaffenacher_aussen_winter.JPG", "openstreetmap_id": "way/309844985"}, "geometry": {"type": "Point", "coordinates": ["9.3082039", "47.0948308"]}}, {"type": "Feature", "properties": {"identifier": "af1bfd7e-215d-45b8-988a-045dedb6dc9c", "name": "Ferienwohnung Bi d\u00e4 Susi", "description": "Die Ferienwohnung \"Bi d\u00e4 Susi\" liegt mitten im Zentrum Flumserberg Tannenheim, 5 Gehminuten von der Haust\u00fcre bis zur Talstation Prodalp-Express und bietet eine sch\u00f6ne Aussicht auf die Berge des Sarganserlandes. \nDie 4.5-Zimmerwohnung ist modern und gem\u00fctlich eingerichtet. Im gleichen Geb\u00e4ude finden Sie das einzigartige Restaurant m\u00e4tz dine. ", "url": "https://www.bi-dae-susi.ch", "image": "https://hltpimtsoch.sos-ch-dk-2.exoscale-cdn.com/catalog/4/8/b/3/48b3deb45ee44c2289d84622a3618ab52d5a3f23_IMG_7251.jpg", "openstreetmap_id": "way/321791780"}, "geometry": {"type": "Point", "coordinates": ["9.30443825", "47.09053425"]}}, {"type": "Feature", "properties": {"identifier": "b029e5fd-46f8-4690-bab9-474ca79ff185", "name": "Haus Casetta (CharmingStay)", "description": "Die 4.5-Zimmerwohnung befindet sich im Zentrum von Flumserberg-Tannenheim. Nur ca. 8 Gehminuten von der Haust\u00fcre bis zur Talstation Prodalp-Express \u00fcber einen Naturweg, auch im Winter. In unmittelbarer N\u00e4he der Ferienwohnung hat es Einkaufsl\u00e4den, Sportgesch\u00e4fte, Skischule und Restaurants. Zur Wohnung geh\u00f6rt eine Garage, Skiraum, sowie eine Waschmaschine. Haustiere sind erlaubt.", "url": "https://www.charmingstay.ch", "image": "https://hltpimtsoch.sos-ch-dk-2.exoscale-cdn.com/catalog/c/7/b/d/c7bde43ae894d93c383cfae8d1af031d0b756809_11.jpg", "openstreetmap_id": "way/321791773"}, "geometry": {"type": "Point", "coordinates": ["9.3051", "47.09012"]}}, {"type": "Feature", "properties": {"identifier": "b0c6ec1c-266a-48ff-9d66-45802efb022c", "name": "b_smart motel Landquart", "description": "Das b_smart motel Landquart l\u00e4dt mit den 20 topmodernen Zimmern zum Entspannen und erholsamen Schlafen ein. Aufgrund der Lage direkt neben dem Bahnhof Landquart ist es perfekt erreichbar und durch die direkte Nachbarschaft zum Landquart Fashion Outlet kommen auch alle Shopping-Fans auf Ihre Kosten.", "url": "https://www.b-smarts.net/landquart/", "image": "https://hltpimtsoch.sos-ch-dk-2.exoscale-cdn.com/catalog/4/a/b/4/4ab44fe585ba5b8aab28ff7ee6898cdc0bddbccc_EingangLobby1_M.jpg", "openstreetmap_id": "node/6867847265"}, "geometry": {"type": "Point", "coordinates": ["9.5553393", "46.967034"]}}, {"type": "Feature", "properties": {"identifier": "b7c3e28e-5f5d-4a62-84f2-53e75d88195a", "name": "Hotel Krone by b_smart", "description": "Das Hotel Krone by b_smart eingebettet im sch\u00f6nen Zentrum von Bad Ragaz ist ein Self-Check-in Hotel ohne Rezeption. Unmittelbar in der N\u00e4he befindet sich das \u00f6ffentliche Thermalbad Tamina Therme sowie einen traumhaften Naturpark und einen Golfplatz.", "url": "http://www.krone-badragaz.net", "image": "https://hltpimtsoch.sos-ch-dk-2.exoscale-cdn.com/catalog/7/9/b/2/79b2fa0d3ec5ff665421404344a6db7311ff5d43_Krone_Bad_Ragaz_Zimmer_30.jpg", "openstreetmap_id": "node/3424879267"}, "geometry": {"type": "Point", "coordinates": ["9.5008174", "47.0012304"]}}, {"type": "Feature", "properties": {"identifier": "b8ba301e-a365-4023-b126-5e6dd71f8e9d", "name": "Ferienwohnung Rothmund", "description": "Die 3.5-Zimmer-Wohnung befindet sich an ruhiger und sonniger Lage in Bad Ragaz, in unmittelbarer N\u00e4he des Giessenparks. Kuranlagen, Zug, Post und Ortszentrum sind in 10 bis 15 Gehminuten erreichbar. Zur Wohnung geh\u00f6rt ein kostenfreier Parkplatz.\n\nDie heimelige Wohnung ist behindertengerecht und rollstuhlg\u00e4ngig eingerichtet. Das helle Wohnzimmer ist Arve-get\u00e4felt, was der Wohnung sehr viel Charme verleiht.", "url": "https://www.ferienwohnung-rothmund.ch/", "image": "https://hltpimtsoch.sos-ch-dk-2.exoscale-cdn.com/catalog/2/0/1/8/20183b097acfede8a2f11817e1c73b2d4a686721_DSC_0676.JPG", "openstreetmap_id": "way/409157199"}, "geometry": {"type": "Point", "coordinates": ["9.506600249463734", "47.006619900000004"]}}, {"type": "Feature", "properties": {"identifier": "bc73425a-929e-4a59-b712-142622de4d4c", "name": "Casa Fluretta", "description": "Die im Fr\u00fchling 2021 neu renovierte, komfortable und liebevoll mit viel Holz eingerichtete Wohnung ist f\u00fcr 2-5 Personen geeignet. Das Wohnzimmer verf\u00fcgt \u00fcber eine grossz\u00fcgige Eckbank mit Tisch und St\u00fchlen, gem\u00fctlichem Sofa, Sessel, TV und gratis WLAN. Die erstklassige K\u00fcche ist aus hochwertigem Material und mit Geschirrsp\u00fcler, grossem K\u00fchlschrank, Backofen und alles was man braucht ausger\u00fcstet. Die Dusche/WC ist praktisch, hell, mit Spiegelkasten, F\u00f6hn und Handtuchw\u00e4rmer versehen. In der ersten Etage befindet sich das Zwei- und Dreibett-Schlafzimmer mit Kasten und Kommode. Der Sitzplatz, mit herrlicher Aussicht, ist ebenerdig vom Wohnzimmer. Es stehen ein Gartentisch mit St\u00fchlen, Grill, eine Lounge, Liegest\u00fchle und Sonnenschirme zur Verf\u00fcgung. Auf der grossen Spielwiese gibt es ein Trampolin und eine Schaukel f\u00fcr Freude der Kinder. Gratiseintritt ins Hallenbad. Gratis Parkplatz und Einstellraum f\u00fcr Bikes, Ski, Kinderwagen, etc. ist vorhanden. Die Sportbushaltestelle ist direkt vor dem Haus und zu den Bergbahnen sind es ca. 300\u00a0m.", "url": "http://www.casafluretta.ch", "image": "https://hltpimtsoch.sos-ch-dk-2.exoscale-cdn.com/catalog/3/c/e/f/3cefd771ff51a19e67b0260a694767849d96e513_IMG_0435.JPEG", "openstreetmap_id": "way/321791788"}, "geometry": {"type": "Point", "coordinates": ["9.30712408288207", "47.08900465"]}}, {"type": "Feature", "properties": {"identifier": "bc838680-df37-4a66-bd0f-ebd408400120", "name": "Brunner's Studio", "description": "Das sch\u00f6ne 1.5-Zimmer Studio befindet sich an zentraler Lage am Flumserberg. Wanderwege, Bushaltestelle, Skilifte, Restaurants, Lebensmittel- und Sportgesch\u00e4fte sind in wenigen Gehminuten erreichbar. Zum Studio geh\u00f6rt ein kostenloser Tiefgaragenplatz dazu.", "image": "https://hltpimtsoch.sos-ch-dk-2.exoscale-cdn.com/catalog/4/e/2/8/4e288193e18a7a30c7e8e37cfbcdf7b17459699f_Brunner_s_Studio__7_.JPG", "openstreetmap_id": "way/325408028"}, "geometry": {"type": "Point", "coordinates": ["9.302172811439865", "47.089559550000004"]}}, {"type": "Feature", "properties": {"identifier": "bd051d7c-49a9-40b0-a204-42d6042bd850", "name": "Casa Malanca", "description": "Die 3-Zimmerwohnung liegt auf dem Flumserberg an ruhiger und sonniger Lage mit fantastischer Aussicht auf die Churfirsten. Zur Wohnung geh\u00f6rt ein kostenloser Parkplatz. Das Casa Malanca liegt direkt an der Skipiste Prodalp-Tannenheim. Im Sommer ist es ein idealer Ausgangspunkt f\u00fcr Wanderungen in den Flumserbergen und Ausfl\u00fcge in der Region Heidiland.\n\nDetails zur Ferienwohnung\n- 3-Zimmerwohnung im ersten Stock\n\nDie Ferienwohnung verf\u00fcgt \u00fcber zwei Schlafzimmer mit je zwei Betten, ein Wohn- und Esszimmer, eine offene und moderne K\u00fcche sowie ein Badezimmer mit Badewanne/Dusche und WC.", "image": "https://hltpimtsoch.sos-ch-dk-2.exoscale-cdn.com/catalog/7/f/6/9/7f6938b3d46ce4adfb005afa26b9028f7952ef5f_Casa_Malanca_Winter__2.jpg", "openstreetmap_id": "N 47.08897 E 9.30075"}, "geometry": {"type": "Point", "coordinates": ["9.3019734", "47.0878485"]}}, {"type": "Feature", "properties": {"identifier": "bd06c35c-7c54-4c56-9586-bf50a7d622da", "name": "Pfadiheim Rhiau Sargans", "description": "Das Pfadiheim Rhiau Sargans ist ein charmantes Gruppenhaus im Heidiland \u2013 mitten in der idyllischen Rheinau von Sargans, umgeben von Natur, Bach und Spielwiese, nur einen kurzen Fussmarsch vom Bahnhof entfernt. 2025 saniert und mit neuer K\u00fcche ausgestattet, bietet es Platz f\u00fcr bis zu 27 Personen in drei Schlafr\u00e4umen und einem gem\u00fctlichen Gemeinschaftsraum. Draussen l\u00e4dt eine Spielwiese mit Feuerstelle zum Lagerleben ein. In der N\u00e4he von Pizol und Flumserberg \u2013 ideal f\u00fcr Wandern, Biken, Skifahren und unvergessliche Gruppenausfl\u00fcge.", "url": "https://pfadiheim-oberrhi.ch/sargans", "image": "https://hltpimtsoch.sos-ch-dk-2.exoscale-cdn.com/catalog/c/b/b/3/cbb3b0cab045b8600f362556792c47cc52425308_Pfadiheim_Rhiau__3.jpg", "openstreetmap_id": "way/1076398474"}, "geometry": {"type": "Point", "coordinates": ["9.4587866", "47.0505861"]}}, {"type": "Feature", "properties": {"identifier": "c0ed7e2e-d321-4ea6-9bde-c93c5af9c0c1", "name": "Haus Gonzenblick", "description": "Die grossz\u00fcgige 6-Zimmer-Ferienwohnung befindet sich an sch\u00f6ner und ruhiger Lage mit fantastischem Blick auf die Churfirsten sowie ins Tal. In weniger als 10 Minuten zu Fuss erreichen Sie diverse Restaurants, Einkaufsgesch\u00e4fte, Bars und die Gondelbahn Prodalp-Express, welche Sie ins Ski- und Wandergebiet bringt. Zur Ferienwohnung geh\u00f6rt ein Fahrradabstellraum und ein Garagenplatz. F\u00fcr Haustiere sind wir nicht eingerichtet.", "image": "https://hltpimtsoch.sos-ch-dk-2.exoscale-cdn.com/catalog/c/1/a/e/c1aecd375a82e2cc6214bbc8dbb086f0bfc3a832_2.jpg", "openstreetmap_id": "way/321791782"}, "geometry": {"type": "Point", "coordinates": ["9.305021017393717", "47.08993925"]}}, {"type": "Feature", "properties": {"identifier": "c2b565e1-05cc-42da-8727-6d7a7429f2f9", "name": "Ferienhaus Schils", "description": "Das 5-Zimmer-Ferienhaus befindet sich an ruhiger und familienfreundlicher Lage in Flums. Der Bahnhof Flums ist nur 10 Minuten entfernt. Ein Parkplatz ist gratis vorhanden.\n\nDas Ferienhaus ist komfortabel eingerichtet und sehr heimelig. Die Schlafr\u00e4ume im oberen Stock verf\u00fcgen \u00fcber einen sch\u00f6nen Holzboden.", "image": "https://hltpimtsoch.sos-ch-dk-2.exoscale-cdn.com/catalog/c/e/2/a/ce2a6530d38da24a96734dda92d5738845ae2cb3_Ferienhaus_Schils_3.jpg", "openstreetmap_id": "way/195857655"}, "geometry": {"type": "Point", "coordinates": ["9.339125944233382", "47.09315185"]}}, {"type": "Feature", "properties": {"identifier": "c2e5ab42-87b5-4933-a5b7-3e95744238c1", "name": "Ferienhaus Dreispitz", "description": "Das traditionell und gem\u00fctlich eingerichtetes Schwedenhaus befindet sich an sehr ruhiger Lage in Flumserberg Tannenheim. Das Zentrum Tannenheim, die Bergbahnen, Restaurants, Einkaufsm\u00f6glichkeiten und die Bushaltestelle sind nur ca. 7 Gehminuten entfernt. Zum Ferienhaus geh\u00f6rt eine kostenlose Garage. Die beiden Wohnungen k\u00f6nnen bei gr\u00f6sseren Familien oder Gruppen auch zusammen gemietet werden.", "image": "https://hltpimtsoch.sos-ch-dk-2.exoscale-cdn.com/catalog/e/e/c/5/eec518208feab67d6ffe6b594f6cb1a76b61894c_Aussenansicht.jpg", "openstreetmap_id": "node/754266155"}, "geometry": {"type": "Point", "coordinates": ["9.307340383529665", "47.08396733705863"]}}, {"type": "Feature", "properties": {"identifier": "c359563e-d42e-434f-b510-b9f80850569a", "name": "Ferienwohnung Arvenstrasse 7 (CharmingStay)", "description": "Die 3.5-Zimmer-Ferienwohnung befindet sich direkt im Zentrum von Flumserberg-Tannenboden an ruhiger Lage und verf\u00fcgt \u00fcber eine sch\u00f6ne Aussicht auf die Churfirsten. Zur Wohnung geh\u00f6rt ein kostenloser Garagenplatz.\n\nDie Ferienwohnung ist sehr hell, modern und komfortabel eingerichtet. Die Wohn- und Schlafr\u00e4ume verf\u00fcgen \u00fcber einen sch\u00f6nen Holzboden. Zur Wohnung geh\u00f6ren 2 Sitzpl\u00e4tze.", "url": "https://www.charmingstay.ch", "image": "https://hltpimtsoch.sos-ch-dk-2.exoscale-cdn.com/catalog/5/c/0/9/5c0916704945e34876cbed872e6831f83f17d3c1_esszimmer.JPG", "openstreetmap_id": "way/294246380"}, "geometry": {"type": "Point", "coordinates": ["9.286467594793875", "47.0934616"]}}, {"type": "Feature", "properties": {"identifier": "c5876f5d-047c-4327-9ba3-6b65c019401c", "name": "Casa Viva", "description": "<p class=\"MsoNormal\" style=\"margin-right: 0px; margin-bottom: 0px; margin-left: 0px; line-height: 1.5 !important;\">Das Casa Viva mit seinen 8 Wohnungen befindet sich in der Fl\u00e4scherstrasse 21B im Dorfzentrum von Bad Ragaz. Das ruhig gelegene Mehrfamilienhaus verf\u00fcgt \u00fcber einen wundersch\u00f6nen Garten. Die Thermalb\u00e4der, diverse Einkaufsm\u00f6glichkeiten sowie der Bahnhof SBB sind nur wenige Gehminuten entfernt. Parkpl\u00e4tze stehen G\u00e4sten kostenlos zur Verf\u00fcgung. Waschmaschine und Tumbler stehen Ihnen ebenfalls zur Verf\u00fcgung. Haustiere sind auf Anfrage erlaubt.</p><p style=\"margin: 10px 0px 0px; line-height: 1.5 !important;\"><span style=\"margin-top: 0px; line-height: 1.5 !important; font-weight: bold;\">Details zu den einzelnen Wohnungen:</span></p><ul style=\"line-height: 1.5 !important;\"><li style=\"line-height: 1.4;\">6x Studios (ca. 40 m<span style=\"position: relative; vertical-align: baseline; top: -0.5em; margin-top: 0px; line-height: 1.5 !important;\">2</span>)</li><li style=\"line-height: 1.4;\">2x Apartments (ca. 60 m<span style=\"position: relative; vertical-align: baseline; top: -0.5em; margin-top: 0px; line-height: 1.5 !important;\">2</span>)</li></ul>", "url": "https://www.casavivabadragaz.ch/", "image": "https://hltpimtsoch.sos-ch-dk-2.exoscale-cdn.com/catalog/6/0/5/a/605aa77d6b1bb1efbce47a5d04b0f1590f6f4227_Aussenansicht_2.JPG", "openstreetmap_id": "way/409157231"}, "geometry": {"type": "Point", "coordinates": ["9.503282203165657", "47.00496605"]}}, {"type": "Feature", "properties": {"identifier": "c5baec72-f372-4e6d-a39e-bc2811def905", "name": "Ferienwohnung Nadig", "description": "Die gem\u00fctliche 3.5-Zimmer-Wohnung im Erdgeschoss bietet eine traumhafte Aussicht auf die Churfirsten. Von der Ferienwohnung sind es 2 Gehminuten bis zur Bergbahn Prodalp-Express.  ", "image": "https://hltpimtsoch.sos-ch-dk-2.exoscale-cdn.com/catalog/1/1/2/5/11256cec2d7d0ea3116f560e1b9cde7224ef9fc5_Ferienwohnung_Nadig__3_.jpeg", "openstreetmap_id": "way/194824433"}, "geometry": {"type": "Point", "coordinates": ["9.30321514606476", "47.08999421513073"]}}, {"type": "Feature", "properties": {"identifier": "c90c98cd-77c3-4b69-8b6b-71ea57aff928", "name": "Haus Flumser-H\u00f6ckli (CharmingStay)", "description": "Die 4.5 Zimmerwohnung im Zentrum von Flumserberg-Tannenheim ist direkt bei der Talstation Prodalp-Express gelegen. Die Wohnung hat 3 Stockwerke mit einem grossen Balkon im EG. Die Wohnung befindet sich in einem terrassenm\u00e4ssig angelegten 3er-Reihneneinfamilienhaus.\n\nDie Wohnung ist zeitgem\u00e4ss eingerichtet und mit einem Parkettboden ausgestattet.", "url": "https://www.charmingstay.ch", "image": "https://hltpimtsoch.sos-ch-dk-2.exoscale-cdn.com/catalog/b/8/9/5/b895b645bd3aff07fe951b7500b5666e3efe8530_01_Aussenansicht2.JPG", "openstreetmap_id": "way/194824450"}, "geometry": {"type": "Point", "coordinates": ["9.3043313", "47.0892258"]}}, {"type": "Feature", "properties": {"identifier": "c98b60ee-2846-4ac2-b650-58951e2e2796", "name": "Haus Gasch\u00fcr", "description": "Die 3.5 Zimmerwohnung ist ideal im Dorfkern gelegen, nahe zu den Gesch\u00e4ften und der Tamina Therme. Zudem bietet sie eine sch\u00f6ne Aussicht in die Berge.\n\nDie Ferienwohnung liegt im 2. OG unter dem Dach. Sie ist grossz\u00fcgig ausgestattet und stilvoll und modern m\u00f6bliert. Zur Wohnung geh\u00f6rt auch eine grosse Sonnenterrasse und ein Balkon. Ebenfalls gibt es eine Galerie mit einer kleiner Bibliothek.", "url": "http://www.hausgaschur.com", "image": "https://hltpimtsoch.sos-ch-dk-2.exoscale-cdn.com/catalog/9/9/e/3/99e32831287ea48989e8cefe4770f510d54de154_Haus_Gasch__r_4.jpg", "openstreetmap_id": "way/409157215"}, "geometry": {"type": "Point", "coordinates": ["9.501548493740152", "47.002264749999995"]}}, {"type": "Feature", "properties": {"identifier": "cb7b7869-0958-415b-9223-4843e1c04553", "name": "Ferienwohnungen Gauencenter (Orange und Rot)", "description": "Das Gauencenter bietet direkten Zugang zu den Skipisten, kostenfreies WLAN und kostenfreie Privatparkpl\u00e4tze an der Unterkunft. Die Seilbahn Maschgenkamm ist 1,2 km von der Unterkunft entfernt und eine Skipiste befindet sich vor dem Geb\u00e4ude.\nIn der modern eingerichteten Unterkunft steht Ihnen eine Waschmaschine, sowie Bettw\u00e4sche und Handt\u00fccher zur Verf\u00fcgung.\nZu den Einrichtungen geh\u00f6rt auch ein kostenloses Fitness- und Wellnesscenter mit einer Sauna, einem Solarium und einem Whirlpool. (Im Winter)\nEbenfalls ist im Gauencenter eine Skiaufbewahrung vorhanden. Eine Disco, mit separatem Eingang, l\u00e4dt jeden Samstag zum Tanzen ein.", "url": "https://www.newgoggeien.ch/", "image": "https://hltpimtsoch.sos-ch-dk-2.exoscale-cdn.com/catalog/7/b/7/1/7b71ea9f0e9b1bab6bb28f8fc440422bcb766680_K__che_orange.jpg", "openstreetmap_id": "way/194824448"}, "geometry": {"type": "Point", "coordinates": ["9.298958655716081", "47.0901013"]}}, {"type": "Feature", "properties": {"identifier": "cb8290cf-1bc9-4924-a6b1-74682657064f", "name": "Zunfthaus zum L\u00f6wen", "description": "Das Restaurant ist im Gault Millau mit 14 Punkten ausgezeichnet und serviert Ihnen traditionelle Schweizer K\u00fcche, kreative Speisen und erlesene Weine. \n\nIm Winter werden Sie jeden Freitag mit Live-Jazz unterhalten, im Jazzkeller. Erleben Sie gelungene Stunden in einem ganz besonderen Ambiente. \n\nDas liebevoll eingerichtete Barbarast\u00fcbli eignet sich besonders f\u00fcr kleine Familien- oder Firmenfeiern mit bis zu 25 Personen. F\u00fcr gr\u00f6ssere Anl\u00e4sse steht unser Saal f\u00fcr Sie zur Verf\u00fcgung.", "url": "http://www.zunfthausloewen.ch", "image": "https://hltpimtsoch.sos-ch-dk-2.exoscale-cdn.com/catalog/4/d/c/6/4dc6fff97464c67803ebc32ddc2a29c8f1360aa0_DSC_0078.JPG", "openstreetmap_id": "node/4448731389"}, "geometry": {"type": "Point", "coordinates": ["9.4355606", "47.0505308"]}}, {"type": "Feature", "properties": {"identifier": "cc3bfcb0-7014-4ea4-82c3-dab4aa64f626", "name": "Stellplatz Parkplatz Skilift Tristeli", "description": "Auf dem Parkplatz beim kleinen Skilift Tristeli auf dem St. Margrethenberg stehen im Sommer f\u00fcnf Stellpl\u00e4tze f\u00fcr Camper zur Verf\u00fcgung. Das beschauliche D\u00f6rfchen liegt auf 1'200 Metern \u00fcber Meer und bietet eine ruhige, naturnahe Umgebung mit herrlicher Aussicht auf das umliegende Bergpanorama. Vom Stellplatz aus lassen sich zahlreiche Wanderungen unternehmen.\n\nBesonders beliebt ist der Aufstieg zur Aussichtsplattform Pizalun, die einen weiten Blick \u00fcber das Rheintal und die B\u00fcndner Herrschaft bietet.\n\nDer Platz eignet sich ideal f\u00fcr Naturliebhaber, Ruhesuchende und aktive G\u00e4ste. Eine Reservation oder Buchung ist nicht m\u00f6glich. Wir bitten um Verst\u00e4ndnis.", "url": "https://www.verkehrsverein-pfaefers.ch", "image": "https://hltpimtsoch.sos-ch-dk-2.exoscale-cdn.com/catalog/c/b/1/8/cb18722704b721a58d0c148e90e7837b086472d1_IMG_6022__1_.jpeg", "openstreetmap_id": "way/24382231"}, "geometry": {"type": "Point", "coordinates": ["9.507036209106447", "46.98145666994276"]}}, {"type": "Feature", "properties": {"identifier": "cc738346-2a9f-417b-978d-7aeaea965497", "name": "Gampergalt (Whg. Heubi)", "description": "Die Ferienwohnung befindet sich an ruhiger Lage im \u201eAnggetlin\u201c auf ca. 1400 M.\u00fc.M. Die Talstation der Prodkammbahnen ist nur wenige Gehminuten entfernt. Die Wohnung bietet eine wundersch\u00f6ne, unverbaute Aussicht auf die Churfirsten, den Raum Sargans sowie die B\u00fcndner Berge. Die Postauto-Haltestelle und Einkaufsm\u00f6glichkeiten erreichen Sie nach ca. 10 Gehminuten. Zur Wohnung geh\u00f6rt ein kostenloser Parkplatz.\n\nDie Wohnung im Parterre ist gem\u00fctlich eingerichtet, mit allem, was man braucht. Schlaf-, Wohn- und Essbereich ist ein Raum und bietet Platz f\u00fcr 2 Personen. Im Sommer steht ein Sitzplatz mit Chemin\u00e9e zur Verf\u00fcgung.", "image": "https://hltpimtsoch.sos-ch-dk-2.exoscale-cdn.com/catalog/9/9/6/b/996b24bb40678a772d648a96005847e065ca8512_Gampergalt_5.jpg", "openstreetmap_id": "way/182426752"}, "geometry": {"type": "Point", "coordinates": ["9.30598712383185", "47.08270506053502"]}}, {"type": "Feature", "properties": {"identifier": "cc884af7-e1e6-4c35-b188-f9301a2d835a", "name": "Haus Mittenwald A", "description": "3.5 Zimmer Ferienwohnung im DG, Lift, Tiefgarage, Skiraum. Geeignet f\u00fcr 4 Personen.\nKeine Haustiere erlaubt.", "image": "https://hltpimtsoch.sos-ch-dk-2.exoscale-cdn.com/catalog/b/d/4/2/bd42e88e6e582bf0efd6ecc6d97d2db1206ce01e_Wohnzimmer1.jpg", "openstreetmap_id": "way/194824443"}, "geometry": {"type": "Point", "coordinates": ["9.297387650000001", "47.0899206"]}}, {"type": "Feature", "properties": {"identifier": "cca63a01-a52f-497f-927a-8398dbfe0104", "name": "Ferienwohnung Egglisboden", "description": "Neue und moderne 3-Zimmerwohnung an sehr ruhiger Lage in Quarten mit sch\u00f6nes Aussicht auf den Walensee und die Churfirsten. Bis zur Mittelstation der Luftseilbahn auf den Flumserberg sind es nur 5 Fahrminuten. Zur Wohnung geh\u00f6rt ein kostenloser Parkplatz.\n\nDie neue Ferienwohnung im Parterre ist modern und komfortabel eingerichtet. Alle R\u00e4ume sind sehr hell und Wohn- und Schlafr\u00e4ume verf\u00fcgen \u00fcber einen sch\u00f6nen Parkettboden.", "image": "https://hltpimtsoch.sos-ch-dk-2.exoscale-cdn.com/catalog/e/a/d/5/ead5b7a181266e4fe0aa2d167d15295eea373c5c_Egglisboden_5.jpg", "openstreetmap_id": "way/292374936"}, "geometry": {"type": "Point", "coordinates": ["9.238646204289786", "47.1043765"]}}, {"type": "Feature", "properties": {"identifier": "cd042191-3ca4-4dcb-ab7e-ade3e9aafd44", "name": "Ferienwohnung Pramalinis", "description": "Die 2.5-Zimmerwohnung befindet sich auf einem Weingut und ist sehr l\u00e4ndlich gelegen. Vom Balkon aus, k\u00f6nnen Sie die tolle Aussicht geniessen.\nEin Aussenparkplatz steht kostenlos zur Verf\u00fcgung.", "image": "https://hltpimtsoch.sos-ch-dk-2.exoscale-cdn.com/catalog/d/1/b/1/d1b16bad87531f70ffe1afda7deac3a1b2bf0961_Primalinis_Aussenansicht.JPG", "openstreetmap_id": "node/198379022"}, "geometry": {"type": "Point", "coordinates": ["9.5616096", "46.9985007"]}}, {"type": "Feature", "properties": {"identifier": "cf7dd61f-33b5-42d9-baa1-eaae43d9f98c", "name": "Cubilaris Motel Bad Ragaz", "description": "Das Cubilaris ist ein neues innovatives Motel, bestehend aus 20 Raummodulen aus Holz. Sie haben die Wahl, in einem Cubi Classic (19 m2) oder im Cubi Studio (24 m2) zu \u00fcbernachten. Alle Raummodule sind gem\u00fctlich und modern ausgestattet. Im Cubi Studio gibt es eine kleine K\u00fcche, einen Ess- und Loungebereich sowie ein gr\u00f6sseres Bad. Das Motel erreichen Sie mit Ihrem Fahrzeug oder dem \u00f6ffentlichen Bus (direkt vor der T\u00fcre). F\u00fcr Elektrofahrzeuge steht seit 2021 eine Ladestation zur Verf\u00fcgung. Motorradfahrer und Velofahrer finden einen gedeckten Carport f\u00fcr ihre Zweir\u00e4der vor.", "url": "http://www.cubilaris.ch", "image": "https://hltpimtsoch.sos-ch-dk-2.exoscale-cdn.com/catalog/2/0/7/5/2075a0f5ef9cfe14b81230dc179c52281d2d372c_suite16_6.jpg", "openstreetmap_id": "node/11065326405"}, "geometry": {"type": "Point", "coordinates": ["9.4938527", "47.0129535"]}}, {"type": "Feature", "properties": {"identifier": "d2233cdb-2fb8-446b-a43d-0d87d7199734", "name": "Gauenpark-Uehli", "description": "Die 1.5 Zimmerwohnung befindet sich zuoberst im 11. Stock im MFH Gauenpark in Flumserberg Tannenheim mit herrlicher Aussicht auf die Churfirsten und den Walensee. Die Wohnung ist sehr ruhig gelegen. Ein Parkplatz ist kostenlos vorhanden.\n\nDie helle Wohnung mit traumhafter Aussicht ist modern und gem\u00fctlich eingerichtet. Schlaf-, Wohn- und Essbereich ist ein Raum und bietet Platz f\u00fcr bis zu 4 Personen. Die ganze Wohnung ist mit einem Parkettboden ausgestattet.", "image": "https://hltpimtsoch.sos-ch-dk-2.exoscale-cdn.com/catalog/b/7/4/f/b74f8fc6aa56ed41e828a7fbcb4c32e452b27c68_Gauenpark_Uehli_Wohnzimmer.JPG", "openstreetmap_id": "way/194824448"}, "geometry": {"type": "Point", "coordinates": ["9.298958655716081", "47.0901013"]}}, {"type": "Feature", "properties": {"identifier": "d281b1fd-c7a5-4f86-85e2-c29b6997c827", "name": "Ferienwohnung Vonlanthen/Jud", "description": "Die 2.5-Zimmer-Maisonette-Wohnung mit eigenem Hauseingang befindet sich an ruhiger und zentraler Lage in Bad Ragaz. Zur Wohnung geh\u00f6rt ein Gartensitzplatz und ein Balkon.\n\nDas Apartment verf\u00fcgt \u00fcber 1 grosses Schlafzimmer mit Trennwand, 1 Bad mit WC, 1 WC, Bettw\u00e4sche, Handt\u00fccher, 1 Flachbild-TV, Wlan,Chemin\u00e9e,  eine voll ausgestattete K\u00fcche,Balkon und einen grossen Sitzplatz.\n\n50 m von Migros umd Coop, 10 min zu Fuss bis zum Bahnhof un Tamina Therme.", "image": "https://hltpimtsoch.sos-ch-dk-2.exoscale-cdn.com/catalog/7/c/b/d/7cbd360ffbe3e663dab6fea91a53add3d5b58b53_8e4a2df1_f653_4877_92d9_8026b3df018e.JPG", "openstreetmap_id": "way/118979559"}, "geometry": {"type": "Point", "coordinates": ["9.502739310264587", "47.003400040829"]}}, {"type": "Feature", "properties": {"identifier": "d563f7c7-5ddf-43df-bd02-aecd63e05c1c", "name": "Ferienhaus Arnika", "description": "Das heimelige und helle Ferienhaus mit zwei Schlafzimmern, Wohnraum und K\u00fcche befindet sich bei Sergeuris in Valens in der N\u00e4he eines Bauernhofes. Das Haus bietet s\u00e4mtliche Einrichtungen und Ausstattungen, die ein k\u00fcrzerer oder l\u00e4ngerer Ferienaufenthalt erfordert. Ein grosser Balkon l\u00e4dt zum Verweilen ein, ebenso ein Steinplatz vor dem Haus, mit Feuerstelle, mit Grill. Das Haus wird mit einem Specksteinofen (Holzheizung) geheizt. Bei Minustemperaturen muss der Ofen morgens und abends w\u00e4hrend ca. 3 Stunden ein gefeuert werden.", "url": "http://www.ferienhaus-arnika.ch/", "image": "https://hltpimtsoch.sos-ch-dk-2.exoscale-cdn.com/catalog/3/2/7/8/3278650eafa7a06b96d129d7cf88f53f65954bd6_Haus_Winter2.jpg", "openstreetmap_id": "node/4301387459"}, "geometry": {"type": "Point", "coordinates": ["9.4840908", "46.9936812"]}}, {"type": "Feature", "properties": {"identifier": "d5efa582-2f5b-4f01-aa2c-1fbee9040d79", "name": "Stellplatz Pard\u00e4tsch", "description": "Der Stellplatz Pard\u00e4tsch liegt rund 300 Meter s\u00fcdlich des Zeltplatzes H\u00fcttenwiese auf der gegen\u00fcberliegenden Strassenseite. Er befindet sich idyllisch an der ruhigen Kunkelsstrasse und bietet eine freie Sicht auf Alpweiden, W\u00e4lder und die eindrucksvolle Berglandschaft der Umgebung.\nIn nur 100 Metern Entfernung l\u00e4dt eine Schweizer Familienfeuerstelle zum Verweilen ein. Ebenfalls rund 100 Meter entfernt fliesst auf der anderen Strassenseite, rund 30 Meter tiefer, der G\u00f6rbsbach durch einen Auenwald. Der V\u00e4ttner \u201eBergstrand\u201c mit seinem breiten Kiesbett bietet einen besonderen Ort zur Entspannung und Erholung inmitten der Natur.", "url": "https://www.ortsgemeinde-vaettis.ch/liege-zelt/zeltplaetze", "image": "https://hltpimtsoch.sos-ch-dk-2.exoscale-cdn.com/catalog/2/1/3/7/2137832773ebadbcbdeed23a91d2e4a1ee958cdb_Stellplatz_Pard__tsch1.jpg", "openstreetmap_id": "node/312760496"}, "geometry": {"type": "Point", "coordinates": ["9.4415215", "46.9098162"]}}, {"type": "Feature", "properties": {"identifier": "d75b3886-6fc0-4f21-8f18-4ba3dee9944e", "name": "Ferienhaus Maienfeld - Heidihuus", "description": "Das Ferienhaus Heidihuus oberhalb Maienfeld in Weiher Rofels liegt nahe am Heididorf mit dem Museum. Vom Sitzplatz aus hat man einen wundersch\u00f6nen Blick in die Weinanbaugebiete der B\u00fcndner Herrschaft und in Richtung Pizol. Die Umgebung bietet allerlei M\u00f6glichkeiten, den Aufenthalt genussvoll sowie auch sportlich und aktiv zu gestalten.\n\nDie Wohnung verf\u00fcgt \u00fcber ein gem\u00fctliches Wohnzimmer mit Lesest\u00fchlen und Sofas, einen Chemineeofen sowie einen sonnigen Gartensitzplatz. Die K\u00fcche bietet Backofen, K\u00fchlschrank, Geschirrsp\u00fcler, Fondue- und Raclette-Set, Kaffeemaschine, Toaster und Wasserkocher.", "url": "https://www.ferien-heidiland.ch", "image": "https://hltpimtsoch.sos-ch-dk-2.exoscale-cdn.com/catalog/a/6/6/9/a669b6af439728d8f0b9a10fc1afe5faddb18656_MAIENFELD_Ferienhaus.jpg", "openstreetmap_id": "way/409100658"}, "geometry": {"type": "Point", "coordinates": ["9.544346369651297", "47.00955675"]}}, {"type": "Feature", "properties": {"identifier": "d7882d5d-b40a-4058-9963-c35eef16dffc", "name": "Chalet Waldwiese (CharmingStay)", "description": "Das Chalet mit 4.5 Zimmer befindet sich am Dorfrand von Flumserberg Tannenheim, mit wunderbarer Aussicht auf die Churfirstenkette. Bergbahnen, Restaurants und der Dorfladen sind nur ca. 10 Gehminuten entfernt. Zum Ferienhaus geh\u00f6rt ein kostenfreier Parkplatz. Dieser befindet sich unterhalb des Hauses und ist \u00fcber eine Treppe erreichbar, ca. 50m.\n\nDie Wohnung ist zweckm\u00e4ssig und mit viel Holz eingerichtet. Die W\u00e4nde von Wohn- und Schlafr\u00e4umen sind get\u00e4fert und verf\u00fcgen \u00fcber einen Holzboden. Zum Chalet geh\u00f6rt ein Sitzplatz mit sch\u00f6ner Aussicht.", "url": "https://www.charmingstay.ch", "image": "https://hltpimtsoch.sos-ch-dk-2.exoscale-cdn.com/catalog/7/e/8/3/7e83a6378e0ec60990d453f74450b269d6be1f46_ausenansicht___Kopie.JPG", "openstreetmap_id": "way/383765138"}, "geometry": {"type": "Point", "coordinates": ["9.30613935", "47.09091225"]}}, {"type": "Feature", "properties": {"identifier": "d84013ab-468d-4dc2-a437-b7b408d77846", "name": "Panoramawohnung am Pizol / Furt 1'525 m \u00fc. M.", "description": "Die helle, moderne und familienfreundliche 2.5-Zimmer Panoramawohnung befindet sich direkt bei der Bergstation Furt (8er Gondelbahn Wangs-Furt) mit wundersch\u00f6ner Aussicht auf das Bergpanorama Churfirsten. Direkt an der Skipiste und am Ausgangspunkt der 3,5 km langen Schlittelbahn und dem Nachtskifahren. Umgeben von leckeren Restaurants und grossen Sonnenterrassen, Ski- und Snowboardschule in unmittelbarer N\u00e4he. \nEs ist ein idealer Ausgangspunkt f\u00fcr s\u00e4mtliche Aktivit\u00e4ten und Attraktionen am Pizol.\nIm Sommer direkt an der 5-Seen-Wanderroute und grossem Natur-Erlebnisspielplatz mit Wasserfall.", "url": "https://www.airbnb.com/h/berger-ferien-am-pizol", "image": "https://hltpimtsoch.sos-ch-dk-2.exoscale-cdn.com/catalog/8/9/7/7/8977be8b4dfd730a8969cb287397874316eac4c2_Schneehus_Valeis.jpg", "openstreetmap_id": "way/235931938"}, "geometry": {"type": "Point", "coordinates": ["9.42151665687561", "47.00237886732135"]}}, {"type": "Feature", "properties": {"identifier": "d91b3d09-e504-4efc-890c-05689ad7aae6", "name": "Gampergalt 4.5 Zi-Whg", "description": "Die 4.5-Zimmerwohnung befindet sich in Flumserberg-Tannenheim nur ca. 5 Gehminuten zur Skipiste, welche zur Talstation Prodalp-Express Tannenheim f\u00fchrt. Ins Zentrum mit Einkaufsl\u00e4den, Sportgesch\u00e4ften, Skischule und Restaurants sind es ca. 1.5 km. Zur Ferienwohnung geh\u00f6rt ein kostenloser Aussenparkplatz.\n\nDie grossz\u00fcgige Wohnung ist gem\u00fctlich und komfortabel eingerichtet. Vom Wohnzimmer aus gelangt man auf den grossen Balkon Richtung Norden und die grosse Terrasse Richtung S\u00fcden.", "image": "https://hltpimtsoch.sos-ch-dk-2.exoscale-cdn.com/catalog/f/e/b/f/febf45e764d2cb667c730622f6605cf67a5a10c9_IMG_1895.jpg", "openstreetmap_id": "way/182426752"}, "geometry": {"type": "Point", "coordinates": ["9.30598712383185", "47.08270506053502"]}}, {"type": "Feature", "properties": {"identifier": "da0bcc35-12d6-414b-8afc-c87b12ed7b00", "name": "Ferienwohnung Frei", "description": "Die 2-Zimmerwohnung befindet sich an sehr ruhiger Lage am Rande von Bad Ragaz am Ende einer Sackgasse. Restaurants und Lebensmittell\u00e4den befinden sich in der Umgebung. Die Bushaltestelle ist 1,2 km, die Pizolbahn 3 km und das Thermalbad 1 km entfernt. Zur Wohnung geh\u00f6rt ein privater Parkplatz.\n\nDie Wohnung liegt im Parterre und ist zweckm\u00e4ssig eingerichtet.", "image": "https://hltpimtsoch.sos-ch-dk-2.exoscale-cdn.com/catalog/d/1/5/c/d15c557c5288b75fa13eb9acd52c5b89f0661404_Frei_5.jpg", "openstreetmap_id": "way/409159420"}, "geometry": {"type": "Point", "coordinates": ["9.497417679972216", "47.0061627"]}}, {"type": "Feature", "properties": {"identifier": "daeb77f0-929b-4eb8-83ec-91d96e79bbaf", "name": "Haus Alpenblick A", "description": "Die 2.5 Zimmerwohnung befindet sich in Flumserberg Tannenheim nur ca. 2 Gehminuten vom Hallenbad, Sportbus, Skipiste Mittenwald und Einkaufsm\u00f6glichkeiten entfernt. Zur Wohnung geh\u00f6rt ein kostenloser Parkplatz in der Tiefgarage.\n\nDie helle Wohnung ist klassisch und gem\u00fctlich eingerichtet. Wohn- und Schlafr\u00e4ume verf\u00fcgen \u00fcber einen sch\u00f6nen Holzboden. Bilder und Deko verzieren die W\u00e4nde und Regale.", "image": "https://hltpimtsoch.sos-ch-dk-2.exoscale-cdn.com/catalog/7/4/8/7/7487f0ab3e055c25f71eddce6c091d89c5185d45_Haus_Alpenblick_1.jpg", "openstreetmap_id": "way/325407976"}, "geometry": {"type": "Point", "coordinates": ["9.297766606774918", "47.0907134"]}}, {"type": "Feature", "properties": {"identifier": "dd0a0ac1-4553-40b4-83fb-603a376fbe46", "name": "Casa Alpetta", "description": "Die 2.5-Zimmerwohnung befindet sich an der Flubastrasse 16 in Flumserberg Tannenboden, nahe der Bergbahnen, Restaurants und Einkaufsm\u00f6glichkeiten. Die Lage mit sch\u00f6ner Aussicht auf die umliegenden Berge ist hervorragend. Ein Parkplatz steht bei der Unterkunft zur Verf\u00fcgung.", "image": "https://hltpimtsoch.sos-ch-dk-2.exoscale-cdn.com/catalog/b/5/5/5/b55573cd4fdef3c512896b1cc66fec6e000ea807_Casa_Alpetta_Hauptbild.jpg", "openstreetmap_id": "way/294246273"}, "geometry": {"type": "Point", "coordinates": ["9.287785421515782", "47.09344285"]}}, {"type": "Feature", "properties": {"identifier": "e08a7e02-5a67-4193-a5c9-798ce794bbce", "name": "Lerchenh\u00fcsli", "description": "Das gem\u00fctlich, heimelige eingerichtete Ferienhaus Lerchenh\u00fcsli liegt im Zentrum Tannenboden. In der N\u00e4he befindet sich die Skischule, Einkaufsm\u00f6glichkeiten und diverse Restaurants. Einen Garagenplatz ist 50 Meter unterhalb vorhanden. Im Sommer sch\u00f6ner Sitz- und Spielplatz beim Haus mit Gartenchemin\u00e9e, ideal f\u00fcr Familien. Das Lerchenh\u00fcsli befindet sich an einer sonnigen Lage mit wunderbarer Sicht zur Churfirsten und Alvier Bergkette. Haustiere sind erlaubt.", "image": "https://hltpimtsoch.sos-ch-dk-2.exoscale-cdn.com/catalog/c/b/8/c/cb8c7e8ff9c3c10800a46f85d3eb74d9ccd6254c_Lerchenh__sli_1.jpg", "openstreetmap_id": "way/1058903126"}, "geometry": {"type": "Point", "coordinates": ["9.286287807779502", "47.0937143"]}}, {"type": "Feature", "properties": {"identifier": "e0dac3ac-c26c-45ce-a579-fb8225b86250", "name": "Haus Steinbock (CharmingStay)", "description": "Das Mehrfamilienhaus befindet sich am Flumserberg Tannenheim. Innerhalb von wenigen Gehminuten befinden sich das Restaurant M\u00e4tz Dine und der Prodallp Express. Zu den Wohnungen geh\u00f6rt jeweils ein kostenloser Garagenparkplatz dazu.\n\nInneneinrichtung\nDie Wohnungen sind gem\u00fctlich und modern eingerichtet. Sie verf\u00fcgen \u00fcber eine vollausgestattete K\u00fcche, offenes Wohnzimmer und einen grossen Balkon. Im Wohnhaus befindet sich ein Lift sowie ein Ski-Abstellraum.\n\nTechnische Einrichtung\nKostenloses WLAN, Radio und ein Kabel TV stehen in den Wohnungen zur Verf\u00fcgung.", "url": "https://www.charmingstay.ch", "image": "https://hltpimtsoch.sos-ch-dk-2.exoscale-cdn.com/catalog/7/d/5/6/7d56b512d1221f8050715c578f7c77c4076f42cb_Haus_Steinbock_2OG__9_.JPG", "openstreetmap_id": "way/194824442"}, "geometry": {"type": "Point", "coordinates": ["9.30473123098497", "47.08930865"]}}, {"type": "Feature", "properties": {"identifier": "e132467a-39f3-4406-abc8-ab5c3e99e2ee", "name": "Haus Schwendihof (2 Studios)", "description": "Das Ferienhaus liegt auf 1280 m H\u00f6he in Flumserberg Tannenheim, direkt bei den Bergbahnen und der Skipiste. Die beiden Studios befinden sich im Dachgeschoss des Zweifamilienhauses. Zu den Studios geh\u00f6rt ein kostenloser Parkplatz.\n\nDetails der einzelnen Studios\n- 1x Studio Guscha\n- 1x Studio Churfirsten\n\nBeide Studios sind einfach eingerichtet und verf\u00fcgen \u00fcber einen Wohn-/Schlafbereich mit Doppelbett, Sofa und TV. Die kleine K\u00fcchenzeile ist mit allem ausgestattet was man braucht. Sie bietet Herd, Backofen, K\u00fchlschrank und Kaffeemaschine. Die Dachschr\u00e4gen mit Holzbalken machen den Aufenthalt in den Studios sehr gem\u00fctlich. WIFI vorhanden.", "image": "https://hltpimtsoch.sos-ch-dk-2.exoscale-cdn.com/catalog/6/7/4/8/6748905e5a4609e226bb0b8cf52bf13525052bcc_Schwendihof_Essbereich.JPG", "openstreetmap_id": "way/294246221"}, "geometry": {"type": "Point", "coordinates": ["9.28503688613744", "47.0944254"]}}, {"type": "Feature", "properties": {"identifier": "e141e86a-91e4-499f-b4a2-6aa0ec8a2c43", "name": "Hotel Sportcenter F\u00fcnf D\u00f6rfer AG", "description": "<div><p>Das Hotel Sportcenter F&uuml;nf D&ouml;rfer in Zizers verbindet 3-Sterne-Komfort mit einem umfassenden Sportangebot. Die 34 gem&uuml;tlichen Doppelzimmer (auch zur Einzelbelegung) bieten modernen 3-Sterne-Standard mit Zimmertresor, gratis WLAN, TV, Schreibtisch sowie Dusche/WC.</p><p>Im &ouml;ffentlichen Restaurant mit Gartenterrasse werden regionale, internationale und gutb&uuml;rgerliche Speisen serviert &ndash; perfekt f&uuml;r Sportlerinnen und Sportler sowie f&uuml;r erholungssuchende G&auml;ste.</p><p>F&uuml;r sportliche Aktivit&auml;ten stehen das ganze Jahr &uuml;ber vier gelenkschonende Tennispl&auml;tze in der Tennishalle sowie vier Squash-Boxen zur Verf&uuml;gung. Von Mai bis September erg&auml;nzen zwei Badminton-Felder das Angebot. Tennisunterricht, Turniere, attraktive Mietpreise und ein ausgew&auml;hltes Sortiment an Sportartikeln runden das Sportangebot ab.</p><p>Ob Tennis, Squash oder Badminton &ndash; das Sportcenter F&uuml;nf D&ouml;rfer ist die ideale Adresse f&uuml;r alle, die Bewegung, Spass und Gastfreundschaft kombinieren m&ouml;chten.</p></div>", "url": "https://www.hotel-5doerfer.ch", "image": "https://hltpimtsoch.sos-ch-dk-2.exoscale-cdn.com/catalog/9/9/c/1/99c1148529a7a8abf10dcf49de1c55e2fdec49c8_P1070319.JPG", "openstreetmap_id": "node/4316337334"}, "geometry": {"type": "Point", "coordinates": ["9.557869434356691", "46.91956678293475"]}}, {"type": "Feature", "properties": {"identifier": "e1652746-4ea7-496e-9b67-a545f5242362", "name": "Chalet Wieseh\u00f6ckli (CharmingStay)", "description": "Das kleine 3-Zimmer-Chalet mit herrlicher Aussicht auf die Churfirsten und den Walensee befindet sich an ruhiger Lage in Flumserberg Tannenbodenalp. Zum Chalet geh\u00f6rt ein kostenloser Parkplatz.\n\nDas heimelige Ferienchalet ist gem\u00fctlich und mit viel Holz eingerichtet. Die W\u00e4nde im Wohn- und Schlafzimmer sind get\u00e4felt. Zum Chalet geh\u00f6rt ein Sitzplatz mit Chemin\u00e9e, mit Spielwiese sowie ein Aussen-Whirlpool.", "url": "https://www.charmingstay.ch", "image": "https://hltpimtsoch.sos-ch-dk-2.exoscale-cdn.com/catalog/6/a/2/d/6a2d3088a1b88f2237efdc0dae9690373b913988_Bild_Francois_201025_Wohnzimmer___Nebel.JPG", "openstreetmap_id": "way/294246305"}, "geometry": {"type": "Point", "coordinates": ["9.284148542062624", "47.0966193"]}}, {"type": "Feature", "properties": {"identifier": "e22c7f37-f27d-464a-8e12-ffceda4d0462", "name": "Ferienwohnung Edelweiss (Fluba)", "description": "Die frisch renovierte 3-Zimmerwohnung befindet sich im Zentrum von Flumserberg Tannenboden. Die Wohnung bietet Platz f\u00fcr eine vierk\u00f6pfige Familie, Haustiere nach Absprache. Der kleine Balkon mit Tisch, St\u00fchlen und einem Grill l\u00e4dt zum Nichtstun ein. Innerhalb von wenigen Gehminuten erreichen Sie den Dorfladen, die Skischule, verschiedene Restaurants und die Bergbahnen. Zur Wohnung geh\u00f6rt ein Parkplatz dazu.</p>", "image": "https://hltpimtsoch.sos-ch-dk-2.exoscale-cdn.com/catalog/8/0/0/e/800e366fbffb65fbaf20e385d617fbdb08177d16_Ferienwohnung_Edelweiss__Fluba_.JPG", "openstreetmap_id": "way/187703332"}, "geometry": {"type": "Point", "coordinates": ["9.286235", "47.09414"]}}, {"type": "Feature", "properties": {"identifier": "e3cc30c7-a2c8-4f8b-8e7e-5178605ae2b2", "name": "Haus Panorama B (Whg. Rupf)", "description": "Gem\u00fctliche 3 Zimmerwohnung mit 65m2 f\u00fcr vier Personen, mit zwei Balkons mit Berg- und Talsicht und sch\u00f6ner Aussicht auf die Churfirsten und bis Sargans. Die Wohnung ist im ersten Stock des Geb\u00e4udes, sie bietet zwei Schlafzimmer mit je zwei Betten, davon ein Etagenbett. Der grosse und helle Wohnraum mit offener K\u00fcche und Essbereich, bietet ein wunderbares Panorama. Die Wohnung verf\u00fcgt \u00fcber einen eigenen Garagenplatz.", "image": "https://hltpimtsoch.sos-ch-dk-2.exoscale-cdn.com/catalog/d/4/5/2/d452d95f3d28d19d5b92ae8c9b4541b0b16986bb_Schlafzimmer_Doppelbett.jpeg", "openstreetmap_id": "way/194824434"}, "geometry": {"type": "Point", "coordinates": ["9.304035902023317", "47.089848555645915"]}}, {"type": "Feature", "properties": {"identifier": "e739d7fa-a384-4771-b4c7-f3260ff2835b", "name": "Auberge Adler, Fl\u00e4sch", "description": "Die Auberge Adler befindet sich mitten im Weindorf Fl\u00e4sch. In Fl\u00e4sch geniessen Sie die Ruhe und den Charme des idyllischen Weinbaudorfs.\nIm G\u00e4stehaus befindet sich das Gourmetrestaurant Adler. Zahlreiche Aktivit\u00e4ten wie die Tamina Therme, das Skigebiet Pizol und das Fashion-Outlet Landquart befinden sich nur wenige Fahrminuten entfernt.\n\nG\u00e4stezimmer\nDie harmonische Kombination aus historisch und modern verleiht jedem Zimmer seinen eigenen Charme. In unserer Auberge erwarten Sie, vier stilvoll eingerichtete Doppelzimmer mit Blick ins Weinbauerndorf Fl\u00e4sch. Jedes Zimmer verf\u00fcgt \u00fcber ein Badezimmer mit Dusche und WC.\n\nRestaurant Adler\nIn unserem Gourmetrestaurant Adler servieren wir hausgemachte und regionale K\u00f6stlichkeiten, welche direkt von Siggi Tschurtschenthaler und seinem Team zubereitet werden. Ein Hauch S\u00fcdtirol - die Heimat von Siggi -  darf bei den Kreationen aus der Gourmetk\u00fcche nicht fehlen.", "url": "https://www.adlerflaesch.ch/gaestezimmer.html", "image": "https://hltpimtsoch.sos-ch-dk-2.exoscale-cdn.com/catalog/d/5/1/e/d51ef2358a89eed608fd2eecbd47cab56c6c9edb_Auberge_Adler__2_.jpg", "openstreetmap_id": "way/258989581"}, "geometry": {"type": "Point", "coordinates": ["9.51325681496726", "47.02653735"]}}, {"type": "Feature", "properties": {"identifier": "e7f68b90-1030-46b3-8d67-595b841ca2af", "name": "Haus Alpina (CharmingStay)", "description": "Das Haus Alpina liegt in Tannenboden Dorf an Top-Lage. Die Bergbahnen sind nur ca. 3 Gehminuten entfernt. Die Wohnung verf\u00fcgt \u00fcber eine wundersch\u00f6ne Aussicht auf das Skigebiet und das Bergpanorama. Aussenparkpl\u00e4tze und Garagen stehen kostenlos zur Verf\u00fcgung.\n\nDetails zur Ferienwohnung\n- 1x 2.5-Zimmerwohnung im zweiten Stock\n\nDie Wohnung verf\u00fcgt \u00fcber ein offenes, ger\u00e4umiges und gem\u00fctliches Wohnzimmer mit Sofa und Flachbild-TV. Die K\u00fcche bietet Herd, Backofen, K\u00fchlschrank, Geschirrsp\u00fcler, Toaster, Kaffeemaschine, Wasserkocher, Fondue- und Raclette-Set. Die Ferienwohnung verf\u00fcgt ebenfalls \u00fcber einen Balkon.", "url": "https://www.charmingstay.ch", "image": "https://hltpimtsoch.sos-ch-dk-2.exoscale-cdn.com/catalog/e/7/8/0/e780714be15f40178ab324c75affc282b5c9d3b8_Sofa__neu__mit_K__che.jpeg", "openstreetmap_id": "way/294246219"}, "geometry": {"type": "Point", "coordinates": ["9.283183944204325", "47.0941143"]}}, {"type": "Feature", "properties": {"identifier": "e8413db3-b66e-4a82-b398-1f769f8759c3", "name": "Appartementhaus Quadern (5 Wohnungen)", "description": "<p>Das Appartementhaus Quadern befindet sich im Dorfzentrum von Valens, in unmittelbarer N&auml;he zur Reha-Klinik. Das ruhig gelegene Mehrfamilienhaus verf&uuml;gt &uuml;ber eine grossz&uuml;gige Umgebung. Die Ferienwohnungen sind im Geb&auml;ude mit 32-Eigentumswohnungen integriert. Wenige Schritte vom Haus entfernt befinden sich Einkaufsm&ouml;glichkeiten sowie Postautohaltestellen. Durch die hervorragende Erreichbarkeit ab Bad Ragaz &uuml;ber die gr&ouml;sste Bogenbr&uuml;cke der Schweiz ist Valens zu jeder Jahreszeit attraktiv. Umgeben von beeindruckender Bergwelt erholen Sie sich am Ausgangspunkt f&uuml;r Ausfl&uuml;ge zum Wandern, Biken, Schwimmen und vielem mehr. Details der einzelnen Ferienwohnungen - 1 x 1.-Zimmerwohnung im Dachgeschoss (B302) - 1 x 2.5-Zimmerwohnungen im Erdgeschoss (A001) - 1 x 2.5-Zimmerwohnung im 1. Obergeschoss (A102) - 2 x 2.5-Zimmerwohnung im 2. Obergeschoss (B201 &amp; B202) Die Wohnungen verf&uuml;gen alle &uuml;ber einen ger&auml;umigen und gem&uuml;tlichen Wohnraum und offene Einbauk&uuml;che. Badezimmer mit Dusche oder Badewanne, WC, Lavabo, Waschmaschine. Grosser Balkon mit Liegest&uuml;hlen und Tisch mit St&uuml;hlen.</p>", "url": "https://www.appartementhaus-quadern.ch/", "image": "https://hltpimtsoch.sos-ch-dk-2.exoscale-cdn.com/catalog/7/a/8/b/7a8b890d5b4a0503d34db1d95fa7d03c8219fc8a_Aussen_06_Panorama__2.jpg", "openstreetmap_id": "way/883151729"}, "geometry": {"type": "Point", "coordinates": ["9.482333064079286", "46.970758714037245"]}}, {"type": "Feature", "properties": {"identifier": "e8bb12a6-ccf9-4e6c-8f94-65fe1fa0fb8e", "name": "adfontes Ferien- & Wellnessappartements ", "description": "Ein Resort wird zum Zuhause f\u00fcr Geniesser. Unsere DreamLocations sind liebevoll eingerichtet und bieten unseren G\u00e4sten f\u00fcr Ferien, f\u00fcr einen Kuraufenthalt nach Operationen oder einfach einen Wochenendaufenthalt mit allen M\u00f6glichkeiten f\u00fcr Wellness und Anwendungen ein Zuhause in bezaubernder Atmosph\u00e4re. Die herrlich ruhige Lage und ein Garten zum Tr\u00e4umen f\u00fcr naturnahe Entspannung.\n\nIn unserem Orangerie Relaxingroom, umgeben von sch\u00fctzenden B\u00e4umen gelingt es Ihnen den Alltag hinter sich zu lassen und ein herrliches Freizeitfeeling zu entwickeln.", "url": "http://www.adfontes-wellness.ch/", "image": "https://hltpimtsoch.sos-ch-dk-2.exoscale-cdn.com/catalog/8/c/e/2/8ce2331722302caf506f67492a2313850b262656_Bild2.jpg", "openstreetmap_id": "way/409157250"}, "geometry": {"type": "Point", "coordinates": ["9.504106681372097", "47.0062851"]}}, {"type": "Feature", "properties": {"identifier": "e8fb9d91-185f-494d-9070-c4ac2e9d1c70", "name": "Mehrzweckgeb\u00e4ude Bovel", "description": "Die Gruppenunterkunft Bovel in Pf\u00e4fers ist geeignet f\u00fcr Lager oder gruppen von 6 bis zu 40 Personen. Geeignet auch f\u00fcr Vereine, Familien und Guppen.Sie liegt unmittelbar am Dorfrand von Pf\u00e4fers und verf\u00fcgt \u00fcber K\u00fcche, Aufenthaltsraum, Duschen und WC. Verschiedene stockwerke mit Schlafr\u00e4umen 4x 4er Zimmer und 2x 12ers Zimmer Preis auf Anfrage.", "url": "http://www.pfaefers.ch", "image": "https://hltpimtsoch.sos-ch-dk-2.exoscale-cdn.com/catalog/8/5/7/c/857cc53d9c833d37054b5a37510919c03eea9527_Mehrzweckgeb__ude_Bovel_1.jpg", "openstreetmap_id": "way/335111278"}, "geometry": {"type": "Point", "coordinates": ["9.497092093410085", "46.98761748368809"]}}, {"type": "Feature", "properties": {"identifier": "e983fa05-c7a7-4ccd-91e7-9037bcfabe24", "name": "Gruppenunterkunft Berghaus Pfadiheim Sunnebode Tannenheim Flumserberg", "description": "Das Pfadiheim Sunnebode liegt im sch\u00f6nen Erholungsgebiet der Flumserberge 1200 Meter \u00fcber Meer. Es ist ruhig und in verkehrsfreier Umgebung gelegen, mit wundersch\u00f6ner Aussicht ins Seeztal und die benachbarten Churfirsten. Das Haus wurde 1995 renoviert und umgebaut.\n\nIdeal f\u00fcr Weekends und Lager. Maximum 35 Personen.", "url": "https://www.heimverein-gloggi.ch/sunnebode/", "image": "https://hltpimtsoch.sos-ch-dk-2.exoscale-cdn.com/catalog/a/e/1/3/ae13abe13ce18ce1d4b3f1b98c308e7470ad916c_20231203_111256.jpg", "openstreetmap_id": "way/205538792"}, "geometry": {"type": "Point", "coordinates": ["9.296868060775422", "47.0941181"]}}, {"type": "Feature", "properties": {"identifier": "eb2f2db0-26ee-4a03-879b-378208c5b93f", "name": "Chalet Windegg (CharmingStay)", "description": "Die sch\u00f6ne Wohnung befindet sich im Zentrum vom Tannenheim, Flumserberg. In unmittelbarer N\u00e4he befindet sich die Ski- und Schlittelpiste sowie im Sommer ein wundersch\u00f6ne Wander- und Bikegebiet. Ebenfalls ist das Hallenbad direkt neben der Wohnung. ", "url": "https://www.charmingstay.ch", "image": "https://hltpimtsoch.sos-ch-dk-2.exoscale-cdn.com/catalog/4/8/6/d/486db1ac288bc056bac65de0978ebc60e45139dc_TDS00020012938652587_sized_800_0.jpg", "openstreetmap_id": "way/325408029"}, "geometry": {"type": "Point", "coordinates": ["9.29743552673245", "47.0909726"]}}, {"type": "Feature", "properties": {"identifier": "ec2ef367-c896-4274-85c0-da8ba5436b2c", "name": "Mehrzweckgeb\u00e4ude Allmend", "description": "Zentral gelegene Unterkunft f\u00fcr Ferienlager und Milit\u00e4r bis 140 Personen. Saal mit B\u00fchne, Festbestuhlung 250 Personen, Konzertbestuhlung 330 Personen. Gut geeignet f\u00fcr Vereinsanl\u00e4sse. Preis auf Anfrage.", "image": "https://hltpimtsoch.sos-ch-dk-2.exoscale-cdn.com/catalog/8/a/7/b/8a7bb1acaa9f5ee8a197c633777f941de46feb5f_Mehrzweckgeb__ude_Allmend_3.jpg", "openstreetmap_id": "way/109161199"}, "geometry": {"type": "Point", "coordinates": ["9.503838694536727", "47.00347755"]}}, {"type": "Feature", "properties": {"identifier": "eca22aae-f891-40b3-bc58-78c7868285ee", "name": "Chr\u00fcterh\u00fctte", "description": "Unsere Clubh\u00fctte liegt auf 1400 m und diente fr\u00fcher als Maiens\u00e4ss. Sie befindet sich mitten in einer Skipiste oder im Sommer auf einer Alpweide. Sie kann heute zu einem sehr g\u00fcnstigen Preis gemietet werden. Die Clubh\u00fctte wurde im Sommer 2010 renoviert und pr\u00e4sentiert sich wieder in einem heimeligen und hervorragenden Zustand. Die H\u00fctte ist mit dem Auto oder mit den \u00f6ffentlichen Verkehrsmitteln, das heisst mit dem Postauto ab Flums oder mit der Luftseilbahn ab Unterterzen, erreichbar. Die letzten 200 m zur Chr\u00fcterh\u00fctte werden dann zu Fuss zur\u00fcckgelegt.\n\nDas Clubhaus ist einfach eingerichtet, wurde im Sommer 2010 renoviert und pr\u00e4sentiert sich wieder in einem heimeligen und fantastischen Zustand.", "url": "https://skiclub-flumserberg.ch/chrueterhuette/", "image": "https://hltpimtsoch.sos-ch-dk-2.exoscale-cdn.com/catalog/c/0/e/7/c0e76da61b2e556bb7c25e37e0174beb40f7dcbc_Chr__tterh__tte_1.jpg", "openstreetmap_id": "4708541"}, "geometry": {"type": "Point", "coordinates": ["9.283576011657717", "47.091046284227026"]}}, {"type": "Feature", "properties": {"identifier": "ecac38be-681f-436e-a613-bebbeafe92d1", "name": "Skihaus Sunneschy", "description": "Unser \u00abSkihaus Sunneschy\u00bb liegt im Tannenheim rechts an der Strasse von Flums nach Flumserberg gegen\u00fcber dem Feuerwehrdepot M\u00e4tzwiese. 5 Minuten zu Fuss bis ins Tannenheim: Bergbahn Prodalp-Express, Aparthotel Edy Bruggmann, sonderBar, Postautohaltestelle, Sportshop. Ideal ab 10 bis 20 Personen. Es bietet 4 Mehrbettzimmer mit insgesamt 25 Liegepl\u00e4tzen. F\u00fcr gr\u00f6ssere Gruppen kann das Massenlager mit total 22 Pl\u00e4tzen und zwei Doppelzimmer (f\u00fcr das Leiter-/K\u00fcchenteam) dazu gemietet werden. Ausstattungen - K\u00fcche - sch\u00f6ner Ess- und Aufenthaltsraum - B\u00fcro / kleiner Wohnraum - 4 Zimmer (5er, 6er, 2 x 7er) - 2 Waschr\u00e4ume - 2 Duschen, 2 WC\u2019s, 1 Pissoir - Garderobenraum - Skiraum - Keller mit Waschmaschine und kleinem Tumbler - grosse Spielwiese. - Massenlager und 2 Doppelzimmer \u2013 optional bei grossen Gruppen", "url": "http://www.hotelbruggmann.ch/index.php/sunneschy", "image": "https://hltpimtsoch.sos-ch-dk-2.exoscale-cdn.com/catalog/3/4/e/e/34ee8642c6af2b954733eba691acca6916d3bfcc_Hauptbild.png", "openstreetmap_id": "way/383765136"}, "geometry": {"type": "Point", "coordinates": ["9.304622161604218", "47.0913418"]}}, {"type": "Feature", "properties": {"identifier": "ed8bdc8f-ad53-4f7e-ac67-67a7181c09ea", "name": "Gruppenunterkunft Berghaus Pfadiheim Parmort M\u00e4dris \u2013 Vermol bei Mels", "description": "Die Gruppenunterkunft im Berghaus Pfadiheim Parmort liegt auf der Alp Hochschwendi ob  M\u00e4dris \u2013 Vermol bei Mels Kanton St. Gallen auf 1300 Meter \u00fcber Meer. N\u00e4he vom Naturschutzgebietes \u00abChapfensee\u00bb in der freien Natur.\n\nDas Haus eignet sich sehr gut f\u00fcr Lager und Weekends aller Art. Im Sommer l\u00e4dt die vielf\u00e4ltige Umgebung zu Wanderungen, Naturbeobachtungen und zum Baden ein. Im Winter zu Schneeschuhwandern, Ski- und Snowboardtouren, abseits von Bahnen und Liften.", "url": "https://www.heimverein-gloggi.ch/parmort/", "image": "https://hltpimtsoch.sos-ch-dk-2.exoscale-cdn.com/catalog/e/b/b/a/ebba4ebc4ed622c42bc97389dfc523b2fd89bb76_parmort_anreise_winter.jpeg", "openstreetmap_id": "way/309821007"}, "geometry": {"type": "Point", "coordinates": ["9.36146240008042", "47.04816735"]}}, {"type": "Feature", "properties": {"identifier": "ee762de0-c014-4836-820f-6213b604b2db", "name": "Ferienhaus Margess", "description": "Chalet mit pr\u00e4chtiger Aussicht, alleinstehend. \n\nZufahrt m\u00f6glich mit Postauto, Car, PW. Ein grosser Parkplatz steht beim Haus zur Verf\u00fcgung.\n\n16 Zimmer und im 3. Stock 20 Pl\u00e4tze im Massenlager. Kalt- und Warmwasser im Zimmer, Etagendusche, Zentralheizung, Elektrogask\u00fcche. Speisesaal, Spielwiese und Grill befinden sich in der Unterkunft. \n\nGeeignet f\u00fcr Lager von 30 bis 60 Personen. Selbstkocher. Preise auf Anfrage.", "url": "http://www.margess.ch", "image": "https://hltpimtsoch.sos-ch-dk-2.exoscale-cdn.com/catalog/0/5/f/c/05fc17a039516379ffe9a2f1e70a4bd926b1cced_Ferienhaus_Margess_1.jpg", "openstreetmap_id": "way/293877303"}, "geometry": {"type": "Point", "coordinates": ["9.330278635025026", "47.08133048632599"]}}, {"type": "Feature", "properties": {"identifier": "f060062c-cd40-4cfa-9c1d-840c83ec5398", "name": "Marina Walensee / Marina Hotel", "description": "Direkt am Ufer des Walensees und am Fusse des Flumserbergs erwartet Sie das Marina Hotel der Marina Walensee in Unterterzen \u2013 der perfekte Ort f\u00fcr entspannte Auszeiten und aktive Ferientage zugleich.\n\nDie zahlreichen Doppelzimmer und grossz\u00fcgigen Familienzimmer bieten h\u00f6chsten Komfort in einmaliger Lage. Ob romantischer Kurzurlaub zu zweit oder unvergessliche Ferien mit der ganzen Familie: Hier beginnen Erholung und Naturerlebnis direkt vor der Zimmert\u00fcr.\n\nNach einer erholsamen Nacht starten Sie mit einem reichhaltigen Fr\u00fchst\u00fcck genussvoll in den Tag \u2013 bereits im \u00dcbernachtungspreis inbegriffen. Im selben Haus verw\u00f6hnt Sie das Marina Restaurant mit saisonalen Spezialit\u00e4ten und herrlichem Blick auf See und Bergkulisse.\n\nDank der direkten Lage am Walensee und der unmittelbaren N\u00e4he zur Talstation Flumserberg sind Wanderungen, Badeerlebnisse, Bike-Touren oder Wintersport nur wenige Schritte entfernt.", "url": "http://www.marina-walensee.ch", "image": "https://hltpimtsoch.sos-ch-dk-2.exoscale-cdn.com/catalog/e/9/5/e/e95e5c00f6c89e8a82afe3918c0613b4262e0a46_Marina_Walensee_Titelbild.jpg", "openstreetmap_id": "node/690805134"}, "geometry": {"type": "Point", "coordinates": ["9.2561018", "47.1158656"]}}, {"type": "Feature", "properties": {"identifier": "f344071a-a284-4661-b92f-08e14dbaa57d", "name": "Stellplatz Feuerwehrdepot Pf\u00e4fers", "description": "<p>Der Stellplatz befindet sich auf dem Kiesparkplatz zwischen dem Feuerwehrdepot Bovel und dem Altersheim Montaluna in Pf&auml;fers. Der Platz liegt ruhig am Dorfrand und ist ideal gelegen f&uuml;r Naturfreunde und Wanderbegeisterte.<br>Nur wenige Gehminuten entfernt befindet sich die eindrucksvolle Taminabr&uuml;cke, die gr&ouml;sste Bogenbr&uuml;cke der Schweiz. Direkt ab dem Stellplatz f&uuml;hren Wanderwege in die eindr&uuml;ckliche Taminaschlucht und zum geschichtstr&auml;chtigen Alten Bad Pf&auml;fers. Eine Reservation oder Buchung ist nicht m&ouml;glich.&nbsp;Wir bitten um Verst&auml;ndnis.</p>", "url": "https://www.verkehrsverein-pfaefers.ch", "image": "https://hltpimtsoch.sos-ch-dk-2.exoscale-cdn.com/catalog/8/b/3/6/8b361cb3de2953ed26988c212d08b10cdaad2f07_IMG_5791.jpeg", "openstreetmap_id": "way/979939791"}, "geometry": {"type": "Point", "coordinates": ["9.496382474899294", "46.98784259493995"]}}, {"type": "Feature", "properties": {"identifier": "f390c89b-0574-471e-95ef-ca82d4fc1f56", "name": "Chalet Bergruh", "description": "Gem\u00fctliches Holzhaus, renoviert, f\u00fcr Gruppen bis 42 Personen. Selbstversorger, Massenlager, moderne K\u00fcche und Nassr\u00e4ume. Liegt direkt an der Piste. 4 Parkpl\u00e4tze vor dem Haus. Ganzj\u00e4hrig buchbar.", "image": "https://hltpimtsoch.sos-ch-dk-2.exoscale-cdn.com/catalog/9/4/c/e/94cec6b4892af727613c59378757281dfcc96ffc_2018_07_19.jpg", "openstreetmap_id": "way/325407936"}, "geometry": {"type": "Point", "coordinates": ["9.302110716849313", "47.087731000000005"]}}, {"type": "Feature", "properties": {"identifier": "f655d8a0-a37d-4b76-99f5-cb1c3043e0ec", "name": "Ferienhaus Schn\u00e4ls", "description": "Das Haus liegt unterhalb des Ferienortes Flumserberg in St. Galleroberland an einer ruhigen privaten Strasse mit Blick auf die Churfirstenkette. \n\nHeimeliger Ess- und Aufenthaltsraum mit Kamin. K\u00fcche mit Gastroherd, grossem K\u00fchlschrank und Tiefk\u00fchltruhe. Die Betten sind bei Ihrer Ankunft immer frisch bezogen. Der holzget\u00e4felte Spielraum mit Tischtennis und Fussballkasten kann auch als Discoraum ben\u00fctzt werden. \n\nVor dem Haus hat es eine Grillstelle, Spielplatz mit Sandkasten und ein geteerter Ballspielplatz sowie Parkpl\u00e4tze f\u00fcr Autos. \n\nGratiseintritt in das Hallenbad Flumserberg, 4 km entfernt. \n\nGratis Gep\u00e4ckabholdienst.", "url": "http://www.ferienhaus-schnaels.ch", "image": "https://hltpimtsoch.sos-ch-dk-2.exoscale-cdn.com/catalog/d/a/5/9/da594c9e8e4903aaa58cb20a30ce92031cc400eb_Ferienhaus_Schn__ls__15_.jpg", "openstreetmap_id": "way/228845790"}, "geometry": {"type": "Point", "coordinates": ["9.322575330734255", "47.08549492830861"]}}, {"type": "Feature", "properties": {"identifier": "f6e6f630-c631-4f50-962d-6ae0de212096", "name": "Ferienhaus Dreitann", "description": "Erreichbar mit der Pizolbahn Bad Ragaz auf 1633 m.\u00fc.M. Das Haus liegt 500 Meter neben der Bergstation Pardiel, direkt an der Skipiste und am Kinderlift. Selbstversorger oder Verpflegung in den nahegelegenen Restaurants. Die Schlafstellen sind auf 5 verschiedene R\u00e4ume aufgeteilt. Grosser Aufenthaltsraum, Waschr\u00e4ume, 2 WC's und 2 Duschen vorhanden.", "image": "https://hltpimtsoch.sos-ch-dk-2.exoscale-cdn.com/catalog/6/3/9/d/639da2b5e0fc6ffe321dd07207e24e19e8905dd6_Haus.jpg", "openstreetmap_id": "way/409077032"}, "geometry": {"type": "Point", "coordinates": ["9.467189311981201", "46.9887425812676"]}}, {"type": "Feature", "properties": {"identifier": "f736364a-e903-4dbd-9720-1a1df6156776", "name": "Alpenlodge Prod", "description": "Mitten im Sommer- und Wintersportgebiet Flumserberg \u2013 auf dem Hochplateau Prodalp (1576 m) \u2013 finden Sie die Alpenlodge Prod. Die moderne Gruppenunterkunft mit 48 Betten und einer grossen Selbstversorgungsk\u00fcche bietet zus\u00e4tzlich Ruhe, Idylle und eine herrliche Aussicht.\n\nOb f\u00fcr ein Schullager oder f\u00fcr ein Wochenende f\u00fcr Firmen oder Vereine \u2013 die Alpenlodge Prod bietet eine \u00dcbernachtungsm\u00f6glichkeit in einmaliger Atmosph\u00e4re. Die Gruppenunterkunft hat 48 Betten (2 x 10er; 4 x 6er und 2 x 2er-Zimmer). Die K\u00fcche ist mit Induktionsherd, Steamer, Backofen, einem Tiefk\u00fchlschrank, zwei K\u00fchlschr\u00e4nken und einer Abwaschmaschine ausgestattet. Der gem\u00fctliche Ess- und Aufenthaltsraum hat ein Chemin\u00e9e. Der Ski- und Trockenraum eignet sich im Winter ideal zur Aufbewahrung von Skischuhen.\n\nDie Alpenlodge Prod ist eine Gruppenunterkunft f\u00fcr Selbstkocher. Bei einer Buchung mit Fr\u00fchst\u00fcck wird Ihnen dieses direkt ins Haus geliefert. Es besteht zudem die M\u00f6glichkeit ein K\u00e4se-Fondue auf Vorbestellung in die Alpenlodge Prod liefern zu lassen oder im ca. 300 m entfernten Bergrestaurant Prodalp das Mittag- und Abendessen einzunehmen (Reservation erforderlich).\n\nErreichbar ist die Alpenlodge Prod mit der 12er-Gondelbahn Prodalp-Express ab Tannenheim. Ab der Bergstation Prodalp gelangen Sie zu Fuss in wenigen Minuten zur Alpenlodge Prod. Mit den Skiern oder dem Snowboard ist die Alpenlodge Prod ebenfalls erreichbar. Die Gruppenunterkunft wird ab 30 Personen vermietet.", "url": "http://www.alpenlodge-prod.ch", "image": "https://hltpimtsoch.sos-ch-dk-2.exoscale-cdn.com/catalog/f/9/f/6/f9f697e5383fe2f636acf091f2d71880279999c0_Alpenlodge_Prod_Flumserberg.jpg", "openstreetmap_id": "way/182243643"}, "geometry": {"type": "Point", "coordinates": ["9.287202358245851", "47.076241500083825"]}}, {"type": "Feature", "properties": {"identifier": "f88c036b-b346-4c45-90e9-aac8e699d402", "name": "J-H Schwendiwiese", "description": "Die Gruppenunterkunft J-H Schwendiwiese mit herrlicher Aussicht auf die Churfirsten liegt auf etwa 1300\u00a0m.\u00fc.M, in Flumserberg Tannenheim in der Ostschweiz. Das Haus ist auch im Winter mit Auto und Reisebus gut erreichbar. Gratis Parkpl\u00e4tze. Die Bushaltestelle ist etwa 300 m vom Haus entfernt. \n\nDie Talstation des Prodalp-Express ist nur etwa 250 m vom Lagerhaus entfernt, sodass auch Abfahrten bis vor die Haust\u00fcre m\u00f6glich sind.\n\nDer Walensee ist mit der modernen 8er-Gondelbahn in nur 12 Minuten von Tannenboden nach Unterterzen auch gut ohne Auto erreichbar. \n\nMit seinen 50 Schlafpl\u00e4tzen eignet sich dieses gem\u00fctliche Lagerhaus hervorragend f\u00fcr Schul- und Familiengruppen sowie f\u00fcr Vereinsausfl\u00fcge.\n\nUnser Haus verf\u00fcgt \u00fcber eine gut eingerichtete K\u00fcche mit Glaskeramikherd, Steamer, Geschirrsp\u00fcler, einem grossen K\u00fchlschrank sowie einer Gefriertruhe, einem Fernseher mit DVD- sowie VHS-Ger\u00e4t, Beamer und Internetanschluss. Im Sommer stehen Ihnen ein gedeckter Sitzplatz mit Tischen und B\u00e4nken, ein Tischtennistisch sowie eine Spielwiese mit Rutschbahn, Schaukel, Trampolin sowie einem Grill zu Verf\u00fcgung. \n\nDas Hallenbad ist nur etwa 10 Gehminuten von unserem Haus entfernt (30 Gratiseintritt pro Tag). \n\nAusstattung\n1 Essraum\n2 Aufenthaltsr\u00e4ume\nTotal 9 Zimmer:\n4 Zweibettzimmer \n1 Vierbettzimmer \n2 Zimmer \u00e0 8 Etagenbetten\n1 Zimmer \u00e0 10 Etagenbetten\n12 Pl\u00e4tze im Massenlager \n\nGerne senden wir Ihnen unsere Preisliste, beraten Sie am Telefon oder laden Sie zu einer unverbindlichen Hausbesichtigung ein. \n\nIm Winter wird nur das ganze Haus pauschal vermietet, mit max. 50 Schlafpl\u00e4tzen. Im Sommer nehmen wir auch kleinere Gruppen. \n\n30 Hallenbadkarten sind im Preis inbegriffen. \nSie k\u00f6nnen jeden Tag 1x benutzt werden, ausser Montag (geschlossen).\n\nDas Haus wird nur an eine Gruppe gleichzeitig vermietet.", "url": "http://www.jugend-haus.ch", "image": "https://hltpimtsoch.sos-ch-dk-2.exoscale-cdn.com/catalog/b/5/0/2/b5029e6b911c24e41255f5bae620d95b454df0fd_Haus.jpg", "openstreetmap_id": "way/325407883"}, "geometry": {"type": "Point", "coordinates": ["9.305354580430862", "47.08759595"]}}, {"type": "Feature", "properties": {"identifier": "f92a7b61-32a9-4307-b84e-955b4ac3a9b8", "name": "Mehrzweckhalle Lust, Zivilschutz- und Sportanlagen", "description": "Die zentral gelegene Sport- und Mehrzweckhalle Lust in Maienfeld wurde 2003 dem Schulsport- und Anlassbetrieb \u00fcbergeben. Die modernen R\u00e4umlichkeiten eignen sich hervorragend f\u00fcr Sportanl\u00e4sse, aber auch f\u00fcr kulturelle Veranstaltungen mit B\u00fchnennutzung. \n\nInfrastruktur Mehrzweckhalle: \n- 3-fach Turnhalle, unterteilbar\n- Zuschauergalerie im OG f\u00fcr 300 Personen\n- Duschen / Garderoben\n- B\u00fchne\n- K\u00fcche mit Geschirr f\u00fcr 500 Personen\n- Foyerbereich\n- Gymnastikraum mit Spiegelwand\n- Seminarraum mit Beamer\n- Sitzungszimmer\n- Aussensportanlage\n- geteerter Park- oder Festplatz\n- Bankett-Mobiliar f\u00fcr 600 Personen\n- 16 mobile Zuschauertrib\u00fcnen \u00e0 16 Sitzpl\u00e4tze\n- LAN / W-LAN auf Wunsch\n- Nichtraucherzone vor dem Haupteingang\n\nPreis f\u00fcr die Mehrzweckhalle auf Anfrage!\n\nMassenlager f\u00fcr 100 Personen in der Zivilschutzanlage Maienfeld.\nKeine \u00dcbernachtungsm\u00f6glichkeit in der MZH Lust.", "url": "https://www.maienfeld.ch/dienstleistungen/13821", "image": "https://hltpimtsoch.sos-ch-dk-2.exoscale-cdn.com/catalog/8/b/8/e/8b8e4851945fee819e5bac79f476699f4a1f39c4_2018_0526_08430500_01.jpeg", "openstreetmap_id": "way/118792331"}, "geometry": {"type": "Point", "coordinates": ["9.52723180317119", "47.005403650000005"]}}, {"type": "Feature", "properties": {"identifier": "fa9651fe-6094-40e0-9f21-32ca3c461e68", "name": "Schul- und Ferienheim Geisswiese", "description": "Gruppenunterkunft mit fliessend warmem und kaltem Wasser im Zimmer. Maximal 4 Betten pro Zimmer. Moderne sanit\u00e4re Anlagen, 3 Lehrerzimmer mit Duschen, Spielwiese, Grillplatz, Internet, Schulk\u00fcche, separater Aufenthaltsraum.", "url": "http://www.geisswiese.ch/", "image": "https://hltpimtsoch.sos-ch-dk-2.exoscale-cdn.com/catalog/2/6/b/a/26bafbf1ccc694ab02e8fd3769979653c72ebe05_ansicht.jpg", "openstreetmap_id": "node/290081798"}, "geometry": {"type": "Point", "coordinates": ["9.3570512", "47.0669299"]}}, {"type": "Feature", "properties": {"identifier": "fd7b0875-babf-4b91-a2fd-1f0e7ddc285d", "name": "Ferienhaus Prodkopf", "description": "Das Ferienlagerhaus liegt auf 1600 m.\u00fc.M., mitten im Wander- und Skigebiet und kann mit der Bergbahn Bad Ragaz - Pizol schnell und bequem erreicht werden. Im Sommer ist die Zufahrt auch mit dem Auto m\u00f6glich. Wir vermieten das Haus an Selbstkocher-Gruppen oder auf Anfrage mit Halb- oder Vollpension.\n\nDer Prodkopf ist eingerichtet mit 18 Zimmer und total 60 Schlafpl\u00e4tzen (9x2er, 5x 4er, 2x 5er, 2x 6er). Die Zimmer sind mit Warm- und Kaltwasser ausgestattet. Auf den Etagen hat es Duschen und Toiletten. Nebst einem grossen Esssaal bietet das Haus auch einen Aufenthaltsraum f\u00fcr Spiel und Spass an. Das Haus wird nur an eine Gruppe zur Alleinbenutzung vermietet.", "url": "http://www.prodkopf.ch", "image": "https://hltpimtsoch.sos-ch-dk-2.exoscale-cdn.com/catalog/f/4/0/4/f40424b2fdcfa3e52084dbcf6d91e76a27b017b6_prodkopf_gut_9522.jpg", "openstreetmap_id": "way/409077039"}, "geometry": {"type": "Point", "coordinates": ["9.4637262", "46.9898029"]}}]}