{"type": "FeatureCollection", "features": [{"type": "Feature", "properties": {"identifier": "0025f85a-fdfc-4930-aa06-dc91a956d947", "name": "Pauschale: Unterkunft & Skifahren im Heidiland", "description": "<p data-start=\"364\" data-end=\"612\"><strong data-start=\"364\" data-end=\"396\">Dein Winterabenteuer wartet!</strong><br data-start=\"396\" data-end=\"399\">Buche jetzt deine Winterauszeit mit Unterkunft und Skipass in einem: Ob Hotel oder Ferienwohnung, ob Flumserberg oder Pizol &ndash; bei unseren <strong data-start=\"537\" data-end=\"574\">exklusiven Vorteils-Skipauschalen</strong> ist dein Skipass <strong data-start=\"592\" data-end=\"611\">schon inklusive</strong>!</p><p data-start=\"614\" data-end=\"933\">Nur eine knappe Stunde von Z&uuml;rich oder St. Gallen entfernt, erwarten dich zwei attraktive Wintersportgebiete mit zusammen &uuml;ber <strong data-start=\"741\" data-end=\"758\">115 km Pisten</strong>, modernen Anlagen und bester Aussicht auf die Alpen und den Walensee. Perfekt f&uuml;r Paare, Familien oder Freunde, die unkompliziert und preiswert in den Winter starten m&ouml;chten.</p><h4 data-start=\"988\" data-end=\"1024\"><strong data-start=\"993\" data-end=\"1024\">Hotel-Angebote mit Skipass:</strong></h4><ul data-start=\"1025\" data-end=\"1437\"><li data-start=\"1025\" data-end=\"1133\"><p data-start=\"1027\" data-end=\"1133\">&Uuml;bernachte in einem von &uuml;ber <strong>20</strong><strong data-start=\"1056\" data-end=\"1093\"> ausgew&auml;hlten Hotels</strong> in Bad Ragaz, Pizol, Flumserberg oder Umgebung</p></li><li data-start=\"1134\" data-end=\"1209\"><p data-start=\"1136\" data-end=\"1209\"><strong data-start=\"1136\" data-end=\"1162\">2 bis 7 &Uuml;bernachtungen</strong> mit Fr&uuml;hst&uuml;ck (bzw. Halbpension je nach Hotel)</p></li><li data-start=\"1210\" data-end=\"1310\"><p data-start=\"1212\" data-end=\"1310\"><strong data-start=\"1212\" data-end=\"1236\">2 bis 7 Tage Skipass</strong> f&uuml;r das Skigebiet Flumserberg oder Pizol (entsprechend der Anzahl N&auml;chte)</p></li><li data-start=\"1311\" data-end=\"1378\"><p data-start=\"1313\" data-end=\"1378\">Buchbar w&auml;hrend der <strong data-start=\"1333\" data-end=\"1358\">gesamten Wintersaison</strong></p></li><li data-start=\"1379\" data-end=\"1437\"><p data-start=\"1381\" data-end=\"1437\">Skipass-Ausgabe direkt an der Talstation (gegen Voucher)</p></li></ul><h4 data-start=\"1439\" data-end=\"1476\"><strong data-start=\"1444\" data-end=\"1476\">Ferienwohnungen mit Skipass:</strong></h4><ul data-start=\"1477\" data-end=\"1806\"><li data-start=\"1477\" data-end=\"1564\"><p data-start=\"1479\" data-end=\"1564\">W&auml;hle aus &uuml;ber <strong>42</strong><strong data-start=\"1494\" data-end=\"1527\">&nbsp;charmanten Ferienwohnungen</strong> direkt im Skigebiet oder in der N&auml;he</p></li><li data-start=\"1565\" data-end=\"1630\"><p data-start=\"1567\" data-end=\"1630\">Ideal f&uuml;r Familien oder Gruppen &ndash; mehr Platz, mehr Flexibilit&auml;t</p></li><li data-start=\"1631\" data-end=\"1694\"><p data-start=\"1633\" data-end=\"1694\">Beste Buchungschancen ab <strong data-start=\"1658\" data-end=\"1677\">3 bis 7 N&auml;chten</strong> (je nach Region)</p></li><li data-start=\"1695\" data-end=\"1746\"><p data-start=\"1697\" data-end=\"1746\">Inklusive <strong data-start=\"1707\" data-end=\"1746\">Skipass f&uuml;r den gesamten Aufenthalt</strong></p></li><li data-start=\"1747\" data-end=\"1806\"><p data-start=\"1749\" data-end=\"1806\">Buchbar bis <strong data-start=\"1761\" data-end=\"1782\">1 Tag vor Anreise</strong> &ndash; je nach Verf&uuml;gbarkeit</p></li></ul><h3 data-start=\"2159\" data-end=\"2208\">Inklusive Leistungen (je nach Unterkunft):</h3><ul data-start=\"2210\" data-end=\"2455\"><li data-start=\"2210\" data-end=\"2268\"><p data-start=\"2212\" data-end=\"2268\">2 &ndash; 7 N&auml;chte im Hotel oder der Ferienwohnung deiner Wahl</p></li><li data-start=\"2269\" data-end=\"2319\"><p data-start=\"2271\" data-end=\"2319\">T&auml;glicher <strong data-start=\"2281\" data-end=\"2319\">Skipass f&uuml;r Flumserberg oder Pizol</strong></p></li><li data-start=\"2320\" data-end=\"2374\"><p data-start=\"2322\" data-end=\"2374\">Fr&uuml;hst&uuml;ck oder Halbpension (Hotels, je nach Betrieb)</p></li><li data-start=\"2375\" data-end=\"2395\"><p data-start=\"2377\" data-end=\"2395\">Alle lokalen Taxen</p></li><li data-start=\"2396\" data-end=\"2455\"><p data-start=\"2398\" data-end=\"2455\">Voucher f&uuml;r <strong data-start=\"2410\" data-end=\"2455\">direkte Skipassabholung an der Talstation</strong></p></li></ul><h3 data-start=\"2462\" data-end=\"2504\">Nur bei Heidiland Tourismus buchbar:</h3><p data-start=\"2506\" data-end=\"2728\">Diese Skipauschalen sind <strong data-start=\"2531\" data-end=\"2568\">exklusiv &uuml;ber Heidiland Tourismus</strong> erh&auml;ltlich und <strong data-start=\"2584\" data-end=\"2617\">nicht auf anderen Plattformen</strong> verf&uuml;gbar. Spare dir die separate Skipassbuchung und geniesse einen sorgenfreien Start in deinen Winterurlaub.</p>", "image": "https://hltpimtsoch.sos-ch-dk-2.exoscale-cdn.com/catalog/d/7/3/2/d7324df67aa279cb09d404a775b61d14636d3bcd_Skipauschalen_Heidiland_Cover.jpg"}}, {"type": "Feature", "properties": {"identifier": "00a834b5-9fdb-499f-aaa9-c8805924d198", "name": "E-Bike-Vermietung am Walensee", "description": "Wahlweise als Package buchbar inklusive Picknickrucksack und/oder \u00dcbernachtung.\n\nPreise\n\nHalbtagesmiete\n4h (zwischen 08.00 und 13.00 oder zwischen 13.00 und 18.00 Uhr) CHF 50.00\n\nTagesmiete\n8h (zwischen 08.00 und 18.00 Uhr) CHF 60.00\n\nF\u00fcr jede zus\u00e4tzliche Stunde verrechnen wir CHF 10.00.", "url": "https://www.lofthotel.ch/", "image": "https://hltpimtsoch.sos-ch-dk-2.exoscale-cdn.com/catalog/d/2/5/0/d250c8bca75614a10635440c505dd2cc504ada85_lofthotel_ebike_1.jpg", "openstreetmap_id": "node/418190191"}, "geometry": {"type": "Point", "coordinates": ["9.217261", "47.1124535"]}}, {"type": "Feature", "properties": {"identifier": "010196e3-3f90-424d-b48b-b41fd0814979", "name": "Panoramarestaurant Maschgenkamm", "description": "Geniessen Sie im h\u00f6chstgelegenen Gastronomiebetrieb am Flumserberg die Panoramaaussicht auf die umliegende Bergwelt. Lassen Sie Ihren Blick auf der einen Seite entspannt \u00fcber die Weite des Spitzmeilen-Gebiets mit dem charakteristischen Wahrzeichen, dem 2501 m hohen Spitzmeilen, schweifen oder werden Sie auf der anderen Seite von der magischen Churfirsten- und Alvierkette mit ihren zackigen Gipfeln hoch \u00fcber dem Walensee verzaubert.\n\nIm hellen Rundbau stehen Ihnen 80 Sitzpl\u00e4tze zur Verf\u00fcgung. Im ger\u00e4umigen Saal k\u00f6nnen 240 G\u00e4ste den Blick auf die Churfirsten geniessen und das gem\u00fctliche St\u00fcbli bietet 48 Pl\u00e4tze mit bester Sicht auf das Spitzmeilengebiet. Auf der riesigen Sonnenterrasse k\u00f6nnen 600 G\u00e4ste gleichzeitig das atemberaubende Panorama bestaunen (200 Sitzpl\u00e4tze). Zudem stehen Liegest\u00fchle zur Verf\u00fcgung.", "url": "https://www.maschgenkamm.ch", "image": "https://hltpimtsoch.sos-ch-dk-2.exoscale-cdn.com/catalog/5/7/b/0/57b02bd6cbf6340bb6d3eced908150bac4967f2c_tkv_bbf_bergsommer_0007_DJI_0530_HDR.jpg", "openstreetmap_id": "node/412783253"}, "geometry": {"type": "Point", "coordinates": ["9.2535677", "47.0696724"]}}, {"type": "Feature", "properties": {"identifier": "0140303a-da57-417d-be41-461f3032cfee", "name": "Eisenbergwerk Gonzen", "description": "Der Hausberg Gonzen t\u00fcrmt sich imposant \u00fcber dem Grafenst\u00e4dtchen Sargans auf. Bereits vor rund 2000 Jahren wurde im Berg das eisenhaltige Gestein entdeckt und abgebaut. Dabei entstand ein Labyrinth von Stollen und Galerien mit einer Gesamtl\u00e4nge von fast 90 Kilometern.\n\nSeit 1983 ist ein kleiner Teil des Bergwerks \u00f6ffentlich zug\u00e4nglich. Am Eingang des Bergwerkes befindet sich ein Restaurant sowie ein Museum. Das Museum befindet sich im hinteren Teil des Restaurants und kann unabh\u00e4ngig von einer F\u00fchrung w\u00e4hrend den \u00d6ffnungszeiten des Restaurants besucht werden.\n\nAngeboten werden verschiedene F\u00fchrungen auf Voranmeldung.", "url": "https://www.bergwerk-gonzen.ch/", "image": "https://hltpimtsoch.sos-ch-dk-2.exoscale-cdn.com/catalog/f/7/6/8/f768bb7ca41d4d4915557f3fd5e2d9c0f3840d3d_homepage_6.jpg", "openstreetmap_id": "way/211902532"}, "geometry": {"type": "Point", "coordinates": ["9.438442221163582", "47.076702350000005"]}}, {"type": "Feature", "properties": {"identifier": "016d7bf9-d944-4bdc-83cf-bc1aca1b176f", "name": "Museum Alte S\u00e4ge Valens", "description": "1990 wurden die S\u00e4ge durch den Eigent\u00fcmer Ferdinand Reiter Junior stillgelegt und 2004/2005 durch Valens Tourismus, unter F\u00fchrung von Kurt Wyrsch, restauriert und als Museum f\u00fcr die \u00d6ffentlichkeit wiederer\u00f6ffnet. Die Alte S\u00e4ge Valens ist das ganze Jahr frei zug\u00e4nglich und ein spannender Zeitzeuge der Holzwirtschaft des letzten Jahrhunderts.", "url": "http://www.valens-tourismus.ch", "image": "https://hltpimtsoch.sos-ch-dk-2.exoscale-cdn.com/catalog/2/f/0/d/2f0d064f5575bbe873c161617eb27babe9354389_maxresdefault.jpeg", "openstreetmap_id": "way/883151730"}, "geometry": {"type": "Point", "coordinates": ["9.481201171875002", "46.97268790109085"]}}, {"type": "Feature", "properties": {"identifier": "0189d86c-8472-4c3f-a273-f6901c88ee53", "name": "See Camping B\u00fcrer", "description": "Ferienplatz f\u00fcr Zelte, Wohnwagen und Wohnmobile. Direkt am Ostufer des sauberen Walensees, ca. 1 km vom Garnisonsst\u00e4dtchen Walenstadt entfernt. Ausgangspunkt f\u00fcr sch\u00f6ne Ausfl\u00fcge mit Auto, Velo oder zu Fuss. \n\nTotal ca. 20&#039;000 m2, 200 m flacher Badestrand, gepflegter ebener Rasen, mehrere B\u00e4ume, Spielplatz und Liegewiese, mehrere Feuer- und Grillstellen, Rezeption, Kiosk, Aufenthalts- und Trockenraum. Gen\u00fcgend Toiletten und Duschen, Waschmaschine und Trockner, Kochgelegenheit, Camperstation. \n\nCa. 100 Residenz-, 70 Passanten- und 6 Saisonstellpl\u00e4tze.", "url": "http://www.see-camping.ch", "image": "https://hltpimtsoch.sos-ch-dk-2.exoscale-cdn.com/catalog/5/e/1/5/5e1536a6523b096c555e5480511b551a03260875_tkv_seecamping_web_002__51_1054.jpg", "openstreetmap_id": "relation/7292613"}, "geometry": {"type": "Point", "coordinates": ["9.300436530699649", "47.1180223"]}}, {"type": "Feature", "properties": {"identifier": "018b8384-25a2-43fa-a073-0e3873d4e657", "name": "Caf\u00e9-Conditorei Keller", "description": "Idealer Start f\u00fcr Wanderungen, Velotouren oder Ausfahrten ins herrliche Taminatal.\nUnser gem\u00fctliches Caf\u00e9-Restaurant, die Pf\u00e4ferser\n\"Tube\", l\u00e4dt zum Verweilen f\u00fcr Jung und Alt ein.", "url": "http://www.baeckerei-keller.ch", "image": "https://hltpimtsoch.sos-ch-dk-2.exoscale-cdn.com/catalog/2/e/9/4/2e945d8d984b68cd9bc7b2a06d1ba725b5c2b93a_unnamed.jpg", "openstreetmap_id": "way/335114821"}, "geometry": {"type": "Point", "coordinates": ["9.500615394973318", "46.98879345"]}}, {"type": "Feature", "properties": {"identifier": "018b9171-3e4c-4d74-a5a5-5f286144cf99", "name": "sagibeiz", "description": "Das Restaurant sagibeiz liegt in Murg direkt am Walensee und l\u00e4dt mit der Seeterrasse und der gem\u00fctlichen Beiz inklusive Loungebereich zum Geniessen in einzigartiger Atmosph\u00e4re ein. Im Sommer bietet die sagilounge am See zus\u00e4tzlichen Platz auf einer Holzplattform direkt am Schweizer Fjord, wo Sie auch Wassersportartikel f\u00fcr unvergessliche Stunden auf dem See ausleihen k\u00f6nnen.\n\nDie K\u00fcche \u00fcberrascht mit fantasievoll zubereiteten Gerichten aus lokalen Produkten. \n\nDie Location ist auch ideal f\u00fcr Privat- und Firmenanl\u00e4sse mit bis zu 800 Personen geeignet. Gruppen bis 250 Personen finden in den Eventlokalit\u00e4ten sagist\u00fcbli, sagisteg/seeg\u00fcetli mit dazugeh\u00f6rigem Aussenbereich und holzlager/schienenterrasse eine ideale Location f\u00fcr Hochzeiten, Geburtstage, Firmenfeiern und vieles mehr.\n\nVon der Outdoor-Grillparty im Sommer \u00fcber Spargel- und Marronifeste im Fr\u00fchjahr und Herbst bis hin zu Fondue- und Raclette-Abenden im Winter ist alles m\u00f6glich. Geniessen Sie das spezielle Ambiente im ehemaligen S\u00e4gewerk in Murg direkt am See. \n\nZus\u00e4tzlich bietet das sagiareal einen begehbaren Weinkeller mit einem breiten Angebot von regionalen Rarit\u00e4ten bis hin zu internationalen Spezialit\u00e4ten. \nAuch der sagiladen im Untergeschoss ist als Ihre neue Adresse f\u00fcr Produkte vom und rund um den Walensee allemal einen Besuch wert.", "url": "https://www.sagibeiz.ch/", "image": "https://hltpimtsoch.sos-ch-dk-2.exoscale-cdn.com/catalog/4/9/0/1/49014cc7109be5e153cd4557b5b08c342a0ed03f_sagibeiz_dunkel.jpg", "openstreetmap_id": "node/418190201"}, "geometry": {"type": "Point", "coordinates": ["9.2189915", "47.1131786"]}}, {"type": "Feature", "properties": {"identifier": "01901eb6-f087-46e9-a14b-1350f987a251", "name": "Murg Camping", "description": "Der Camping am Walensee ist von G\u00e4rten ums\u00e4umt und bietet eine tolle Sicht auf die imposanten Churfirsten. Im Dorf gibt es komplette Versorgung vom Supermarkt bis zur Bank und von der Forstwirtschaft bis zu einer vielf\u00e4ltigen Gastronomie, Hotels und Ferienwohnungen.\n\nWassersport bietet der Walensee in allen Sparten vom Badevergn\u00fcgen \u00fcber Segelkurse, Surfkurse bis zur Schifffahrt. Die Windsurfingschule vermietet Surfbretter und Kajaks. Die Segelschule vermietet Segelboote, Jollen und Kielboote. Die pr\u00e4chtige Aussicht auf die Churfirstenkette mitten im Heidiland runden das Angebot ab.\n\nDer Campingplatz verf\u00fcgt \u00fcber 20 Wohnwagenpl\u00e4tze direkt am Seeufer.", "url": "https://www.murg-camping.ch", "image": "https://hltpimtsoch.sos-ch-dk-2.exoscale-cdn.com/catalog/a/2/c/6/a2c63420edf17cbeb9e94864cd58c34797d02792_Camping_Murg.JPG", "openstreetmap_id": "way/193412043"}, "geometry": {"type": "Point", "coordinates": ["9.214526558266668", "47.115038600000005"]}}, {"type": "Feature", "properties": {"identifier": "02c8b54b-1226-456a-9e26-10905147d18c", "name": "Panorama View (CharmingStay)", "description": "Die moderne 3.5-Maisonette-Wohnung befindet sich im Zentrum von Flumserberg Tannenboden. In nur wenigen Gehminuten entfernt befinden sich der Dorfladen, Restaurants sowie die Bergbahn Tannenboden. Die Wohnung verf\u00fcgt \u00fcber eine grosse Terrasse mit einer fantastischen Aussicht auf die Churfirsten. Es stehen zwei Garagenparkpl\u00e4tze sowie Besucherparkpl\u00e4tze zur Verf\u00fcgung.  ", "url": "https://www.charmingstay.ch", "image": "https://hltpimtsoch.sos-ch-dk-2.exoscale-cdn.com/catalog/0/c/0/c/0c0c1433aed5630b146eeb1ac00ab4b9d29f240f_Panorama_View__8_.JPG", "openstreetmap_id": "way/294246318"}, "geometry": {"type": "Point", "coordinates": ["9.28523182510765", "47.093405000000004"]}}, {"type": "Feature", "properties": {"identifier": "048a601a-3918-4456-8a7a-6c87cc08f159", "name": "Bahnhof M\u00fchlehorn", "description": "<div>Der Bahnhof M&uuml;hlehorn liegt direkt am Walensee und ist ein praktischer Ankunfts- und Ausgangspunkt fu\u0308r Ausflu\u0308ge entlang des Seeuferwegs. Der kleine Bahnhof u\u0308berzeugt mit seiner Lage nahe beim Wasser und guter Anbindung an die umliegenden Orte. Wer mit dem Auto oder dem Velo anreist, findet am Bahnhof 18 Parkpl&auml;tze sowie ein u\u0308berdachtes Veloparking. Von hier aus lassen sich Spaziergaenge, Velotouren oder Badeplaetze am Walensee bequem erreichen.</div>", "url": "https://www.sbb.ch/de/reiseinformationen/bahnhoefe/bahnhof-finden/bahnhof.9418.muehlehorn.html", "image": "https://hltpimtsoch.sos-ch-dk-2.exoscale-cdn.com/catalog/e/c/4/f/ec4fc650001b1ea98063f46ec2e21dba9f8c2264_Bahnhof_Piktogramm_HLT.png", "openstreetmap_id": "node/1793087592"}, "geometry": {"type": "Point", "coordinates": ["9.172768", "47.1178636"]}}, {"type": "Feature", "properties": {"identifier": "04b2e97d-cf11-47ff-aed1-4ca37ea52822", "name": "Parkrestaurant", "description": "Das Parkrestaurant in Bad Ragaz verbindet mediterrane Genussmomente mit traditioneller Schweizer K\u00fcche \u2013 frisch, regional und mit Liebe zubereitet. Direkt neben dem Giessenpark, dem Freibad und dem Campingplatz gelegen, ist es der perfekte Ort f\u00fcr Feinschmecker*innen und Ruhesuchende. ", "url": "https://www.giessenparkbad.ch/restaurant/parkrestaurant", "image": "https://hltpimtsoch.sos-ch-dk-2.exoscale-cdn.com/catalog/7/f/f/b/7ffbd8e41f0ba10d47cb1a33ae8042421a1ed380_CBAR_BatchLogo.png", "openstreetmap_id": "node/10557067451"}, "geometry": {"type": "Point", "coordinates": ["9.511536955833437", "47.00568976127432"]}}, {"type": "Feature", "properties": {"identifier": "054a29d0-5a2d-412f-9ffc-bedbc6b67d32", "name": "VersuchsStollen Hagerbach", "description": "Eine einzigartige Welt im Berginnern entdecken\n\nEin Team- oder Vereinsausflug geplant?  Dann finden Sie bei uns ein passendes Angebot!\n\nDas ganze Jahr \u00fcber, von Montag bis Samstag, locken im VersuchsStollen Hagerbach diverse Attraktionen. Von informativen F\u00fchrungen \u00fcber Spreng-Demonstrationen voller Action, Motto-Anl\u00e4ssen, bis hin zu Spiel und Spass f\u00fcr gezieltes Team-Building.\n\nGastronomie und Erlebnis unter einem Dach: Unsere Gruppenerlebnisse sind die ideale Erg\u00e4nzung zu Ihrer Feier oder dem Firmenanlass im sch\u00f6nen Restaurant Hagerbach.\n\nBesonders freut uns, dass wir zusammen mit unseren professionellen Partnern im sch\u00f6nen Heidiland und dem unvergleichbaren UNESCO-Welterbe Tektonikarena Sardona, sowohl im Sommer als auch im Winter, begeisternde Aktivit\u00e4ten anbieten k\u00f6nnen.", "url": "https://hagerbach.ch", "image": "https://hltpimtsoch.sos-ch-dk-2.exoscale-cdn.com/catalog/9/d/4/1/9d41c5528ae0e297123579cd2bec29907b3fb019_Tunnelbohrmaschine_Hagerbach.jpg", "openstreetmap_id": "node/7931421830"}, "geometry": {"type": "Point", "coordinates": ["9.389185309410097", "47.076234315591"]}}, {"type": "Feature", "properties": {"identifier": "05ad1220-4bd3-450f-88e9-1de9a07c6509", "name": "Plozza Wine Group", "description": "Unser einzigartiges Verkaufsargument: Dreifacher Produzent und Weinh\u00e4ndler in einem.\nDurch unsere Erfahrung im Umgang mit der Kelterung von Weinen aus drei unterschiedlichen Regionen, haben wir die Kompetenz und das Know-how, Ihnen ein breites Spektrum an hochwertigen Weinen anbieten zu k\u00f6nnen. Die Visionen, die grundlegende Wertvorstellung und die Ziele sind gruppenweit gemeinsam. Kooperation heisst n\u00e4mlich St\u00e4rken zu kombinieren und Schw\u00e4chen zu kompensieren. Davon profitieren Sie als Kunde.", "url": "https://www.plozzawinegroup.ch/startseite", "image": "https://hltpimtsoch.sos-ch-dk-2.exoscale-cdn.com/catalog/e/8/3/2/e8328535d369b2208fc0e1903df7ec0a537a4b5d_Bild1.jpg", "openstreetmap_id": "node/7531744349"}, "geometry": {"type": "Point", "coordinates": ["9.56564784049988", "46.9697985528364"]}}, {"type": "Feature", "properties": {"identifier": "06281908-85f4-4dba-83f3-3a474cb1282d", "name": "Hof Just - Schlafen im Stroh", "description": "Unser Bauernhof liegt oberhalb Maienfeld ganz in der N\u00e4he des Heidimuseums (8 Gehminuten). Wir sind ein Familienbetrieb. Bei uns sind Velo-, Auto-, Motorradfahrer und auch Fussg\u00e4nger jederzeit herzlich willkommen. Haben Sie schon einmal auf einem Bauernhof im Stroh oder auf Matratzen \u00fcbernachtet...?", "url": "https://www.hofjust.ch", "image": "https://hltpimtsoch.sos-ch-dk-2.exoscale-cdn.com/catalog/2/e/3/f/2e3ff8dee9ae3ebb5f2d7f34c35b05258fa4d4ed_Hof_Just_5.jpg", "openstreetmap_id": "way/61429126"}, "geometry": {"type": "Point", "coordinates": ["9.5377692", "47.0130648"]}}, {"type": "Feature", "properties": {"identifier": "06808cd3-ce4a-4132-91b1-a68925709892", "name": "Bauernhaus Cafrida", "description": "Unsere Wohnung befindet sich in einem ehemaligen Bauernhaus, welches vollst\u00e4ndig renoviert wurde. Die Wohnung liegt direkt an der Bikestrecke und an der Skipiste. Sowohl mit dem Bike als auch mit den Skiern kann man vor der Haust\u00fcre ins Abenteuer starten! Die Gondel ist zu Fuss in 10 Min. erreichbar. Das neu renovierte Hallenbad mit Sauna und Dampfbad liegt 5 Gehminuten von unserem Haus entfernt. Auch sind im Umkreis von 5 bis 20 Gehminuten einige Restaurants erreichbar.", "image": "https://hltpimtsoch.sos-ch-dk-2.exoscale-cdn.com/catalog/3/4/5/7/34570dd1b72248f16ab378941ea9ad307cbdc3eb_Doppelzimmer_mit_Kommode.jpg", "openstreetmap_id": "way/325408032"}, "geometry": {"type": "Point", "coordinates": ["9.300095280845616", "47.08866795"]}}, {"type": "Feature", "properties": {"identifier": "06fb92aa-392e-4235-86e6-98c4e0b7ce25", "name": "Bellahof", "description": "Die 4-Zimmerwohnung befindet sich an ruhiger Lage im Hausteil eines Bauernhauses mit Hof und vielen Tieren, ca. 1.3 km vom Weiler Bergheim entfernt. F\u00fcr die kleinen G\u00e4ste stehen verschiedene Spielm\u00f6glichkeiten zur Verf\u00fcgung. Zur Wohnung geh\u00f6rt ein kostenloser Parkplatz.\n\nDie Ferienwohnung im ersten Stock ist gem\u00fctlich und sehr rustikal eingerichtet. An den W\u00e4nden und Decken sind Holzbalken sichtbar. Zur Wohnung geh\u00f6rt eine Veranda.", "url": "http://www.bellahof.ch", "image": "https://hltpimtsoch.sos-ch-dk-2.exoscale-cdn.com/catalog/a/6/8/7/a687b11341697aee82ffe469268952dd1d98b319_Bellahof_Wohnbereich1.JPG", "openstreetmap_id": "way/309848907"}, "geometry": {"type": "Point", "coordinates": ["9.30273875000001", "47.103448400000005"]}}, {"type": "Feature", "properties": {"identifier": "073cba69-a2db-4c2a-8ce0-3517ebc2ea9b", "name": "Ferienwohnung Tobelbach (CharmingStay)", "description": "Die 3.5-Zimmerwohnung befindet sich im Ski- und Wandergebiet Flumserberg Tannenheim. Die Gondelbahn Prodalp-Express, Einkaufsm\u00f6glichkeiten und Restaurants sind nur in wenigen Gehminuten entfernt.", "url": "https://www.charmingstay.ch", "image": "https://hltpimtsoch.sos-ch-dk-2.exoscale-cdn.com/catalog/0/e/5/3/0e53dca43356d049f25528c05cf8ac29e377c187_Tobelbach__2_.jpg", "openstreetmap_id": "way/306018739"}, "geometry": {"type": "Point", "coordinates": ["9.298215508461", "47.09129090458793"]}}, {"type": "Feature", "properties": {"identifier": "094cd122-67d0-480a-a4c1-b128347f0fb9", "name": "P\u00f6stli Bar", "description": "Die P\u00f6stlibar ist ein Treffpunkt f\u00fcr alle, die sich nach einem anstrengenden Tag noch etwas Spass und Erholung w\u00fcnschen", "url": "https://www.hotelpost-sargans.ch/bar", "image": "https://hltpimtsoch.sos-ch-dk-2.exoscale-cdn.com/catalog/2/4/a/9/24a93b3e79f90f0314ddb1b3dbb96c8769015ac5_HoP_129_RM28492__3.jpg", "openstreetmap_id": "node/6019161695"}, "geometry": {"type": "Point", "coordinates": ["9.440801756245769", "47.047972009599"]}}, {"type": "Feature", "properties": {"identifier": "09a6071e-64f7-4193-93e7-d7ca23f81b80", "name": "Ferienwohnung & Skifahren am Pizol", "description": "<p><span class=\"Apple-style-span\"><strong>Top-Angebot und nur &uuml;ber Heidiland Tourismus buchbar:</strong>&nbsp;w&auml;hrend der ganzen Wintersaison ist bei einem Aufenthalt ab 2 - 7 N&auml;chten der Skipass inklusive.</span><br><br>Nur knapp eine Stunde von Z&uuml;rich und St. Gallen entfernt, erlebst du am Pizol Winter pur. Geniesse ein paar Tage im vielseitigen Wintersportgebiet mit 12 Anlagen und 50 km Pisten. In Verbindung mit zwei bis sieben &Uuml;bernachtungen direkt im Skigebiet oder in Bad Ragaz und Umgebung ist der Skipass inbegriffen.<br><br><span class=\"Apple-style-span\">Inkludierte Leistungen:<br></span></p><ul><li>10 speziell ausgew&auml;hlte Ferienwohnungen stehen dir zur Verf&uuml;gung</li><li>2 - 7 &Uuml;bernachtungen in der Ferienwohnung deiner Wahl</li><li>Beste Buchungschance: 4 - 7 N&auml;chte, bei 7 N&auml;chten Sa. - Sa.</li><li>2 - 7 Tage Skipass f&uuml;r das Skigebiet Pizol (g&uuml;ltig an gleich vielen Tagen wie N&auml;chte gebucht)</li><li>allf&auml;llige Taxen</li></ul><p><br><span class=\"Apple-style-span\">Konditionen:<br></span></p><ul><li>buchbar w&auml;hrend der ganzen Wintersaison</li><li>bis 1 Tag vor Anreise buchbar</li><li>g&uuml;ltig nach Verf&uuml;gbarkeit (beste Buchungschance: 4 - 7 N&auml;chte, bei 7 N&auml;chten Sa. - Sa.)</li><li>das Skiticket erh&auml;ltst du an der Talstation Wangs oder Bad Ragaz gegen Vorweisen deines Vouchers (bitte mitbringen)</li></ul>", "image": "https://hltpimtsoch.sos-ch-dk-2.exoscale-cdn.com/catalog/f/4/b/5/f4b5a6e9c632fec41036126e17b4232f252b16b6_Titelbild_Landingpage_Pizol.jpg"}}, {"type": "Feature", "properties": {"identifier": "09f5acef-4f49-4558-a09e-c16e7400d5c0", "name": "Berghotel Gaffia", "description": "Das fast 100-j\u00e4hrige Steingeb\u00e4ude befindet sich zwischen der Furt und Gaffia, direkt an der Piste. Wer ein traditionelles, urchiges Berghotel sucht, ist hier genau richtig! Der Charme des Hauses l\u00e4sst Nostalgie-Herzen h\u00f6her schlagen und die guten alten Zeiten aufleben.\n\nGem\u00fctliche Zimmer warten darauf, wieder belebt zu werden. Das Berghotel Gaffia bietet neben den Doppelzimmern auch Mehrbettzimmer f\u00fcr kleine Gruppen.\n\nNeben den Massenschl\u00e4gen gibt es 9 Doppelzimmer, ein 4-Bettzimmer, ein 6-Bettzimmer und ein 8-Bettzimmer im Bergh\u00fctten-Charme.", "url": "https://www.gaffia.ch/", "image": "https://hltpimtsoch.sos-ch-dk-2.exoscale-cdn.com/catalog/1/1/9/c/119ce05a2ca8bc3b622704ae1c33823710622b01_Restaurant_Gaffia.jpg", "openstreetmap_id": "node/8329807784"}, "geometry": {"type": "Point", "coordinates": ["9.414126350911218", "46.99478719914008"]}}, {"type": "Feature", "properties": {"identifier": "0a6e20af-a2fa-452f-a46e-2aeae01acc4e", "name": "Schlittelbahn Schrina", "description": "<p data-start=\"137\" data-end=\"376\">Ein besonderes Wintererlebnis erwartet dich auf der rund 2 km langen Schlittelbahn Schrina am Walenstadtberg. Von Schrina Hochrugg (1289 m \u00fc. M.) geht\u2019s mit herrlichem Panoramablick ins Sarganserland hinunter zum Rehazentrum (967 m \u00fc. M.).</p><p data-start=\"378\" data-end=\"653\">Die Schlittelbahn ist ein Geheimtipp f\u00fcr Familien, Naturfans und Ruhesuchende, fernab vom Trubel. Der Startpunkt ist nur zu Fuss erreichbar. Ein kurzer Winterspaziergang f\u00fchrt zum Ausgangspunkt beim gem\u00fctlichen \u201eRugg-Beizli\u201c, ideal f\u00fcr eine St\u00e4rkung vor oder nach der Fahrt.</p><p data-start=\"655\" data-end=\"797\">Mit viel Herzblut betreiben Tourismus Walenstadt und die Familie Wildhaber dieses kostenlose Winterangebot - sicher, gepflegt und authentisch. Ob mit Kindern oder Freunden: Die Schlittelbahn Schrina garantiert Winterspass in traumhafter Naturkulisse.</p><p><strong>Anreise</strong><br>Die Anreise zur Schlittelbahn Schrina gestaltet sich am besten mit dem \u00f6ffentlichen Verkehr, da nur wenige Parkpl\u00e4tze direkt vor der Schlittelbahn im Saniwald verf\u00fcgbar sind.</p><p>Wichtig: Die Parkpl\u00e4tze beim Rehazentrum sind ausschliesslich den Patient:innen, Besucher:innen und Mitarbeitenden des Rehazentrums vorbehalten. Wir empfehlen daher, bequem mit dem Bus vom Walenstadt Bahnhof anzureisen, dort stehen ausreichend Parkpl\u00e4tze zur Verf\u00fcgung.</p>", "url": "https://www.tourismus-walenstadt.ch", "image": "https://hltpimtsoch.sos-ch-dk-2.exoscale-cdn.com/catalog/4/2/2/8/4228ec3c8e9ac9cd39dcc8528e4fe6975854e800__c__Fam_Wildhaber__10_.jpg", "openstreetmap_id": "way/252917721"}, "geometry": {"type": "Point", "coordinates": ["9.2679255", "47.1410509"]}}, {"type": "Feature", "properties": {"identifier": "0acdc45e-a5fe-489a-816b-d8994e714111", "name": "Berghotel Sankt Martin", "description": "Herzlich willkommen in Sankt Martin im Calfeisental, der historischen Walsersiedlung auf 1350 m.\u00fc.M. mit Restaurant- und Hotelbetrieb.\n\nOb zu Zweit, als Familie oder in einer kleinen Gruppe, wir finden bestimmt die passende \u00dcbernachtungsm\u00f6glichkeit f\u00fcr Sie.\nIn Sankt Martin verf\u00fcgen wir \u00fcber 10 Zimmer mit gesamt 26 Betten. Sie haben im Himmelbett oder im Joseph-Martins-H\u00fcttli auch die M\u00f6glichkeit in einmaligen und historischen Zimmern wie anno dazumal zu \u00fcbernachten. \n\nWir freuen uns, Sie in der gem\u00fctlichen Alpwirtschaft Sankt Martin mit dem typischen Charme der Walsersiedlung aus dem 14. Jahrhundert verw\u00f6hnen zu d\u00fcrfen.\nIn einem unvergleichlichen Ambiente mit offenem Kamin servieren wir Ihnen saisonale und regionale Gerichte, gutb\u00fcrgerlich und raffiniert zubereitet. Tags\u00fcber finden Sie Platz auf unserer Terrasse mit Blick auf den Gigerwaldsee.\nGeniessen Sie die einmalige Umgebung bei einem feinen Essen und einer ausgew\u00e4hlten Weinkarte.", "url": "http://sanktmartin.online", "image": "https://hltpimtsoch.sos-ch-dk-2.exoscale-cdn.com/catalog/c/7/d/e/c7de674297d1b7835cb94811f74632fb6badf05d_Aussenansicht_Terrasse.jpg", "openstreetmap_id": "way/320958079"}, "geometry": {"type": "Point", "coordinates": ["9.35763716697693", "46.920687610936"]}}, {"type": "Feature", "properties": {"identifier": "0ae93548-e08a-4dbe-bdef-2e097a89d67a", "name": "Golf Club Bad Ragaz", "description": "Mit viel Liebe zum Detail und Sorgfalt f\u00fcr perfekte Greens, bietet der Golf Club Bad Ragaz ein besonderes Golferlebnis. Eingebettet in ein unvergleichliches Bergpanorama und eine herrliche Parkanlage streben wir als Mitglied von Leading Golf nach Perfektion, damit sich anspruchsvolle G\u00e4ste bei uns rundum wohl f\u00fchlen.\n\nDer 18-Loch Championship Course ist seit 2007 Mitglied der Qualit\u00e4ts- und Wertegemeinschaft der \u00abLeading Golf Courses\u00bb und seit diesem Jahr zus\u00e4tzlich von \u00abWorld of Leading Golf\u00bb. Diese Mitgliedschaft best\u00e4tigt Golfkultur und Philosophie des Hauses, die am Streben nach Perfektion ausgerichtet sind. Als einzige Golfanlage der Schweiz wurde sie zudem durch den Bundesverband der Golfanlagen mit dem Pr\u00e4dikat 5* Superior ausgezeichnet und z\u00e4hlt zu den Toppl\u00e4tzen der Schweiz.", "url": "http://www.golfclubragaz.ch", "image": "https://hltpimtsoch.sos-ch-dk-2.exoscale-cdn.com/catalog/c/e/7/9/ce793fcd4996cd59d51c52eea32fbff7e80b385d_Golf_Club_Bad_Ragaz_Luftaufnahme.jpg", "openstreetmap_id": "node/7770673151"}, "geometry": {"type": "Point", "coordinates": ["9.5048934", "46.9989934"]}}, {"type": "Feature", "properties": {"identifier": "0b75c1e5-cd8f-4cf1-91ab-f45d1e1fd6dd", "name": "Anlegestelle Hafen Murg-West", "description": "<p>Erforschen Sie die tiefblaue Mitte der Region und geniessen Sie die atemberaubende Bergkulisse auf dem Walensee. Lassen Sie sich von den majest&auml;tischen Churfirsten, der wild romantischen Natur, dem glasklaren Wasser und den fantastischen Stimmungen am Walensee verzaubern. Der Walensee, das Paradies f&uuml;r nah und fern. Die Schiffsbetrieb Walensee AG verbindet Orte, Angebote und Aktivit&auml;ten in idealer Weise. Die Verbindung nach Quinten ist auch im Winter durchgehend in Betrieb.</p><h3>Zugangsinformationen</h3><div class=\"rte\"><ul><li>Stufenloser Zugang</li><li>Ein- und Ausstieg durch Personalhilfestellung</li><li>Gruppen ab 10 Personen und Rollst&uuml;hle m&uuml;ssen im Voraus angemeldet werden.</li><li>Kein taktiles Leitsystem vorhanden</li></ul></div>", "url": "https://walenseeschiff.ch/de/fahrplan/anlegestellen/murg-west.html", "image": "https://hltpimtsoch.sos-ch-dk-2.exoscale-cdn.com/catalog/9/b/6/3/9b63244d6c6413aa1b399261afb6dc7987b59224_Anlegestelle_Hafen_Piktogramm_HLT.png", "openstreetmap_id": "node/984732615"}, "geometry": {"type": "Point", "coordinates": ["9.2112148", "47.1132277"]}}, {"type": "Feature", "properties": {"identifier": "0c5cd3f1-2a04-4f93-9fd7-f537b7d3a435", "name": "Murgseeh\u00fctte", "description": "<div><p>Die Murgseeh&uuml;tte bewahrt ihren urspr&uuml;nglichen, rustikalen Charakter und liegt eingebettet in die eindrucksvolle Bergwelt der Murgseen. Als beliebtes Ausflugsziel f&uuml;r Tagesg&auml;ste, Wandernde und Naturfreunde bietet sie eine authentische H&uuml;ttenatmosph&auml;re inmitten einer einzigartigen Alpenlandschaft.</p><p>Wer die Bergwelt l&auml;nger geniessen m&ouml;chte, kann direkt in der H&uuml;tte &uuml;bernachten und die Ruhe fernab des Alltags erleben. Der einfachste Zustieg f&uuml;hrt ab dem Parkplatz Mornen zur H&uuml;tte und ist auch bei wechselhaften Wetterbedingungen gut machbar.</p><p>Besonders gesch&auml;tzt wird die Murgseeh&uuml;tte von Sportfischerinnen und Sportfischern. Die Fischerei in den oberen und mittleren Murgseen ist w&auml;hrend der &Ouml;ffnungszeiten der H&uuml;tte bis Ende September m&ouml;glich. Fischerpatente k&ouml;nnen direkt vor Ort erworben werden, wodurch sich die H&uuml;tte als idealer Ausgangspunkt f&uuml;r ein naturnahes Angelerlebnis an den glasklaren Bergseen eignet.</p><p>Die Kombination aus &Uuml;bernachtungsm&ouml;glichkeit, Bergseefischerei und abwechslungsreichen Wanderungen macht die Murgseeh&uuml;tte zu einem besonderen Ausflugs- und &Uuml;bernachtungsziel im Heidiland.</p></div>", "url": "http://www.murgsee.ch", "image": "https://hltpimtsoch.sos-ch-dk-2.exoscale-cdn.com/catalog/6/a/3/5/6a35a61e0d3367a828191daa3ddcd865cae13f6c_Fotoshooting_Murgsee_Herbst_2018__3_.jpg", "openstreetmap_id": "way/193448485"}, "geometry": {"type": "Point", "coordinates": ["9.157645002118251", "47.0390023"]}}, {"type": "Feature", "properties": {"identifier": "0d1aacaa-5ce8-4170-86c7-88f5956734b1", "name": "Berggasthaus \u00dcberuf Kunkelspass", "description": "Auf einer wundersch\u00f6nen Hochebene auf dem historischen Kunkelspass.\nBerggasthaus neben Kuhalp mit M\u00f6glichkeit, beim Melken zuzuschauen. Sonnige, gem\u00fctliche Terrasse und urchige Gaststube. Einfache  Gerichte tags\u00fcber, abends auch speziellere Men\u00fc.\n\nUnser Berggasthaus verf\u00fcgt \u00fcber diverse Betten im Touristenlager (20 Pl\u00e4tze) sowie \u00fcber zwei Doppelzimmer und ein Familienzimmer mit 4 Betten.\nSchauraum der Tektonik Sardona Arena. Auch als Konferenz- oder Sitzungszimmer nutzbar.\n\nIdeale, rund 50 km lange, Biketour ab Chur. Wanderwege abseits der Strasse.\nMit dem Auto / Motorrad \u00fcber Tamins oder Bad Ragaz/V\u00e4ttis.  Fahrverbot. Bewilligungen auf der Gemeinde Tamins erh\u00e4ltlich. Bitte telefonieren, wird helfen Ihnen bei der Bewilligung", "url": "http://www.kunkelspass.ch", "image": "https://hltpimtsoch.sos-ch-dk-2.exoscale-cdn.com/catalog/e/c/9/1/ec91187477365440156314866cd4f72100ab3c84_Bild1.jpg", "openstreetmap_id": "way/322241112"}, "geometry": {"type": "Point", "coordinates": ["9.411492588112162", "46.856023500000006"]}}, {"type": "Feature", "properties": {"identifier": "0d5e490c-afb2-4559-9531-cb4fbd63d942", "name": "Ferienhaus BERGflow", "description": "Das Ferienhaus BERGflow befindet sich sehr zentral gelegen im Ski-, Bike- und Wanderparadies Flumserberg-Tannenheim. In nur 300 m zu Fuss erreichen Sie die Bergbahn Prodalp-Express Tannenheim. Das Hallenbad mit Sauna ist in 800 m erreichbar. Die Busstation Plattenwiese ist 200 m von der Unterkunft entfernt.\n\nDie Ferienwohnungen und das Clubhaus verf\u00fcgen \u00fcber separate Eing\u00e4nge und gratis Parkpl\u00e4tze. Sie k\u00f6nnen nach Bedarf einzeln oder auch zusammen gemietet werden. Auch eine Saison- oder Jahresmiete der Wohnungen ist m\u00f6glich.", "url": "https://bergflow.ch", "image": "https://hltpimtsoch.sos-ch-dk-2.exoscale-cdn.com/catalog/2/3/d/6/23d69bd9ec5bd8b2f012c48dc38ea7b791cffbf1_Bergflow_Haus_2__2.jpg", "openstreetmap_id": "way/321791795"}, "geometry": {"type": "Point", "coordinates": ["9.305118771278615", "47.0908321"]}}, {"type": "Feature", "properties": {"identifier": "10507f59-4a24-45ec-b0d1-1b364921b1e2", "name": "Hotel Kurhaus Sennis", "description": "<div><p>Das traditionsreiche <strong>Hotel Kurhaus Sennis</strong> auf der idyllischen Sennis-Alp (1400 m &uuml;. M.) ist ein einzigartiger R&uuml;ckzugsort inmitten der Alvierkette. Das Haus bietet einen stilvollen, hellen Speisesaal, ein gem&uuml;tliches J&auml;gerst&uuml;bli, eine vertr&auml;umte Veranda und eine grossz&uuml;gige Gartenwirtschaft. F&uuml;r &Uuml;bernachtungen stehen nostalgische G&auml;stezimmer, zweckm&auml;ssige Familienzimmer sowie weitere Kategorien mit und ohne Balkon zur Verf&uuml;gung &ndash; insgesamt 25 Zimmer mit rund 60 Betten.</p><p>Geniesse die <strong>traditionelle K&uuml;che</strong> mit sorgf&auml;ltig zubereiteten Spezialit&auml;ten &ndash; von der &Auml;lplerspeise bis zum exklusiven Men&uuml; f&uuml;r besondere Anl&auml;sse. F&uuml;r Halbpension bieten wir den klassischen Table d&rsquo;h&ocirc;te Service (Vier-Gang-Men&uuml;) an.</p><p>Die Sennis-Alp ist ein Ort f&uuml;r Ruhe, Erholung und neue Lebenskraft. Entdecke die blumigen Alpweiden des Naturschutzgebietes, den knorrigen Bergwald mit w&uuml;rzigem Harzduft und die Tierwelt im nahen Wildasyl. Der Blick reicht &uuml;ber das Heidiland, den Walensee und die imposante Alvierkette &ndash; die &bdquo;Dolomiten der Ostschweiz&ldquo;.</p><p><strong>Infrastruktur &amp; Extras:</strong></p><ul><li>Restaurant mit 80&ndash;100 Sitzpl&auml;tzen</li><li>Gartenwirtschaft</li><li>25 Zimmer (Nostalgie-, Einzel-, Doppel-, Familien- und Mehrbettzimmer)</li><li>Parkpl&auml;tze (gegen Geb&uuml;hr)</li><li>Transfer-Service ab Rotherdplangg auf Anfrage</li><li>Hunde willkommen (mit Ausstattung)</li><li>WLAN nicht verf&uuml;gbar &ndash; Natur pur</li></ul></div>", "url": "https://www.hotelkurhaussennis.com/", "image": "https://hltpimtsoch.sos-ch-dk-2.exoscale-cdn.com/catalog/a/b/5/e/ab5ed87e531f9ca3bfcef2b4846bdd5e1e2f7bd1_Hotel_Kurhaus_Sennis.jpg", "openstreetmap_id": "node/10836755733"}, "geometry": {"type": "Point", "coordinates": ["9.3715405", "47.1190555"]}}, {"type": "Feature", "properties": {"identifier": "1224e8e6-33ff-4ce7-98fe-c40df4a73908", "name": "Alprestaurant Siez", "description": "Hier im Weisstannental erleben Sie den Alpsommer von seiner sch\u00f6nsten Seite. Auf der asphaltierten Fahrstrasse kommen Sie mit dem Car, dem Auto, dem Motorrad oder dem Bike bis zum Parkplatz vor dem Restaurant und vor der Sennerei \u2013 ein ideales Ausflugsziel f\u00fcr Gruppen und f\u00fcr lndividualisten. Entlang der Seez k\u00f6nnen Sie auf gut ausgebauten Wanderwegen von Weisstannen bis zum Vorsiez wandern. An Sonn- und Feiertagen k\u00f6nnen Sie mit der Buslinie 432 vom Bahnhof Sargans bis zum Vorsiez fahren. Grosser Kinderspielplatz.\n\nIm Vorsiez stehen auf Verlangen f\u00fcr E-Bikes Ladeger\u00e4te zur Verf\u00fcgung.\n\nJeden Sonntag im Juli und August feiner Siezer Zmorg\u00e4-Brunch mit frischen, auf der Alp hergestellten Produkten.\n\nDas Alprestaurant Siez liegt direkt an der Via Alpina und bietet \u00dcbernachtungsm\u00f6glichkeiten (zwei Drei-Bett-Zimmer sowie 35 Pl\u00e4tze im Massenlager). Die Schlafpl\u00e4tze im Massenlager sind mit Wolldecken und Kissen ausger\u00fcstet, den Schlafsack bringen Sie selber mit. Etagendusche/WC.\n\nOb f\u00fcr ein paar Stunden, einen Tag oder mit \u00dcbernachtung \u2013 auf der Alp Siez k\u00f6nnen Sie den Alltag vergessen und das Alpleben geniessen.\n\nGe\u00f6ffnet von Mitte Mai bis Mitte Oktober.", "url": "http://www.alpsiez.ch", "image": "https://hltpimtsoch.sos-ch-dk-2.exoscale-cdn.com/catalog/1/1/9/6/119611e65d5c56f7515451ffd89dc6278fb75f6a_20170910_112725.jpg", "openstreetmap_id": "way/617553421"}, "geometry": {"type": "Point", "coordinates": ["9.302415847778322", "46.97729108770787"]}}, {"type": "Feature", "properties": {"identifier": "12dce35c-7d56-425c-ae1f-bfe01026ea1b", "name": "Kinderschlittelhang Prodalp", "description": "<p>Auf der Prodalp befindet sich nicht nur der Start zur mittelschweren Schlittelpiste, sondern auch der Kinderschlittelhang Prodalp. Die flache Abfahrt befindet sich direkt neben der Talstation der Sesselbahn Prodkamm und erm\u00f6glicht\u00a0den Kleinen sicheren Fahrspass.\u00a0</p><p>Ob mit Bob oder Schneerutscher, Kinder k\u00f6nnen sich hier auf dem Schlittelhang austoben und so viele Fahrten machen, wie sie m\u00f6chten.</p>", "url": "https://www.flumserberg.ch/de", "image": "https://hltpimtsoch.sos-ch-dk-2.exoscale-cdn.com/catalog/2/1/7/5/21751d1063b3f4bbb72c506f65b70f7e3ae3c95c_tkv_bbf_kinderschlittel_281_R51_9870.jpg", "openstreetmap_id": "node/3431838772"}, "geometry": {"type": "Point", "coordinates": ["9.28822696208954", "47.080566886509466"]}}, {"type": "Feature", "properties": {"identifier": "12f581d5-9df7-4b4b-9f50-97e11ed0f9a3", "name": "Sardonah\u00fctte SAC", "description": "Die H\u00fctte ist modern renoviert und heimelig eingerichtet. \nDie H\u00fctte ist offen von Mitte Juni bis Mitte Oktober. Wir bieten den G\u00e4sten Halbpension, Getr\u00e4nke und eine kleine Speisekarte f\u00fcr Tagesg\u00e4ste an. Der Winterraum hat 14 Pl\u00e4tze. Es ist ein Kochherd, Holz und Geschirr vorhanden. Alle Schlafr\u00e4ume sind mit Duvets ausgestattet.\nEs hat Waschr\u00e4ume, aber keine Duschen. Das St\u00fcbli ist, auch wenn es draussen k\u00fchl ist, gem\u00fctlich eingerichtet.", "url": "http://www.sardonahuette.ch", "image": "https://hltpimtsoch.sos-ch-dk-2.exoscale-cdn.com/catalog/5/6/d/9/56d982f96d3d4d056563aaca9326c9c0c07ba384_Sardonah__tte_SAC11.JPG", "openstreetmap_id": "way/233206648"}, "geometry": {"type": "Point", "coordinates": ["9.275419190833333", "46.91547395"]}}, {"type": "Feature", "properties": {"identifier": "12fdd8f7-c05c-4251-afa0-392572e721dc", "name": "Denner Filiale Walenstadt", "description": "<div><p>Der Denner in Walenstadt bietet eine praktische Einkaufsm&ouml;glichkeit f&uuml;r den t&auml;glichen Bedarf. Das Sortiment umfasst eine breite Auswahl an Lebensmitteln, Getr&auml;nken sowie Artikeln f&uuml;r Haushalt und Alltag zu attraktiven Preisen.</p><p>Er ist f&uuml;r Einheimische und G&auml;ste gut erreichbar und eignet sich ideal f&uuml;r den schnellen Einkauf zwischendurch oder zur Selbstversorgung w&auml;hrend des Aufenthalts in der Region. Der Denner steht f&uuml;r klare Sortimente, einfache Orientierung im Laden und ein gutes Preis\u2011Leistungs\u2011Verh&auml;ltnis.</p></div>", "url": "https://www.denner.ch/de/filialen/8880-walenstadt~s1145969", "image": "https://hltpimtsoch.sos-ch-dk-2.exoscale-cdn.com/catalog/c/f/e/3/cfe330ce9a79ab8c63cc8fffb0505ef386bdc3bb_Einkaufen_Piktogramm_HLT.png", "openstreetmap_id": "way/1120973886"}, "geometry": {"type": "Point", "coordinates": ["9.3161866", "47.1198584"]}}, {"type": "Feature", "properties": {"identifier": "1386323c-8233-458d-a452-ec746ecbc26f", "name": "M\u00e4tz Appartement", "description": "Das Appartement M\u00e4tz liegt mitten im Zentrum Flumserberg Tannenheim, 5 Gehminuten von der Haust\u00fcre bis zur Talstation Prodalp-Express und bietet eine sch\u00f6ne Aussicht auf die Berge des Sarganserlandes. Im gleichen Geb\u00e4ude finden Sie das einzigartige Restaurant m\u00e4tz dine. Einkaufsm\u00f6glichkeiten sind 5 Minuten zu Fuss entfernt.", "url": "https://www.maetz-appartement.ch/", "image": "https://hltpimtsoch.sos-ch-dk-2.exoscale-cdn.com/catalog/6/6/d/1/66d109f2b384b0384f53c5e867ba36cc68ba0889_Titelbild_M__tz_Appartement.jpeg", "openstreetmap_id": "way/182428539"}, "geometry": {"type": "Point", "coordinates": ["9.304427504539492", "47.09051299112454"]}}, {"type": "Feature", "properties": {"identifier": "13a3a9db-a113-40b3-a86e-1595f6c68b90", "name": "Ch\u00e4s-St\u00fcbli by Cristal", "description": "Der K\u00e4se wird ausschliesslich \u00fcber lokale Produzenten bezogen. Mit unseren selbst kreierten und hausgemachten Beilagen wird Ihr Besuch bei uns zu einem Genusserlebnis f\u00fcr alle K\u00e4seliebhaber.\n\nDie K\u00e4sespezialit\u00e4ten lassen sich hervorragend mit einem Wein von unserer sehr gut sortierten Weinkarte begleiten. Wir haben f\u00fcr Sie verschiedene Positionen zusammengestellt, mit dem Hauptaugenmerk auf Schweizer Winzer. Die Auswahl begrenzt sich bewusst nur auf europ\u00e4ische Produzenten.", "url": "https://cristal-flumserberg.ch/de/", "image": "https://hltpimtsoch.sos-ch-dk-2.exoscale-cdn.com/catalog/5/c/d/9/5cd9cf9b9b344a9c5581b3977097a2331c4d2094_1_Ch__s_St__bli_Restaurant.jpg", "openstreetmap_id": "node/194649363"}, "geometry": {"type": "Point", "coordinates": ["9.282386599999999", "47.0931453"]}}, {"type": "Feature", "properties": {"identifier": "13ec0825-c17c-45b6-91f0-62c28e5f8f3f", "name": "Berggasthaus L\u00fcsis", "description": "Das Berggasthaus L\u00fcsis liegt auf 1300 m.\u00fc.M. ob Walenstadt inmitten des Wandergebietes der Churfirsten. Herrliche Aussicht auf das Heidiland und den Walensee.\n\nAbholdienst ab Walenstadt.", "url": "https://berggasthaus-luesis.ch/", "image": "https://hltpimtsoch.sos-ch-dk-2.exoscale-cdn.com/catalog/f/d/f/5/fdf51307929a589aadaf1f40646e690340cce2da_20180905_151537.jpg", "openstreetmap_id": "way/203882856"}, "geometry": {"type": "Point", "coordinates": ["9.330149080604796", "47.13518475"]}}, {"type": "Feature", "properties": {"identifier": "144dda5b-668c-4ffc-b413-1346ea288f50", "name": "Intersport Wildhaber - Sport & Glockenhandel", "description": "Wir sind ein modernes, kundenfreundliches Sport-Fachgesch\u00e4ft mit Glockenhandel und Sattlerei mitten im Dorf Flums. Wir bauen seit \u00fcber 30 Jahren auf Tradition und Erfahrung. Unsere Kompetenz und Ihre Zufriedenheit sind uns wichtig!\n\nWinter\n- Vermietung Ski/Snowboards/Schuhe/Schneeschuhe/Tourenski - Tages-, Wochen- und Saisonmiete   \n- Service Ski und Snowboards in hauseigener Werkstatt\n- Verkauf Ski/Snowboards/Schuhe/Tourenausr\u00fcstung, Schneeschuhe, Winterschuhe und Schlitten/Bob\n- Skijacke- und Hosen sowie Winterjacken f\u00fcr Erwachsene und Kinder\n- Tourenbekleidung f\u00fcr Erwachsene \n- Helm, Skibrillen, Sonnenbrillen, R\u00fcckenprotektoren, Stirnlampen, Handschuhe, Heizsocken, Thermounterw\u00e4sche etc.\n\n\nSommer\n- Trekking/Wanderschuhe, Wanderst\u00f6cke, Velohelme, Rucks\u00e4cke, Sonnenbrillen und noch vieles mehr\n- Funktionelle Bekleidung f\u00fcr Sport und Wandern\n- Bekleidung f\u00fcr Fitness, Yoga und Freizeit\n- Bademode inkl. FlipFlops, Adiletten etc.\n\nGeheimtipp:\nZur Spezialabteilung des Gesch\u00e4ftes geh\u00f6ren die handgefertigten Glockenriemen. In der Werkstatt werden diese ganz nach den W\u00fcnschen des Kunden gefertigt; mit den Ideen und der Erfahrung von begeisterten Fachleuten!  Auch Sennenkittel und \"Ch\u00fcelig\u00fcrtel\" sind bei uns erh\u00e4ltlich.", "url": "http://www.wildhaber-sport.ch", "image": "https://hltpimtsoch.sos-ch-dk-2.exoscale-cdn.com/catalog/b/9/5/9/b95959cfafd25a71eb19e386e8e623ba164a25e2_Wildahber_Sport_Laden_Winter_202526_1__2.jpg", "openstreetmap_id": "node/2076304490"}, "geometry": {"type": "Point", "coordinates": ["9.3433874", "47.0914198"]}}, {"type": "Feature", "properties": {"identifier": "14c015a9-da45-4f29-89f8-85f912b1898f", "name": "Hotelpauschalen im Heidiland", "description": "<p>Erlebe unvergessliche <strong data-start=\"632\" data-end=\"664\">Hotelpauschalen im Heidiland</strong>, die von Wellness und Genuss bis zu Familienabenteuern reichen.</p>\n<p data-start=\"352\" data-end=\"659\">Du hast die Wahl zwischen Hotels in unterschiedlichen Lagen &ndash; von den Bergen am Flumserberg oder Pizol bis hin zu den Thermal- und Genussorten wie Bad Ragaz oder den Erlebnisangeboten in Maienfeld.</p>\n<p data-start=\"661\" data-end=\"919\">Die Pauschalen beinhalten je nach Angebot &Uuml;bernachtungen mit Fr&uuml;hst&uuml;ck oder Halbpension sowie erg&auml;nzende Leistungen, die deinen Aufenthalt abrunden. Dazu k&ouml;nnen beispielsweise Thermeneintritte, kulinarische Elemente oder saisonale Freizeitangebote geh&ouml;ren.</p>\n<p data-start=\"921\" data-end=\"1298\">Die Buchung ist saisonal m&ouml;glich und bietet dir passende Optionen f&uuml;r verschiedenste Bed&uuml;rfnisse &ndash; egal, ob du aktive Tage im Schnee oder in der Natur planst, erholsame Wellnessmomente suchst oder gemeinsame Zeit mit der Familie verbringen m&ouml;chtest. So kombinierst du Unterkunft und Zusatzleistungen in einem Paket und gestaltest deinen Aufenthalt unkompliziert und flexibel.</p>", "image": "https://hltpimtsoch.sos-ch-dk-2.exoscale-cdn.com/catalog/2/7/1/5/27157b6fc02d9364358f8e501886829db47b7163_medium__Schlaf_fass.jpg"}}, {"type": "Feature", "properties": {"identifier": "163aa76f-8ab2-4fe4-9503-482210fcc9ce", "name": "Restaurant Trocadero", "description": "Wie bei Mama\u2026 nur besser!\nSeit 20 Jahren pflegen wir die authentische italienische Tischkultur in Bad Ragaz. \n\nBei uns wird sinnesfreudig und mit dem Herzen gekocht \u2013 italienisch, saisonal und temperamentvoll. Klassiker, wie hausgemachte Pastagerichte oder \u00abSpiedino di Manzo\u00bb - ein saftig gebratener Rindfleisch-Spiess - sowie mit viel Hingabe zubereitete Pizzas aus dem Holzofen sind wahre Gaumenfreuden all\u2019italiana. \n\nEin ambitioniertes Team freut sich, Sie nach den unaufl\u00f6slichen Regeln der guten K\u00fcche und echter Gastfreundschaft zu verw\u00f6hnen, damit Sie das Trocadero in tiefer Zufriedenheit verlassen. ", "url": "https://www.trocadero-ragaz.ch/", "image": "https://hltpimtsoch.sos-ch-dk-2.exoscale-cdn.com/catalog/5/a/7/b/5a7be8f9dc3343f86fdc3a1e895d14e4adb77b1c_csm_restaurant_pizzeria_trocadero_bad_ragaz_restaurant_2_a7f626f487.jpg", "openstreetmap_id": "relation/1683862"}, "geometry": {"type": "Point", "coordinates": ["9.496881380477504", "47.00825409403388"]}}, {"type": "Feature", "properties": {"identifier": "16a2f1ce-a28c-4605-8a1f-0945f9010e0a", "name": "Naturpfad Crapparundweg", "description": "<p>Der mittlerweile ber&uuml;hmte Edi Eichelh&auml;her und seine Freundin Tanja Tannenh&auml;herin empfangen dich auf dem Crapparundweg bei der Rastplatzh&uuml;tte oder vor der Senn&auml;stube. Sie kennen die Umgebung so gut wie ihr Federkleid und zeigen dir spannende Orte rund um den Crappawald. Beantwortest du unterwegs ihre Quizfragen richtig, bekommst du eine L&ouml;sungszahl. Am Schluss winkt eine &Uuml;berraschung. Viel Spass auf dem lehrreichen Spaziergang!</p>", "url": "https://www.sg.ch/umwelt-natur/wald/waldregion-3-sargans/naturpfade.html", "image": "https://hltpimtsoch.sos-ch-dk-2.exoscale-cdn.com/catalog/0/7/a/d/07ad0246f15c2e256b54a97380ee6a7046becbcd_Crapparundweg_mit_Edi.jpg", "openstreetmap_id": "node/244066307"}, "geometry": {"type": "Point", "coordinates": ["9.2852919", "47.0935009"]}}, {"type": "Feature", "properties": {"identifier": "177aa9ad-7b76-4eb9-8671-b1264ab37560", "name": "SAC Spitzmeilenh\u00fctte", "description": "Familienfreundliche, moderne SAC-H\u00fctte mit Schlafpl\u00e4tzen aufgeteilt in 4er, 6er und 8er Zimmer, insgesamt 50 Schlafpl\u00e4tze. Der Winterraum ist immer offen auch wenn die H\u00fctte geschlossen ist. \n\nWanderer, Naturbegeisterte und Skitouren-L\u00e4ufer sch\u00e4tzen die einzigartige Lage der Spitzmeilenh\u00fctte: hoch \u00fcber dem Schilstal mit atemberaubendem Blick zu den Churfirsten und auf den Spitzmeilen.", "url": "http://www.spitzmeilenhuette.ch", "image": "https://hltpimtsoch.sos-ch-dk-2.exoscale-cdn.com/catalog/6/4/7/7/6477adf72792a9d172207b49925afee490074e19_Spitzmeilenh__tte.jpg", "openstreetmap_id": "way/200501526"}, "geometry": {"type": "Point", "coordinates": ["9.250584400895953", "47.0342389"]}}, {"type": "Feature", "properties": {"identifier": "17812a2f-f70e-4a04-a1a3-ac64f22e8cc9", "name": "Metzgerei Kellenberger", "description": "In der vierten Generation seit 1885 bedienen wir Sie pers\u00f6nlich und sind stolz auf unsere regionalen Qualit\u00e4tsprodukte.\n\nVon Hand zerteilt, mit Herzblut gefertigt: Von Aufschnitt bis zarten Filets finden Sie in unserer Theke alles, auch ungew\u00f6hnliche Leckerbissen. Gerne geben wir Genuss-Tipps oder stellen Platten f\u00fcr Ihre gem\u00fctliche Runde zusammen.", "url": "https://www.metzgerei-kellenberger.ch/", "image": "https://hltpimtsoch.sos-ch-dk-2.exoscale-cdn.com/catalog/f/2/d/e/f2de177f382304afdc9e1517b99ccd478bf7c1cb_Bild1.jpg", "openstreetmap_id": "node/563881058"}, "geometry": {"type": "Point", "coordinates": ["9.5017611", "47.0032913"]}}, {"type": "Feature", "properties": {"identifier": "1798f9fe-33c6-44ea-9609-27547b36268d", "name": "Feuerstelle Murg", "description": "<div>Die Feuerstelle in Murg am Walensee liegt in unmittelbarer N&auml;he zum Campingplatz und eignet sich ideal f&uuml;r eine gem&uuml;tliche Grillpause am See. Ein Abfalleimer ist vorhanden. Toiletten und ein Kiosk mit Snacks befinden sich beim nahegelegenen Camping Murg. Ein Spielplatz vom Spielerlebnis Walensee liegt in der N&auml;he. Die Feuerstelle wird vom Verkehrsverein Murg in Zusammenarbeit mit dem Camping Murg unterhalten.</div>", "url": "https://www.heidiland.com", "image": "https://hltpimtsoch.sos-ch-dk-2.exoscale-cdn.com/catalog/0/d/0/7/0d0779206fe308c99e7d519bc109496782e2ff34_Feuerstelle_Piktogramm_HLT.png", "openstreetmap_id": "9919671782"}, "geometry": {"type": "Point", "coordinates": ["9.216692447662355", "47.115028777446774"]}}, {"type": "Feature", "properties": {"identifier": "17c5124a-4ddf-453a-9af5-9ade5d6d49fb", "name": "BnB Haus Weibel", "description": "Das BnB Haus Weibel liegt nur 500 m vom Bahnhof Landquart und der Autobahn A13 entfernt. Es bietet einen Panoramablick auf die Berge, kostenfreies WLAN im Zimmer und kostenfreie Parkpl\u00e4tze.\n\nAlle Zimmer verf\u00fcgen \u00fcber einen Flachbild-Kabel-TV und eine Nespresso-Kaffeemaschine. Bei der Ankunft steht 1 Flasche Mineralwasser pro Person kostenfrei bereit.\n\nMorgens wird ab 08:00 Uhr im Fr\u00fchst\u00fccksraum, auf der Terrasse oder auf Anfrage auch auf Ihrem Zimmer ein kontinentales Fr\u00fchst\u00fcck serviert.", "url": "http://www.hausweibel.ch", "image": "https://hltpimtsoch.sos-ch-dk-2.exoscale-cdn.com/catalog/1/0/7/e/107e0be940dde6999d53ed01dac55a3fa23c99e3_Heidi3.JPG", "openstreetmap_id": "way/364950741"}, "geometry": {"type": "Point", "coordinates": ["9.5622841185405", "46.968601500000005"]}}, {"type": "Feature", "properties": {"identifier": "17f8b6b7-71bb-4e6f-9517-77758f24b90b", "name": "Strandkiosk am Bach", "description": "<div><p>Der <strong>Strandkiosk am Bach in Walenstadt</strong> befindet sich direkt am Ufer des Walensees, in unmittelbarer N&auml;he des grossen Kinderspielplatzes und unweit des Restaurant Seehofs. Als Teil der Badestellen am Walensee bietet der Kiosk eine Auswahl an Snacks und Getr&auml;nken und sorgt damit f&uuml;r eine erfrischende Pause am Wasser.</p><p>Die Umgebung ist gepr&auml;gt von einer <strong>grossz&uuml;gigen Liegewiese mit schattenspendenden B&auml;umen</strong>, Grillstellen sowie einem Sandkasten und <strong>WC\u2011Anlagen</strong>. Zudem besteht die M&ouml;glichkeit, <strong>SUP\u2011Boards zu mieten</strong>, was den Standort besonders attraktiv f&uuml;r aktive G&auml;ste macht.</p><p>Der Strandkiosk ist &uuml;ber einen <strong>Spazierweg entlang des Seeufers</strong> gut erreichbar und liegt nahe der Schiffsanlegestelle, was ihn zu einem beliebten Treffpunkt f&uuml;r Familien, Badeg&auml;ste und Spazierg&auml;nger macht. Der Strandkiosk am Bach verbindet Erholung, Genuss und Freizeitaktivit&auml;ten in unmittelbarer Seen&auml;he.</p></div>", "url": "https://www.heidiland.com", "image": "https://hltpimtsoch.sos-ch-dk-2.exoscale-cdn.com/catalog/6/4/4/6/6446ee41fe3d44e166c0fbc937676d56efe7e924_Kiosk_Piktogramm_HLT.png", "openstreetmap_id": "5813462256"}, "geometry": {"type": "Point", "coordinates": ["9.302169084548952", "47.12812940392019"]}}, {"type": "Feature", "properties": {"identifier": "1872b621-ac9a-459f-b815-4f31b86f6a06", "name": "Alp Findels", "description": "Nach der kurzen Bahnfahrt und einer bequemen halbst\u00fcndigen Wanderung geniessen Sie eine \u00c4lplerk\u00e4sschnitte oder ein feines z`Vieripl\u00e4ttli mit regionalen sowie auf der Alp produzierten K\u00f6stlichkeiten. F\u00fcr die kleinen G\u00e4ste steht ein Kinderspielplatz gleich neben der Gartenbeiz.", "url": "https://www.alpfindels.ch/", "image": "https://hltpimtsoch.sos-ch-dk-2.exoscale-cdn.com/catalog/2/a/0/7/2a07153f0885d30cb30ad30ceca9fc7d2f47a5ca_IMG_2330.JPG", "openstreetmap_id": "node/11931030132"}, "geometry": {"type": "Point", "coordinates": ["9.4613904", "46.9403613"]}}, {"type": "Feature", "properties": {"identifier": "18ee90a8-032e-4db9-ba45-be49cad84540", "name": "rivellaHome", "description": "Das rivellaHome ist ein gem\u00fctliches Fondue- & Raclette-Chalet, welches feinsten K\u00e4se-Spezialit\u00e4ten anbietet.  \nVom 26.12.2025 bis 06.03.2026 findet jeweils freitags und zus\u00e4tzlich am Samstag, 27.12.2025 das Nachtskifahren in der Flumserberg Galaxie statt. Der ideale Zeitpunkt sich davor im rivellaHome zu st\u00e4rken oder sich bevor dem nach Hause gehen mit einem heissen Getr\u00e4nk aufzuw\u00e4rmen.", "url": "https://www.flumserberg.ch/rivellahome", "image": "https://hltpimtsoch.sos-ch-dk-2.exoscale-cdn.com/catalog/4/b/4/2/4b4287286b94ea552fa44b4171b16f2d946bd961_tkv_bbf_nachtski_0020__52_5141_Enhanced_NR.jpg", "openstreetmap_id": "node/244067701"}, "geometry": {"type": "Point", "coordinates": ["9.2807483", "47.0919796"]}}, {"type": "Feature", "properties": {"identifier": "19a1ec89-b583-4b84-82f8-08c1e664f683", "name": "Spielplatz Prodalp Flumserberg", "description": "<p>Ein abwechslungsreicher Spielplatz mit einem H\u00fcpfkissen und einer H\u00fcpfburg, die den Kindern viel Raum f\u00fcr energievolles Springen und Toben bieten. Es gibt mehrere Schaukeln, die sowohl f\u00fcr kleinere als auch f\u00fcr gr\u00f6\u00dfere Kinder geeignet sind. Ein Spielturm mit Kletterelementen und einer kleinen Rutschbahn l\u00e4dt zu Abenteuern und ersten Kletterversuchen ein. Au\u00dferdem sorgt ein spezieller Veloparcours f\u00fcr die Kleinen daf\u00fcr, dass sie mit ihren Fahrr\u00e4dern oder den vorhandenen Laufr\u00e4dern sicher fahren und ihre Geschicklichkeit verbessern k\u00f6nnen. Ein Ort voller Bewegung und Spa\u00df f\u00fcr Kinder unterschiedlichen Alters! In der N\u00e4he befindet sich das Restaurant Prodalp, sowie der Kletterturm \u00abCliimber\u00bb. </p>", "image": "https://hltpimtsoch.sos-ch-dk-2.exoscale-cdn.com/catalog/6/f/5/a/6f5a37c7bff6ede25318564d8bf6de18df91a817_tkv_hlt_spielplaetze_007_Prodalp_002A8499.jpg", "openstreetmap_id": "way/194824439"}, "geometry": {"type": "Point", "coordinates": ["9.2893443", "47.0806776"]}}, {"type": "Feature", "properties": {"identifier": "1a82a38d-4052-4df2-b502-e63d0d9d4445", "name": "Restaurant M\u00e4tz Dine", "description": "Geniessen Sie inmitten herrlicher Bergkulisse mit Sicht auf das Sarganserland ein hochwertiges Gastronomieangebot.\n\nDas M\u00e4tz Dine besticht durch seine Einzigartigkeit, Authentizit\u00e4t und Vielseitigkeit. Die heimelige Atmosph\u00e4re bietet zusammen mit unseren Leckereien ein Erlebnis f\u00fcr alle Sinne.\n\nWir kochen auf internationalem Top-Niveau mit regionalen Produkten. Unsere K\u00fcche verbindet Altbew\u00e4hrtes mit modernen Einfl\u00fcssen aus der franz\u00f6sischen K\u00fcche. Ob f\u00fcr eine ausgiebige Tavolata, ein feines Fisch-Gericht oder f\u00fcr ein Feierabend-Bier, das m\u00e4tz dine bietet f\u00fcr jeden etwas. Auch unsere Weinkarte l\u00e4sst keine W\u00fcnsche offen.\n\nDas M\u00e4tz Dine in Flumserberg Tannenheim steht f\u00fcr hochwertige, ehrliche K\u00fcche mit regionalen und saisonalen Produkten. K\u00fcchenchef und Gastgeber Michael Bless verbindet traditionelle Gerichte mit modernen, franz\u00f6sisch und international inspirierten Einfl\u00fcssen. Ideal zum genussvollen Einkehren nach dem Skifahren oder Wandern am Flumserberg. Dazu erwarten Sie eine ausgezeichnete Weinauswahl, eine gem\u00fctliche Atmosph\u00e4re und eine Sonnenterrasse mit Aussicht ins Sarganserland.", "url": "https://www.maetz.ch/", "image": "https://hltpimtsoch.sos-ch-dk-2.exoscale-cdn.com/catalog/0/9/8/8/0988d6ac8c804ae633a3329154ac69314764f3d1_M__tz_Dine__min.jpg", "openstreetmap_id": "way/321791780"}, "geometry": {"type": "Point", "coordinates": ["9.304406046867372", "47.09065912784304"]}}, {"type": "Feature", "properties": {"identifier": "1aa06852-b3ec-49b5-b341-d11b7c75b389", "name": "Weingut Familie Hansruedi Adank", "description": "Reben und Wein sind unsere Leidenschaft, unsere Motivation. Wir lieben das Handwerk, die vielf\u00e4ltigen Arbeiten im Laufe der Jahreszeiten. Im Winter, wenn wir unter dem klaren Himmel der B\u00fcndner Herrschaft mit dem Rebschnitt das Fundament f\u00fcr den kommenden Jahrgang legen. Im Sommer, wenn morgens bei der Laubarbeit die Tautropfen auf den Rebbl\u00e4ttern glitzern. Und ganz besonders im Herbst: dann lesen wir mit dem Ernteteam die Trauben \u2013 bei uns heisst das \u00fcbrigens \u00abwimmle\u00bb \u2013 und anschliessend beginnt die Arbeit im Keller. \n\nErfahrung und Handwerk sind abgestimmt auf das Fl\u00e4scher Terroir. Reich an Kalk und je nach Lage mit Ton und Lehm angereichert, pr\u00e4gen diese durchl\u00e4ssigen, warmen Schiefer-B\u00f6den unsere Weine. Doch erst das Mikroklima macht das Fl\u00e4scher Terroir perfekt: Im Herbst ist der Himmel \u00fcber der B\u00fcndner Herrschaft meist tiefblau und die Luft f\u00fchlt sich an wie Seide. Dann streicht der F\u00f6hn durch die Regionen des Alpenrheins. Er trocknet den Tau von den Trauben und seine W\u00e4rme verpasst der Beerenreife den letzten Schliff. So heiss es tags\u00fcber auch werden kann. Gegen Abend streichen k\u00fchle Fallwinde vom Fl\u00e4scher Berg her durch die Reben und sorgen f\u00fcr eine balancierte S\u00e4ure.\n\nAdank Weine ist ein Familienweingut und es versteht sich von selbst, dass wir alle Aufgaben gemeinsam bew\u00e4ltigen. In der Gr\u00f6sse unseres kleinen Teams liegt unsere Kraft. Gegenseitige Wertsch\u00e4tzung und ein offenes Ohr f\u00fcr die Ideen und Vorstellungen in unseren K\u00f6pfen bringen unsere Weine voran. Ehrliches Handwerk, Nachhaltigkeit und Zeit bilden die Grundpfeiler unserer Philosophie. Zeit, die wir uns nehmen, um die richtigen Entscheidungen zu treffen und Zeit, die wir den Weinen lassen, um zu ihrer Vollendung zu gelangen. Handwerk, das auf den Erfahrungen baut, die wir uns Tag f\u00fcr Tag im Keller und in den Rebbergen aneignen. Nachhaltigkeit, die wir leben: Unsere B\u00f6den sollen so vielf\u00e4ltig und so biodivers wie nur m\u00f6glich an die n\u00e4chste Generation weitergegeben werden.", "url": "http://www.adank-weine.ch", "image": "https://hltpimtsoch.sos-ch-dk-2.exoscale-cdn.com/catalog/7/3/2/3/7323b4249a8298a5399e7bdbd73c131eba3d7553_Hansruedi_und_Rezia_Adank.jpg", "openstreetmap_id": "node/4818286199"}, "geometry": {"type": "Point", "coordinates": ["9.5139953", "47.0265408"]}}, {"type": "Feature", "properties": {"identifier": "1aa219d9-40f8-4ef3-b3f3-0e4ae7bfe449", "name": "Alp Tschingla", "description": "<p>In unserer H&uuml;ttenk&uuml;che bereiten wir einfache und urchige Menus zu. Es gibt verschiedenes vom Grill, Salate, Aelplermaccaronen, Tomatenspaghetti oder einfach nur was kleines: K&auml;se, Salsiz, Speck und Brot. Zum &Uuml;bernachten stehen 4 Doppelzimmer und ein Massenlager f&uuml;r 20 Personen zur Verf&uuml;gung. Zur Entspannung nach einer sch&ouml;nen Wanderung, heizen wir gerne auf Voranmeldung den Hotpot ein.</p>", "url": "http://www.tschingla.ch", "image": "https://hltpimtsoch.sos-ch-dk-2.exoscale-cdn.com/catalog/4/e/a/8/4ea8c844227848b29617c666f91fc2524b653336_H__ttentouren_Tschingla_Walenstadtberg__3_.jpg", "openstreetmap_id": "node/4915474980"}, "geometry": {"type": "Point", "coordinates": ["9.2948089", "47.1483796"]}}, {"type": "Feature", "properties": {"identifier": "1b15b04f-6ecb-4b0e-8960-25f32d4b259b", "name": "Grand Resort Bad Ragaz", "description": "Das Grand Resort Bad Ragaz ist eine einmalige Kombination aus F\u00fcnf-Sterne-Luxusresort und erstklassiger medizinischer Expertise in der Schweiz. G\u00e4ste finden hier einen R\u00fcckzugort der Erholung und tiefgreifenden Regeneration.\n\nEs besteht aus den beiden F\u00fcnf-Sterne-Hotels Grand Hotel Quellenhof &amp; Spa Suites und Grand Hotel Hof Ragaz mit 233 luxuri\u00f6sen Zimmern und Suiten. Das Resort integriert eines der besten Gesundheitszentren Europas und bietet ein einzigartiges Health- und Wellnessangebot an. F\u00fcr kulinarische Gaument\u00e4nze stehen sieben Restaurants mit insgesamt 6 Michelin-Sternen und 76 Gault-Millau-Punkten, ein Sushi-Take-Away, ein Bistro sowie ein Caf\u00e9 zur Auswahl. Zwei Golfpl\u00e4tze, ein Meetings &amp; Events Center, das \u00f6ffentliche Thermalbad Tamina Therme und ein eigenes Casino machen jeden Aufenthalt zu einem wahren Erlebnis.", "url": "http://www.resortragaz.ch", "image": "https://hltpimtsoch.sos-ch-dk-2.exoscale-cdn.com/catalog/f/7/8/c/f78c85aaae02c4aeed9014e12f89293d78284b98_GRBR_Resort_allgemein_aussen_leicht_von_oben_V2.jpg", "openstreetmap_id": "way/43085085"}, "geometry": {"type": "Point", "coordinates": ["9.50390330143708", "47.0004384"]}}, {"type": "Feature", "properties": {"identifier": "1b96af68-9e4e-4a64-85c2-72220d132dd9", "name": "Restaurant Sch\u00fctzengarten", "description": "B\u00fcrgerliche K\u00fcche mit verschiedenen Mittagsmen\u00fc und Empfehlungen\nGediegenes Abendessen im Wintergarten \nMetzget\u00e4, Wildspezialit\u00e4ten, Spargeln, Cordon- Bleufestival\nimmer etwas Neues", "url": "http://www.schuetzen-garten.ch/", "image": "https://hltpimtsoch.sos-ch-dk-2.exoscale-cdn.com/catalog/d/4/d/8/d4d80bb41e2491b91d1cd8775c5b0a6faeee3c50_schuetzengartenfotos90kleiner.jpg", "openstreetmap_id": "relation/1683880"}, "geometry": {"type": "Point", "coordinates": ["9.34622240368007", "47.09429526703"]}}, {"type": "Feature", "properties": {"identifier": "1d9555f9-0984-466d-8b59-a4a0339460be", "name": "Alte Alp Gaffia", "description": "Das Team begr\u00fcsst Sie t\u00e4glich als Gast auf der Sonnenterasse und in der rustikalen Gaststube. Zur Alte Alp Gaffia auf 1861 m \u00fc. M. gelangen Sie bequem mit der Sesselbahn von der Furt. Geniessen Sie regionale Speisen, feine hausgemachte Kuchen und Desserts. Des Weiteren bieten wir erfrischende Getr\u00e4nke und Spezialit\u00e4ten an.", "url": "https://www.altealpgaffia.ch/", "image": "https://hltpimtsoch.sos-ch-dk-2.exoscale-cdn.com/catalog/6/3/1/a/631ae81b60f7f4cfbab22f096a0256b1afffd709_Alp_Gaffia.jpg", "openstreetmap_id": "node/8329807784"}, "geometry": {"type": "Point", "coordinates": ["9.411474466323854", "46.99004531027749"]}}, {"type": "Feature", "properties": {"identifier": "1d9ef9f4-8cda-4daa-bd40-e2fd25a2a80f", "name": "Hertihof Hofladen", "description": "Im Selbstbedienungs-Hofladen finden Kunden 5 Tage die Woche ein ausgesuchtes, saisonales Angebot vom Hof. Geb\u00e4ck wie Nuss- und Linzertorten, Frischfleisch (gefroren) und Trockenfleisch, Bienenhonig, Hof-Glace, Alpk\u00e4se u.v.m. \u2013 Wer Zeit hat, verweilt in der angegliederten Besenbeiz bei einem feinen, in Untervaz ger\u00f6steten Kaffee und einem St\u00fcck K\u00fcchen aus der Hofb\u00e4ckerei.", "url": "https://www.hertihof.ch", "image": "https://hltpimtsoch.sos-ch-dk-2.exoscale-cdn.com/catalog/8/8/c/8/88c8ea43a1e04325a5affb6b819ebfc71f186906_hertihof_besenbeiz4_by_prezis__2.jpg", "openstreetmap_id": "node/35915529"}, "geometry": {"type": "Point", "coordinates": ["9.548063278198242", "46.92509881409418"]}}, {"type": "Feature", "properties": {"identifier": "1e0fb5ef-18ad-4677-868b-fecdad041d7c", "name": "Bahnhof Unterterzen", "description": "<div>Der Bahnhof Unterterzen liegt nahe am Walensee und ist ein wichtiger Ankunfts- und Ausgangspunkt f&uuml;r Ausfl&uuml;ge in die Region sowie Richtung Flumserberg mit der Gondelbahn SeeJet. Der Bahnhof ist gut erschlossen und eignet sich ideal f&uuml;r eine kombinierte Anreise mit Bahn, Auto oder Velo. Am Bahnhof stehen 5 Parkpl&auml;tze (P+Rail Unterterzen) zur Verf&uuml;gung sowie ein &uuml;berdachtes Veloparking mit 18 Pl&auml;tzen.</div>", "url": "https://www.sbb.ch/de/reiseinformationen/bahnhoefe/bahnhof-finden/bahnhof.9416.unterterzen.html", "image": "https://hltpimtsoch.sos-ch-dk-2.exoscale-cdn.com/catalog/b/9/f/d/b9fd2984fdc3f7d448b534f90f35c5863485e510_Bahnhof_Piktogramm_HLT.png", "openstreetmap_id": "node/2051540372"}, "geometry": {"type": "Point", "coordinates": ["9.2549987", "47.1138237"]}}, {"type": "Feature", "properties": {"identifier": "1e878d38-ea44-408c-a3de-662053342b58", "name": "Privatzimmer Hobi", "description": "Das 2 Bett-Zimmer im Parterre befindet sich an sonniger und ruhiger Lage in Valens, nur ca. 3 Gehminuten vom Thermalbad entfernt. Zum Zimmmer geh\u00f6rt ein kostenfreier Parkplatz.\n\nKomfortabel eingerichtetes Zimmer im Parterre mit Doppelbett, TV und WLAN.", "image": "https://hltpimtsoch.sos-ch-dk-2.exoscale-cdn.com/catalog/d/a/0/1/da01625ff459e3c9bb7ceb8d52dcef2d1cae2e66_Privatzimmer_Hobi_1.jpg", "openstreetmap_id": "way/330819584"}, "geometry": {"type": "Point", "coordinates": ["9.479686215137889", "46.9688684"]}}, {"type": "Feature", "properties": {"identifier": "1f1e292e-a0e7-4568-ae62-628c4e6b3d43", "name": "From Heaven", "description": "From Heaven \u2013 Tapas, Wein & Kultur im historischen Bristol direkt am Bahnhof Bad Ragaz.\nMediterrane Tapas, regionale Produkte, eine vielseitige Weinkarte sowie Kunst-, Musik- und Gespr\u00e4chsformate schaffen ein lebendiges Ambiente. Zwei R\u00e4ume, eine grosse Bar und eine sonnige Terrasse laden ein zu Fr\u00fchst\u00fcck, Mittag, Afterwork oder einem entspannten Abend. Die Lage am Bahnhof macht das From Heaven zum idealen Treffpunkt f\u00fcr Einheimische, Reisende und Gruppen.", "url": "https://www.fromheaven.ch", "image": "https://hltpimtsoch.sos-ch-dk-2.exoscale-cdn.com/catalog/c/e/0/e/ce0ea087d4445d6918fedf266fa1c1cf0e19db18_DSC_0338.jpg", "openstreetmap_id": "node/8866407576"}, "geometry": {"type": "Point", "coordinates": ["9.5054804", "47.0093991"]}}, {"type": "Feature", "properties": {"identifier": "201f6e20-1f5e-44d7-99ee-f83632da2dba", "name": "Berggasthaus Prodkamm", "description": "Das Berggasthaus Prodkamm am Flumserberg ist ein Ort, an dem Sie sich kulinarisch verw\u00f6hnen lassen k\u00f6nnen. Mit seinen authentischen, monatlich wechselnden Pasta- und Salatangeboten sowie der Speisekarte mit regionalen und traditionellen Gerichten bietet das Restaurant eine vielf\u00e4ltige Auswahl an K\u00f6stlichkeiten. Das Restaurant verf\u00fcgt zudem \u00fcber eine grosse Sonnenterrasse, auf der Sie Ihre Mahlzeiten im Freien einnehmen und dabei die atemberaubende Aussicht auf die umliegende Berglandschaft geniessen.\nDas Berggasthaus Prodkamm l\u00e4dt Sie ein, die authentische K\u00fcche und die entspannte Atmosph\u00e4re zu geniessen. Ob Sie nach einem Skitag eine St\u00e4rkung suchen oder einfach nur die Sonne auf der Terrasse geniessen m\u00f6chten, hier werden Sie mit herzlicher Gastfreundschaft empfangen. Besuchen Sie das Berggasthaus Prodkamm und lassen Sie sich von den k\u00f6stlichen Gerichten und der einzigartigen Lage begeistern.", "url": "http://www.prodkamm.ch", "image": "https://hltpimtsoch.sos-ch-dk-2.exoscale-cdn.com/catalog/f/1/4/e/f14efd48b613ca33bd7480c50eff62a6a6965606_tkv_bbf_wander__0269DJI_0599_HDR.jpg", "openstreetmap_id": "way/595895128"}, "geometry": {"type": "Point", "coordinates": ["9.26801383495331", "47.07360037575466"]}}, {"type": "Feature", "properties": {"identifier": "20e9ad99-326a-4c9b-876d-8a8b12d5db96", "name": "Berggasthaus Pardiel  ", "description": "Das Berghaus ist somit der ideale Ausgangspunkt f\u00fcr Ihre Ski- oder Wanderferien. Das Skigebiet Pizol, mit seinen 50 Pistenkilometern, bietet f\u00fcr alle etwas. Der Skischul-Sammelplatz und der Skiverleih befindet sich in unmittelbarer N\u00e4he. Als Ausgangspunkt f\u00fcr Wanderungen in einer einmaligen Bergwelt ist das Berghaus Pardiel Ihr Gruppenhaus. Ob auf einem Themenweg oder individuell auf dem Wanderweg ist alles direkt von unserm Haus machbar.\n\nVerpflegung\nUnsere grossz\u00fcgige K\u00fcche eignet sich perfekt f\u00fcr Selbstversorger. \n\nZimmer Allgemein\nUnsere Zimmer sind im rustikalen Stil eingerichtet. Das Berggasthaus verf\u00fcgt \u00fcber 11 Zimmer.\nEs stehen folgende Zimmerkategorien zur Verf\u00fcgung:\n\n6x Doppelzimmer\n2x Vierbettzimmer\n1x 5er-Massenlager\n2x 14er-Massenlager", "url": "https://pizol.com/gastrobetriebe/gruppenhaus-pardiel/", "image": "https://hltpimtsoch.sos-ch-dk-2.exoscale-cdn.com/catalog/3/d/6/8/3d6889cc90fda6d4285335e5438364193cb83c69_Berggasthaus_Pardiel.jpg", "openstreetmap_id": "way/45782460"}, "geometry": {"type": "Point", "coordinates": ["9.462869032451824", "46.9897201"]}}, {"type": "Feature", "properties": {"identifier": "2236050a-0fd1-44cd-ad11-27056cae9138", "name": "Feuerstelle Freudenberg", "description": "<p>Die Feuerstelle Freudenberg befindet sich rund einen Kilometer nordwestlich von Bad Ragaz im Burghof der Ruine Freudenberg. Sie liegt neben einer grossen Wiese, die zum Verweilen und Spielen einl&auml;dt, und ist von den historischen Mauern der Ruine umgeben. Der Grillplatz ist mehrheitlich sonnig, einzelne B&auml;ume spenden etwas Schatten.</p><p>Vor Ort stehen eine Feuerstelle mit Rost, Sitzgelegenheiten sowie Brennholz zur Verf&uuml;gung. Ein Brunnen mit Trinkwasser, Abfallentsorgung und eine Toilette sind ebenfalls vorhanden. Die Feuerstelle eignet sich gut f&uuml;r Einzelpersonen, Paare und Familien, jedoch nicht f&uuml;r gr&ouml;ssere Gruppen.</p><p>Der Zugang erfolgt ab den Parkm&ouml;glichkeiten &uuml;ber eine asphaltierte Strasse und einen gut begehbaren Kiesweg zur Ruine. Oben angekommen bietet sich eine sch&ouml;ne Aussicht auf Bad Ragaz und die umliegenden Berge.</p><p><strong>Lage</strong></p><ul><li>1 km nordwestlich von Bad Ragaz</li><li>Burghof der Ruine Freudenberg</li><li>600 m &uuml;. M.</li><li>Mehrheitlich sonnig</li></ul><p><strong>Erreichbarkeit</strong></p><ul><li>Zu Fuss oder mit dem Velo erreichbar</li><li>&Ouml;V: Bad Ragaz, Schulhaus Kleinfeld (1,7 km)</li><li>Parkpl&auml;tze im Dorf Bad Ragaz</li></ul><p><strong>Ausstattung</strong></p><ul><li>Feuerstelle mit Rost</li><li>Brennholz vorhanden</li><li>Ca. 15 Sitzpl&auml;tze an der Feuerstelle</li><li>Zus&auml;tzliche Sitzgelegenheiten</li><li>Nicht geeignet f&uuml;r gr&ouml;ssere Gruppen</li></ul><p><strong>Umgebung</strong></p><ul><li>Grosse Wiese in der Ruine</li><li>Spielm&ouml;glichkeiten vorhanden</li><li>Burg Freudenberg</li></ul><p><strong>Besonderes</strong></p><ul><li>Abfallentsorgung vorhanden</li><li>Trinkwasser (Brunnen)</li><li>WC vorhanden</li><li>Wanderweg Richtung Vilters</li></ul><p>Die Grillstelle wird unterhalten durch die Ortsgemeinde Bad Ragaz. Allf&auml;llige Besch&auml;digungen bitte diesem Kontakt melden.&nbsp;</p>", "url": "https://www.og-badragaz.ch/", "image": "https://hltpimtsoch.sos-ch-dk-2.exoscale-cdn.com/catalog/8/f/0/d/8f0dea63725c57c38755f28268a34dc357d31fb9_Freudenberg_Bad_Ragaz.jpg", "openstreetmap_id": "node/6883313956"}, "geometry": {"type": "Point", "coordinates": ["9.4924324", "47.008979"]}}, {"type": "Feature", "properties": {"identifier": "223f16a8-8169-4370-b773-5d61d063dc50", "name": "Sorell Hotel Tamina - Garni", "description": "Das Sorell Hotel Tamina liegt nur 5 Gehminuten von der Tamina Therme entfernt.\n\nAlle Zimmer sind sehr ger\u00e4umig und begeistern mit einem herrlichen Panoramablick auf die Alpen. Zur Ausstattung geh\u00f6ren eine Minibar und eine Kaffeemaschine.\n\nIm modernen Restaurant k\u00f6nnen G\u00e4ste ein europ\u00e4isches Fr\u00fchst\u00fcck geniessen.", "url": "http://www.hoteltamina.ch", "image": "https://hltpimtsoch.sos-ch-dk-2.exoscale-cdn.com/catalog/6/1/d/e/61de09630f75e69e8e8e2c6a1801070b37d2cb6b_Sorell_Hotel_Tamina_Aussanansicht.jpg", "openstreetmap_id": "way/231547174"}, "geometry": {"type": "Point", "coordinates": ["9.500772872301976", "47.00200675"]}}, {"type": "Feature", "properties": {"identifier": "2326cce9-21c8-4608-a167-b649ad3fa3c3", "name": "Berghotel Seebenalp", "description": "Einmalige Lage, mitten im Ski- und Wanderparadies Flumserberg. Auf 1650 m Seeh\u00f6he, ganz idyllisch gelegen mitten in der Natur - fernab vom Strassenl\u00e4rm und nur zu Fuss erreichbar. \n\nGut b\u00fcrgerliche K\u00fcche. Div. Kategorien von Zimmern. Wir freuen uns auf Ihren Besuch!\n\nIm Sommer\nDer Seebensee liegt direkt vor unserer Haust\u00fcre. Ca. 1 Stunde Fussmarsch vom Maschgenkamm und ca. 1.5 Stunden vom Tannenboden. \n\nIm Winter\nSind wir zu Fuss \u00fcber den Winterwanderweg vom Tannenboden oder mit Skis oder Snowboard zu erreichen.", "url": "http://www.seebenalp.ch", "image": "https://hltpimtsoch.sos-ch-dk-2.exoscale-cdn.com/catalog/e/f/8/d/ef8d2cf583fc8856b63005f5d77590b0e3c9a396_Seebenalp_f__r_Michel_009.jpg", "openstreetmap_id": "way/190606656"}, "geometry": {"type": "Point", "coordinates": ["9.248347277089128", "47.0804291"]}}, {"type": "Feature", "properties": {"identifier": "24949152-444a-4556-bdce-e1188ec98f8a", "name": "Weintouren in der B\u00fcndner Herrschaft", "description": "Private Weintouren in der B\u00fcndner Herrschaft: Mit lokalem Guide durch Reben und Keller, Degustation erstklassiger Pinot Noirs \u2013 individuell geplant. Wir organisieren dein Erlebnis im Heidiland und in der B\u00fcndner Herrschaft \u2013 ob als Wanderung, genussvolle E-Bike-Tour oder bequem im Minibus. Abholung in der Region, mehrsprachig (DE/EN/F/I/ES) und ideal f\u00fcr Paare, Freunde und Teams. Jetzt anfragen und Terroir sowie Schweizer Wein am Ursprung erleben.", "url": "http://www.wine-tours.ch", "image": "https://hltpimtsoch.sos-ch-dk-2.exoscale-cdn.com/catalog/5/1/4/2/5142d96f405c663a9d7280d71f55bb07273245a0_054A0732.jpg", "openstreetmap_id": "N 47.00466 E 9.53806"}, "geometry": {"type": "Point", "coordinates": ["9.5386444", "47.0046337"]}}, {"type": "Feature", "properties": {"identifier": "2543c195-ed5f-44d9-847b-843fd3389500", "name": "Schwendih\u00f6ckli (CharmingStay)", "description": "Charmantes 4.5-Zimmer Chalet aus Holz mit atemberaubender Aussicht auf die sch\u00f6nen Churfirsten und den blauen Walensee. Etwa 1 km vom Zentrum Tannenboden entfernt.", "url": "https://www.charmingstay.ch", "image": "https://hltpimtsoch.sos-ch-dk-2.exoscale-cdn.com/catalog/d/9/4/2/d9423b5225a569585cd41b5411f5f19a87218d9f_Terrasse_2__1_.JPG", "openstreetmap_id": "node/294246246"}, "geometry": {"type": "Point", "coordinates": ["9.284846050000004", "47.096666850000005"]}}, {"type": "Feature", "properties": {"identifier": "25bfa277-e1fb-4180-af5f-21c1751a613d", "name": "Hotel Restaurant Bergheim", "description": "An den H\u00e4ngen des Flumserbergs erwartet Sie das Hotel Bergheim eine 2-min\u00fctige Fahrt von Flums und dem Skigebiet Tannenheim entfernt. Die Zimmer sind in einem schlichten alpinen Stil eingerichtet. Sie nutzen entweder ein eigenes Bad oder ein Gemeinschaftsbad. WLAN nutzen Sie kostenlos.\n\nDas Restaurant verf\u00fcgt \u00fcber eine Sonnenterrasse mit Bergblick. In unserem kleinen Familienbetrieb geniessen Sie kulinarische Abwechslung in einer gem\u00fctlichen Atmosph\u00e4re. Geniessen Sie regionale Spezialit\u00e4ten, feine Klassiker sowie frische saisonale Angebote. Unsere gute K\u00fcche ist unser Stolz, denn GAUMENFREUDEN werden bei uns GROSS geschrieben. Den passenden Wein dazu finden Sie auf unserer ausgesuchten Weinkarte mit guten Tropfen aus aller Welt. \n\nBei uns ist jeder Gast herzliche willkommen - ob allein, zu zweit, in Gruppen, Raucher, Nichtraucher... Gerne sind wir f\u00fcr Sie da - denn Gastfreundschaft ist f\u00fcr uns eine wichtige Lebenseinstellung.", "url": "http://www.hotelbergheim.ch", "image": "https://hltpimtsoch.sos-ch-dk-2.exoscale-cdn.com/catalog/3/5/f/f/35fff2d0afd214ee9b3e00ee649df64f321656b5_Aussenansicht_Aussenansicht_Sommer1.JPG", "openstreetmap_id": "node/206466318"}, "geometry": {"type": "Point", "coordinates": ["9.305889198305605", "47.0978939"]}}, {"type": "Feature", "properties": {"identifier": "25f39777-0e9a-4bfc-979a-d1563b9149b1", "name": "Weingut Heidelberg, Maienfeld", "description": "Weingut mit 5 ha Rebland. Eigenkelterung in modernem Weinkeller und traditionellem Holzfasskeller.\nWeingutsbesichtigung mit Weindegustation und Imbiss im rustikalen Weinst\u00fcbli oder in der mit Reben bewachsenen Pergola mitten im Weinberg.\n\nEinfache K\u00fcche, Catering m\u00f6glich.", "url": "http://www.lampert-weinbau.ch", "image": "https://hltpimtsoch.sos-ch-dk-2.exoscale-cdn.com/catalog/b/c/3/5/bc35deb6b441040ee1ec078d9ff3f49a52cdd01c_2018_11_14.jpg", "openstreetmap_id": "way/409114948"}, "geometry": {"type": "Point", "coordinates": ["9.53107530744586", "47.010756400000005"]}}, {"type": "Feature", "properties": {"identifier": "26046b9f-ca9b-41ef-ba1a-dfa9e45fd540", "name": "INTERSPORT Network Flumserberg Filiale Tannenheim", "description": "Die INTERSPORT Network Flumserberg Filiale Tannenheim ist w\u00e4hrend dem Sommer als BikerShop Flumserberg ge\u00f6ffnet. \n\nDie INTERSPORT Network Flumserberg Filiale Tannenheim pr\u00e4sentiert Ihnen eine grosse Auswahl an Mietmaterial von Ski und Snowboards bis zu Schlitten. Des Weiteren befindet sich die zentrale Werkstatt f\u00fcr Ski- & Snowboard-Service im 2. Obergeschoss der Filiale.\nMit Rat und Tat stehen wir dir bei der Wahl der Ausr\u00fcstung f\u00fcr dein Abenteuer zur Seite und statten dich mit allem aus, was Sport, Bewegung und Spass auf Schnee zu einem noch intensiveren Erlebnis macht.", "url": "https://www.intersport-network.ch/filialen/tannenheim/", "image": "https://hltpimtsoch.sos-ch-dk-2.exoscale-cdn.com/catalog/1/3/f/2/13f23cacada27c97eb6eecbfa70df55a393350a9_tkv_bbf_winter26_0072__O5A2978.jpg", "openstreetmap_id": "way/325408045"}, "geometry": {"type": "Point", "coordinates": ["9.302447680513392", "47.08949005"]}}, {"type": "Feature", "properties": {"identifier": "265154f8-2b4e-4253-a22e-6b52a04888d5", "name": "Schneeschuhtouren", "description": "<p>Die Ferienregion Heidiland bietet eine Vielzahl an signalisierten Schneeschuhtouren f&uuml;r jedes Niveau. Von der Einsteigertour auf Sch&ouml;nhalden bis zur Panorama-Route am Flumserberg oder Pizol &ndash; jede Tour verspricht ein intensives Naturerlebnis abseits der Pisten. Die Routen sind pink markiert und f&uuml;hren durch verschneite Landschaften mit Blick auf die Churfirsten und das Sarganserland.</p><p>Im Tourenportal <a class=\"fui-Link ___w5et180 f2hkw1w f3rmtva f1ewtqcl fyind8e f1k6fduh f1w7gpdv f1mo0ibp fjoy568 ff5ikls f1s184ao f1mk8lai fnbmjn9 f1o700av f13mvf36 f1cmlufx f9n3di6 f1ids18y f1tx3yz7 f1deo86v f1eh06m1 f1iescvh fhgqx19 f1olyrje f1p93eir f1nev41a\" tabindex=\"0\" href=\"https://outdoor.heidiland.com/mobile/de/liste/signalisierte-schneeschuh-touren-im-heidiland/256613296/\" target=\"_blank\" rel=\"noopener noreferrer\" data-tabster=\"{&quot;restorer&quot;:{&quot;type&quot;:1}}\">outdoor.heidiland.com</a> findest du alle Touren mit Karte, H&ouml;henprofil, GPX-Daten und aktuellen Bedingungen. Ob du alleine losziehst oder dich einer gef&uuml;hrten Tour anschliesst &ndash; Schneeschuhwandern im Heidiland ist entschleunigend, gesund und &uuml;berraschend vielseitig.</p>", "image": "https://hltpimtsoch.sos-ch-dk-2.exoscale-cdn.com/catalog/a/b/3/b/ab3b8458d9213a220b37f14e1b64337ec7b05f8a_PIM_Bild_Schneeschuhlaufen.png"}}, {"type": "Feature", "properties": {"identifier": "26b69b60-26ce-4c5a-8eae-b1a74198bb09", "name": "Heidi Holiday - Grand Maisonette-Attica", "description": "Die 5.5-Zimmerwohnung befindet sich in der N\u00e4he eines Weinguts und ist sehr l\u00e4ndlich gelegen. Vom Balkon aus k\u00f6nnen Sie die tolle Aussicht auf die B\u00fcndner Herrschaft geniessen. Ein Aussenparkplatz steht kostenlos zur Verf\u00fcgung.", "image": "https://hltpimtsoch.sos-ch-dk-2.exoscale-cdn.com/catalog/1/a/0/9/1a094e649594cf47b8b6c7709717f36e872d2d5d_Aussenansicht.jpg", "openstreetmap_id": "way/198377806"}, "geometry": {"type": "Point", "coordinates": ["9.560760855674745", "46.998054710470875"]}}, {"type": "Feature", "properties": {"identifier": "28229e32-7d34-4c2c-9d1e-04fca65f7279", "name": "Teehaus LIU", "description": "Um t\u00e4glich eine perfekte Tasse Tee geniessen zu k\u00f6nnen, ist f\u00fcr uns ausschlaggebend, den Ursprung und den Entstehungsprozess des Tees zu kennen.\n\nVom traditionellen Anbau, \u00fcbers sorgf\u00e4ltige Pfl\u00fccken, hochwertige Verarbeiten bis hin zur passenden Verpackung und anschliessenden Versand gilt f\u00fcr uns nur die h\u00f6chste Qualit\u00e4t.\n\nWir vertrauen den Teebauern und unterst\u00fctzen sie partnerschaftlich. Unser gemeinsames Streben ist, dass Tee nicht nur durch den Wert der Teebl\u00e4tter selbst, sondern auch durch die Hingabe und das Engagement der Menschen, die diesen Prozess begleiten, dem Tee eine spirituelle Erfahrung und nachhaltig positive Bedeutung mitgeben.\n\nJeder Teegarten und jeder Mensch, der mit Tee in Ber\u00fchrung kommt, verdient es, gesch\u00e4tzt zu werden.\n\nWas wir weitergeben, ist die Legende des Tees, das Geschenk der Natur, aber auch die Teekultur und die Wahrheit, G\u00fcte und Sch\u00f6nheit der Menschen.\n\nUnsere Tees stammen von kleinen, lokal t\u00e4tigen Herstellern und werden gr\u00f6sstenteils von Hand hergestellt. Dazu z\u00e4hlen beispielsweise die Teeh\u00e4ndler von F\u0113ngf\u00f9 (\u8c50\u5085) oder die Teeg\u00e4rten von Wuyishan, die zu unseren zuverl\u00e4ssigen Partnern geh\u00f6ren.", "url": "https://teehausliu.com/", "image": "https://hltpimtsoch.sos-ch-dk-2.exoscale-cdn.com/catalog/1/6/0/a/160ae215d2f0e3869e12ebce2d1425b5278931af_Teehaus_Liu.jpg", "openstreetmap_id": "node/3046406902"}, "geometry": {"type": "Point", "coordinates": ["9.502216", "47.0029044"]}}, {"type": "Feature", "properties": {"identifier": "283c7634-7eef-429d-8f2a-10a9531cd7f2", "name": "Swiss Heidi Hotel", "description": "Im malerischen Maienfeld, in Heidis Heimat und mitten in den Rebbergen der B\u00fcndner Herrschaft, l\u00e4dt das Swiss Heidi Hotel zum Ankommen und Wohlf\u00fchlen ein. Das unkomplizierte Haus verbindet herzliche Gastfreundschaft mit moderner Infrastruktur und ist ideal f\u00fcr Gesch\u00e4ftsreisen, Seminare, Ferien oder einen Zwischenstopp auf der Reise. Dank der N\u00e4he zu den beliebten Skigebieten der Region \u2013 allen voran dem Pizol, dem Flumserberg und Gr\u00fcsch Danusa \u2013 ist das Hotel zudem ein perfekter Ausgangspunkt f\u00fcr winterliche Bergerlebnisse.\n\nDie 81 hellen Zimmer und 4 Junior Suiten bieten Ruhe, Komfort und einen wundersch\u00f6nen Blick auf die Bergwelt. Hier beginnt Erholung vom ersten Moment an \u2013 ob allein, zu zweit oder mit der ganzen Familie.\n\nKulinarisch verw\u00f6hnt das lichtdurchflutete Bistro mit regionalen Spezialit\u00e4ten, Pizza, Flammkuchen und erlesenen Weinen. Besonders beliebt sind die sonnige Terrasse mit Blick auf die Maienfelder Berge sowie der weitl\u00e4ufige Garten mit Relax-Zonen und Spielplatz, wo Gross und Klein gleichermassen auf ihre Kosten kommen.\n\nEin besonderes Highlight ist der Panoramasaal 360\u00b0, in dem morgens das reichhaltige Fr\u00fchst\u00fccksbuffet serviert wird. Jeden ersten Sonntag im Monat (ausser Juli und August) verwandelt er sich zudem in den sch\u00f6nsten Brunch-Ort der Region \u2013 mit allem, was Geniesser lieben.\n\nAuch f\u00fcr besondere Momente bietet das Swiss Heidi Hotel den perfekten Rahmen. Das Leben ist voller Jubil\u00e4en, gesch\u00e4ftlicher Erfolge, pers\u00f6nlicher Meilensteine oder einfach Freude am Hier und Jetzt. Mit der ruhigen Kulisse der B\u00fcndner Herrschaft und modernen, stilvollen Seminarr\u00e4umen wird daraus eine bleibende Erinnerung \u2013 sei es bei Tagungen, Workshops, Feiern oder Incentives.\n\nOb f\u00fcr aktive Wintertage auf den nahegelegenen Pisten, f\u00fcr Wanderungen in den Weinbergen oder inspirierende Begegnungen \u2013 das Swiss Heidi Hotel ist der ideale Ausgangspunkt im Heidiland.", "url": "http://www.swissheidihotel.ch", "image": "https://hltpimtsoch.sos-ch-dk-2.exoscale-cdn.com/catalog/3/a/a/3/3aa3a03e48952f0dd1ff21239a71983c3a668850_SwissHeidiHotel_Winter_2022_Print_0558__2.jpg", "openstreetmap_id": "way/1258752161"}, "geometry": {"type": "Point", "coordinates": ["9.526555841737892", "47.00351465"]}}, {"type": "Feature", "properties": {"identifier": "296ef3a0-8118-420f-8759-4c3faef3bacb", "name": "Restaurant Tertianum Blumenaupark", "description": "In unserem \u00f6ffentlichen Restaurant werden Sie von unserem K\u00fcchenteam mit liebevoll angerichteten Speisen und Dessertkreationen verw\u00f6hnt. Neben verschiedenen Kaffeevarianten erhalten Sie bei uns auch erfrischende Getr\u00e4nke oder einen kleinen Snack f\u00fcr zwischendurch. Auch Angeh\u00f6rige und Freunde unserer G\u00e4ste sind herzlich willkommen.", "url": "https://www.tertianum.ch/wohn-pflegezentrum/tertianum-blumenaupark#gastronomie", "image": "https://hltpimtsoch.sos-ch-dk-2.exoscale-cdn.com/catalog/6/c/1/a/6c1af96ee705b4e334d478e0d26b0f6bf499faca_Titelbild_Blumenaupark.jpg", "openstreetmap_id": "way/850097884"}, "geometry": {"type": "Point", "coordinates": ["9.253684737470934", "47.11229805"]}}, {"type": "Feature", "properties": {"identifier": "29d73c12-db5a-48d5-a3e4-9714fc47e4dd", "name": "Ferienwohnung M\u00e4tz (Whg. Tautscher)", "description": "Die im Jahr 2022 erbaute und neue Ferienwohnung M\u00e4tz liegt mitten im Zentrum Flumserberg Tannenheim, 5 Gehminuten von der Haust\u00fcre bis zur Talstation Prodalp-Express und bietet eine sch\u00f6ne Aussicht auf die Berge. Im gleichen Geb\u00e4ude finden Sie das einzigartige Restaurant m\u00e4tz dine. Einkaufsm\u00f6glichkeiten sind 5 Minuten zu Fuss entfernt.", "image": "https://hltpimtsoch.sos-ch-dk-2.exoscale-cdn.com/catalog/f/c/e/8/fce89c01a81e1aeedd440981123621980ba1de4f_Essbereich_Fewo_M__tz_3.jpeg", "openstreetmap_id": "way/321791780"}, "geometry": {"type": "Point", "coordinates": ["9.30443825", "47.09053425"]}}, {"type": "Feature", "properties": {"identifier": "29fe4bb6-2356-4e6e-880c-bad803766ca1", "name": "BnB Undergass", "description": "Unser stilvolles Bijou eignet sich f\u00fcr Paare oder Familien mit kleinen Kindern.\nSauna, privater Garten und Fitnessraum, Waschmaschine und Tumbler auf Anfrage nutzbar.\n\nF\u00fcr Actionliebhaber bietet unsere Region zahlreiche M\u00f6glichkeiten von Skifahren \u00fcber Biken und Wandern bis zu rasanten Rodelfahrten.\nSie sind 3 min von der Bushaltestelle und 5 min vom Banhof Mels entfernt. Die Flumserberge lassen sich mit dem Auto oder Skibus in 20 min erreichen.", "image": "https://hltpimtsoch.sos-ch-dk-2.exoscale-cdn.com/catalog/8/d/2/f/8d2f8143cfb2d514672d49e46dec48d0bfb62df1_Kingsize_Bett.jpeg", "openstreetmap_id": "way/26413251"}, "geometry": {"type": "Point", "coordinates": ["9.416962265968325", "47.056375163360684"]}}, {"type": "Feature", "properties": {"identifier": "2a731480-73b8-4ed7-8d95-ec6e9fbfaa84", "name": "Restaurant Schloss Sargans", "description": "HERZLICH WILLKOMMEN IM SCHLOSS SARGANS!\nWir heissen Sie herzlich willkommen und freuen uns darauf, in unserem Restaurant begr\u00fcssen zu d\u00fcrfen.\n\nUnser Restaurant, eingebettet in die historischen Gem\u00e4uer des Schlosses Sargans, l\u00e4dt Sie zu einem unvergesslichen kulinarischen Erlebnis ein. Entdecken Sie die Vielfalt regionaler K\u00f6stlichkeiten, die mit Liebe zum Detail zubereitet werden und unsere Verbundenheit zur Umgebung widerspiegeln. Erleben Sie bei uns nicht nur exzellente Speisen, sondern auch eine Atmosph\u00e4re, die den Charme der Region ausdr\u00fcckt\u2013 regional, herzlich, einladend.", "url": "https://www.schloss-sargans.com/", "image": "https://hltpimtsoch.sos-ch-dk-2.exoscale-cdn.com/catalog/9/8/2/a/982a8b69e6ffb6b870613cd90a154b92a2a3a8cb_Schloss_Sargans_03_1024x658.jpg", "openstreetmap_id": "way/125079000"}, "geometry": {"type": "Point", "coordinates": ["9.437401316477047", "47.05020255964923"]}}, {"type": "Feature", "properties": {"identifier": "2a77a924-b43d-4a99-a7ee-e5f55d9a1172", "name": "Kr\u00e4uter-Pfarrer K\u00fcnzle Museum", "description": "<p>Hoch &uuml;ber Vilters, im ehemaligen Pfarrhaus, &ouml;ffnete am 10. November 2019 das &laquo;Kr&auml;uter-Pfarrer K&uuml;nzle&raquo; Museum seine T&uuml;ren. Die Dauerausstellung zeigt das Leben und Wirken des Kr&auml;uterpfarrers, der w&auml;hrend elf Jahren in Wangs-Vilters als Pfarrer t&auml;tig war und dort auch 1945 begraben wurde. Ge&ouml;ffnet ist das Museum jeweils jeden ersten und dritten Sonntag im Monat, von 10 - 12 und 13-16 Uhr.</p><p>Flyer mit Daten <a href=\"https://pfarrerkuenzle.ch/wp-content/uploads/2026/01/Flyer-2026.pdf\">https://pfarrerkuenzle.ch/wp-content/uploads/2026/01/Flyer-2026.pdf</a></p>", "url": "https://pfarrerkuenzle.ch/", "image": "https://hltpimtsoch.sos-ch-dk-2.exoscale-cdn.com/catalog/e/3/b/f/e3bf5f3e558ac11f81bbfc735b44dde0bee2c7a0_Museum_mit_Kirche.jpg", "openstreetmap_id": "way/119360990"}, "geometry": {"type": "Point", "coordinates": ["9.448006153106691", "47.02292944947706"]}}, {"type": "Feature", "properties": {"identifier": "2c4dc733-ec18-4dee-a57a-4fa5459041a1", "name": "Hotel Restaurant Seehof", "description": "Das Hotel Seehof kann auf eine lange Tradition zur\u00fcckblicken. Seit 1910 bietet es in Walenstadt, direkt am Ufer des Walensee gelegen, Unterkunft f\u00fcr G\u00e4ste. Heutzutage ist das Hotel mit kostenlosem Internet-Zugang ausgestattet. Alle Zimmer sind mit Fernseher und Haartrockner eingerichtet, einige haben sogar einen Balkon. Grosser Parkplatz vorhanden.\n\nDas Restaurant mit grosser Gartenterrasse und Seeblick bietet eine gepflegte K\u00fcche sowie eine kompetente und freundliche Bedienung. \nIm Winter wird K\u00e4se-Fondue \u00e0 discr\u00e9tion nach Wunsch im \u00fcberdachten Garten bei heimeligem Kerzenlicht serviert. Schaffell, W\u00e4rmeflasche und Wolldecke sorgen ebenfalls f\u00fcr Wohlf\u00fchlatmosph\u00e4re.\n\nMitglied der \"Schweizerischen Gilde etablierter Gastronomen\" und der \"Tafelgesellschaft zum Goldenen Fisch\".\n\nNutzen Sie im Winter den Shuttleservice des Hotels Restaurant Seehof zur  Seilbahn Unterterzen, die Sie in das Skigebiet Tannenbodenalp-Flumserberg bringt.", "url": "http://www.seehof-walenstadt.ch", "image": "https://hltpimtsoch.sos-ch-dk-2.exoscale-cdn.com/catalog/a/9/1/6/a916f5179303c75db13cfa92ded0253a47d74d3b_tkv_hotelseehof_250_DJI_0902_HDR.jpg", "openstreetmap_id": "node/752369934"}, "geometry": {"type": "Point", "coordinates": ["9.303253", "47.127306"]}}, {"type": "Feature", "properties": {"identifier": "2c4e38f7-8d1f-45b9-a701-78637e23a43f", "name": "Lattmann's Bar & Lounge GmbH", "description": "Willkommen in der Lattmann\u2019s Bar & Lounge \u2013 dein Treffpunkt f\u00fcr feine Drinks, gute Gespr\u00e4che und besondere Abende. \n\nBei uns gibt\u2019s alles zum Anstossen: von Bier \u00fcber Wein bis hin zu guten Drinks. Dazu eine Zigarre oder etwas Feines aus der K\u00fcche. Einfach das, worauf du gerade Lust hast.\n\nHier sollst du dich wohlf\u00fchlen und den Abend so geniessen, wie er f\u00fcr dich passt. Mit Freunden oder einfach f\u00fcr dich selbst. Zus\u00e4tzlich veranstalten wir regelm\u00e4ssig Live-Musik und abwechslungsreiche Events.\n\nSchau bei uns rein \u2013 wir freuen uns auf dich!", "url": "https://www.lattmanns.ch/", "image": "https://hltpimtsoch.sos-ch-dk-2.exoscale-cdn.com/catalog/5/e/f/c/5efc5c74bd2996c59386680a0fb98dd17f2d097a_IMG_2638__2.jpeg", "openstreetmap_id": "way/430649034"}, "geometry": {"type": "Point", "coordinates": ["9.5004767", "47.0022523"]}}, {"type": "Feature", "properties": {"identifier": "2c98d299-11e7-4aa2-a29c-33ed634a72b6", "name": "Restaurant Grotto Fl\u00e4scher Bad", "description": "Das Grotto Fl\u00e4scher Bad ist einfach ein M\u00fc anders. \nHier steht alles unter dem Motto \u00abbewusst geniessen\u00bb: Beim respektvollen Umgang mit der Natur und unseren Ressourcen oder bei der Wertsch\u00e4tzung und Entl\u00f6hnung unserer Mitarbeitenden und Partner - wir m\u00f6gen es lokal, sorgf\u00e4ltig und nachhaltig. \nWir m\u00f6chten Deine Gedanken und Deinen Gaumen in die Ferien schicken, denn eins wissen wir: Genuss ist verg\u00e4nglich, nicht aber die Erinnerung daran. Deshalb m\u00f6chten wir die Freude daran unbedingt mit dir teilen. \n\nWir w\u00fcnschen Dir ganz viele bleibende Eindr\u00fccke und einen Moment \u00abzum Abschalte\u00bb bei uns.", "url": "http://www.das-grotto.ch", "image": "https://hltpimtsoch.sos-ch-dk-2.exoscale-cdn.com/catalog/1/3/d/1/13d19cd54757b2d5a4f80ea8b1c21ad25a4798a5_Sonnenuntergang.png", "openstreetmap_id": "way/1292843548"}, "geometry": {"type": "Point", "coordinates": ["9.4946418", "47.0365098"]}}, {"type": "Feature", "properties": {"identifier": "2d522e24-9b6d-4278-bf2e-d9a8a7eddff7", "name": "Wein Bar & Caf\u00e9 Sternen", "description": "Gem\u00fctliches Verweilen im Caf\u00e9, ein Glas Wein an lauen Abenden, auf dem Weg nach Hause auf dem Platz Leute treffen und doch noch ein bisschen l\u00e4nger bleiben, ein Konzert oder eine Lesung bei uns besuchen... Wir freuen uns auf Ihren Besuch!", "url": "https://www.sternen.cafe/", "image": "https://hltpimtsoch.sos-ch-dk-2.exoscale-cdn.com/catalog/0/3/c/9/03c9fbb9ad6a1d46f75c1334bfe6f28668895f20_IMG_6500.jpeg", "openstreetmap_id": "way/807732914"}, "geometry": {"type": "Point", "coordinates": ["9.5761389", "46.9820344"]}}, {"type": "Feature", "properties": {"identifier": "2db8748e-2dd8-448b-a955-c356b0acaade", "name": "Pauschale: BikerSpass am Flumserberg", "description": "<p><strong>Top-Angebot am BikerBerg: W&auml;hrend 2 Tagen die mega flowigen Biketrails erkunden und 2 N&auml;chte lang den Service eines zertifizierten Bikehotels geniessen. </strong></p><p>Nur knapp eine Stunde von Z&uuml;rich und St. Gallen entfernt, erlebst du am BikerBerg Flumserberg puren Bike-Spass. Geniesse zwei Tage auf den 4 flowigen Bike-Trails. In diesem Angebot ist neben zwei &Uuml;bernachtungen im Bikehotel am Flumserberg, in Unterterzen, Quarten, Mols oder in Bad Ragaz eine 2-Tageskarte inkl. Biketransport am BikerBerg inklusive.</p><p><strong>Inkludierte Leistungen:&nbsp;</strong></p><ul><li>Div. zertifizierte Bikehotels stehen dir zur Verf&uuml;gung</li><li>2 &Uuml;bernachtungen (inkl. Fr&uuml;hst&uuml;ck) in der gew&auml;hlten Zimmerkategorie im Hotel deiner Wahl</li><li>2-Tageskarte Bike</li><li>allf&auml;llige Taxen</li></ul><p><strong>Konditionen:</strong></p><ul><li>buchbar w&auml;hrend der ganzen Sommersaison (ab Juni bis Oktober)</li><li>bis 1 Tag vor Anreise buchbar</li><li>g&uuml;ltig nach Verf&uuml;gbarkeit</li><li>die 2-Tageskarte Bike erh&auml;ltst du an der Talstation in Unterterzen (Seejet), Flumserberg Tannenheim oder Flumserberg Tannenbodenalp gegen Vorweisen deines Vouchers (bitte mitbringen)</li></ul>", "image": "https://hltpimtsoch.sos-ch-dk-2.exoscale-cdn.com/catalog/0/5/0/d/050d6a068e32ad2c731bd2764765d3e0d72b910f_large__BikerBerg_Flumserberg.jpg"}}, {"type": "Feature", "properties": {"identifier": "2e0f4a1f-7c6c-4636-818c-3d2b4fbc6322", "name": "Walensee Schifffahrt", "description": "Erkunden Sie den Walensee w\u00e4hrend der Saison von Fr\u00fchling bis Herbst auf einer Rundfahrt und lassen Sie den Alltag hinter sich. Beliebte Highlights sind ein Besuch des autofreien Weind\u00f6rfchens Quinten oder ein Abstecher zu den Seerenbachf\u00e4llen, die sich knapp 600 Meter in die Tiefe st\u00fcrzen und zu den h\u00f6chsten Wasserf\u00e4llen Europas geh\u00f6ren. \n\nDie Eventschiffe sind die perfekte Wahl f\u00fcr alle, die Genuss und Freizeit in einem aussergew\u00f6hnlichen Rahmen verbinden m\u00f6chten. Ob ein romantisches Abendessen oder eine stimmige Themenfahrt \u2013 das vielseitige Angebot sorgt daf\u00fcr, dass keine W\u00fcnsche offenbleiben.\n\nF\u00fcr besondere Anl\u00e4sse steht Ihnen die private Schiffsmiete zur Verf\u00fcgung. Feiern Sie  Geburtstage, Familienfeste oder Hochzeiten in einem exklusiven Ambiente. Auch Unternehmen k\u00f6nnen die Walensee-Schiffe f\u00fcr Seminare, Business-Ap\u00e9ros oder Weihnachtsessen nutzen und so ihre Veranstaltung in bester Aussicht geniessen. \n\nDie Region ist verkehrstechnisch perfekt erschlossen. Der glasklare See ist eines der tiefsten Gew\u00e4sser der Schweiz. Die imposanten Felsw\u00e4nde der Churfirsten ragen beinahe senkrecht vom Ufer nach oben. Die Landschaft erinnert stark an einen norwegischen Fjord, besticht gleichzeitig aber auch mit einem milden, beinahe mediterranen, Klima. Der Walensee \u2013 das Paradies f\u00fcr Menschen von nah und fern.", "url": "https://www.walenseeschiff.ch/", "image": "https://hltpimtsoch.sos-ch-dk-2.exoscale-cdn.com/catalog/a/c/4/6/ac461a5af8abe5fd7ae610b12bcd3ed86a82061d_Walensee_Schiff_MS_Churfirsten.jpg", "openstreetmap_id": "way/244432349"}, "geometry": {"type": "Point", "coordinates": ["9.253957020923561", "47.11426285"]}}, {"type": "Feature", "properties": {"identifier": "2e167736-dc78-4262-878d-80929bc94753", "name": "Restaurant Schiffl\u00e4nde", "description": "&quot;Willkommen im Restaurant Schiffl\u00e4nde Quinten. Genie\u00dfen Sie unsere exzellente K\u00fcche, w\u00e4hrend Sie sich von der sanften Brise des Sees verw\u00f6hnen lassen. Tauchen Sie ein in eine Welt voller Gaumenfreuden und lassen Sie sich von unserer erstklassigen K\u00fcche und dem einzigartigen Ambiente verzaubern. Erleben Sie unvergessliche Momente, und bewundern Sie die malerische Landschaft des Sees.", "url": "https://www.schifflaende.eu/", "image": "https://hltpimtsoch.sos-ch-dk-2.exoscale-cdn.com/catalog/8/6/a/a/86aa7c0cfcd6aa785483d6474a8a5260e1036eb5_IMG_0038__2.jpg", "openstreetmap_id": "node/240078789"}, "geometry": {"type": "Point", "coordinates": ["9.215732216835024", "47.128984199829"]}}, {"type": "Feature", "properties": {"identifier": "2f583a77-65cb-4ced-b468-24d26a60796d", "name": "SPAR Supermarkt Murg", "description": "<div><p>Der SPAR Supermarkt in Murg bietet eine praktische Einkaufsm&ouml;glichkeit f&uuml;r den t&auml;glichen Bedarf. Das Sortiment umfasst frische Lebensmittel, Backwaren, Getr&auml;nke sowie Produkte f&uuml;r Haushalt und Alltag und richtet sich sowohl an Einheimische als auch an G&auml;ste.</p><p>Dank der gut erreichbaren Lage eignet sich der SPAR ideal f&uuml;r den schnellen Einkauf zwischendurch oder f&uuml;r die Selbstversorgung w&auml;hrend eines Aufenthalts in der Region. SPAR steht f&uuml;r N&auml;he, &Uuml;bersichtlichkeit und ein ausgewogenes Angebot mit Fokus auf Qualit&auml;t und Regionalit&auml;t.</p></div>", "url": "https://www.spar.ch/standorte/detail/oess-otto?", "image": "https://hltpimtsoch.sos-ch-dk-2.exoscale-cdn.com/catalog/f/c/f/9/fcf93496e60697531fb55f2720514e7f8c5f3c61_Einkaufen_Piktogramm_HLT.png", "openstreetmap_id": "node/418190173"}, "geometry": {"type": "Point", "coordinates": ["9.2141071", "47.1127297"]}}, {"type": "Feature", "properties": {"identifier": "2f71932d-5846-4799-acb4-8267f8c931cd", "name": "Haus Steinbock", "description": "Das Haus Steinbock befindet sich eingebettet im Zentrum vom Tannenboden am Flumserberg. Nur 150 Meter von den n\u00e4chsten Skipisten und Skiliften entfernt. Ebenfalls liegen Wanderwege, Bikerstrecken und Einkaufsm\u00f6glichkeiten in unmittelbarer N\u00e4he. So ist das Haus Steinbock f\u00fcr Ruhesuchende, Aktive und Geniesser der ideale Ausgangsort f\u00fcr ein paar Tage Urlaub. Im Steinbock finden Sie komfortable Zimmer mit Bad oder Dusche/WC, Haarf\u00f6n, Fernseher und Radio. Das Haus ist mit einem Lift ausgestattet. Diverse Zimmer sind zudem mit ausziehbarer Couch eingerichtet, welche als Zusatzbett f\u00fcr 1-2 Personen verwendet werden kann.\n\nBIKEHOTEL HEIDILAND: Das Haus Steinbock ist mit dem G\u00fctesiegel \u00abBikehotel Heidiland\u00bb ausgezeichnet. Radfahrer profitieren hier von einem abschliessbaren Abstellraum, einer zweckm\u00e4ssig eingerichteten Werkstatt, einem Waschplatz, einem W\u00e4scheservice und weiteren Dienstleistungen.", "url": "https://tannenboden.ch/", "image": "https://hltpimtsoch.sos-ch-dk-2.exoscale-cdn.com/catalog/6/e/c/4/6ec4e3bcf9ffa373c98e9dd590f92720855057ce_Haus_Steinbock_Sommer_1.jpg", "openstreetmap_id": "way/294246381"}, "geometry": {"type": "Point", "coordinates": ["9.287109895179386", "47.092780399999995"]}}, {"type": "Feature", "properties": {"identifier": "30681761-d9ce-489c-a14c-9d9b4978f5f2", "name": "Waldhaus Panorama Home (CharmingStay)", "description": "<p>Diese grossz&uuml;gige 4-Zimmer-Ferienwohnung mit 120 m&sup2; ist komfortabel f&uuml;r bis zu 6 Personen geeignet. Die grosse, voll ausgestattete K&uuml;che l&auml;dt zum gemeinsamen Kochen und Essen ein. Wohnzimmer und Essbereich mit zwei Terrassen erg&auml;nzen sich harmonisch und schaffen ideale Voraussetzungen f&uuml;r gem&uuml;tliche Abende.</p><p>Die Raumaufteilung ist besonders gut f&uuml;r Familien oder kleinere Gruppen geeignet, die Wert auf Komfort und gen&uuml;gend Platz legen. Die Wohnung &uuml;berzeugt mit zwei Terrassen zum Innenbereich mit grosser Wiese sowie einem grossen Balkon mit traumhafter Aussicht. Die Lage ist praktisch: ca. 10 Gehminuten vom Lift Tannenboden entfernt mit Zugang zu allen Pisten am Flumserberg. Bitte beachten Sie, dass nur ein Parkplatz zur Verf&uuml;gung steht.</p><p>Zimmer mit eigenem Balkon und herrlicher Aussicht auf die Churfirsten. Das Zimmer bietet Schlafgelegenheit f&uuml;r 2 Personen im Doppelbett und verf&uuml;gt &uuml;ber einen direkten Zugang zu eigener Dusche/WC.</p>", "url": "http://www.charmingstay.ch", "image": "https://hltpimtsoch.sos-ch-dk-2.exoscale-cdn.com/catalog/5/f/f/9/5ff9364cf3cc2e2712df4eeaf558cd3545435142_Balkon_Aussicht.jpeg", "openstreetmap_id": "way/294246306"}, "geometry": {"type": "Point", "coordinates": ["9.2878351", "47.0939962"]}}, {"type": "Feature", "properties": {"identifier": "30b9c5d2-3d69-4228-ae16-2c8d3dd3dbbf", "name": "Memories", "description": "3 Michelin-Sterne &amp; 1 Gr\u00fcner Michelin-Stern | 18 Gault-Millau-Punkte\nProduktebewusstsein, Innovation und Saisonalit\u00e4t sind in Sven Wassmers Philosophie tief verankert. Im Memories, seinem Signature-Restaurant, setzt er dies konsequent um \u2013 klar und reduziert interpretiert er die Schweizer Alpine K\u00fcche zu einem authentischen und naturverbundenen Gesamterlebnis.\nSeine Kreationen richten sich nach den Jahreszeiten und wandeln sich mit ihrem Verlauf. Hier geniessen Sie anstatt eines \u00e0 la Carte Men\u00fcs, ein Surprise Degustationserlebnis mit mehreren Geschmackserinnerungen. Das Memories ist ein Wohlf\u00fchlort, der zur\u00fcckkehrt zum Ursprung der Gastlichkeit. Ein bewusster Ruhepol, der kompromisslose Qualit\u00e4t, Stil und Natur vereint.", "url": "http://www.memories.ch", "image": "https://hltpimtsoch.sos-ch-dk-2.exoscale-cdn.com/catalog/f/a/d/b/fadbe99f94c988de4f3a92e49c14d47601da0d9a_GRBR_Kulinarik_Memories_Restaurant_Essbereich_V2.jpg", "openstreetmap_id": "node/7770673149"}, "geometry": {"type": "Point", "coordinates": ["9.5039179", "47.000046"]}}, {"type": "Feature", "properties": {"identifier": "328e9e38-b6dd-4096-9ffa-a86b3d1591e7", "name": "Lucky Star Bikes GmbH", "description": "Tages- oder Mehrtagesmiete von E-Mountainbike oder E-Trekkingvelo m\u00f6glich.", "url": "https://www.luckystarbikes.ch/", "image": "https://hltpimtsoch.sos-ch-dk-2.exoscale-cdn.com/catalog/a/a/f/d/aafd6d25c1670f22c3411b9b523dab9680b935a3_DSC_0241.jpg", "openstreetmap_id": "relation/1683931"}, "geometry": {"type": "Point", "coordinates": ["9.440764188766481", "47.05081940777587"]}}, {"type": "Feature", "properties": {"identifier": "32b5ebfb-07dd-4c10-8336-3630c9bb2230", "name": "lofthotel am Walensee", "description": "Mit herrlicher Aussicht \u00fcber den Walensee und die Churfirsten empf\u00e4ngt Sie das helle und luftige 3-Sterne-Superior-Hotel in der komplett umgebauten ehemaligen Spinnerei Murg. Reuse, Repurpose, Recycle.\n\nDas lofthotel bietet neben den Standardzimmern viele spezielle \u00dcbernachtungsm\u00f6glichkeiten, von der spektakul\u00e4ren 330m2 grossen loftsuite f\u00fcr bis zu 10 Personen \u00fcber zwei Bikerlofts, die Platz f\u00fcr die Fahrer*innen sowie die Motorr\u00e4der im Zimmer bieten bis hin zum umgebauten SBB-G\u00fcterwagon, der nun als Hotelzimmer f\u00fcr bis zu 8 Personen dient.\n\nDar\u00fcber hinaus punktet das Erlebnishotel mit diversen tollen Freizeitaktivit\u00e4ten. Den G\u00e4sten stehen hauseigene E-Bikes, eine Indoor-Tennishalle, SUPs, ein Private Spa sowie eine holzbefeuerte Sauna direkt am See zur Verf\u00fcgung.\n\nF\u00fcr Businesskunden bietet das lofthotel 10 grossz\u00fcgige und modern ausgestattete Seminar- und Meetingr\u00e4ume, eine Eventhalle sowie spannende Rahmenprogramme.", "url": "https://www.lofthotel.ch", "image": "https://hltpimtsoch.sos-ch-dk-2.exoscale-cdn.com/catalog/5/7/9/e/579e2ec10e512cb18990fd89c1a4a44e07e50b30_lofthotel_Aussenansicht.jpg", "openstreetmap_id": "node/418190191"}, "geometry": {"type": "Point", "coordinates": ["9.217261", "47.1124535"]}}, {"type": "Feature", "properties": {"identifier": "32bb0094-bcfe-40b5-9f8a-6c990670c33b", "name": "Hotel Waldegg", "description": "Ruhige Lage mit sch\u00f6ner Aussicht. Familienfreundliches Hotel mit sch\u00f6nen Zimmern. Im Sommer mit einer grossen Sonnenterrasse und Grill. Liegewiese, Spielplatz sowie ein Spielraum stehen zur Verf\u00fcgung. Mit den Skiern kann direkt zum Hotel hinuntergefahren werden. Schulungs- und Konferenzraum, Freies WLAN.", "url": "http://www.hotelwaldegg.ch", "image": "https://hltpimtsoch.sos-ch-dk-2.exoscale-cdn.com/catalog/0/4/6/2/04624bc163564704c777869591ea1e2cf7327620_Waldegg1.jpg", "openstreetmap_id": "way/294246212"}, "geometry": {"type": "Point", "coordinates": ["9.283258593496619", "47.0960986"]}}, {"type": "Feature", "properties": {"identifier": "33aae776-d09f-4254-866a-51f698044ab2", "name": "Hotel Restaurant Schiffahrt", "description": "Unser Hotel liegt mitten im idyllischen Heidiland, einer der sch\u00f6nsten Urlaubsdestinationen der Schweiz. Nicht ohne Grund ist der Name der beliebten Tourismusregion an Johanna Spyri\u2018s weltber\u00fchmte Heidi-Geschichte angelehnt, denn die sagenumwobene Naturidylle ist fast zu sch\u00f6n, um wahr zu sein.\nHier treffen majest\u00e4tische Berge auf malerische D\u00f6rfer, tiefblaue Seen auf sonnenverw\u00f6hnte Rebh\u00e4nge. Die fantastische Kulisse erstreckt sich vom Walensee und den imposanten Churfirsten \u00fcber die Sommer- und Wintersportgebiete Flumserberg und Pizol bis hin zur Weinregion der B\u00fcndner Herrschaft.\nDas Freizeit-Paradies im Osten der Schweiz ist das ganze Jahr \u00fcber ein lohnenswertes Ziel f\u00fcr eine erholsame Kurzreise.\n\nDie Zimmer sind alle im urchigen Landhausstil eingerichtet mit Massivholzbetten, und einem Kr\u00e4uterschlafkissen-Menu. Alle Zimmer haben ein eigenes Bad mit Dusche/WC und Haartrockner, einen Schreibtisch, Balkon oder Terrasse, TV und WLAN. Einige bieten eine herrliche Aussicht auf den Walensee und die imposante Bergkette Churfirsten, andere sind mit Blick auf die umliegenden Berge.", "url": "http://www.schiffahrt-mols.ch", "image": "https://hltpimtsoch.sos-ch-dk-2.exoscale-cdn.com/catalog/b/1/2/3/b123e90584c635d7216c1b41876dd10afbecd6a8_IMG_20210814_WA0000.jpg", "openstreetmap_id": "node/1417590626"}, "geometry": {"type": "Point", "coordinates": ["9.278622", "47.1124527"]}}, {"type": "Feature", "properties": {"identifier": "33e43646-f9ae-4d9e-aa86-e9e2bdf98f94", "name": "Knobelboden Hotel und Restaurant", "description": "<p>Im reizvollen Dorf Oberterzen hoch &uuml;ber dem Walensee begr&uuml;sst Sie das seit 3 Generationen familiengef&uuml;hrte Knobelboden Hotel und Restaurant. Geniessen Sie K&ouml;stlichkeiten (saisonale Gerichte) in unserem Restaurant im Landhausstil oder bei gutem Wetter auch auf unserer Terrasse. Freuen Sie sich im Sommer auf eine Liegewiese, einen Aussenpool und einen Whirlpool. Im Winter l&auml;dt die Sauna zum Entspannen ein. Von der nahegelegenen Seilbahnstation aus erreichen Sie bequem das Ski- und Wandergebiet Flumserberg oder den See.</p>", "url": "http://www.knobelboden.ch", "image": "https://hltpimtsoch.sos-ch-dk-2.exoscale-cdn.com/catalog/b/4/f/2/b4f29955fb048d38e33cbacca7927a9cc6d43241_unnamed__2_.jpg", "openstreetmap_id": "way/194644492"}, "geometry": {"type": "Point", "coordinates": ["9.260249562895584", "47.103670949999994"]}}, {"type": "Feature", "properties": {"identifier": "33f3d505-b3e9-4761-b91b-6963ae262ff0", "name": "Weingut M\u00f6hr-Niggli", "description": "Auf rund 4 Hektaren in Maienfeld und auf 0.6 Hektaren in Maisprach \u2013 Basellandschaft \u2013 wird Weinbau betrieben. Der Fokus liegt dabei auf der urspr\u00fcnglichen Burgundersorte Pinot Noir. Daraus entstehen nebst dem \u201ePILGRIM\u201c, ein Pinot Noir aus den bevorzugtesten Lagen um die Stadt Maienfeld, noch weitere Crus aus Einzellagen auf 3 sehr unterschiedlichen Terroirs. \n\nDas ganzheitliche Arbeiten liegt uns am Herzen. Sei dies das Bewirtschaften der Rebberge, das Pflegen und Begleiten der noch jungen Weine im Keller, oder der pers\u00f6nliche Kontakt zu unseren Privatkunden, Gastronomen sowie Weinfachh\u00e4ndlern.", "url": "https://www.moehr-niggli.ch/", "image": "https://hltpimtsoch.sos-ch-dk-2.exoscale-cdn.com/catalog/4/5/5/3/45533d34311c6918260ad1261990b15161e8e681_Fasskeller.jpg", "openstreetmap_id": "way/1264313258"}, "geometry": {"type": "Point", "coordinates": ["9.5301356", "47.0100865"]}}, {"type": "Feature", "properties": {"identifier": "344dca39-2ea6-4f08-9399-0f364de1b67c", "name": "Naturfieber, Team - Event, Natur - Event, Axtwerfen, Armbrust, Turniere", "description": "Teamevent, Naturerlebnis, Tourguide mit dem Outdoor und Reiseveranstalter Naturfieber in Bad Ragaz, Heidiland.\nTeam - Event, Polterabend, Firmenausflug, Geburtstag oder Vereinsausflug. Unsere Turniere mit Axtwerfen, Mausfallenlotto, Armbrust, Wettmelken und vielen weiteren spannenden und lustigen Spielen machen Euer Teamanlass zum besonderen Erlebnis. \nDas Naturprogramm von Naturfieber mit Draussen schlafen, Sagenwanderung, Magic Places of Bad Ragaz, Survival for Beginner, Sternenabend die einmalige Gelegenheit der Natur sehr nahe zu sein. Natur macht gl\u00fccklich.\nBei Local Guide planen wir individuell und auf Euch zugeschnitten. Geschichte der Schweiz, R\u00f6mer im Rheinthal, Die wildesten Bergbahnen, Geheime Pl\u00e4tze und neu unsere Expat -Tour Switzerland mit viel Hintergrundinformationen \u00fcber die Geschichte, Br\u00e4uche und Gepflogenheiten der Schweiz. Wir freuen uns auf Euch. Naturfieber Bad Ragaz, Schweiz", "url": "https://www.naturfieber.ch/", "image": "https://hltpimtsoch.sos-ch-dk-2.exoscale-cdn.com/catalog/a/3/e/e/a3ee74af21428e7ec88886f7eae2d7ed65587089_10.jpg", "openstreetmap_id": "way/44116462"}, "geometry": {"type": "Point", "coordinates": ["9.48300361633301", "46.99670250325893"]}}, {"type": "Feature", "properties": {"identifier": "34e7e8e5-4266-4597-9e99-f17135521c31", "name": "juhui Flumserberg", "description": "Das juhui Flumserberg ist 300 m von der Talstation Flumserberg entfernt und liegt an wundersch\u00f6ner Lager in Flumserberg - Tannenbodenalp. Der Ausblick \u00fcber die Berge ist beeindruckend. Das Ferienhaus bietet Zimmer in unterschiedlichen Komfortkategorien. \nDas Haus ist sehr ger\u00e4umig eingerichtet, mit Spielzimmer, einer hauseigene Bar und Aufenthaltsr\u00e4umen sowie 2 Speises\u00e4len.\n Die Privatparkpl\u00e4tze vor der Unterkunft stehen Ihnen kostenfrei zur Verf\u00fcgung. Die Garage (kostenpflichtig) bietet Platz f\u00fcr 12 Autos. \n\nIn der Umgebung erholen Sie sich bei zahlreichen Aktivit\u00e4ten, wie Skifahren, Fahrradfahren und Wandern. Vom juhui Flumserberg erreichen Sie nach jeweils 500 m die Talstation Maschgenkamm oder Chr\u00fcz. Vom n\u00e4chstgelegenen Flughafen Z\u00fcrich trennen Sie im juhui Flumserberg 67 km.", "url": "https://unterkunft.ch/haeuser/flumserberg", "image": "https://hltpimtsoch.sos-ch-dk-2.exoscale-cdn.com/catalog/e/d/d/f/eddf3b2299ca9e2ebd7b2104b7f757379d7ccbf8_Front.jpg", "openstreetmap_id": "way/294246227"}, "geometry": {"type": "Point", "coordinates": ["9.338378906250002", "46.694509175082324"]}}, {"type": "Feature", "properties": {"identifier": "34faf7fc-f991-4428-905e-684149ed7814", "name": "Casino Bad Ragaz", "description": "Das Casino Bad Ragaz ist eingebettet in das vielf\u00e4ltige Angebot des Grand Resort Bad Ragaz und hat an 365 Tagen im Jahr f\u00fcr Sie ge\u00f6ffnet. \u00dcber 120 Slot Automaten und 6 Spieltische versprechen Nervenkitzel pur. An unserer Golden Wave Bar finden Sie ausserdem das gr\u00f6sste Gin-Angebot der Region mit \u00fcber 70 Sorten Gin aus Nah und Fern.", "url": "https://www.casinoragaz.ch/", "image": "https://hltpimtsoch.sos-ch-dk-2.exoscale-cdn.com/catalog/5/d/9/0/5d901a6d54eff499a9b9fb9b74661cca8516bebb_2025_01_casino_ragaz_interieur_0039_srgb_web.jpg", "openstreetmap_id": "way/118961448"}, "geometry": {"type": "Point", "coordinates": ["9.503628388527744", "46.9984946"]}}, {"type": "Feature", "properties": {"identifier": "37a72b67-dee9-496a-bf1f-9be82bd947b9", "name": "Bad Ragaz Tours", "description": "Auch zwischen den Jahren der Bad RagARTz bleibt es f\u00fcr Kulturbegeisterte in Bad Ragaz interessant.\nQuellenhof, altes Dorfbad, Taminaschlucht - Ist eine Zeitreise durch die Entstehungsgeschichte von Bad Ragaz das Richtige f\u00fcr Sie?\nM\u00f6chten Sie erfahren, wie die Entdeckung der heissen Quelle das Dorf Ragaz gepr\u00e4gt hat?\nOder m\u00f6chten Sie w\u00e4hrend den Ausstellungsjahren einen Spaziergang durch die Skulpturenausstellung? Lassen Sie sich von unseren spannenden Dorf- und Kunsttouren begeistern.", "url": "https://badragaztours.ch/", "image": "https://hltpimtsoch.sos-ch-dk-2.exoscale-cdn.com/catalog/d/e/2/a/de2a2ca66a8ea5d8b4c2c34634d40af8ee243260_Kunstgang_Frontbild_Guardians.jpg", "openstreetmap_id": "node/1337306723"}, "geometry": {"type": "Point", "coordinates": ["9.5006681", "47.002411"]}}, {"type": "Feature", "properties": {"identifier": "37d62a43-7b2d-41e6-b8d5-281ee71f0d5a", "name": "Ferienwohnung Resort Walensee  Nr. 73", "description": "Die 3.5-Zimmerwohnung beim Resort Walensee mit 130m2 inkl. Terrasse befindet sich am sch\u00f6nen Walensee in der Ferienregion Heidiland. In nur 2 Minuten zu Fuss erreichen Sie das Restaurant Marina Walensee, sowie die Strandbar. Zum Schiffssteg sind es 3 Minuten zu Fuss, geniessen Sie eine Schifffahrt auf dem fjord\u00e4hnlichen Walensee unterhalb der Churfirstenkette. Einkaufsm\u00f6glichkeiten sind 5 Minuten zu Fuss entfernt.", "image": "https://hltpimtsoch.sos-ch-dk-2.exoscale-cdn.com/catalog/7/0/d/8/70d833c0d4bb49b451cc4f75ca4e5c20c382a58a_Aussenansicht.jpg", "openstreetmap_id": "way/244424425"}, "geometry": {"type": "Point", "coordinates": ["9.258455250456695", "47.115617650000004"]}}, {"type": "Feature", "properties": {"identifier": "38f98cfd-d7a1-4f55-b663-d35c72d325a3", "name": "Alpenresidenz (CharmingStay)", "description": "Die moderne und helle 4.5-Zimmer Dachwohnung befindet sich im Zentrum von Flumserberg Tannenboden. Innerhalb von wenigen Gehminuten erreichen Sie den Dorfladen, die Skischule, verschiedene Restaurants und die Bergbahn. Zur Wohnung geh\u00f6rt ein Garagenparkplatz sowie ein Aussenparkplatz. ", "url": "https://www.charmingstay.ch", "image": "https://hltpimtsoch.sos-ch-dk-2.exoscale-cdn.com/catalog/6/a/f/f/6aff1bae71769f7d683249ddc7e395bd5caef932_Alpenresidenz__6_.JPG", "openstreetmap_id": "way/294246222"}, "geometry": {"type": "Point", "coordinates": ["9.287738984771416", "47.09317115"]}}, {"type": "Feature", "properties": {"identifier": "38fc028b-ca2f-409a-8429-1fd2dc9d75a4", "name": "Anlegestelle Hafen Walenstadt", "description": "<p>Erforschen Sie die tiefblaue Mitte der Region und geniessen Sie die atemberaubende Bergkulisse auf dem Walensee. Lassen Sie sich von den majest&auml;tischen Churfirsten, der wild romantischen Natur, dem glasklaren Wasser und den fantastischen Stimmungen am Walensee verzaubern. Der Walensee, das Paradies f&uuml;r nah und fern. Die Schiffsbetrieb Walensee AG verbindet Orte, Angebote und Aktivit&auml;ten in idealer Weise. Die Verbindung nach Quinten ist auch im Winter durchgehend in Betrieb.</p><h3>Zugangsinformationen</h3><div class=\"rte\"><ul><li>Stufenloser Zugang</li><li>Ein- und Ausstieg durch Personalhilfestellung</li><li>Gruppen ab 10 Personen und Rollst&uuml;hle m&uuml;ssen im Voraus angemeldet werden.</li><li>Kein taktiles Leitsystem vorhanden</li></ul></div>", "url": "https://walenseeschiff.ch/de/fahrplan/anlegestellen/walenstadt.html", "image": "https://hltpimtsoch.sos-ch-dk-2.exoscale-cdn.com/catalog/e/9/e/4/e9e4080f5b32fc3edbb2b9cdd67ee87e459a6d0f_Anlegestelle_Hafen_Piktogramm_HLT.png", "openstreetmap_id": "node/8221514692"}, "geometry": {"type": "Point", "coordinates": ["9.30146098136902", "47.12757423628905"]}}, {"type": "Feature", "properties": {"identifier": "39f4348c-0333-4760-84ee-16a3fdac5c75", "name": "Seilbahn Sch\u00f6nhalden", "description": "<p>Unsere Seilbahn ist seit 1976 in Betrieb und wurde von der einheimischen Firma Bartholet AG erbaut. Die Pendelbahn mit je zwei gekoppelten 4er-Kabinen kann pro Stunde 40 Personen bef&ouml;rdern. Die Talstation in Flums Saxli liegt auf 640m &uuml;.M. von wo die Seilbahn auf einer L&auml;nge von 2'407m direkt bis zum Berghotel Sch&ouml;nhalden auf 1494m &uuml;.M. f&auml;hrt.</p>", "url": "https://www.schoenhalden.ch/seilbahn/", "image": "https://hltpimtsoch.sos-ch-dk-2.exoscale-cdn.com/catalog/8/7/a/d/87ad1d3fac1dc267a647330e60fd14c4ce82013b_Sch__nhalden_Sommer__1_.jpg", "openstreetmap_id": "node/2428613804"}, "geometry": {"type": "Point", "coordinates": ["9.3498915", "47.078528"]}}, {"type": "Feature", "properties": {"identifier": "3abdf12a-7658-4df7-bd79-e3366dfe8983", "name": "Feuerstelle Unterterzen", "description": "<div>Die Feuerstelle verf&uuml;gt &uuml;ber Tische und Sitzgelegenheiten und ist gut f&uuml;r eine gem&uuml;tliche Grillpause geeignet. Toiletten sowie Abfalleimer sind vor Ort vorhanden. Die Grillstelle wird vom Touristikverein Quarten Walensee unterhalten.</div>", "url": "https://www.heidiland.com", "image": "https://hltpimtsoch.sos-ch-dk-2.exoscale-cdn.com/catalog/8/8/9/0/88906317df347bd1ea9c1464fc4d395b5607314a_Feuerstelle_Piktogramm_HLT.png", "openstreetmap_id": "13729567171"}, "geometry": {"type": "Point", "coordinates": ["9.248873591423036", "47.11327670990599"]}}, {"type": "Feature", "properties": {"identifier": "3b30c9b2-bf7d-46b5-9beb-10f1c8a0068f", "name": "Bergk\u00e4serei M\u00e4dris", "description": "In der Bergk\u00e4serei M\u00e4dris wird die silofreie Bergmilch, die naturbelassene Rohmilch der K\u00fche von f\u00fcnf Bergbauernfamilien, zu hochwertigen Milchprodukten veredelt. Im K\u00e4sekeller und im K\u00fchlraum reifen die unverf\u00e4lschten Melser Bergk\u00e4se und weitere Spezialit\u00e4ten heran. \nEinzigartig ist ihr Geschmack, den das duftende Bergheu in den Wintermonaten und die saftigen Kr\u00e4uter im Fr\u00fchjahr in die Milchprodukte bringen. Unsere Bergheimet und Maiens\u00e4sse liegen an der Bergflanke am Melser Hinterberg von 800-1200m H\u00f6he. In diesem Lebensraum ist auch das Naturschutzgebiet Chapfensee eingebettet.\n\nK\u00e4sereibesuch f\u00fcr Gruppen (Winter)\nF\u00fcr Gruppen offerieren wir eine unvergessliche Besichtigung unserer Bergk\u00e4serei. \nAngebot von Mitte Oktober bis Ende Mai (\u00fcbrige Zeit nur ohne K\u00e4seherstellung).\n- Begr\u00fcssung durch einen der drei Eigent\u00fcmer der Bergk\u00e4serei M\u00e4dris\n- Rundgang Milchannahme und K\u00e4serei\n- Einblick in unseren Reifekeller\n- K\u00e4sedegustation mit den Melser Bergk\u00e4sen mild / w\u00fcrzig / rezent, Chapf\u00e4-Mutschli, Bergtr\u00e4umli, Degustation der M\u00e4driser Jogurt\n- Gelegenheit zum K\u00e4sekauf direkt ab K\u00e4sekeller\nEine Anmeldung ist erforderlich.\n\nVerbinden Sie einen K\u00e4sereibesuch bei uns mit einem Ausflug in die Natur. Bei bester Aussicht erlebt man die Wildheit des Melser Hinterbergs bei einem sanften Spaziergang durch das botanisch wertvolle Naturschutzgebiet Chapfensee. Lohnenswert im Sommer oder im Winter ist auch ein Abstecher ins wildromantische Weisstannental.\nDer Bergweiler M\u00e4dris und die dazugeh\u00f6rigen Maiens\u00e4sse liegen an einer Bergflanke hoch \u00fcber dem Seeztal. Ein bezauberndes Eldorado f\u00fcr Wanderer und Biker. Von kleinen Rundwanderungen bis hin zu mehrt\u00e4gigen Bergtouren bieten sich unz\u00e4hlige M\u00f6glichkeiten:\n- Rundwanderung durch gesch\u00fctzte Moorlandschaften am Chapfensee\n- Rundwanderung vom Chapfensee zur Sonnenterrasse Vermol\n- Themenpfad Melser Geoweg\n- Erdpyramiden und Wasserkraft: Wanderung ins Seeztobel\n- Bergwanderung Vermol - Alp Tamons - H\u00fcenerchopf\n- Panoramaweg Chapfensee - Schwarzenberg - Berghotel Sch\u00f6nhalden\n- WALSA-H\u00f6henweg, Bad Ragaz - Amden\n- Skitour oder Schneeschuhlaufen Vermol - Tamons - H\u00fceneri\n- Bergtalwanderung Vermol - Schwendi - Weisstannen", "url": "http://www.maedris.ch", "image": "https://hltpimtsoch.sos-ch-dk-2.exoscale-cdn.com/catalog/e/f/6/a/ef6a9d82db5d84b0d58513dd641d9387b737ecf7_Bergk__serei_M__dris_6.jpg", "openstreetmap_id": "way/388129219"}, "geometry": {"type": "Point", "coordinates": ["9.392086458162218", "47.05219913986842"]}}, {"type": "Feature", "properties": {"identifier": "3b756448-6511-4cd1-a26b-54b3e6c146cc", "name": "Berghotel Sch\u00f6nhalden", "description": "Das Berghotel Sch\u00f6nhalden liegt auf 1500 M \u00fc/M. auf dem Flumser Kleinberg. Das Hotel ist mit der Pendel Gondelbahn direkt erreichbar. In allen R\u00e4umen ist \u201eRauchen verboten\"! Von der Terrasse aus hat man eine traumhafte Aussicht auf die Churfirsten und auf die Alvier Bergkette sowie auf das Sarganserland. Der Kleinberg ist speziell bei Erholungssuchenden beliebt, die den Massentourismus meiden wollen. Es gibt dennoch ein attraktives Angebot f\u00fcr Wanderer, Biker, Gleitschirmflieger, Schneeschuhl\u00e4ufer, Ski-Tourenfahrer und Winterwanderer.\n\nDas Hotel verf\u00fcgt \u00fcber 13 Doppelzimmer und einem Vierbettzimmer plus 10 Zustellbetten und kann bis zu 40 G\u00e4ste beherbergen.\nDie Zimmer sind geschmackvoll und mit einer pers\u00f6nlichen Note eingerichtet, die das Gef\u00fchl zur Entspannung und W\u00e4rme ausstrahlen. Einige Zimmer sind Behinderten gerecht und rollstuhlg\u00e4ngig.\n\nIm neuen und gem\u00fctlichen Restaurant mit gut b\u00fcrgerlicher K\u00fcche und Panoramasicht finden bis zu 80 Personen Platz. Auf der gem\u00fctlichen Sonnenterrasse kann man den Ausblick geniessen. F\u00fcr die kleinen G\u00e4ste gibt es einen Aussen-Spielplatz und ein Spielzimmer.", "url": "http://www.schoenhalden.ch", "image": "https://hltpimtsoch.sos-ch-dk-2.exoscale-cdn.com/catalog/c/b/d/5/cbd510d5f50fd72a763bfd5861b30cde1bd0d02e_Berghotel_Sch__nhalden_Sommer.png", "openstreetmap_id": "node/2008893410"}, "geometry": {"type": "Point", "coordinates": ["9.3310109", "47.0627408"]}}, {"type": "Feature", "properties": {"identifier": "3c04ecfb-d9dd-4137-a4fc-4295339cf91a", "name": "Asien Restaurant Rama-Rama", "description": "Rama-Rama ist malaysisch und bedeutet soviel wie Schmetterling. Rama-Rama ist aber auch ein Asiatisches Restaurant mit Spezialit\u00e4ten aus Hong Kong-China, Malaysia und Thailand.\nGeniessen Sie unsere Spezialit\u00e4ten entweder im Restaurant mittags und abends gem\u00fctlich und gedigen oder in den Sommermonaten auf der grossen Terrasse.", "url": "http://www.rama-rama.ch", "image": "https://hltpimtsoch.sos-ch-dk-2.exoscale-cdn.com/catalog/e/9/0/5/e90518b74403fe1b4a02849ff62efa6d9b40db11_2016_10_12.jpg", "openstreetmap_id": "way/364906960"}, "geometry": {"type": "Point", "coordinates": ["9.560419226747708", "46.96788395"]}}, {"type": "Feature", "properties": {"identifier": "3c4fe053-0eb2-4204-9fe5-8bcec667baec", "name": "gladys", "description": "Das \u00abgladys\u00bb befindet sich im modernen Clubhaus des Golf Club Bad Ragaz und ist ein Treffpunkt sowohl f\u00fcr Golfer als auch f\u00fcr Kulinarik-Begeisterte. Das innovative K\u00fcchenteam interpretiert bew\u00e4hrte Clubhaus-Klassiker immer wieder neu. Sonnenterrasse und Smokers Lounge laden zum gem\u00fctlichen Verweilen ein. Beim Swiss Golf Award 2018, 2020, 2021 und 2022 wurde das gladys als \u00abBestes Golf Restaurant der Schweiz\u00bb gek\u00fcrt und erhielt beim Falstaff Restaurantguide 87 Punkte. Das mehrfach ausgezeichnete Restaurant besticht neben seinem stilvollen Innenausbau mit einer grossz\u00fcgigen Sonnenterrasse. Die Smoking Lounge mit einer breiten Zigarrenauswahl und erlesenen Spirituosen l\u00e4dt Golfer und Kulinarikbegeisterte zum Verweilen ein.", "url": "https://www.golfclubragaz.ch/gladys.html", "image": "https://hltpimtsoch.sos-ch-dk-2.exoscale-cdn.com/catalog/f/c/5/0/fc50880663e34f5ecb93044d4c7780b466bfecb0_gladys_Golf_Restaurant.jpg", "openstreetmap_id": "node/7770673151"}, "geometry": {"type": "Point", "coordinates": ["9.5048934", "46.9989934"]}}, {"type": "Feature", "properties": {"identifier": "3dc6b5d7-e7e3-4e6c-a928-60ab75583220", "name": "Rent a Bike AG", "description": "Miete jetzt dein E-Bike f\u00fcr eine abenteuerliche Radtour durch die Ferienregion Heidiland.", "url": "https://www.rentabike.ch/home", "image": "https://hltpimtsoch.sos-ch-dk-2.exoscale-cdn.com/catalog/2/1/3/5/21350e33b28c60bfc2fb26e768a21cacdc9b7526_eine_vielseitige_landschaft_rund_um_den.jpg", "openstreetmap_id": "node/1333665650"}, "geometry": {"type": "Point", "coordinates": ["9.4453692", "47.0453859"]}}, {"type": "Feature", "properties": {"identifier": "3e328c39-0147-4bf0-9650-cd244ca0431c", "name": "Thomas Marugg Weingut", "description": "Gerne empfangen wir Gruppen von 5 - 50 Personen f\u00fcr Weindegustationen auf telefonische Voranmeldung.", "url": "http://www.marugg-weine.ch", "image": "https://hltpimtsoch.sos-ch-dk-2.exoscale-cdn.com/catalog/f/8/b/0/f8b0baae12aaf130b68631e648f218ed7b353433_Thomas_Marugg_2.jpg", "openstreetmap_id": "way/179020993"}, "geometry": {"type": "Point", "coordinates": ["9.513280902915838", "47.026143399999995"]}}, {"type": "Feature", "properties": {"identifier": "3ee82a8e-f87d-433c-a9de-2abaa1a0e540", "name": "Restaurant Morgenstern", "description": "In den Herbstmonaten laden wir Sie herzlichst zu unseren Wildspezialit\u00e4ten ein.", "url": "https://www.restaurant-morgenstern.ch/", "image": "https://hltpimtsoch.sos-ch-dk-2.exoscale-cdn.com/catalog/7/f/1/9/7f1900a86acf5ed6a2d7053726edd040acb5a37c_20160505_112919_480x360.jpg", "openstreetmap_id": "way/410680216"}, "geometry": {"type": "Point", "coordinates": ["9.411385150460994", "47.03582555"]}}, {"type": "Feature", "properties": {"identifier": "3f941a9c-5f69-425f-8735-466099dfb694", "name": "Restaurant Pinot", "description": "Das Pinot erg\u00e4nzt das Ensemble der Klinik Gut in Fl\u00e4sch als Insel der Kulinarik, der Genusses bei passendem Ambiente und einzigartiger Terrasse im sch\u00f6nen Garten.\nGeniessen sie beim bekannten Sternekoch, Sebastian Titz, das t\u00e4glich wechselnde saisonale Tagesangebot zum Lunch. Am Nachmittag unser hausgemachter Kuchen, Hausgemachte Glacespezialit\u00e4ten, ein PINOT - Pl\u00e4ttli oder ein Cervelatsalat mit einem Glas Wein. Unser Wochen Highlight ist der Gourmetabend jeweils Donnerstags ab 18 Uhr\nGekocht wird frisch, zeitgem\u00e4ss und im Takt der vier Jahreszeiten. Mal mit regionalen Akzenten, mal international. Immer mit Liebe und Leidenschaft, einfach, ehrlich und vollendet im Geschmack. In den Kreationen verm\u00e4hlt sich Neues mit Traditionellem. Gerne sp\u00fcrt Sebastian Titz daf\u00fcr die besten Lebensmittel lokaler Produzenten auf. Auch ein gutes Glas Wein wird optimal auf das Gericht abgestimmt. Lassen Sie sich begeistern.\nDas Restaurant Pinot wurde mit der Auszeichnung \"Bib Gourmand\" MICHELIN Schweiz, das heisst bestes Preis-Leistungs-Verh\u00e4ltnis gek\u00fcrt sowie mit 90 Punkte bei \"Falstaff\" ausgezeichnet.", "url": "http://www.restaurant-pinot.ch", "image": "https://hltpimtsoch.sos-ch-dk-2.exoscale-cdn.com/catalog/9/6/c/a/96caf93ba0ec4346b0708757290764d5284125b3_Titelbild.jpg", "openstreetmap_id": "way/488106209"}, "geometry": {"type": "Point", "coordinates": ["9.514217442187299", "47.0240965"]}}, {"type": "Feature", "properties": {"identifier": "3fad9a65-5fc1-4b1a-a05c-0283c1bfea5c", "name": "Rathauskeller Mels - Weinkellerei", "description": "<p class=\"MsoNoSpacing\"><span lang=\"DE-CH\">Seit der Gr\u00fcndung im Jahre 1938 ist die Weinbaugenossenschaft im Rathauskeller Mels am Dorfplatz zuhause, keltert ihre Weine nach neusten Methoden und l\u00e4sst sie im historischen Gew\u00f6lbekeller zu edlen Tropfen reifen.</span></p><p class=\"MsoNoSpacing\"><span lang=\"DE-CH\">Zwischen Sargans und Heiligkreuz, in steilen S\u00fcdlagen mit optimaler Sonneneinstrahlung, pflegen \u00fcber 50 Winzerinnen und Winzer im Nebenerwerb jeden einzelnen Rebstock mit unerm\u00fcdlicher Arbeit, Hingabe und Leidenschaft. Ihre Qualit\u00e4tstrauben bilden die Grundlage f\u00fcr charaktervolle, qualitativ hochwertige und einzigartige Weine.</span></p><p class=\"MsoNoSpacing\"><span lang=\"DE-CH\">Seit Generationen erfolgt die Kelterung und Lagerung eines umfangreichen Sortiments an Weiss- und Rotweinen im historischen Gew\u00f6lbekeller des Rathauses Mels. Wir sind stolz auf unsere grosse Vielfalt an Rebsorten. Diese reicht von Klassikern wie Pinot Noir, Riesling-Sylvaner und Chardonnay bis zu Spezialit\u00e4ten wie Kerner, Pinot Gris oder Souvignier Gris. </span></p><p class=\"MsoNoSpacing\"><span lang=\"DE-CH\">\u00a0</span></p><p class=\"MsoNoSpacing\"><span lang=\"DE-CH\">Die Arbeit unseres Kellermeister Toni Bardellini sowie der Winzerinnen und Winzer ist von Leidenschaft, Handwerk und Innovationskraft gepr\u00e4gt. Mit viel Herzblut sorgen sie daf\u00fcr, dass die regionale Weintradition lebendig bleibt und als einzigartiges Kulturgut in die Zukunft getragen wird.</span></p><p class=\"MsoNoSpacing\"><strong><span lang=\"DE-CH\" style=\"font-size: 12.0pt;\">Weingenuss f\u00fcr Zuhause \u2013 unsere Vinothek</span></strong></p><p class=\"MsoNoSpacing\"><span lang=\"DE-CH\" style=\"mso-bidi-font-size: 10.0pt;\">In unserer Vinothek trifft Genuss auf Kompetenz und Leidenschaft. F\u00fcr eine pers\u00f6nliche Weinberatung besuchen Sie uns doch in unserer Vinothek oder bestellen Sie erlesene Weine, Edelbr\u00e4nde oder unseren alkoholfreien Trubetau direkt im Online-Shop.</span><span lang=\"DE-CH\" style=\"mso-bidi-font-size: 10.0pt;\">\u00a0</span></p><p class=\"MsoNoSpacing\"><strong><span lang=\"DE-CH\" style=\"font-size: 12.0pt;\">Weinlokal im historischen Gew\u00f6lbe</span></strong></p><p class=\"MsoNoSpacing\"><span lang=\"DE-CH\" style=\"mso-bidi-font-size: 10.0pt;\">Verweilen Sie in unserem charmanten Gew\u00f6lbekeller im Herzen von Mels. Kommen Sie vorbei \u2013 entdecken, geniessen und verweilen Sie! Wir freuen uns auf Ihren Besuch.</span></p>", "url": "https://www.rathauskellermels.ch/", "image": "https://hltpimtsoch.sos-ch-dk-2.exoscale-cdn.com/catalog/8/b/f/d/8bfdb1a19188673db64c72a2fdfdc5599877c87f_Trauben_Kerner.jpg", "openstreetmap_id": "way/410664274"}, "geometry": {"type": "Point", "coordinates": ["9.419257", "47.0466979"]}}, {"type": "Feature", "properties": {"identifier": "3fe2012c-a346-4a1a-9b0a-362b22bd0cb2", "name": "Thermalbad Valens", "description": "Das nat\u00fcrliche Thermalwasser aus der bekannten Quelle in der Taminaschlucht gibt dem K\u00f6rper Auftrieb. Es tritt mit 36,5\u02da Grad aus den Tiefen der Erde ans Licht und gelangt \u00fcber eine Pipeline nach Valens, wo es ins Thermalbadbecken eingespeist wird. Entspannen Sie im Thermalwasser \u2013 auf Sprudelliegen, einer Sitzbank, an Massaged\u00fcsen und Nackend\u00fcsen. Kinder jeden Alters sind herzlich willkommen.", "url": "https://www.thermalbad-valens.ch/", "image": "https://hltpimtsoch.sos-ch-dk-2.exoscale-cdn.com/catalog/5/e/0/3/5e03ddf671d466d6b4fa048ca7438c6ee84de3e8_DSC07055_Kopie.jpg", "openstreetmap_id": "way/330819562"}, "geometry": {"type": "Point", "coordinates": ["9.48225259780884", "46.969271779259"]}}, {"type": "Feature", "properties": {"identifier": "403958b7-4a63-41ed-8c11-3416d6f7ddbe", "name": "Hotel Cristal Flumserberg", "description": "Das umfangreich und aufw\u00e4ndig renovierte Hotel Cristal liegt zentral in Tannenboden auf dem Flumserberg, nur wenige Gehminuten von der Seilbahn Maschgenkamm und der Luftseilbahn LUFAG entfernt. Die Skipiste und der erste Lift liegen direkt neben dem Hotel. \n\nDas Hotel verf\u00fcgt \u00fcber 29 Zimmer, die Restaurants Churfirstenstube, Ch\u00e4s-St\u00fcbli und Arvenst\u00fcbli mit Kamin-Lounge sowie einen Wellnessbereich mit Dampfbad und Sauna. Die geschmackvolle Einrichtung und die gem\u00fctliche Atmosph\u00e4re im ganzen Hotel laden zum Geniessen und Entspannen ein.", "url": "https://cristal-flumserberg.ch/de/", "image": "https://hltpimtsoch.sos-ch-dk-2.exoscale-cdn.com/catalog/c/e/f/e/cefe1cbf6249152aa6276c9a60cc07d2776bf0a6_1Hausfront_Strasse.jpg", "openstreetmap_id": "way/194649363"}, "geometry": {"type": "Point", "coordinates": ["9.282386599999999", "47.0931453"]}}, {"type": "Feature", "properties": {"identifier": "41b32024-8801-4f31-9b48-13238a644ac7", "name": "Hotel Alpenhof", "description": "Das Hotel Alpenhof im Weisstannental ist seit 1874 ein historisches Hotel im D\u00f6rfchen Weisstannen mit stilvollem Ambiente. Geniessen Sie die Gastfreundschaft in nostalgischen Zimmern, einer gem\u00fctlichen Gaststube und einem Biedermeierst\u00fcbli mit Lesezimmer. W\u00e4hrend der Sommersaison bietet der Speisesaal ein festliches Ambiente auch f\u00fcr Feiern, Seminare und Kulturanl\u00e4sse. Bei sonnigem Wetter geniesst der Gast die angenehme Frische auf der Gartenterrasse mit Schatten spendenden B\u00e4umen. Die Biedermeierzimmer sind antik m\u00f6bliert und die Belle-Epoque Zimmer sind mit historischen M\u00f6beln aus dem Hotelbestand ausgestattet. F\u00fcr Hotelg\u00e4ste bereiten wir dem Gast ein feines 3-Gang-Men\u00fc aus meist regionalen Produkten zu. Das Hotel Alpenhof ist der ideale Ausgangspunkt f\u00fcr Wanderungen zur Wasserfallarena Bat\u00f6ni und Etappenort entlang der Via Alpina und des Sardona Welterbeweg ins UNESCO-Weltnaturerbe Tektonikarena Sardona. Bei guten Schnee-Verh\u00e4ltnissen lassen sich im Winter auch einige Skitouren und Schneeschuhwanderungen erleben.", "url": "http://www.alpenhof-weisstannen.ch", "image": "https://hltpimtsoch.sos-ch-dk-2.exoscale-cdn.com/catalog/8/d/4/f/8d4f1cef0a7e0b57f73d4c06600605ec7b67b4e5_Hotel_Alpenhof1_IMG_3426.JPG", "openstreetmap_id": "way/308479337"}, "geometry": {"type": "Point", "coordinates": ["9.344299927902512", "46.98883385"]}}, {"type": "Feature", "properties": {"identifier": "423148bc-a9d5-4d03-b872-863c3fbd4668", "name": "Hotel Restaurant Churfirsten", "description": "Der heimelige, gem\u00fctliche Churfirsten liegt beim Bahnhof Walenstadt und verf\u00fcgt \u00fcber einen grossen Parkplatz. Zum Walensee ben\u00f6tigen Sie nur 10 Minuten zu Fu\u00df. Freuen Sie sich auf kostenloses WLAN.\n\nDie Zimmer im Hotel Churfirsten sind mit einem Kabel-TV, einem Safe, einem Schreibtisch und einem Haartrockner ausger\u00fcstet.\n\nDie leistungsf\u00e4hige, gutb\u00fcrgerliche K\u00fcche mit italienischen Spezialit\u00e4ten und den feinen Holzofen-Pizzas wird bei Einheimischen und G\u00e4sten sehr gesch\u00e4tzt. \nIm Sommter grosse Gartenterrasse. Die vielf\u00e4ltigen R\u00e4umlichkeiten bieten ideale Verh\u00e4ltnisse f\u00fcr Familienfeiern, Hochzeiten, Seminare, Tagungen etc.", "url": "http://www.hotelchurfirsten.ch", "image": "https://hltpimtsoch.sos-ch-dk-2.exoscale-cdn.com/catalog/e/5/e/7/e5e7321b8a158e63709483317bb897de63d5c63f_Hotel_Churfirsten_Restaurant_Pizzeria_Walenstadt_Titelbild2.jpg", "openstreetmap_id": "way/70297189"}, "geometry": {"type": "Point", "coordinates": ["9.312775133232773", "47.1203077"]}}, {"type": "Feature", "properties": {"identifier": "42378a51-b72b-4202-a82e-eb20456c8c1a", "name": "Haus Alpenblick A5 (CharmingStay)", "description": "Die moderne 2.5 Zimmerwohnung liegt sehr zentral am Flumserberg. Zwei Gehminuten zum Hallenbad sowie zur Skipiste. Einkaufsm\u00f6glichkeiten gibt es in direkter N\u00e4he.", "url": "https://www.charmingstay.ch", "image": "https://hltpimtsoch.sos-ch-dk-2.exoscale-cdn.com/catalog/d/2/3/0/d230ae05f62febe68ddb5ed7b8422586d3e6488f_AlpenblickA5_18.jpg", "openstreetmap_id": "way/325407976"}, "geometry": {"type": "Point", "coordinates": ["9.297766606774918", "47.0907134"]}}, {"type": "Feature", "properties": {"identifier": "424d7866-deae-46c2-baea-b1fd163598b1", "name": "MaschgeLugg\u00e4", "description": "Grosse s\u00fcdlich ausgerichtete Terrasse (120 Pl\u00e4tze im Sommer / bis zu 300 Pl\u00e4tze im Winter) mit herrlicher Panoramasicht und viel Sonne von fr\u00fch bis sp\u00e4t. Gem\u00fctliches Restaurant f\u00fcr ca. 70 Personen.\n\nGeniessen Sie im Winter wundersch\u00f6ne Ausblicke auf das verschneite Panorama von Ringelspitz \u00fcber Piz Sardona bis Spitzmeilen und Magerrain. \n\nGeniessen Sie im Sommer den herrlichen Ausblick \u00fcber Alpweiden und Bergspitzen und beobachten Sie die Murmeltiere von unserer Terrasse aus!", "url": "http://www.lugge-flumserberg.ch", "image": "https://hltpimtsoch.sos-ch-dk-2.exoscale-cdn.com/catalog/f/6/e/0/f6e05b52d23893760ecbeadc5f0e47ed19bb1a74_1000007339.jpg", "openstreetmap_id": "way/226641405"}, "geometry": {"type": "Point", "coordinates": ["9.256376516014837", "47.0687943"]}}, {"type": "Feature", "properties": {"identifier": "42ebf9a2-5fdc-4285-963f-9d98b736d25d", "name": "Hotel Post", "description": "Das familiengef\u00fchrte Hotel Post begr\u00fcsst Sie in Sargans und liegt nur 5 Gehminuten vom Bahnhof entfernt. Eine 3-min\u00fctige Fahrt bringt Sie zur Seilbahn ins Skigebiet Wangs-Pizol.\n\nAlle Zimmer sind schallisoliert und verf\u00fcgen \u00fcber einen TV sowie \u00fcber ein Bad mit einer Dusche oder Badewanne. Freuen Sie sich auf kostenfreies WLAN.\n\nGem\u00fctliches Restaurant mit heimeliger Atmosph\u00e4re sowie Schweizer K\u00fcche mit Spezialit\u00e4ten f\u00fcr Feinschmecker und einer grossen Auswahl an Weinen. Ideale R\u00e4umlichkeiten f\u00fcr Ihre diversen pers\u00f6nlichen und gesch\u00e4ftlichen Anl\u00e4sse, wie Familienfeiern, Firmenessen, Vereine, Busse und Bankette.", "url": "http://www.hotelpost-sargans.ch", "image": "https://hltpimtsoch.sos-ch-dk-2.exoscale-cdn.com/catalog/8/4/5/8/845818d5f795e03fd9a918941ae9dd62c173c541_Post_Sargans_Aussenaufnahme_1.jpg", "openstreetmap_id": "node/6019161695"}, "geometry": {"type": "Point", "coordinates": ["9.4408779", "47.0479524"]}}, {"type": "Feature", "properties": {"identifier": "43a9715b-ad9c-4927-a3b7-d070d79b3ab0", "name": "Aparthotel Restaurant Edy Bruggmann", "description": "Das Aparthotel Edy Bruggmann begr\u00fcsst Sie mit einer wundersch\u00f6nen Sonnenterrasse und bietet Ihnen haustierfreundliche Unterk\u00fcnfte am Flumserberg. Die Privatparkpl\u00e4tze an der Unterkunft stehen Ihnen kostenlos zur Verf\u00fcgung. Ein TV sorgt f\u00fcr Unterhaltung und die Gemeinschaftslounge der Unterkunft l\u00e4dt zum Verweilen ein.\n\nIn unserem rustikalen Speiserestaurant *Pfnille\" und Panoramarestaurant geniesst man einheimische Spezialit\u00e4ten. Neben den beiden Restaurants kann man im Fonduest\u00fcbli \"Gad\u00e4\" ein feines K\u00e4se- oder Fondue Chinoise geniessen. \n\nDen Skilift Schwammkopf erreichen Sie vom Aparthotel Edy Bruggmann nach 1,5 km und den Prodalp-Express nach 100 m.", "url": "http://www.hotelbruggmann.ch", "image": "https://hltpimtsoch.sos-ch-dk-2.exoscale-cdn.com/catalog/f/0/c/a/f0ca25c61b38f0ec7cd6b0e10138987734e225e7_DSC_0017.JPG", "openstreetmap_id": "way/229475013"}, "geometry": {"type": "Point", "coordinates": ["9.303433011508352", "47.0895725"]}}, {"type": "Feature", "properties": {"identifier": "4455c475-d9de-4c39-8ab2-2d01720cb5c0", "name": "Kiosk Chapfensee", "description": "<div>Der Kiosk Chapfensee l&auml;dt Wandernde, Biker, Fischer und Familien zu einer gem&uuml;tlichen Pause ein. Direkt am See gelegen, bietet er Getr&auml;nke, Snacks und kleine Verpflegungen. Zudem k&ouml;nnen hier Fischerpatente bezogen werden.</div>", "image": "https://hltpimtsoch.sos-ch-dk-2.exoscale-cdn.com/catalog/a/b/1/f/ab1f9ab149efd5781949f35eedc145f291cda7d2_Kiosk_am_Chapfensee2.jpg", "openstreetmap_id": "node/5826768385"}, "geometry": {"type": "Point", "coordinates": ["9.3774965", "47.0489958"]}}, {"type": "Feature", "properties": {"identifier": "45005140-0670-434e-9b87-02580f1e128b", "name": "Lipp Weingut & Destillerie", "description": "Ein Paar - zwei Leidenschaften. Er ist Schnapsbrenner, sie ist Winzerin. Gemeinsam verbindet sie der Anspruch nach aussergew\u00f6hnlichen Produkten. \n\nDie B\u00fcndner Herrschaft und die n\u00e4here Region sind unser Garten f\u00fcr die Trauben, Fr\u00fcchte, Beeren und Kr\u00e4uter f\u00fcr unsere Weine und Destillate. \nIm Laden direkt auf dem Hof k\u00f6nnen die Produkte degustiert werden, auch ein Blick in die Brennerei ist m\u00f6glich.", "url": "https://www.lipp-destillerie.ch", "image": "https://hltpimtsoch.sos-ch-dk-2.exoscale-cdn.com/catalog/4/2/c/5/42c523c0a31e57de2120233d6d8bb8f837c1091f_20151030__MG_0641.jpg", "openstreetmap_id": "way/409118264"}, "geometry": {"type": "Point", "coordinates": ["9.52925443239499", "47.009072950000004"]}}, {"type": "Feature", "properties": {"identifier": "4583ebef-8192-4636-ae91-774cbbf432ab", "name": "Bio Pasta Bonetti ", "description": "Unsere Teigwaren werden \u00fcberwiegend von Hand verarbeitet, um alles Wertvolle, welches die Zutaten in sich tragen, zu erhalten. So entstehen kleine Kostbarkeiten die zu 100% unseren strengen Qualit\u00e4tskriterien entsprechen.\nNeben dem Kauf von Bio-Produkten bieten wir ebenfalls verschiedene Kochkurse an, bei welchen man die \"Pasta tradizionale fatta a mano\" erlernen kann.", "url": "https://www.biopastabonetti.ch/de/", "image": "https://hltpimtsoch.sos-ch-dk-2.exoscale-cdn.com/catalog/3/4/4/7/3447fa8a18753a911b6e43be27fa7b247967c0eb_5.JPG", "openstreetmap_id": "way/34872333"}, "geometry": {"type": "Point", "coordinates": ["9.506086707115175", "47.011275126535345"]}}, {"type": "Feature", "properties": {"identifier": "468094a2-9419-4e26-a3c2-752021147a08", "name": "Restaurant Central", "description": "Lassen sie es sich richtig gut gehen \u2013 saisonal und frisch aus der Region.\nUnsere frisch zubereitete Schweizer K\u00fcche vereint in Bad Ragaz - das Beste aus der Schweizer und italienischen K\u00fcche \u2013 saisonal inspiriert und voller Geschmack.", "url": "https://www.centralragaz.ch/", "image": "https://hltpimtsoch.sos-ch-dk-2.exoscale-cdn.com/catalog/3/4/e/c/34ecc869c8a7b530b1cc27a3185dbfa648e4d2af_IMG_20230509_WA0009_1000x889.jpg", "openstreetmap_id": "node/5167819621"}, "geometry": {"type": "Point", "coordinates": ["9.5001409", "47.0022417"]}}, {"type": "Feature", "properties": {"identifier": "4683b517-49e8-47f4-879b-00e788ab2962", "name": "Ferienwohnung & Skifahren am Flumserberg", "description": "<p><span class=\"Apple-style-span\"><strong>Top-Angebot und nur &uuml;ber Heidiland Tourismus buchbar:</strong> w&auml;hrend der ganzen Wintersaison ist bei einem Aufenthalt ab 2 - 7 N&auml;chten der Skipass inklusive.</span><br><br>Nur knapp eine Stunde von Z&uuml;rich und St. Gallen entfernt, erlebst du am Flumserberg Winter pur. Geniesse ein paar Tage im vielseitigen Wintersportgebiet mit 17 Anlagen und 65 km Pisten. In Verbindung mit zwei bis sieben &Uuml;bernachtungen direkt im Skigebiet ist der Skipass inbegriffen.<br><br><span class=\"Apple-style-span\">Inkludierte Leistungen:<br></span></p><ul><li>32 speziell ausgew&auml;hlte Ferienwohnungen stehen dir zur Verf&uuml;gung</li><li>2 - 7 &Uuml;bernachtungen in der Ferienwohnung deiner Wahl</li><li>Beste Buchungschance: 3 - 7 N&auml;chte, bei 7 N&auml;chten Sa. - Sa.</li><li>2 - 7 Tage Skipass f&uuml;r das Skigebiet Flumserberg (g&uuml;ltig an gleich vielen Tagen wie N&auml;chte gebucht)</li><li>allf&auml;llige Taxen</li></ul><p><br><span class=\"Apple-style-span\">Konditionen:</span></p><ul><li>buchbar w&auml;hrend der ganzen Wintersaison&nbsp;</li><li>bis 1 Tag vor Anreise buchbar</li><li>g&uuml;ltig nach Verf&uuml;gbarkeit (beste Buchungschance: 3 - 7 N&auml;chte, bei 7 N&auml;chten Sa. - Sa.)</li><li>das Skiticket erh&auml;ltst du an der Talstation in Unterterzen (SeeJet), Flumserberg Tannenheim oder Flumserberg Tannenbodenalp gegen Vorweisen deines Vouchers (bitte mitbringen)</li></ul>", "image": "https://hltpimtsoch.sos-ch-dk-2.exoscale-cdn.com/catalog/c/e/3/c/ce3c89c244e6046d63216241ec26259173942a48_large_Flumserberg_Skipauschale.jpg"}}, {"type": "Feature", "properties": {"identifier": "46a9151a-e2ad-4306-a170-df585a18fc07", "name": "Hallenbad & Sauna Flumserberg", "description": "<div>Das Hallenbad &amp; Sauna Flumserberg verbindet sportliche Aktivit&auml;t mit entspannender Erholung. Im 25\u202fm-Sportbecken (4 Bahnen, Wassertiefe 1,30&ndash;2,30\u202fm, ca. 28,5\u202f&deg;C) erwarten dich Schwimmm&ouml;glichkeiten f&uuml;r SportlerInnen.</div><div>&nbsp;</div><div>Das separate Kinderbecken (10\u202f&times;\u202f6\u202fm, 0,80&ndash;1,30\u202fm, ca. 29\u202f&deg;C) mit Rutschbahn und Tarzan-Kletterger&uuml;st bietet Spiel und Abenteuer f&uuml;r die Kleinen. Abgerundet wird das Angebot durch Tischfussball und einen gem&uuml;tlichen Snackbereich mit Liegest&uuml;hlen.&nbsp;</div><div>&nbsp;</div><div>In der warmen Jahreszeit l&auml;dt die Liegewiese mit Panoramaausblick zur Entspannung im Freien ein. Danach entspannst du dich in der gemischten finnischen Sauna (ca. 80\u202f&deg;C) oder im Dampfbad (ca. 41\u202f&deg;C) mit Duschen und Kaltwasserbecken.</div><div>&nbsp;</div><div>Jahreskarten gelten nur f&uuml;rs Bad &ndash; der Saunabesuch wird separat verrechnet.</div>", "url": "https://hallenbad-flumserberg.ch", "image": "https://hltpimtsoch.sos-ch-dk-2.exoscale-cdn.com/catalog/4/c/8/a/4c8af4e1d092ac01b61c8ce355b2572cfe7030c5_2016_12_24.jpg", "openstreetmap_id": "way/325407882"}, "geometry": {"type": "Point", "coordinates": ["9.29644342968039", "47.08968865"]}}, {"type": "Feature", "properties": {"identifier": "46ba4279-90dc-48bf-8e09-788a8bce9f32", "name": "Garni Hotel Torkelb\u00fcndte", "description": "Unsere Zimmer sind alle geschmackvoll eingerichtet  mit Balkon, Dusche/WC, Kaffeemaschine, TV und Safe. WLAN und die Parkm\u00f6glichkeiten nutzen Sie kostenfrei. Zwei Zimmer verf\u00fcgen zus\u00e4tzlich \u00fcber ein Zustellbett.\nEs ist der richtige Ausgangspunkt f\u00fcr die Taminaschlucht oder zum Mountainbiken, Golfen, Wandern, Tennisspielen und im Winter zum Skifahren, Langlaufen, Schlitteln oder Eislaufen. Die ber\u00fchmte Tamina Therme, die Golfanlagen, das Casino  sind ein Katzensprung entfernt.", "url": "https://www.torkelbuendte.ch", "image": "https://hltpimtsoch.sos-ch-dk-2.exoscale-cdn.com/catalog/3/e/5/b/3e5b51ea110c8bc55781bb0794179415bcb27c24_Aussen_Abendstimmung_Hotel_Garni_Torkelbuendte__2.jpg", "openstreetmap_id": "way/409157230"}, "geometry": {"type": "Point", "coordinates": ["9.503753094845685", "47.00497265"]}}, {"type": "Feature", "properties": {"identifier": "46c15614-1a24-4f4f-92dd-9dcc850c51bb", "name": "Rocki Docki Kulturb\u00fchne", "description": "Das alte Hause am Bahnhof Flums hat vieles schon erlebt .. und das Haus hat immernoch einiges zu bieten! Entdecke eine andere Welt und geniesse unser vielseitiges Angebot. Let&#039;s rock!\n\nDas Rocki Docki ist perfekt f\u00fcr Deine Party, f\u00fcr Gruppenevents oder einen guten Abend unter Freunden! F\u00fcr alle ist was dabei - schreibe auch Du die Geschichte weiter und das Haus wird zu einer unsterblichen Legende!", "url": "http://www.rockidocki.ch/", "image": "https://hltpimtsoch.sos-ch-dk-2.exoscale-cdn.com/catalog/d/1/1/3/d1136c37cc002bf0542313b497abe21ab4981117_RockiDocki01.jpg", "openstreetmap_id": "way/234723964"}, "geometry": {"type": "Point", "coordinates": ["9.348019250597167", "47.096143121098"]}}, {"type": "Feature", "properties": {"identifier": "470491d1-7e6a-43e3-9bad-4ac098a27704", "name": "Tamina Health Center", "description": "Im Tamina Health Center des Grand Resort Bad Ragaz erwartet Sie ein umfassendes Angebot an medizinischen, therapeutischen und pr\u00e4ventiven Leistungen \u2013 von Physiotherapie, Ern\u00e4hrungsberatung und Personal Training bis hin zu Kuraufenthalten, moderner Diagnostik und Longevity. Unser interdisziplin\u00e4res Expertenteam begleitet Sie pers\u00f6nlich und auf h\u00f6chstem Niveau \u2013 f\u00fcr mehr Gesundheit, neue Energie und sp\u00fcrbare Lebensqualit\u00e4t.", "url": "https://www.resortragaz.ch/de/tamina-health", "image": "https://hltpimtsoch.sos-ch-dk-2.exoscale-cdn.com/catalog/d/7/9/b/d79be05281e054b98417c3ba5b008839f170a121_Health_Check_Up_Program_Tamina_Health_Center_Grand_Resort_Bad_Ragaz__3.jpg", "openstreetmap_id": "way/332307795"}, "geometry": {"type": "Point", "coordinates": ["9.5031579", "46.9994873"]}}, {"type": "Feature", "properties": {"identifier": "473d7015-be91-4781-8073-a26ac5244fee", "name": "Adanks kleine Farm", "description": "Demeter-Bauernhof mit viel Flair f\u00fcr das Aussergew\u00f6hnliche. \nWir halten schottische Hochlandrinder und Bruderh\u00e4hne. Auf unseren Feldern w\u00e4chst Safran, Polentamais, Knoblauch und nat\u00fcrlich Gras f\u00fcr unsere Rinder\nDie wertvollen Produkte werden im sch\u00f6nen Hofladen angeboten. \nDer Hof liegt am Fuss des Fl\u00e4scherbergs 1\u00a0km nach der Rheinbr\u00fccke nach Fl\u00e4sch.", "url": "http://adankskleinefarm.ch/#home", "image": "https://hltpimtsoch.sos-ch-dk-2.exoscale-cdn.com/catalog/3/1/f/0/31f0c997b4804b2be599aa1df05f1580957cb697_FC939D07_0EA8_4B2D_BD14_86FF81EBB5A0.jpeg", "openstreetmap_id": "way/1037787064"}, "geometry": {"type": "Point", "coordinates": ["9.505635589917608", "47.031034"]}}, {"type": "Feature", "properties": {"identifier": "473f8492-2a35-40fe-bcb9-a36b737c92cf", "name": "Glamping Hotel Schloss Ragaz", "description": "<p>Naturerlebnis mit Komfort - Geniessen Sie ein einzigartiges Glamping-Erlebnis im Schlosspark! In den gem\u00fctlichen Glampinglodges mit Zugang zum Hotelangebot kommt ein unkompliziertes und individuelles Wohngef\u00fchl auf. Einige Lodges verf\u00fcgen \u00fcber einen eigenen Whirlpool.</p>", "url": "https://www.hotelschlossragaz.ch/de/", "image": "https://hltpimtsoch.sos-ch-dk-2.exoscale-cdn.com/catalog/6/a/2/2/6a228591417a949e1a6cc0c94cd2df3d0ff72a93_Bild2.jpg", "openstreetmap_id": "way/832298013"}, "geometry": {"type": "Point", "coordinates": ["9.5084785", "46.9974325"]}}, {"type": "Feature", "properties": {"identifier": "479545b4-6a07-4be2-b99e-90327e41c7b9", "name": "Sarganserl\u00e4nder Maskenmuseum Flums", "description": "Im Sarganserland gelten Flums, Mels und Walenstadt als die Hochburgen der Maskenschnitzer. Doch auch in anderen Gemeinden der Region wird dieser \u00fcber 200 Jahre alte Brauch heute noch gepflegt. Rund 200 historische und zeitgen\u00f6ssische Holzmasken sind im Museum zu sehen und pr\u00e4sentieren das typische Brauchtum der Region. \n \nDas Sarganserl\u00e4nder Maskenmuseum wurde im Rahmen des 50-Jahr-Jubil\u00e4ums der Talgemeinschaft Sarganserland Walensee 2006 in den Kellerr\u00e4umlichkeiten des Flumser Rathauses realisiert. Die Ausstellung ist in drei R\u00e4ume aufgeteilt. Der Raum der Region enth\u00e4lt typische Masken aus allen acht Sarganserl\u00e4nder Gemeinden. Hier erz\u00e4hlt eine Videoschau \u00fcber die Entstehung einer einzelnen Holzmaske. Im Raum der Maskengeschichte sind historische Masken und wertvolle Rarit\u00e4ten sowie die zur Herstellung ben\u00f6tigten Schnitzwerkzeuge zu sehen. Der dritte Raum, der Raum der Masken, ist schliesslich den neueren Masken von zeitgen\u00f6ssischen Schnitzern gewidmet.", "url": "https://www.flums.ch/sehenswuerdigkeiten/8451", "image": "https://hltpimtsoch.sos-ch-dk-2.exoscale-cdn.com/catalog/0/7/9/b/079b61ba8b39c3b4b3a929dceb12b2b34eaa63e7_Sarganserl__nder_Maskenmuseum_5.jpg", "openstreetmap_id": "way/194917725"}, "geometry": {"type": "Point", "coordinates": ["9.343642234774673", "47.090096599999995"]}}, {"type": "Feature", "properties": {"identifier": "485acae9-1a89-4ee7-a902-9b6904befdba", "name": "Lueg ins Land", "description": "Das komplett m\u00f6blierte Studio im Parterre von Lueg ins Land befindet sich oberhalb vom sch\u00f6nen Mels in der Ferienregion Heidiland. Tolle Aussicht auf die umliegende Berglandschaft. Zur Wohnung geh\u00f6rt ein Gartensitzplatz mit Grillm\u00f6glichkeit sowie ein zus\u00e4tzlicher Abstellraum und ein Parkplatz ist vorhanden.", "image": "https://hltpimtsoch.sos-ch-dk-2.exoscale-cdn.com/catalog/f/9/0/0/f900eca8e347c79df9238e2da09b450d20d9abcb_IMG_6535.JPG", "openstreetmap_id": "way/26450342"}, "geometry": {"type": "Point", "coordinates": ["9.415213465690615", "47.038135565140756"]}}, {"type": "Feature", "properties": {"identifier": "49a12ad1-99a7-483e-b2b6-1dc01d83e799", "name": "Restaurant & Hotel Weiss Kreuz", "description": "Das Restaurant & Hotel Weiss Kreuz in Malans z\u00e4hlt wohl berechtigterweise zu einem der sch\u00f6nsten Betriebe in der B\u00fcndner Herrschaft. Doch sch\u00f6n sein allein reicht ja bekanntlich noch nicht. Wir k\u00f6nnen Sie beruhigen, in unserem Restaurant, mit seinem vielf\u00e4ltigen Raumangebot ist es nicht \u00abnur\u00bb wahnsinnig sch\u00f6n. Zusammen mit unserem sympathisch-herzlichen Service sorgen wir auch f\u00fcr das perfekte kulinarische Wohl unserer G\u00e4ste.\n\nGeniessen Sie einen Abend mit einem ausgew\u00e4hlten Vierg\u00e4nger, eine feines Pl\u00e4ttli nach einem tollen Wandertag, oder lassen Sie sich ganz einfach von unserer Karte inspirieren. Sie haben die Wahl. Gerne servieren wir Ihnen auch ein Glas Wein aus der Region \u2013 als Begleitung zum Essen, oder auch einfach so. Dazu wartet in unseren eigenen Weinkellern ein vielf\u00e4ltiges Weinangebot auf Sie. Und noch etwas: In unserem Restaurant verw\u00f6hnen wir Sie bereits am Mittag mit leckeren Speisen aus unserer K\u00fcche.", "url": "http://www.weisskreuzmalans.ch", "image": "https://hltpimtsoch.sos-ch-dk-2.exoscale-cdn.com/catalog/2/f/2/b/2f2bffea0d8d212c4ad136c4ecb7fd9b8970a227_Weiss_Kreuz_Hauptbild.jpg", "openstreetmap_id": "way/232221627"}, "geometry": {"type": "Point", "coordinates": ["9.576131725657891", "46.982555950000005"]}}, {"type": "Feature", "properties": {"identifier": "49b944f9-225a-4d72-a79c-dc0a023358ca", "name": "Restaurant Sternen", "description": "B\u00fcrgerliche K\u00fcche mit frischen saisonalen Zutaten.", "url": "https://sternenflums.ch/", "image": "https://hltpimtsoch.sos-ch-dk-2.exoscale-cdn.com/catalog/e/e/d/c/eedccf81ac2590d4cbd4b48038257c6b578198df_Sternen_Flums_Restaurant.jpg", "openstreetmap_id": "relation/1683880"}, "geometry": {"type": "Point", "coordinates": ["9.342348256360681", "47.09090522720556"]}}, {"type": "Feature", "properties": {"identifier": "49c29246-bb8c-4679-9579-b410ef0d41f7", "name": "Gauencenter EG (CharmingStay)", "description": "Die 2.5-Zimmerwohnung im Gauencenter befindet sich direkt im Zentrum vom Flumserberg Tannenheim. Die Gondelbahn Prodalp-Express ist in unmittelbarer N\u00e4he und f\u00fchrt direkt in das Wander- und Skigebiet Flumserberg. Nur in wenigen Gehminuten befinden sich Restaurants, der Dorfladen und das Hallenbad Flumserberg.", "url": "https://www.charmingstay.ch", "image": "https://hltpimtsoch.sos-ch-dk-2.exoscale-cdn.com/catalog/c/b/8/f/cb8f24c402d8319800bf6337be22b0338210cc67_Gauencenter_EG__6_.jpg", "openstreetmap_id": "way/194824448"}, "geometry": {"type": "Point", "coordinates": ["9.298958655716081", "47.0901013"]}}, {"type": "Feature", "properties": {"identifier": "4a5e8ad9-280b-4e51-a6aa-f609148c8e3f", "name": "Einkaufszentrum Pizolpark", "description": "Einkaufserlebnis f\u00fcr die ganze Familie: zahlreiche Gesch\u00e4fte, Kinderbetreuung und mehr. Praktisch f\u00fcr alles!", "url": "https://www.pizolpark.ch/", "image": "https://hltpimtsoch.sos-ch-dk-2.exoscale-cdn.com/catalog/2/6/c/d/26cde747b7acb2e3346d76fcdcff54100c49d748_GMOS_Mels_Pizolpark_010.jpg", "openstreetmap_id": "way/205033632"}, "geometry": {"type": "Point", "coordinates": ["9.431283311961572", "47.04203835"]}}, {"type": "Feature", "properties": {"identifier": "4ad82b3e-5a69-4efb-86bd-029ffc28a92b", "name": "BikerShop Flumserberg", "description": "Ihr Sportfachgesch\u00e4ft direkt am BikerBerg Flumserberg\nDirekt an der Talstation im Tannenheim am Flumserberg erwartet Sie neben einem breiten Verkaufssortiment, die topmoderne Verleihstation. Der BikerShop Flumserberg vermietet die Bikemodelle aus den Bereichen Enduro, Downhill und Kids und f\u00fchrt zudem Reparaturarbeiten durch. Ebenfalls r\u00fcstet er Sie mit den gew\u00fcnschten iXS Protektoren und weiterer notwendiger Ausr\u00fcstung aus, damit einer rasanten Abfahrt auf den BikerTrails nichts mehr im Wege steht.", "url": "http://www.bikershop-flumserberg.ch", "image": "https://hltpimtsoch.sos-ch-dk-2.exoscale-cdn.com/catalog/f/6/d/e/f6dead071bdc27cae8c12ab5bd34f45b067abe3d_tkv_bbf_isn_ut_0112__O5A6715.jpg", "openstreetmap_id": "way/325408045"}, "geometry": {"type": "Point", "coordinates": ["9.302447680513392", "47.08949005"]}}, {"type": "Feature", "properties": {"identifier": "4b037231-a607-4f9c-bfbe-ceea37dbcf6b", "name": "Bikerouten", "description": "<p data-start=\"498\" data-end=\"729\">Heidiland bietet dir unz&auml;hlige M&ouml;glichkeiten, die Region mit dem Velo oder E-Bike zu entdecken. Von genussvollen Talfahrten bis zu sportlichen Mountainbike-Strecken findest du im Outdoor-Portal die passende Tour f&uuml;r jedes Niveau.</p>\n<p data-start=\"731\" data-end=\"1048\">Alle Bikerouten sind &uuml;bersichtlich beschrieben und beinhalten Infos zu L&auml;nge, H&ouml;henmetern, Untergrund, Schwierigkeitsgrad und Highlights entlang der Strecke. Viele Touren f&uuml;hren durch malerische Landschaften, vorbei an Bergseen, Alpen und Aussichtspunkten &ndash; ideal f&uuml;r alle, die Natur und Bewegung verbinden m&ouml;chten.</p>\n<p data-start=\"1050\" data-end=\"1261\">Ob du auf genussvolle Kilometer aus bist oder deine Technik auf Singletrails testen willst &ndash; hier findest du deine n&auml;chste Tour. Lade dir die GPX-Daten direkt herunter und starte dein Bikeabenteuer in Heidiland!</p>", "image": "https://hltpimtsoch.sos-ch-dk-2.exoscale-cdn.com/catalog/c/9/1/9/c9198076098b012516816eb5b80cc3f929f74055_PIM_Bild_Bikerouten.png"}}, {"type": "Feature", "properties": {"identifier": "4b40c314-ff35-4391-a2dd-e7303190498b", "name": "Milit\u00e4rmuseum St.Luzisteig", "description": "40 Jahre lang war die Festung auf der St.Luzisteig Heimat der Trainrekrutenschulen und -truppen. Die bewegte Vorgeschichte und Geschichte der Luzisteig geht jedoch bis ins 15. Jahrhundert zur\u00fcck.\nHeute befindet sich auf der Passh\u00f6he St.Luzisteig (zwischen Maienfeld und Balzers) im alten Arsenal ein sehenswertes Milit\u00e4rmuseum. Erleben Sie dort ein spannendes und bedeutendes St\u00fcck Zeitgeschichte. Nebst der Ausstellung wird dem Besucher ein Kurzfilm \u00fcber die Geschichte rund um die St.Luzisteig vorgef\u00fchrt. \n\nEintrittspreise: \nErwachsene CHF 10.00\nKinder (6-16 Jahre) CHF 5.00\nMilit\u00e4r (uniformiert) CHF 3.00\n\nF\u00fcr Gruppen ab 10 Personen:\nErwachsene CHF 5.00\nKinder (6-16 Jahre) CHF 3.00\nMilit\u00e4r (uniformiert) CHF 3.00\n\nDas General-St\u00fcbli kann f\u00fcr diverse Anl\u00e4sse und Bewirtungen auf Anfrage gebucht werden und bietet Platz bis zu 45 Personen.", "url": "https://www.luzisteig.ch/home/", "image": "https://hltpimtsoch.sos-ch-dk-2.exoscale-cdn.com/catalog/0/1/9/8/0198ded5211d87c50a5546f0dab536c3cea444f5_Luzisteig_Milit__rmuseum.jpg", "openstreetmap_id": "node/1456728108"}, "geometry": {"type": "Point", "coordinates": ["9.529239535331728", "47.02959419495996"]}}, {"type": "Feature", "properties": {"identifier": "4c03a852-eb3d-4802-85b4-7dc15f54748c", "name": "Hotel Restaurant R\u00f6ssli", "description": "<p>Das <strong>3-Sterne-Hotel R&ouml;ssli</strong> begr&uuml;sst Sie mit gehobener K&uuml;che im Herzen von Bad Ragaz, nur wenige Schritte vom Thermalbad Tamina entfernt. Kostenfreies WLAN steht zur Verf&uuml;gung. Die geschmackvoll eingerichteten Nichtraucherzimmer verf&uuml;gen &uuml;ber einen Flachbild-TV, ein Radio f&uuml;r Ihren iPod und eine L&uuml;ftungsanlage, die Pollen filtert. Obst, Mineralwasser und Tee stehen auf jeder Etage bereit.</p><p><strong>Ueli Kellenbergers K&uuml;che</strong> ist erfinderisch, saisongerecht und marktfrisch. Das Gem&uuml;se kommt aus der Umgebung, das Fleisch aus der Metzgerei des Bruders. Das R&ouml;ssli ist ein gediegen elegantes Restaurant, bewertet von <strong>Gault Millau mit 16 Punkten</strong> und vom Feinschmecker mit drei FFF.</p><p><strong>Die Karte f&uuml;hrt Weine aus &uuml;ber 500 Provenienzen</strong>. Weitherum gesch&auml;tzt ist das R&ouml;ssli auch f&uuml;r seine preiswerten, aber mit Meisterliebe bereiteten Men&uuml;s &uuml;ber Mittag. F&uuml;r Kaffee oder Aperitif gibt es bei gutem Wetter Platz auf einer kleinen Terrasse.</p>", "url": "https://www.roessliragaz.ch", "image": "https://hltpimtsoch.sos-ch-dk-2.exoscale-cdn.com/catalog/e/5/0/d/e50dcc0edf17022fcbe98a00c962a9a61484fda7_r__ssli_ragaz_007.jpg", "openstreetmap_id": "way/44368146"}, "geometry": {"type": "Point", "coordinates": ["9.501746918563985", "47.003353149999995"]}}, {"type": "Feature", "properties": {"identifier": "4c05ffaf-e859-4ed1-a367-3a48ba031ecc", "name": "Verrucano", "description": "Das Kultur- und Kongresshaus Verrucano Mels bietet den stilvollen Rahmen und umfassende moderne Serviceleistungen f\u00fcr die professionelle Durchf\u00fchrung einer Veranstaltung, fokussierter Meetings und produktiver Seminare. Das Verrucano Kultur- und Kongresshaus ist nicht nur Durchf\u00fchrungsort Ihres Banketts oder Seminars, sondern bei uns finden auch regelm\u00e4ssig \u00f6ffentliche Events statt. Verrucano steht auch f\u00fcr ein qualitativ hochstehendes gastronomisches Angebot. In diesem Bereich verlassen wir uns auf externe Profis. Dadurch kommen Sie in den Genuss eines hochstehende und flexiblen Cateringangebots, stets frisch und \u00fcberzeugend.", "url": "https://www.verrucano.ch/", "image": "https://hltpimtsoch.sos-ch-dk-2.exoscale-cdn.com/catalog/4/f/6/3/4f63f05c1da43fe6c4dc7d79228a93effe2956cd_200722_RAU2001_0492_Var2_rf.jpg", "openstreetmap_id": "way/962287530"}, "geometry": {"type": "Point", "coordinates": ["9.4201443", "47.0465914"]}}, {"type": "Feature", "properties": {"identifier": "4ced3130-f829-4a0f-80e6-38aedec88f05", "name": "Haus Panorama B (Whg. Weibel)", "description": "Das gem\u00fctliche 1.5-Zimmer-Studio befindet sich im Haus Panorama B in Flumserberg Tannenheim und ist zweckm\u00e4ssig - modern eingerichtet. Es liegt in unmittelbarer N\u00e4he zu Skipiste, Biketrails und Wandergebiet. Die zur UNESCO-Welterbe Tektonikarena Sardona f\u00fchrende Gondelbahn &quot;Prodalp-Express&quot; sowie Bushaltestelle und Restaurants sind in Gehdistanz. Zur Wohnung geh\u00f6rt eine Gartenterrasse inkl. Chemin\u00e9e mit Morgen- &amp; Abendsonne und herrlicher Aussicht auf die Churfirsten-Bergkette und das restliche Ostschweizer Bergpanorama des Sarganserlandes. In der Region befinden sich der fjord\u00e4hnliche Walensee mit dem malerischen, autofreien Ausflugsort Quinten, sowie der mond\u00e4ne Kurort Bad Ragaz.", "image": "https://hltpimtsoch.sos-ch-dk-2.exoscale-cdn.com/catalog/d/0/9/3/d0936b3e1dd758aced1352dc3fbc88f946113e2b_Haus_Panorama_Hauptbild.jpeg", "openstreetmap_id": "way/194824434"}, "geometry": {"type": "Point", "coordinates": ["9.304023100000002", "47.0898412"]}}, {"type": "Feature", "properties": {"identifier": "4d3b3fad-9695-47a7-8154-8a035d453638", "name": "Mittleres Waldwiesli", "description": "In der N\u00e4he (ca. 10 Minuten Gehdistanz) befinden sich die Bergbahn (Prodalp-Express), Einkaufsm\u00f6glichkeiten, Sportgesch\u00e4fte und diverse Restaurants. Kostenloser Parkplatz im Sommer in der N\u00e4he der Ferienwohnung vorhanden, im Winter ist die Zufahrt sowie das Parkieren eingeschr\u00e4nkt.", "url": "http://www.waldwiesli.ch", "image": "https://hltpimtsoch.sos-ch-dk-2.exoscale-cdn.com/catalog/2/6/b/1/26b19672724e2af450318a91ee5bee244a7920db_TDS00020012541219224_sized_800_0.jpg", "openstreetmap_id": "way/309844994"}, "geometry": {"type": "Point", "coordinates": ["9.30191795", "47.09263715"]}}, {"type": "Feature", "properties": {"identifier": "4d5a3b88-a660-441d-ab31-25927a3018fa", "name": "Hotel Hirschen Maienfeld", "description": "In der wundersch\u00f6nen B\u00fcndner Herrschaft, mitten in &quot;Heidis&quot; D\u00f6rfchen befindet sich das zentral gelegene B&amp;B Hirschen.\nMit einer sch\u00f6nen Sonnenterasse, gratis Wireless Netz sowie renovierten hellen und gem\u00fctlichen Zimmern und auch einem grossen Appartement w\u00fcrden wir Sie herzlich willkommen heissen.\n\nDie Zimmer und Apartments im Hotel Hirschen bieten Bergblick, Holzb\u00f6den und einen Flachbild-Sat-TV. Die Badezimmer sind privat oder Gemeinschaftsb\u00e4der.\n\nWir bieten unseren G\u00e4sten \u00dcbernachtung und Fr\u00fchst\u00fcck an, ansonsten bleibt das Restaurant geschlossen.", "url": "https://www.hirschen7304.ch/", "image": "https://hltpimtsoch.sos-ch-dk-2.exoscale-cdn.com/catalog/9/6/d/f/96df506513aef8517bc4d10161bdd7cefcb78947_Aussenansicht_2.jpg", "openstreetmap_id": "node/3660576999"}, "geometry": {"type": "Point", "coordinates": ["9.5290319", "47.0045654"]}}, {"type": "Feature", "properties": {"identifier": "4dce7276-2933-4f85-810a-5c21a16d5a0e", "name": "Hotel Schloss Ragaz", "description": "<p data-start=\"56\" data-end=\"459\"><strong data-start=\"56\" data-end=\"100\">Der Wald im R&uuml;cken &ndash; die Berge im Blick.</strong><br data-start=\"100\" data-end=\"103\">Am Stadtrand von Bad Ragaz, umgeben von einem 60'000m&sup2; grossen Schlosspark, erwartet Sie das Naturpark Hotel Schloss Ragaz &ndash; ein R&uuml;ckzugsort zwischen Natur, Genuss und Entspannung. Direkt neben zwei Golfpl&auml;tzen gelegen und nur wenige Schritte von der Tamina Therme entfernt, verbindet das Hotel Ruhe mit idealer Ausgangslage f&uuml;r Erlebnisse in der Region.</p><p data-start=\"461\" data-end=\"642\">Die <strong data-start=\"465\" data-end=\"479\">Relax.Oase</strong> auf 300m&sup2; bietet Sauna, Dampfbad, Sprudelwannen, stilvolle Ruher&auml;ume und einen Aussenpool (Mai&ndash;September). Auch wohltuende Massagen sind direkt vor Ort buchbar.</p><p data-start=\"644\" data-end=\"683\"><strong data-start=\"644\" data-end=\"681\">Vier Wohnwelten f&uuml;r Ihre Auszeit:</strong></p><ul data-start=\"684\" data-end=\"1145\"><li data-start=\"684\" data-end=\"756\"><p data-start=\"686\" data-end=\"756\"><strong data-start=\"686\" data-end=\"704\">Schlosszimmer:</strong> klassisch-elegante Zimmer im historischen Geb&auml;ude</p></li><li data-start=\"757\" data-end=\"914\"><p data-start=\"759\" data-end=\"914\"><strong data-start=\"759\" data-end=\"784\">Residenz Sonderegger:</strong> praktisch eingerichtet mit eigener Kochnische in der nahegelegenen Residenz &ndash; perfekt f&uuml;r Kochliebhaber und l&auml;ngere Aufenthalte</p></li><li data-start=\"915\" data-end=\"1003\"><p data-start=\"917\" data-end=\"1003\"><strong data-start=\"917\" data-end=\"937\">Gartenpavillons:</strong> lichtdurchflutete Zimmer mit direktem Zugang zur Parklandschaft</p></li><li data-start=\"1004\" data-end=\"1145\"><p data-start=\"1006\" data-end=\"1145\"><strong data-start=\"1006\" data-end=\"1026\">Glamping Lodges:</strong> individuell gestaltete Lodges mit Terrasse, teilweise mit Whirlpool &ndash; einzigartiges Glamping-Erlebnis im Schlosspark</p></li></ul><p data-start=\"1147\" data-end=\"1410\">Kulinarisch erwarten Sie im <strong data-start=\"1175\" data-end=\"1197\">Restaurant Chutnee</strong> europ&auml;ische Spezialit&auml;ten und authentische indische K&uuml;che. Die <strong data-start=\"1261\" data-end=\"1283\">Bar Spirit of 7310</strong> l&auml;dt zu entspannten Abenden in besonderer Atmosph&auml;re ein. Jeden Morgen starten Sie mit einem reichhaltigen Fr&uuml;hst&uuml;cksbuffet.</p><p data-start=\"1412\" data-end=\"1661\">Die Umgebung bietet vielf&auml;ltige M&ouml;glichkeiten: Wanderungen durch die Taminaschlucht, Radtouren am Walensee, Golf direkt vor der T&uuml;r oder Ausfl&uuml;ge in die nahe Weinregion der B&uuml;ndner Herrschaft. Fahrr&auml;der und E-Bikes k&ouml;nnen im Hotel gemietet werden.</p><p data-start=\"1663\" data-end=\"1776\">Ein Ort zum Abschalten, Entdecken und Geniessen &ndash; f&uuml;r Ruhesuchende, Aktive, Golfer und Familien gleichermassen.</p>", "url": "http://www.hotelschlossragaz.ch", "image": "https://hltpimtsoch.sos-ch-dk-2.exoscale-cdn.com/catalog/6/7/6/0/6760312c62be43cd8bb027096e2ce3862d08e96a_AUFTRAG_HOTEL_DJI_20250611133657_0103_D__2.jpg", "openstreetmap_id": "way/832298013"}, "geometry": {"type": "Point", "coordinates": ["9.50841584974839", "46.99744825"]}}, {"type": "Feature", "properties": {"identifier": "4df62995-40ba-419e-bb9c-0fdc93afe8a3", "name": "Sauna am Walensee", "description": "Von Oktober bis April ladet die Sauna am See im sagiareal zur Erholung in bester Kulisse ein. \n\nDie kleine aber feine Outdoor-Sauna mit spektakul\u00e4rem Seeblick eignet sich f\u00fcr eine, zwei (liegend) oder max. sechs Personen (sitzend). Das zweist\u00fcndige Saunaerlebnis ist klimaneutral, denn es wird mit Murger Holz aus dem hauseigenen Wald befeuert.\n\nZwischen den Saunag\u00e4ngen kann man sich im See oder auf der privaten Terrasse abk\u00fchlen.\nEin Ruhezelt steht nebenan bereit.\n\nLegen Sie die Holzscheiten ein und geniessen Sie diese einzigartige Wellness-Attraktion am Walensee.", "url": "https://lofthotel.ch/wellness/", "image": "https://hltpimtsoch.sos-ch-dk-2.exoscale-cdn.com/catalog/7/b/c/4/7bc4ab57d27ebf43c38ca04ee95e7e7745baa7cd_2022_Lofthotel_Outdoor_Sauna.jpg", "openstreetmap_id": "node/418190201"}, "geometry": {"type": "Point", "coordinates": ["9.219401478767397", "47.113203668939285"]}}, {"type": "Feature", "properties": {"identifier": "4e1c97f9-16ef-4428-af9b-b4af2f85c143", "name": "INTERSPORT Network Flumserberg Filiale Tannenboden", "description": "Neben einer attraktiven Bekleidungsabteilung bietet die Filiale Tannenboden ein breites Verleihangebot an. Von aktueller Ski- und Snowboardausr\u00fcstung bis hin zu passendem Zubeh\u00f6r \u2013 hier finden Wintersportler:innen alles, was sie f\u00fcr einen perfekten Tag im Schnee ben\u00f6tigen. Mit dem Standort direkt bei der Talstation der 8er-Gondelbahn BergJet, ist die Filiale Tannenboden der ideale Ausgangspunkt f\u00fcr Ihre Wintersporterlebnisse am Flumserberg.\n\nUnser Angebot im Winter\n\u2022\tVerkauf: Ski, Textil, Accessoires & Zubeh\u00f6r\n\u2022\tVerleih: Ski & Snowboard inkl. Schuhe, Langlaufausr\u00fcstung, Winterbekleidung, Schneeschuhe, Helme, LVS & Skidepot\n\u2022\tDienstleistungen: Ski- & Snowboard-Service (Annahmestelle), Wachsen, BFU-Bindungskontrolle, Kantentuning & Kleinreparaturen", "url": "https://www.intersport-network.ch/filialen/tannenboden/", "image": "https://hltpimtsoch.sos-ch-dk-2.exoscale-cdn.com/catalog/b/a/2/1/ba21ea55bf02999cbdd0082e9a9f1cb57643db5a_Tannenboden.jpg", "openstreetmap_id": "node/4727739995"}, "geometry": {"type": "Point", "coordinates": ["9.2805527", "47.0922871"]}}, {"type": "Feature", "properties": {"identifier": "4e71388e-b091-4829-8a0c-7e1ec0096dcb", "name": "Garni Hotel Schweizerhof", "description": "Im Dorf Mels in der Region Heidiland Sarganserland, inmitten der Ski- und Wandergebiete Pizol und Flumserberge, hei\u00dft Sie das Hotel Schweizerhof willkommen. Freuen Sie sich auf eine Bar und kostenfreies WLAN.\n\nDie Zimmer in elegantem alpenl\u00e4ndischen Stil sind mit Holzm\u00f6beln und -b\u00f6den ausgestattet. Sie verf\u00fcgen \u00fcber Kabel-TV, eine Minibar und ein Badezimmer. Haartrockner erhalten Sie auf Anfrage.", "url": "http://www.schweizerhof-mels.ch", "image": "https://hltpimtsoch.sos-ch-dk-2.exoscale-cdn.com/catalog/0/1/4/c/014c9891eba157b27618bbd2b023e6d3befe2755_Doppelzimmer_superior_1.jpg", "openstreetmap_id": "way/410664278"}, "geometry": {"type": "Point", "coordinates": ["9.420163123443903", "47.04707234999999"]}}, {"type": "Feature", "properties": {"identifier": "4ec20e36-1a42-4472-be1d-a9d151a23082", "name": "Restaurant \u00abIGNIV by Andreas Caminada\u00bb", "description": "2 Michelin-Sterne | 17 Gault-Millau-Punkte | 96 Falstaff-Punkte\nZwischen Gourmet-K\u00fcche und Gem\u00fctlichkeit. Im Restaurant IGNIV trifft Innovation auf geteilten Genuss. Moderne auf Fine-Dining. Und 2 Michelin-Sterne auf 17 Gault-Millau-Punkte. K\u00fcchenchef Jo\u00ebl Ellenberger verzichtet auf eine klassische Men\u00fcabfolge. Stattdessen zaubert er verschiedene Sharing-G\u00e4nge. Dazu serviert Restaurantleiterin Susanne Schneider  die passende Weinbegleitung. Das Restaurantkonzept \u00abIGNIV by Andreas Caminada\u00bb, des Graub\u00fcndner Spitzenkochs, steht f\u00fcr Behaglichkeit und bewusstes Teilen.\nEin Ort der Sinne, an dem das Teilen von Kulinarik, Genuss und Zeit im Mittelpunkt steht.", "url": "https://www.resortragaz.ch/de/kulinarik/igniv", "image": "https://hltpimtsoch.sos-ch-dk-2.exoscale-cdn.com/catalog/c/2/c/4/c2c403a2f144434558a0ddca7f45a41a41d7dc18_GRBR_06_22_IGNIV_1869_600x400.jpg", "openstreetmap_id": "N 47.00021 E 9.50232"}, "geometry": {"type": "Point", "coordinates": ["9.5021119", "47.0004111"]}}, {"type": "Feature", "properties": {"identifier": "4f8acd95-d8b3-4525-9eed-e7de2662b6c1", "name": "Restaurant Schl\u00fcssel, Mels", "description": "Im historischen, wundersch\u00f6nen Patrizierhaus aus dem Jahr 1811 hat Sohn Roger nach Wanderjahren durch renommierte Gastbetriebe das Zepter in der K\u00fcche \u00fcbernommen und bereichert die K\u00fcche mit seinen erfrischenden und kreativen Ideen. Er verbindet geschickt franz\u00f6sische Klassik, Schweizer Tradition und moderne Elemente miteinander. \n\nIn der edel eingedeckten Nidbergstube wird der Fokus auf die Feinschmecker-Menus gesetzt, in der Schl\u00fcsselstube findet der Gast in heiterer Atmosph\u00e4re Speisen f\u00fcr jeden Tag.  Dazu eine grandiose Weinkarte mit auserw\u00e4hlten Weinen. F\u00fcr eine charmante und liebevolle Note im Service sorgt Marianne Blum mit ihrem Team. \n\nDas Restaurant Schl\u00fcssel ist mit 17 Gault Millau Punkten ausgezeichnet und hat einen Stern im Guide Michelin.", "url": "http://www.schluesselmels.ch", "image": "https://hltpimtsoch.sos-ch-dk-2.exoscale-cdn.com/catalog/d/3/4/f/d34f4c0be4c3f84f17b1354cbf4fa00b4663cd6f_Schl__sselstube_gedeckt.JPG", "openstreetmap_id": "node/4252118498"}, "geometry": {"type": "Point", "coordinates": ["9.4173788", "47.0452746"]}}, {"type": "Feature", "properties": {"identifier": "4fe8b52d-18c2-4a18-a5de-4472e41f2623", "name": "Hotel-Restaurant-Ferienhaus ALTE SEKTION", "description": "Die Unterkunft bietet 98 Betten in verschiedenen Massenlagern mit Etagenduschen/WC und 40 Betten in einfachen, rustikalen 2er - 6er-Zimmer mit WC/Dusche an. Ebenfalls verf\u00fcgt die Unterkunft \u00fcber eine 2.5-Zimmerwohnung, welche zus\u00e4tzlich gemietet werden kann.\n\nWir verw\u00f6hnen Sie gerne mit unserer einfachen, aber w\u00e4hrschaften K\u00fcche.\nKommen Sie vorbei und lassen Sie sich inspirieren.", "url": "http://www.altesektion.ch", "image": "https://hltpimtsoch.sos-ch-dk-2.exoscale-cdn.com/catalog/5/4/5/7/5457e9dd12277aee90f44319bfc97353b65658c3_Aussen_Winter.jpg", "openstreetmap_id": "way/194824454"}, "geometry": {"type": "Point", "coordinates": ["9.298367942684013", "47.08959025"]}}, {"type": "Feature", "properties": {"identifier": "516ac091-958c-43ad-bb9a-197bb7bcbd16", "name": "Weinstube Fl\u00e4sch", "description": "Weinstube Fl\u00e4sch \u2013 Wo Wein, Genuss und Geselligkeit zuhause sind\n\n\nHier dreht sich alles um das gem\u00fctliche Zusammensein, den Genuss erlesener Weine und das besondere Flair der B\u00fcndner Herrschaft. In unserer stimmungsvollen Stube geniessen Sie regionale Tropfen, sorgf\u00e4ltig ausgew\u00e4hlte Spezialit\u00e4ten und die entspannte Atmosph\u00e4re, die eine echte Weinstube ausmacht.\n\nWein im Mittelpunkt \u2013 Genuss rundherum\nWir servieren Ihnen durchgehend von 11:00 bis 20:00 Uhr kleine, feine K\u00f6stlichkeiten, die perfekt zu einem guten Glas Wein passen.\n\n\u2022 hausgemachte Strudl \u2013 s\u00fcss oder salzig\n\u2022 traditionelles B\u00fcndner Pl\u00e4ttli\n\u2022 steirische Klassiker wie die herzhaft-beliebte Brettljause\nund noch vieles mehr\n\nWir freuen uns auf Ihren Besuch!\nEva und Martijn van der Linden", "url": "https://www.landhaus-flaesch.ch/", "image": "https://hltpimtsoch.sos-ch-dk-2.exoscale-cdn.com/catalog/a/2/f/7/a2f752199a186afc06d2d4c15acc4f1cc2820190_IMG_0128__2.jpeg", "openstreetmap_id": "way/179020999"}, "geometry": {"type": "Point", "coordinates": ["9.513068164590647", "47.025845849999996"]}}, {"type": "Feature", "properties": {"identifier": "5174356a-1a0e-4ce2-8d5a-119b9ca0d241", "name": "Seilbahn V\u00e4ttnerberg", "description": "<p>Die Seilbahn V&auml;ttnerberg, betrieben von der V&auml;ttnerberg Korporation, verbindet V&auml;ttis/Taminatal mit dem V&auml;ttnerberg (ca.\u202f1600&ndash;1800\u202fm &uuml;.M.). Die Bahn wurde urspr&uuml;nglich 1932 errichtet, 1972 elektrifiziert und 2000 umgebaut. Sie spannt sich &uuml;ber eine Seill&auml;nge von 1\u202f065\u202fm bei 625\u202fm H&ouml;hendifferenz.</p>", "url": "https://www.v\u00e4ttnerberg.ch/seilbahn/", "image": "https://hltpimtsoch.sos-ch-dk-2.exoscale-cdn.com/catalog/a/1/5/a/a15ad92d2d5042d1b9060c924961b682c2d7d4a6_Muntaluna_V__ttnerberg.jpg", "openstreetmap_id": "node/560106340"}, "geometry": {"type": "Point", "coordinates": ["9.4560546", "46.9219972"]}}, {"type": "Feature", "properties": {"identifier": "51dc1f90-f2ec-4b7d-a226-e2b3d5735af0", "name": "Naturpfad Bad Ragaz", "description": "<p>Der ber&uuml;hmte Edi Eichelh&auml;her nimmt dich mit auf eine Tour. Er zeigt dir, wie wichtig verschiedene Baumarten sind, welche Tiere im Mehrfamilienhaus \"Baum\" wohnen und wie sie mit D&uuml;ften sprechen.</p>", "image": "https://hltpimtsoch.sos-ch-dk-2.exoscale-cdn.com/catalog/0/5/a/3/05a3412fc01fa738d8ab8e0ffe36742c147af33d_batch_Waldlehrpfad_Start.jpg", "openstreetmap_id": "node/12465584521"}}, {"type": "Feature", "properties": {"identifier": "51e8ac04-7c9a-4a21-a588-7b4f5291eb45", "name": "Hotel Restaurant Heidihof", "description": "Unser Hotel liegt in bester Lage mit traumhaftem Blick auf die Berge. Wir verf\u00fcgen \u00fcber 15 komfortable Zimmer mit Bad/Dusche, WC. TV, Radio und WLAN, die bis zu 27 G\u00e4sten Platz bieten. \nUnsere K\u00fcche vereint internationale Spezialit\u00e4ten, Schweizer Klassiker und regionale Gerichte, die Sie auch auf unserer grossen Sonnenterrasse oder in Restaurant geniessen k\u00f6nnen. \nF\u00fcr Feiern, Bankette oder Seminare steht Ihnen ein Eventsaal f\u00fcr bis zu 100 Personen oder ein kleineres Seminarraum mit moderner Technik zur Verf\u00fcgung. \nEs w\u00fcrde uns sehr freuen, Sie bei uns willkommen hei\u00dfen und verw\u00f6hnen zu d\u00fcrfen.", "url": "http://www.heidihof.ch", "image": "https://hltpimtsoch.sos-ch-dk-2.exoscale-cdn.com/catalog/b/c/f/e/bcfea43999666811f7fed8992e311aaa2c875f61_IMG_7064__1_.JPG", "openstreetmap_id": "way/119015122"}, "geometry": {"type": "Point", "coordinates": ["9.54429770467971", "47.017297"]}}, {"type": "Feature", "properties": {"identifier": "52075ba5-2e24-4647-ae65-0da209ac48e8", "name": "J\u00fcrg Obrecht Weine Jenins", "description": "Unser heimeliger Torkel bietet Platz f\u00fcr rund 80 Personen. Unser spezieller Degustationsraum l\u00e4dt dar\u00fcber hinaus zum Verweilen, zum Degustieren und zum Philosophieren \u00fcber Gott und die Welt und nat\u00fcrlich auch \u00fcber unsere Weine. Degustationen, Kellerf\u00fchrungen nehmen wir gerne telefonisch oder per E-Mail entgegen. Haben Sie Fragen zu unseren Weinen, zum Torkel usw.; wir stehen Ihnen jederzeit gerne zur Verf\u00fcgung.\n\"Soll's etwas besonderes sein, g\u00f6nn dir einen J\u00fcrg Obrecht Wein\"", "url": "http://www.obrechtweine.ch", "image": "https://hltpimtsoch.sos-ch-dk-2.exoscale-cdn.com/catalog/d/a/7/3/da73856e55a9a8916647082f7238d8916d2638af_2018_10_28.jpg", "openstreetmap_id": "way/409097587"}, "geometry": {"type": "Point", "coordinates": ["9.55450826002879", "47.00193125"]}}, {"type": "Feature", "properties": {"identifier": "54271edc-f9eb-4db2-877c-6f994ca95767", "name": "Quadernpark (9 Wohnungen)", "description": "Die Quadernpark Apartments befinden sich im Dorfzentrum von Valens, in unmittelbarer N\u00e4he zur Reha-Klinik. Von den ruhig gelegenen Mehrfamilienh\u00e4usern haben sie Blick in eine grossz\u00fcgige Umgebung mit Park. Die Ferienwohnungen befinden sich in drei Geb\u00e4uden mit Eigentumswohnungen integriert. In einem der H\u00e4user befindet sich ein Einkaufsladen mit regionalen Produkten sowie Postautohaltestellen direkt vor der T\u00fcre.\n\nDurch die hervorragende Erreichbarkeit ab Bad Ragaz \u00fcber die gr\u00f6sste Bogenbr\u00fccke der Schweiz ist Valens zu jeder Jahreszeit attraktiv. Umgeben von beeindruckender Bergwelt erholen Sie sich am Ausgangspunkt f\u00fcr Ausfl\u00fcge zum Wandern, Biken, Schwimmen und vielem mehr.", "url": "https://www.quadernpark.ch", "image": "https://hltpimtsoch.sos-ch-dk-2.exoscale-cdn.com/catalog/d/9/4/e/d94eb0d6d140df3c2ad04ab479b5db50084d5a2d_Bild1.jpg", "openstreetmap_id": "node/883151729"}, "geometry": {"type": "Point", "coordinates": ["9.4824363", "46.9696093"]}}, {"type": "Feature", "properties": {"identifier": "550df831-f6b1-421f-bee5-90bf78433741", "name": "COLORS - Restaurant und Bar", "description": "Die bediente COLORS Bar verf\u00fcgt \u00fcber 56 Innenpl\u00e4tze. Neben einem kunterbunten Getr\u00e4nkeangebot, werden am Morgen Fr\u00fchst\u00fcck und am Nachmittag trendige Snacks angeboten.\nDas COLORS Restaurant, welches nur w\u00e4hrend der Wintersaison ge\u00f6ffnet ist,  ist ein modernes Selbstbedienungsrestaurant mit 146 Innen- und 140 Terrassen-Pl\u00e4tzen. Die K\u00fcche bietet ein Angebot f\u00fcr jeden Geschmack. Erfrischend und abwechslungsreich werden neben regionalen Gerichten auch internationale Speisen gekocht.", "url": "http://www.colors-flumserberg.ch", "image": "https://hltpimtsoch.sos-ch-dk-2.exoscale-cdn.com/catalog/d/5/4/2/d542b177253f561e588b3154d55be8e07186ae4f_tkv_bbf_kulinarikwander_444_8A2A8278.JPG", "openstreetmap_id": "node/244067701"}, "geometry": {"type": "Point", "coordinates": ["9.2807483", "47.0919796"]}}, {"type": "Feature", "properties": {"identifier": "551e7686-0043-4e4d-a57e-e1253bca3dc8", "name": "Kneippanlage Sargans mit Kr\u00e4utergarten", "description": "In Sargans liegt die Wassertret- und Armbadanlage des Kneippvereins Sarganserland unterhalb des Schlosses direkt bei der Spleekapelle mit sch\u00f6nem Rundumblick Richtung F\u00fcrstentum Liechtenstein und B\u00fcndner Herrschaft. Instruktionstafeln leiten die Besucher an und zeigen, was es beim Kneippen zu beachten gilt. Ein gepflegter Garten mit beschrifteten Kr\u00e4utern bereichert die sch\u00f6ne Anlage, welche sich ideal zur Entspannung und Erfrischung nach einer Wanderung anbietet.", "url": "https://www.kneipp.ch", "image": "https://hltpimtsoch.sos-ch-dk-2.exoscale-cdn.com/catalog/7/8/8/2/7882146f7d0fafeeefc8190358bb775a280264e7_DSC00225__3___2.jpg", "openstreetmap_id": "node/560479165"}, "geometry": {"type": "Point", "coordinates": ["9.439567532638982", "47.048750150000004"]}}, {"type": "Feature", "properties": {"identifier": "555b474e-e921-4834-b464-e6e67cf8f9d5", "name": "Ferienhaus Falknis", "description": "Das charmante 2 \u00bd Zimmer Maisonette-Eckhaus liegt an ruhiger Lage im Dorfzentrum. Einkaufsm\u00f6glichkeiten befinden sich in unmittelbarer N\u00e4he (ca. 2 Gehminuten). Bis zum Bahnhof und zum Thermalbad sind es ca. 5 - 10 Gehminuten. Zur Wohnung geh\u00f6rt ein sonniger Gartensitzplatz sowie ein Keller mit Waschmaschine und Tumbler.\n\nDas Ferienhaus ist modern und gem\u00fctlich eingerichtet. Der Wohn-/Essbereich verf\u00fcgt \u00fcber einen Plattenboden, die Schlafzimmer \u00fcber einen Parkettboden. Im Erdgeschoss befindet sich eine Wendeltreppe ins Obergeschoss (nicht geeignet f\u00fcr kleine Kinder).", "image": "https://hltpimtsoch.sos-ch-dk-2.exoscale-cdn.com/catalog/b/a/9/a/ba9a74829a0431b6d7017f6f64ee801a12a2bfc1_Ferienhaus_Falknis_1.jpg", "openstreetmap_id": "way/300566802"}, "geometry": {"type": "Point", "coordinates": ["9.50253735", "47.00353655"]}}, {"type": "Feature", "properties": {"identifier": "55cc4c34-f88c-485b-af98-bb714a725ee8", "name": "Chalet T\u00e4nnli (CharmingStay)", "description": "Das Chalet T\u00e4nnli verf\u00fcgt \u00fcber zwei 3.5-Zimmerwohnungen direkt am Flumserberg Tannenboden.  Die Bergstation Tannenboden, Einkaufsm\u00f6glichkeiten und Restaurants befinden sich nur wenige Gehminuten von der Unterkunft entfernt. Vor dem Haus stehen pro Wohnung je ein Parkplatz zur Verf\u00fcgung. ", "url": "https://www.charmingstay.ch", "image": "https://hltpimtsoch.sos-ch-dk-2.exoscale-cdn.com/catalog/3/2/6/6/3266565e0e6e08f817c92599315e1bd0e01a9b0f_Chalet_T__nnli1.jpg", "openstreetmap_id": "way/294246280"}, "geometry": {"type": "Point", "coordinates": ["9.285302000000001", "47.09648525"]}}, {"type": "Feature", "properties": {"identifier": "560f4a01-b3e8-4ced-9574-f97fe4825fea", "name": "Haus Zanaiblick", "description": "Das Ferienhaus verf\u00fcgt \u00fcber zwei 2-Bett-Studios und liegt im sch\u00f6nen Valens. Ein kostenfreier Parkplatz geh\u00f6rt zu den Studios.\n\nDetails der einzelnen Ferienwohnungen\n- 2x 2-Bett-Studio im Parterre\n\nDie beiden hellen und gem\u00fctlich eingerichteten Studios verf\u00fcgen beide \u00fcber einen offenen Wohn-/Schlafraum mit zwei Betten, Sofa und Essbereich. In der kleinen Kochecke findet man alles was man braucht.", "image": "https://hltpimtsoch.sos-ch-dk-2.exoscale-cdn.com/catalog/a/9/8/2/a982d9b2482ce53f9c64ccb24680854f53bf6c89_Haus_Zanaiblick_1.jpg", "openstreetmap_id": "way/590842131"}, "geometry": {"type": "Point", "coordinates": ["9.478308357082327", "46.968177334268745"]}}, {"type": "Feature", "properties": {"identifier": "5624ca77-f03a-4159-b394-b309a87724ba", "name": "Ferienwohnung Steinr\u00f6schen", "description": "Die 3.5-Zimmerwohnung befindet sich mitten im Zentrum von Flumserberg Tannenbodenalp, gleich bei der Postautohaltestelle und in der N\u00e4he des Skilifts und Einkaufsm\u00f6glichkeiten. Zur Wohnung geh\u00f6rt ein kostenfreier Parkplatz.\n\nDie helle Wohnung ist gem\u00fctlich und komfortabel eingerichtet. Der Wohnraum sowie ein Schlafzimmer verf\u00fcgen \u00fcber einen Holzboden. Vom Wohnzimmer aus hat man Zugang zum m\u00f6blierten Wintergarten.", "url": "https://steinroeschen.ch/", "image": "https://hltpimtsoch.sos-ch-dk-2.exoscale-cdn.com/catalog/a/2/5/9/a2592e6dfa82608051d75da8198e063f1d5eec62_Steinr__schen_6.jpg", "openstreetmap_id": "way/294246316"}, "geometry": {"type": "Point", "coordinates": ["9.284847590473282", "47.0935765"]}}, {"type": "Feature", "properties": {"identifier": "56f7aaf2-41a5-4821-ab3d-7394651f2d50", "name": "Walensee", "description": "<p><strong>Eingerahmt von den steilen Churfirsten und charmanten Uferorten ist der Walensee das alpine Fjord des Heidiland &ndash; ideal f&uuml;r spontane Badetage und aktive Ausfl&uuml;ge. </strong></p>\n<p>Am Wasser warten Strandb&auml;der, Liegewiesen und stille Buchten; SUP\u2011 und Kajakverleih, Segeln, Surfen sowie gem&uuml;tliche Schiffsrundfahrten bringen G&auml;ste mitten ins Geschehen. An Land f&uuml;hren der Walensee\u2011Rundweg und aussichtsreiche H&ouml;henwege zu Klassikern wie den Seerenbachf&auml;llen/Betlis und ins autofreie Quinten mit Rebh&auml;ngen, Feigenb&auml;umen und sonnenverw&ouml;hnten Terrassen.</p>\n<p>Familien finden Spielpl&auml;tze, kinderwagentaugliche Uferabschnitte und kurze Rundwege; Geniesser freuen sich auf frischen Fisch und regionale Weine mit Seeblick.</p>\n<p><strong>Unterterzen ist das Tor zum Flumserberg</strong></p>\n<p>Per SeeJet\u2011Gondel geht&rsquo;s in Minuten in die Bergwelt &ndash; im Sommer mit Wanderwegen, Bike\u2011Trails, Sommerrodeln und Kletterangeboten, im Winter zu Pisten, Winterwanderungen und Schlittelspass.</p>\n<p>Dank dichter &Ouml;V\u2011Anbindung (Bahnh&ouml;fe direkt am See) und Schiffsverbindungen lassen sich Wasser\u2011 und Bergerlebnisse flexibel kombinieren &ndash; vom entspannten Spaziergang bis zum aktiven Tag am und auf dem See.&nbsp;</p>", "image": "https://hltpimtsoch.sos-ch-dk-2.exoscale-cdn.com/catalog/a/7/4/3/a743eb72e58b2e89c1ba8a6849c4513fcc8ac722_Badestr__nde_Walensee_Murg.jpg", "openstreetmap_id": "relation/2616502"}, "geometry": {"type": "Point", "coordinates": ["9.219882", "47.1255429"]}}, {"type": "Feature", "properties": {"identifier": "5732e5a5-3e88-4e89-b6c6-ea76d3e512bf", "name": "Stellplatz Mapraggsee", "description": "Der Platz liegt am Waldrand und am L\u00e4uibach. Er verf\u00fcgt \u00fcber 6-7 Stellpl\u00e4tze f\u00fcr Wohnmobile, Wohnwagen, Vans oder Zelte. Er ist mit Schotter befestigt, verf\u00fcgt \u00fcber ein WC und eine Grillstelle mit Sitzm\u00f6glichkeiten. Vom Stellplatz aus f\u00fchren Wanderwege am See entlang, Richtung Valens/Vas\u00f6n und auf den V\u00e4ttnerberg. Der Dorfladen in Vas\u00f6n ist nur 1 km entfernt und zu Fuss in ca. 10 Minuten und mit dem Auto in 2 Minuten erreichbar.\n\nWir empfehlen den Stellplatz erst vor Ort zu bezahlen, da wir auch Barzahlung und Twint akzeptieren. Es kann vorab keine Garantie f\u00fcr die Verf\u00fcgbarkeit der Pl\u00e4tze gegeben werden, da diese nicht einzeln markiert sind. Wir bitten um Verst\u00e4ndnis.", "url": "https://valens-tourismus.ch/camping", "image": "https://hltpimtsoch.sos-ch-dk-2.exoscale-cdn.com/catalog/c/d/c/3/cdc3585c3d04ae5b28737e0fd0250a9ccf007adf_DSC_7212.jpg", "openstreetmap_id": "way/363320243"}, "geometry": {"type": "Point", "coordinates": ["9.479066133499147", "46.946666040688434"]}}, {"type": "Feature", "properties": {"identifier": "57883285-3525-402d-a6a2-5c2842db061d", "name": "Chalet Good ", "description": "Das Chalet mit zwei Wohnungen befindet sich in Flumserberg Tannheim nur ca. 5 Gehminuten von der Postautohaltestelle, Einkaufsm\u00f6glichkeiten, Seilbahn, Minigolf und Tennisplatz entfernt. Im Winter direkt an der Skipiste und im Sommer an den Wanderwegen. Ein kostenloser Parkplatz geh\u00f6rt zum Chalet dazu.\n\nDetails der einzelnen Ferienwohnungen\n- 1x 3.5-Zimmerwohnung im ersten Stock\n- 1x 2.5-Zimmerwohnung im Parterre\n\nDie Wohnungen verf\u00fcgen beide \u00fcber eine Wohnk\u00fcche mit grossem Esstisch, Eckbank und St\u00fchlen. Die K\u00fcche ist ausgestattet mit Kochherd, Backofen, K\u00fchlschrank, Kaffeemaschine, Toaster und Racletteofen. Badezimmer mit Dusche/WC.", "image": "https://hltpimtsoch.sos-ch-dk-2.exoscale-cdn.com/catalog/2/4/8/7/24878c5746a7810c56677e9170239b33974f813b_Sommer_Ansicht.jpg", "openstreetmap_id": "way/325408057"}, "geometry": {"type": "Point", "coordinates": ["9.30025019013009", "47.08918175"]}}, {"type": "Feature", "properties": {"identifier": "58d2abf4-ab13-4c17-93cf-91c462476920", "name": "Ferienwohnung Resort Walensee Nr. 99", "description": "Die 3.5-Zimmerwohnung beim Resort Walensee mit 99m2 befindet sich am sch\u00f6nen Walensee in der Ferienregion Heidiland. In nur 2 Minuten zu Fuss erreichen Sie das Restaurant Marina Walensee, sowie die Strandbar. Zum Schiffssteg sind es 3 Minuten zu Fuss, geniessen Sie eine Schifffahrt auf dem fjord\u00e4hnlichen Walensee unterhalb der Churfirstenkette. Einkaufsm\u00f6glichkeiten sind 5 Minuten zu Fuss entfernt.", "image": "https://hltpimtsoch.sos-ch-dk-2.exoscale-cdn.com/catalog/5/2/f/4/52f461d60b7ebfea0c1b0ad43d85bfc4385a0348_TDS00020012438967025_sized_800_0.jpg", "openstreetmap_id": "way/244424431"}, "geometry": {"type": "Point", "coordinates": ["9.256038013380152", "47.11484435"]}}, {"type": "Feature", "properties": {"identifier": "5a51b0aa-4289-4144-bb64-69c269f28551", "name": "Club Siesta Ferienwohnung/Studio", "description": "Zwei neu sanierte und m\u00f6bilierte 3-Zimmer-Wohnung mit 5 Betten (2+3), und ein ebenso neu saniertes Studio mit 2 Betten.\n\nEigene Parkpl\u00e4tze mit ganzj\u00e4hriger Zufahrt f\u00fcr PWs und Kleinbusse vor dem Haus. Spiel- und Liegewiese mit Aussengrill (Sommer). In Schrittn\u00e4he zur Prodalpbahn (Gondel), den Dorfl\u00e4den.", "url": "https://siesta.ch/", "image": "https://hltpimtsoch.sos-ch-dk-2.exoscale-cdn.com/catalog/4/f/f/e/4ffe1de7f4fae08f8a0e4e4db70bfcb3d1a1c7af_2Schlafzimmer_Studio.JPG", "openstreetmap_id": "way/437736051"}, "geometry": {"type": "Point", "coordinates": ["9.305129390625002", "47.08853685"]}}, {"type": "Feature", "properties": {"identifier": "5b96134c-9941-4f84-9663-90aff289343e", "name": "Bergrestaurant Laufbodenst\u00fcbli", "description": "Das gem\u00fctliche Bergrestaurant Laufbodenst\u00fcbli befindet sich auf 2222m.\u00fc.M. neben dem Laufb\u00f6den Sessellift.\nEs ist das h\u00f6chstgelegene Bergrestaurant im Ski und Wandergebiet Pizol.\nGeniessen Sie die herrliche Rundsicht der Berglandschaft des St. Galler Oberlandes sowie des Rheintals bis zum Bodensee.\nRichtung S\u00fcdosten bewundern Sie die markanten schneebedeckten Berge des B\u00fcndnerlandes und vieles mehr\u2026.", "url": "https://pizol.com/planen-buchen/gastronomie?lang=de_CH", "image": "https://hltpimtsoch.sos-ch-dk-2.exoscale-cdn.com/catalog/4/9/c/2/49c227f435347861eaf4e539112f04e42bec59c7_Laufbodenst__bli.jpg", "openstreetmap_id": "node/336562763"}, "geometry": {"type": "Point", "coordinates": ["9.4363562", "46.9796659"]}}, {"type": "Feature", "properties": {"identifier": "5c0ac627-1a08-4afe-a086-59abb72ed3f4", "name": "Weingut Wegelin", "description": "Seit 2019 f\u00fchren Rafael Hug und seine Frau, die \u00d6nologin Mathilde Hug P\u00e9deutour, das Weingut Wegelin. \nSie vinifizieren ihre Topweine konsequent nach Einzellagen, wodurch das Sortiment zus\u00e4tzliche Tiefe gewinnt und der Lagenausdruck deutlich sp\u00fcrbar wird. \nNeben verschiedenen Weissweinen schl\u00e4gt ihr Herz insbesondere f\u00fcr den Pinot Noir.\nDie Qualit\u00e4t eines Weines wird von seiner Herkunft gepr\u00e4gt. Das Verst\u00e4ndnis f\u00fcr Ihre grandiosen Lagen begleitet Ihre t\u00e4gliche Arbeit im Weingarten: \nSie pflegen jeden einzelnen Rebstock mit Hingabe und wissen, dass gro\u00dfe Weine auf dieser Arbeit beruhen. Sie geben dem Rebstock das, was er braucht, damit charaktervolle und authentische Trauben reifen \u2014 die Natur ist Ihr gr\u00f6\u00dftes Kapital. Sie arbeiten nach biologischen und biodynamischen Richtlinien und mit gr\u00f6\u00dfter R\u00fccksicht auf Boden und Umwelt.", "url": "https://weingutwegelin.ch/", "image": "https://hltpimtsoch.sos-ch-dk-2.exoscale-cdn.com/catalog/f/d/2/f/fd2ffe50a011f43da872d94d723bfab80becf679_Keller.jpg", "openstreetmap_id": "way/232221189"}, "geometry": {"type": "Point", "coordinates": ["9.575073298434237", "46.98428125"]}}, {"type": "Feature", "properties": {"identifier": "5c338e6d-7dae-424d-ac39-20c137ea7e44", "name": "Promenade Walentstadt", "description": "<p>Das Ergebnis ist eine gelungene Verbindung aus Tradition, rustikalem Flair und urbaner Streetfood-Kultur. Die K&uuml;che bietet eine weltoffene Auswahl an Gerichten mit Fokus auf TexMex, BBQ, Asado und weiteren internationalen Streetfood-Klassikern &ndash; frisch zubereitet, kreativ interpretiert und regional abgestimmt. Ideal f&uuml;r alle, die unkompliziert, aber hochwertig essen m&ouml;chten &ndash; ob beim gem&uuml;tlichen Essen auf der Sonnenterrasse direkt am Seeufer oder in den stilvoll eingerichteten Innenr&auml;umen. Die Promenade Walenstadt ist nicht nur ein Restaurant, sondern ein lebendiger Treffpunkt mit entspannter Atmosph&auml;re, kulinarischer Vielfalt und einem Hauch von Festivalgef&uuml;hl &ndash; perfekt f&uuml;r Paare, Familien, Gruppen und Genussmenschen.</p>", "url": "https://www.promenade-walenstadt.ch/", "image": "https://hltpimtsoch.sos-ch-dk-2.exoscale-cdn.com/catalog/e/b/3/1/eb311396e25b5ef642d7a3eed2d41e191db9e144_Bildschirmfoto_2025_09_09_um_12.02.49.png", "openstreetmap_id": "node/752371760"}, "geometry": {"type": "Point", "coordinates": ["9.3031243", "47.1267952"]}}, {"type": "Feature", "properties": {"identifier": "5c4274d3-729b-485b-bd38-ad975924e408", "name": "Ferienwohnung Chriesil\u00f6ser", "description": "Die gem\u00fctliche und stilvoll eingerichtete 3.5-Zimmerwohnung liegt an sonniger Lage im historischen Kurort Bad Ragaz. Das Ortszentrum mit Gesch\u00e4ften und Restaurants sowie das Thermalbad, der Giessenpark und das Freibad sind in wenigen Gehminuten erreichbar.", "image": "https://hltpimtsoch.sos-ch-dk-2.exoscale-cdn.com/catalog/c/7/d/d/c7dd452a4c76182c25d72ea53b0e212ba0405bc0_Ferienwohnung_Chriesil__ser__1_.jpeg", "openstreetmap_id": "way/44961291"}, "geometry": {"type": "Point", "coordinates": ["9.502314413377373", "47.0124255"]}}, {"type": "Feature", "properties": {"identifier": "5c779a59-ab38-4a30-b901-b926aab511e1", "name": "Gonzen Sport & Mode", "description": "Herzlich willkommen bei Gonzen Sport & Mode im Tiefriet in Sargans.\nWir sind ein spezialisiertes Outdoor Sportfachgesch\u00e4ft mit erfahrenen, kompetenten und enthusiastischen Mitarbeiter/innen. \n\nWenn der Schuh dr\u00fcckt, ob Bergschuh, Ski- oder Tourenschuh sind Sie bei uns an der richtigen Adresse. Druckstellen an Ihren F\u00fcssen haben bei unserem erfahrenen Schuhfitting -Team keine Chance. Zus\u00e4tzlich stellen wir Ihnen 100% fussangepasste Einlagesohlen her, welche Ihnen einen hohen Tragekomfort und mehr Leistung garantieren.\nUnser fachkundiges Personal ber\u00e4t Sie gerne individuell und ohne Zeitdruck. Einen Gratisparkplatz ist Ihnen bei uns auch garantiert. \n\nUnsere Leidenschaften im Sommer:\nHochtouren-, Trekking-, Wander- und Klettersport, Running- und Bikesport sowie Campingartikel, sowie trendiges und modisches Textil. \n\nUnsere Leidenschaften im Winter: \nSkitouren- Alpin- Schneeschuhsport, Trailrunning. Hochfunktionelles und modisches Textil von Kopf bis Fuss f\u00fcr alle Schneesportarten.\n\nWir leben Outdoor und garantieren Ihnen, dass Sie bei uns all Ihr passendes Equipment finden.\nZus\u00e4tzlich k\u00f6nnen Sie von unserem Service- und Dienstleistungsangebot profitieren.\nWir vermieten Ski- und Snowboardausr\u00fcstungen und geben Ihrem Ski und/oder Snowboard wieder den n\u00f6tigen Kantenschliff f\u00fcr unvergessliche Schneetage.", "url": "http://www.gonzensport.ch", "image": "https://hltpimtsoch.sos-ch-dk-2.exoscale-cdn.com/catalog/a/c/7/2/ac72bb19f8407cd3b7fef2bcd83f7c463e07913f_20160220_123431.jpg", "openstreetmap_id": "node/5170978138"}, "geometry": {"type": "Point", "coordinates": ["9.4490804", "47.0487657"]}}, {"type": "Feature", "properties": {"identifier": "5ca5d52f-ce15-4e7d-b050-20b1d00cff99", "name": "Saunafass", "description": "<p data-start=\"762\" data-end=\"1081\">Unser Saunafass ist ein St&uuml;ck nordische Lebenskunst. Das massive Echtholzfass bietet einen gem&uuml;tlichen Kokon aus W&auml;rme und Wohlbefinden &ndash; mit traumhaftem Panoramablick auf die umliegende Bergwelt. Saunieren bedeutet pure Erholung: Man tut sich selbst etwas Gutes, f&ouml;rdert die Gesundheit und findet Abstand vom Alltag.</p>\n<p data-start=\"1089\" data-end=\"1342\">In unserem Saunafass finden 2 Personen (liegend) bis zu 6 Personen (sitzend) Platz. Die Nutzung ist t&auml;glich auf Voranmeldung m&ouml;glich. Bitte melden Sie sich mindestens eine Stunde vorher an der R&eacute;ception, damit wir die Sauna f&uuml;r Sie vorbereiten k&ouml;nnen.</p>", "url": "https://www.schiffahrt-mols.ch/", "image": "https://hltpimtsoch.sos-ch-dk-2.exoscale-cdn.com/catalog/e/4/1/5/e4159d141821a578cd5e571248699433d6e15c32_IMG_20221225_WA0000__002_.jpg", "openstreetmap_id": "node/1417590626"}, "geometry": {"type": "Point", "coordinates": ["9.278622", "47.1124527"]}}, {"type": "Feature", "properties": {"identifier": "5ca68094-b48f-4927-ac3a-1fbf059c418d", "name": "GEISS - Caf\u00e9 - Treffpunkt - Kultur", "description": "Der Quartierverein \u00abTreffpunkt Obergass\u00bb betreibt das kleine gem\u00fctliche Lokal \u00abGEISS\u00bb als Ort der Begegnung und Kultur. \u201cGEISS\u201d ist die Abk\u00fcrzung f\u00fcr \"Gemeinsam Im St\u00e4dtli Sargans\u201d. Der regelm\u00e4ssige Kaffeebetrieb bildet das Herzst\u00fcck und tr\u00e4gt zur Belebung der Altstadt Sargans bei. Ob einfach zum Plaudern vorbeikommen, einen w\u00e4rmenden Tee trinken, Feste feiern, gemeinsam Essen, beim Spielturnier Taktik oder Gl\u00fcck walten lassen, ein kreatives Projekt umsetzen, Tipps zur Handhabung der N\u00e4hmaschine austauschen, lokales Bier degustieren, sich musikalisch entfalten oder spannende Kino Abende \u2013 hier gibt es Raum. Das Angebot ist vielf\u00e4ltig, lebt und ver\u00e4ndert sich durch die Menschen welche den Ort mitgestalten. F\u00fcr die kleinen G\u00e4ste bietet das Lokal eine Kinderecke.", "url": "https://www.geiss-sargans.ch", "image": "https://hltpimtsoch.sos-ch-dk-2.exoscale-cdn.com/catalog/9/d/1/a/9d1a6d4ad4d2ed6ea65b526910aa654d3552be10_80066f50_12ec_49e8_b8e5_af0e452bd387.jpg", "openstreetmap_id": "way/409349682"}, "geometry": {"type": "Point", "coordinates": ["9.436103097971923", "47.050304600000004"]}}, {"type": "Feature", "properties": {"identifier": "5d24d900-6d53-4191-b392-4d3adff63e6b", "name": "Haus Linaria (CharmingStay)", "description": "Gepflegte 3.5 Zimmerwohnung in Flumserberg-Mittenwald mit sehr grossem Gartensitzplatz. Gebaut wurde die Wohnung im Jahre 1974, wurde aber k\u00fcrzlich renoviert und hat 55m2. In unmittelbarer N\u00e4he zur Talstation Mittenwald. Virtueller 3D-Rundgang https://my.matterport.com/show/?m=3h4DvrLkh97  ", "url": "https://www.charmingstay.ch", "image": "https://hltpimtsoch.sos-ch-dk-2.exoscale-cdn.com/catalog/b/b/f/9/bbf957b758b11c548fba8057f91ec102a94fc50d_Haus_Linaria1.jpg", "openstreetmap_id": "way/325407995"}, "geometry": {"type": "Point", "coordinates": ["9.295494319019138", "47.0903293"]}}, {"type": "Feature", "properties": {"identifier": "5f12c2e9-71ad-42ea-acfc-b9e10c99c010", "name": "Landquart Fashion Outlet", "description": "<p>Inmitten der malerischen Kulisse der B&uuml;ndner Berge erwartet Sie das Landquart Fashion Outlet. Nur 60 min von Z&uuml;rich und 50 min von St. Gallen entfernt. Mehr als 170 Marken in &uuml;ber 100 Stores zu luxuri&ouml;s g&uuml;nstigen Preisen: Mode, Accessoires, Home- und Lifestyle-Produkte sowie eine faszinierende Auswahl an Outdoor- und Sportartikeln. Bummeln Sie durch das Shopping-Village im Chalet-Style, geniessen Sie die bezaubernde Atmosph&auml;re und lassen Sie sich in unseren vielf&auml;ltigen Restaurants, Caf&egrave;s und Bistros verw&ouml;hnen.</p><p>Auch sonntags ge&ouml;ffnet.</p><p>Attraktionen:</p><p>- Werden Sie Mitglied im Landquart Fashion Club. Laden Sie die Fashion Club App noch heute herunter (iOS und Android) und sparen Sie nochmals.</p><p>- Geniessen Sie Snacks an unseren Foodst&auml;nden oder feine Speisen und Drinks in unseren Restaurants, Caf&eacute;s und Bistros.</p><p>- Verbinden Sie Ihren Shopping-Ausflug mit einer Tour zu den Winzern der B&uuml;ndner Herrschaft und / oder einer Degustation (Informationen erhalten Sie telefonisch 081-300 02 22).</p><p><span style=\"mso-ascii-font-family: Aptos; mso-hansi-font-family: Aptos;\">- Die Guest Services beim Nord- und S&uuml;deingang bietet Ihnen praktische Dienstleistungen an, darunter sofortige Steuerer&uuml;ckerstattung f&uuml;r ausl&auml;ndische Besucher und Besucherinnen.&nbsp;</span></p><p><!-- [if !supportLists]--><span style=\"mso-ascii-font-family: Aptos; mso-hansi-font-family: Aptos;\">- Mit der j&uuml;ngsten Erweiterung pr&auml;sentiert sich das Village als noch attraktivere Shopping- und Lifestyle-Destination mit spannenden neuen Marken und Erlebnissen.</span></p>", "url": "http://www.landquartfashionoutlet.ch", "image": "https://hltpimtsoch.sos-ch-dk-2.exoscale-cdn.com/catalog/5/4/c/7/54c779fdd7e8d9941f879100fdf1ebc4fac36f32_Hauptbild_Landquart_Fashion_Outlet.jpg", "openstreetmap_id": "way/993453892"}, "geometry": {"type": "Point", "coordinates": ["9.552645672518366", "46.96516814879244"]}}, {"type": "Feature", "properties": {"identifier": "5f53692e-d66b-4c02-9b04-6ce4e1e1a190", "name": "Tennispl\u00e4tze Zizers", "description": "Die Pl\u00e4tze und das Clubhaus des Tennisclubs Zizers liegen an einem der sch\u00f6nsten Flecken im Churer Rheintal: Das \u00abSt\u00f6ckli\u00bb liegt am oberen Dorfrand von Zizers. Ein Besuch lohnt sich, selbst wenn man nicht Tennis spielen will. Einfach da sitzen, f\u00fcr einen kurzen Augenblick innehalten, die Ruhe und die sch\u00f6ne Aussicht geniessen, das tut gut. So oder so!", "url": "http://www.tczizers.ch", "image": "https://hltpimtsoch.sos-ch-dk-2.exoscale-cdn.com/catalog/7/9/7/9/79790fe0898cdf1d807c98ea853d93aebedccf32_IMG_1466.jpeg", "openstreetmap_id": "way/372632804"}, "geometry": {"type": "Point", "coordinates": ["9.569778442382814", "46.93203706901796"]}}, {"type": "Feature", "properties": {"identifier": "5f750e48-f329-4e74-8577-6bcad85dbbf0", "name": "Chalet K\u00f6bi", "description": "<p>Das 4,5 -Zimmer Ferienhaus liegt an einer ausgesprochen ruhigen und idyllischen Lage in Flumserberg Tannenheim. Es bietet eine atemberaubende Aussicht auf die gegen&uuml;berliegende Bergkette sowie das Tal, das sich bis nach Sargans erstreckt. Ein Aussen-Parkplatz und ein Garagen-Parkplatz stehen zur Verf&uuml;gung. Die Talstation der Prodalp-Gondelbahn Tannenheim ist ca. 900 Meter entfernt.</p>", "image": "https://hltpimtsoch.sos-ch-dk-2.exoscale-cdn.com/catalog/5/0/4/7/5047950b84918c3313baf4fe37dbdfe84dd2e307_Chalet_Koebi_Sommer.jpg", "openstreetmap_id": "way/229138650"}, "geometry": {"type": "Point", "coordinates": ["9.3077706", "47.0833686"]}}, {"type": "Feature", "properties": {"identifier": "604e1b98-2123-4136-9f82-8dbf165f8dc7", "name": "Taste", "description": "<p>Dich erwartet ein Ort f&uuml;r Mittagspausen, die Ruhe bringen, Mittagspausen, die neue Energie schenken. Abende, die der Seele gut tun und einen Drink, wann immer dein Leben eine Pause braucht. Unser Versprechen ist zwar nur zwei Worte lang, aber dennoch voller Bedeutung: mood &amp; food. Wir wollen mehr als satt machen: Mit dem Schritt durch die T&uuml;r soll sich dein Besuch besonders anf&uuml;hlen.&nbsp;</p>", "url": "https://taste-restaurant.ch/", "image": "https://hltpimtsoch.sos-ch-dk-2.exoscale-cdn.com/catalog/4/f/2/e/4f2e7b34fae80c52886b58584077c0591e528aa2_head_taste_mood_food.webp", "openstreetmap_id": "way/307269204"}, "geometry": {"type": "Point", "coordinates": ["9.56289043463173", "46.9698635"]}}, {"type": "Feature", "properties": {"identifier": "6057b1e5-ffc5-41ec-bb0c-a38d37ebd0ee", "name": "Pizzeria Trattoria Mamma Rosa", "description": "Sehr gerne verw\u00f6hnen wir Sie in der Pizzeria Trattoria Mamma Rosa in Landquart. Geniessen Sie die cucina italiana und verbringen Sie einen gem\u00fctlichen Abend mit Ihren Freunden oder Ihrer Familie.\n\nWir servieren Ihnen leckere Pizze, typische Italienische Gerichte wie Spaghetti, Risotto und Gnocchi oder auch einheimische Spezialit\u00e4ten aus der Region Landquart / Graub\u00fcnden oder aus der Schweiz.\n\nBei sch\u00f6nem Wetter haben wir unsere Terrasse ge\u00f6ffnet. Tanken Sie ein wenig Sonne, w\u00e4hrend Sie bei uns einkehren und den Hunger stillen.", "url": "https://www.mammarosa.ch/", "image": "https://hltpimtsoch.sos-ch-dk-2.exoscale-cdn.com/catalog/c/1/7/4/c174a72f1aeb4b7e73c7e589a7b4b2e999cffcb8_IMG_0176.jpeg", "openstreetmap_id": "way/404769925"}, "geometry": {"type": "Point", "coordinates": ["9.566379390715284", "46.95350895"]}}, {"type": "Feature", "properties": {"identifier": "6283eeb7-6bad-480e-888d-1dce28d1e05c", "name": "Haus DOMO", "description": "<p><strong><span class=\"Apple-style-span\">DOMO - Ihre Wohlf&uuml;hloase in den Alpen, direkt am Flumserberg</span></strong></p>\n<p>Erleben Sie unvergessliche Bergferien - ob verschneite Wintertage oder sonnige Sommerwochen - in der charmanten Ferienwohnung DOMO, direkt am Flumserberg. Hier trifft alpiner Lifestyle auf gem&uuml;tliches Ambiente und atemberaubende Natur.</p>\n<p><strong><span class=\"Apple-style-span\">Aktivurlaub oder pure Entspannung? Bei uns geht beides.</span></strong><br>Skifahren, Snowboarden, Biken, E-Biken, Wandern oder einfach die Seele baumeln lassen - all das beginnt praktisch vor der Haust&uuml;r. Die Seilbahnstationen sind nur ca. 3 Gehminuten entfernt und bringen Sie entweder auf &uuml;ber 2.000 Meter H&ouml;he oder hinunter zum malerischen Walensee, flankiert von den imposanten sieben Churfirsten.</p>\n<p><span class=\"Apple-style-span\">Details zu den einzelnen Ferienwohnungen</span></p>\n<ul>\n<li>1x 3.5-Zimmerwohnung im Erdgeschoss mit Dusche/Terrasse, 4 Personen, 82m2</li>\n<li>1x 4.5-Zimmerwohnung im Obergeschoss mit Dusche/Balkon, 4 ( bis 6) Personen, 60m2</li>\n</ul>\n<p><strong><span class=\"Apple-style-span\">Wohnen mit Stil und Aussicht</span></strong><br>Die beiden Wohnungen des Hauses DOMO &uuml;berzeugen mit hellen R&auml;umen, stilvollen Vintage-M&ouml;beln und warmem Holzambiente. Geniessen Sie den einzigartigen Panoramablick auf die umliegenden Berge - ob vom gem&uuml;tlichen Wohnzimmer oder von der sonnigen Terrasse oder dem Balkon.</p>\n<p>Die Wohnungen bieten Raum f&uuml;r bis zu 4 (6) Personen und sind ideal f&uuml;r Paare, Familien oder Freunde, die gemeinsam Natur, Sport und Erholung geniessen m&ouml;chten.</p>\n<p>F&uuml;r Biker steht ein grosser, &uuml;berdachter Stellplatz zur Verf&uuml;gung und f&uuml;r E-Bike-Enthusiasten zudem gen&uuml;gend leicht zug&auml;ngliche Ansteckm&ouml;glichkeiten.<br>Die Wintersportbegeisterten wiederum haben einen abschliessbaren Skiraum und einen leistungsstarken Skischuhtrockner zur freien Verf&uuml;gung.</p>\n<p><strong><span class=\"Apple-style-span\">Technische Einrichtung</span></strong><br>TV und WLAN stehen in beiden Wohnungen kostenlos zur Verf&uuml;gung.</p>", "image": "https://hltpimtsoch.sos-ch-dk-2.exoscale-cdn.com/catalog/e/6/6/2/e6623e0f58b34707bdda74d38259caa0384d36f5_3_IMG_8769k.jpg", "openstreetmap_id": "way/294246333"}, "geometry": {"type": "Point", "coordinates": ["9.282718592111657", "47.093954749999995"]}}, {"type": "Feature", "properties": {"identifier": "635e0604-01ba-4371-b6d2-ac1f24ab59e4", "name": "Hotel Tannenboden", "description": "Das Hotel Tannenboden befindet sich eingebettet im Zentrum vom Tannenboden am Flumserberg. Nur 150 Meter von den n\u00e4chsten Skipisten und Skiliften entfernt. Ebenfalls liegen Wanderwege, Bikerstrecken und Einkaufsm\u00f6glichkeiten in unmittelbarer N\u00e4he. So ist das Hotel Tannenboden f\u00fcr Ruhesuchende, Aktive und Geniesser der ideale Ausgangsort f\u00fcr ein paar Tage Urlaub.", "url": "http://www.tannenboden.ch", "image": "https://hltpimtsoch.sos-ch-dk-2.exoscale-cdn.com/catalog/6/c/0/9/6c09b7d3eb1d67d7a035615044c3aa851ae6278f_IMG_1229.jpg", "openstreetmap_id": "way/294246358"}, "geometry": {"type": "Point", "coordinates": ["9.286605903128759", "47.09299215"]}}, {"type": "Feature", "properties": {"identifier": "638e1245-980d-4efe-96b6-a6f6ec824a6d", "name": "Waldcamping Landquart AG", "description": "Idyllisches Camping in einem F\u00f6hrenwald, mit Stellpl\u00e4tzen sowie Mietunterk\u00fcnften ausgestattet. Es erwartet Sie ein gem\u00fctliches Bistro, ein heimeliger TV/Aufenthaltsraum, ein cooler Kinderspielplatz mit Wasserspiel, Tischtennis, Trampolin, Gartenschach, ein kleiner Shop direkt neben dem Platz und ein gutes Restaurant \"Sandplatz\" in unmittelbarer N\u00e4he. Alles, was Sie f\u00fcr einen entspannenden Aufenthalt ben\u00f6tigen.\n\nN\u00fctzliche G\u00e4stehinweise\nIn der N\u00e4he befindet sich das Heididorf oberhalb von Maienfeld, die Ortschaft Bad Ragaz mit Tamina Therme, zwei erstklassige Golfpl\u00e4tze, das Wander- und Schneesportgebiet Pizol oder die Taminaschlucht. Der Platz ist zudem ein idealer Ausgangspunkt f\u00fcr sch\u00f6ne Fahrrad- und Biketouren. Die Gegend gilt als Gleitschirmparadies und ist ideal zum Inlineskaten, Klettern und Wandern. Als Hauptort der Rh\u00e4tischen Bahn ist der Waldcamping Landquart bei Eisenbahnfans ein wichtiger Ausgangspunkt.", "url": "http://www.waldcamping.ch/", "image": "https://hltpimtsoch.sos-ch-dk-2.exoscale-cdn.com/catalog/5/f/d/f/5fdf219ce9688039bc5af229c8256d107271d707_20190818_084837__3.jpg", "openstreetmap_id": "way/432689456"}, "geometry": {"type": "Point", "coordinates": ["9.59385395050049", "46.970691710268156"]}}, {"type": "Feature", "properties": {"identifier": "63959f90-5175-4d4a-ab85-73a0baea3297", "name": "Chalet Iris", "description": "Die 4-Zimmerwohnung befindet sich an sonniger Lage in Flumserberg Tannenheim im Quartier Anggetlin, mit herrlicher Aussicht auf die Churfirsten. Die Talstation Tannenheim ist nur 700 m entfernt. Vor dem Haus stehen zwei kostenlose Parkpl\u00e4tze zur Verf\u00fcgung.\n\nDie Ferienwohnung ist gem\u00fctlich eingerichtet und auf zwei Etagen eingeteilt. Die W\u00e4nde in der ganzen Wohnung sind get\u00e4felt. Zur Wohnung geh\u00f6rt eine grosse Terrasse mit Liegestuhl.", "image": "https://hltpimtsoch.sos-ch-dk-2.exoscale-cdn.com/catalog/3/5/5/f/355f85795d70cf8c51b6c2b06e45d6b045cce5ae_Iris_Aussen_top__2_.JPG", "openstreetmap_id": "way/229138649"}, "geometry": {"type": "Point", "coordinates": ["9.3075603", "47.0835366"]}}, {"type": "Feature", "properties": {"identifier": "63b350b4-e38f-4b0a-92ba-67be9f47b5c9", "name": "Ferienwohnung Tobelbachstr. 11", "description": "Die moderne, heimelige 4.5-Zimmerwohnung in Flumserberg Tannenheim, wurde 2021 umfangreich saniert und neu eingerichtet. Die Wohnung befindet sich in unmittelbarer N\u00e4he zu Skilift und Hallenbad (3 Gehminuten) an ruhiger Lage mit einmaliger Aussicht auf die Berge. Ein kostenloser Parkplatz steht zur Verf\u00fcgung.", "image": "https://hltpimtsoch.sos-ch-dk-2.exoscale-cdn.com/catalog/e/8/7/5/e875b23ec5628a52761a70659bb332eed1ef9f6c_Aussenansicht.jpg", "openstreetmap_id": "way/383761297"}, "geometry": {"type": "Point", "coordinates": ["9.2978742", "47.09113455"]}}, {"type": "Feature", "properties": {"identifier": "63f490ec-c7d6-4942-9669-c43fe5a43e59", "name": "Hof Eggenberger", "description": "Unsere 2-Generationenhof liegt inmitten der sonnigen B\u00fcndner Herrschaft im Herzen des Weinbaudorfes Jenins. Zusammen bewirtschaften wir mit viel Begeisterung und Elan unseren Landwirtschaftsbetrieb mit integrierten Hofladen und SCHLAFF-FASS.", "url": "https://www.hofeggenberger.ch", "image": "https://hltpimtsoch.sos-ch-dk-2.exoscale-cdn.com/catalog/d/c/6/8/dc688be87cfd613f2cf07a84934469413df5a376_a60bfd5416bb90b0ff51e1c6e4d6ac96e3c0d441_image_28_02_22_09_35_1.jpeg", "openstreetmap_id": "way/445547459"}, "geometry": {"type": "Point", "coordinates": ["9.558609724044802", "46.99974157452924"]}}, {"type": "Feature", "properties": {"identifier": "640c2715-7005-4119-8431-662afeba67a3", "name": "Haus zur Tanne (CharmingStay)", "description": "Die sch\u00f6ne 2.5-Zimmerwohnung im Haus zur Tanne befindet sich im Zentrum von Tannenboden an einer top Lage und als Ausgangsstandort f\u00fcr Skifahren, Biken und Wandern. In nur weniger als 5 Gehminuten zum Skilift und Sammelplatz der Skischule. Die Ferienwohnung hat einen eigenen grossen Gartensitzplatz mit Mobiliar im Sommer und bietet eine wundersch\u00f6ne Aussicht auf die Bergketten. ", "url": "https://www.charmingstay.ch", "image": "https://hltpimtsoch.sos-ch-dk-2.exoscale-cdn.com/catalog/e/8/2/0/e820eedbc73db356326a4f016982135669d0a2a3_06_Badezimmer.jpg", "openstreetmap_id": "way/258942562"}, "geometry": {"type": "Point", "coordinates": ["9.287063300000003", "47.091816300000005"]}}, {"type": "Feature", "properties": {"identifier": "64c77d21-4d61-4597-b69e-5c00248b2b99", "name": "Terrassenwohnung im St\u00e4deli", "description": "<p>Modern, sonnig und naturnah \u2013 diese 3\u00bd-Zimmer-Ferienwohnung (68\u202fm\u00b2) mit grosser S\u00fcdterrasse (24\u202fm\u00b2) bietet alles, was das Herz von Erholungssuchenden und Naturliebhabern begehrt.</p><p>Die ruhige Lage mit traumhafter unverbaubarer Aussicht auf das Taminatal und den Calanda, der Komfort einer modernen Ausstattung und die N\u00e4he zum Ski- und Wandergebiet Pizol machen diese Wohnung zur perfekten Ferienadresse \u2013 nur 75 Autominuten von Z\u00fcrich entfernt!</p>\n\n<p>Highlights auf einen Blick: \n* Helles Wohnzimmer mit Panoramafenstern\n* Essbereich mit ausziehbarem Glastisch f\u00fcr 4 Personen \n* Voll ausgestattete K\u00fcche\n* 2 Schlafzimmer (1x offen)\n* Modernes Bad mit Dusche \n* Sonnenterrasse mit Gartenm\u00f6beln \n* Gratis WLAN\n* Gratis Tiefgaragenplatz, Skiraum, Lift ab Garage \n* Waschk\u00fcche im Haus (gegen Geb\u00fchr) \n* 1-2 Hunde (je nach Gr\u00f6sse) willkommen (bitte Hunderegeln beachten)</p>\n\n<p>Lage & Umgebung: Die Wohnung liegt in Valens, einem idyllischen Kurort oberhalb von Bad Ragaz. Nur wenige Minuten entfernt befindet sich die renommierte Rehaklinik Valens \u2013 ideal f\u00fcr Begleitpersonen oder Kuraufenthalte. Das Skigebiet Pizol ist in nur 15 Minuten erreichbar.</p>\n\n<p>Nahegelegene Skigebiete: \n* Pizol: 15 Minuten * Flumserberg: 34 Minuten * Lenzerheide: 45 Minuten * Laax/Flims: 50 Minuten Folgende Winteraktivit\u00e4ten warten auf Euch: -Skifahren und Snowboarden -Airborden -Schlitteln -Eislaufen -Eisstockschiessen -Langlaufen -Schneeschuhlaufen -Fitness und verschiedene Kursangebote und vieles mehr. <p>Im Sommer l\u00e4dt die Region zum Wandern, Biken, Golfen, Schwimmen oder einfach Geniessen ein. Die Ferienregion Heidiland bietet das ganze Jahr hindurch ein breites Freizeitangebot wie: -Wandern -Mountainbiking -Inlineskating am Rhein -Boccia -Minigolf -Golf -Schwimmen -Tennis und vieles mehr.</p>\n\n<p>Besonderheiten: \nDie Nichtraucherwohnung (Rauchen auf der Terrasse erlaubt) bietet ein entspanntes Umfeld f\u00fcr Paare, Familien sowie Begleitpersonen von Kurg\u00e4sten. Check-in ist ab 15:00 Uhr, Check-out bis 10:00 Uhr; in Valens gibt es keinen Lebensmittelladen, daher wird der Einkauf in Bad Ragaz empfohlen.</p>\n\n<p>Ob f\u00fcr aktive Bergferien, entspannte Wellness-Tage oder als ruhiger R\u00fcckzugsort \u2013 diese stilvolle Ferienwohnung in Valens bietet Ihnen Bergfeeling pur.</p>\n\n<p>\ud83d\udcc5 Jetzt buchen & unvergessliche Tage in den Schweizer Alpen erleben!</p>", "image": "https://hltpimtsoch.sos-ch-dk-2.exoscale-cdn.com/catalog/f/0/7/4/f074e2a217faf970a55456c4d670f33eebaa5572_IMG_8124.jpeg", "openstreetmap_id": "way/590842132"}, "geometry": {"type": "Point", "coordinates": ["9.475316405296327", "46.965958647877"]}}, {"type": "Feature", "properties": {"identifier": "65b3464d-7ea0-4a1a-a8a4-27f5bc7bd105", "name": "Haus Meierh\u00fcsli - Ferienwohnung", "description": "Das moderne Studio befindet sich mitten im Dorfkern von Malans an ruhiger Lage. Zum Studio steht ein abschliessbarer Raum f\u00fcr Velos, Skis oder andere Sportger\u00e4te zur Verf\u00fcgung.\n\nDas kleine, feine Studio (Baujahr 2012) ist liebevoll und sehr modern eingerichtet. Es verf\u00fcgt \u00fcber einen eigenen Eingang sowie einen Sitzplatz mit Gartenst\u00fchlen und einen Tisch. und einem abschliessbarem Raum f\u00fcr Sportger\u00e4te", "url": "http://www.bnb-meierhuesli.ch", "image": "https://hltpimtsoch.sos-ch-dk-2.exoscale-cdn.com/catalog/a/6/4/0/a6406f664d63e1707aba1ef2dd205cc2521cf5ef_Haus_Meierh__sli__9_.jpg", "openstreetmap_id": "way/232221584"}, "geometry": {"type": "Point", "coordinates": ["9.576165530670995", "46.981429399999996"]}}, {"type": "Feature", "properties": {"identifier": "66ea4a83-3d8b-44dd-b753-934ff3c956e6", "name": "Chalet Tobeleck (CharmingStay)", "description": "Das Chalet befindet sich in Flumserberg Tannenheim mit sch\u00f6ner Aussicht auf die Churfirsten und die Alvierkette. Es ist als 3.5-Zimmerwohnung oder 4.5-Zimmer-Maisonette-Wohnung (ganzes Chalet) mietbar. Unterhalb des Chalets stehen zwei Parkpl\u00e4tze kostenlos zur Verf\u00fcgung.\n\nDetails der einzelnen Ferienwohnungen\n- 1x 3.5-Zimmerwohnung im Obergeschoss\n- 1x 4.5-Zimmer-Maisonette-Wohnung (ganzes Chalet)\n\nBeide Ferienwohnungen sind komfortabel und zeitgem\u00e4ss eingerichtet und verf\u00fcgen \u00fcber ein gem\u00fctliches, offenes Wohnzimmer mit zwei Sofas, Lesesessel und Flachbild-TV sowie einen Essbereich mit Esstisch, Eckbank und St\u00fchlen. Eine moderne K\u00fcche mit Kochherd, Backofen, K\u00fchlschrank, Geschirrsp\u00fcler, Kaffee-/Wasserkocher, Toaster. Badezimmer mit Dusche/WC.", "url": "https://www.charmingstay.ch", "image": "https://hltpimtsoch.sos-ch-dk-2.exoscale-cdn.com/catalog/a/e/f/a/aefa1d6e35633f80f8fa28bdad0c5fc6e731e758_image00007.jpeg", "openstreetmap_id": "way/182426761"}, "geometry": {"type": "Point", "coordinates": ["9.303805232048036", "47.083887260394604"]}}, {"type": "Feature", "properties": {"identifier": "675e3d05-7cbb-4103-b2c4-f0c745791ddf", "name": "Milchzentrale Bad Ragaz", "description": "Die Milchzentrale stellt einmalige Produkte selbst her, das hausgemachte Fondue, ausgezeichnet als bestes Fondue der Ostschweiz, die weitherum bekannte Glace und viele andere Spezialit\u00e4ten aus der Milchzentrale lassen das Herz jedes Gourmets h\u00f6her schlagen.", "url": "https://www.milchzentrale.ch", "image": "https://hltpimtsoch.sos-ch-dk-2.exoscale-cdn.com/catalog/7/7/6/e/776e77d815c536db8b8ce11b2a743ea51fe8da26_ff_024.jpg", "openstreetmap_id": "way/837636797"}, "geometry": {"type": "Point", "coordinates": ["9.502025842666628", "47.00303666086313"]}}, {"type": "Feature", "properties": {"identifier": "678802ba-14f0-48d0-83d6-ab84ba894d99", "name": "G\u00e4stezimmer Cantunada", "description": "Das Heidi Romantik-Zimmer im Weingut Cantunada, ausgestattet mit einem herrlichen Doppelbett, finden Sie in einem 300-j\u00e4hrigen Herrschaftshaus inmitten des St\u00e4dtchens Maienfeld. Das Gew\u00f6lbe verleiht dem Zimmer viel Charme und speziellen Charakter. Das Badezimmer mit Dusche/WC befindet sich ausserhalb des Zimmers, ist aber zur alleinigen Nutzung.", "image": "https://hltpimtsoch.sos-ch-dk-2.exoscale-cdn.com/catalog/f/2/d/d/f2dde83dc336c3ec5941cb9948d0703d3c67cbed_IMG_4671.jpg", "openstreetmap_id": "way/1267069860"}, "geometry": {"type": "Point", "coordinates": ["9.531193904743692", "47.0084622"]}}, {"type": "Feature", "properties": {"identifier": "68ba02d3-cccd-448e-98d9-7f1665542611", "name": "Gondelbar Pizol", "description": "Im Winter ist die Gondelbar der ideale Ort, um einen gelungenen Skitag ausklingen zu lassen! Geniesse das rustikale Ambiente und ein vielseitiges Angebot an Drinks, Shots, Bier, Caf\u00e9 und Tee, Limo\u2019s, Snacks und vielem mehr...\n\nIm Sommer bieten sich erfrischende Glac\u00e9s im gem\u00fctlichen Aussenbereich sowie Spielm\u00f6glichkeiten (Rolltoys) f\u00fcr Kinder. Die Gondelbar an der Talstation der Pizolbahnen in Bad Ragaz, ist im Sommer als auch im Winter der Ideale Treffpunkt mit Freunden und Bekannten - oder einfacher, ein Platz zum geniessen!", "url": "https://www.gondelbar-pizol.ch", "image": "https://hltpimtsoch.sos-ch-dk-2.exoscale-cdn.com/catalog/a/5/f/7/a5f7f12e817607bc949bde8e35e8a9710022f711_IMG_20220512_gondelbar_sommer_cr_carmen_schulz.jpg", "openstreetmap_id": "node/558818427"}, "geometry": {"type": "Point", "coordinates": ["9.473363757133486", "47.0174567937065"]}}, {"type": "Feature", "properties": {"identifier": "68ecbd97-0664-4a57-b8de-0a8feb4db384", "name": "Ferienwohnung Andrea", "description": "Die 2 \u00bd Zimmerwohnung liegt ruhig am Waldrand, nur ca. 800 m vom Dorfzentrum Mels entfernt. Wander- und Fahrradwege liegen in unmittelbarer N\u00e4he und bis zum Ski- und Wandergebiet Pizol sind es nur wenige Fahrminuten. Ein Parkplatz steht kostenfrei zur Verf\u00fcgung.\n\nDie Wohnung liegt im Parterre und ist modern und komfortabel eingerichtet. Das Wohnzimmer und das Schlafzimmer verf\u00fcgen \u00fcber einen Parkettboden.", "image": "https://hltpimtsoch.sos-ch-dk-2.exoscale-cdn.com/catalog/5/2/2/0/5220bcab1d2d50dd21fabd78f958cda55493fa11_Ferienwohnung_Andrea__1_.jpg", "openstreetmap_id": "way/410668093"}, "geometry": {"type": "Point", "coordinates": ["9.41401166008065", "47.052833199999995"]}}, {"type": "Feature", "properties": {"identifier": "68ff6816-75cc-46b4-a6ae-142656ac56f6", "name": "Haus Margrithli, Furt", "description": "Hausteil direkt bei Ski-/ Sessellift und Bahn-Bergstation. Sonnenterrasse mit Ausblick ins Rheintal, Churfirsten. Im Sommer Parkplatz. SAT-TV.\nKomplette K\u00fcche mit grossem K\u00fchlschrank, 3 Kochplatten, Backofen, Mikrowelle und gen\u00fcgend Schr\u00e4nken.", "image": "https://hltpimtsoch.sos-ch-dk-2.exoscale-cdn.com/catalog/0/8/e/1/08e122dbf56d4e5441ca970d1290f25bdd8f8f98_Bilder_2010_008.jpg", "openstreetmap_id": "node/240092143"}, "geometry": {"type": "Point", "coordinates": ["9.424209594726564", "47.004831632997345"]}}, {"type": "Feature", "properties": {"identifier": "697c04d5-cc19-4b57-ab49-585587d1c5ff", "name": "Tschudiboden (3 Wohnungen)", "description": "Das Ferienhaus befindet sich an ruhiger Lage in Flumserberg Tannenheim mit traumhafter Aussicht auf die Churfirsten und die Alvierkette. Kostenlose Parkpl\u00e4tze befinden sich vor dem Haus.\n\nDetails der einzelnen Ferienwohnungen\n- 1x 2 Zimmerwohnung im Parterre\n- 1x 3.5 Zimmerwohnung im Obergeschoss\n- 1x 4 Zimmerwohnung im Mittelgeschoss\n\nAlle drei Ferienwohnungen sind gem\u00fctlich eingerichtet und verf\u00fcgen \u00fcber ein Wohnzimmer mit Sofa, Schlafgelegenheit und Flachbild-TV, ein Essbereich mit Esstisch, Bank und St\u00fchlen sowie eine kleine K\u00fcche mit allem was man braucht. Badezimmer mit WC, Badewanne oder Dusche.", "image": "https://hltpimtsoch.sos-ch-dk-2.exoscale-cdn.com/catalog/f/8/c/d/f8cd701c581f3d0265f9c24adf25e54492f11f59_20241221_101245.jpg", "openstreetmap_id": "way/205538804"}, "geometry": {"type": "Point", "coordinates": ["9.297269618489583", "47.09376955"]}}, {"type": "Feature", "properties": {"identifier": "6ac24ebb-5922-4166-aab0-1a068457159c", "name": "Slalom Bar Flumserberg", "description": "In der Slalom Bar treffen sich G\u00e4ste jeden Alters, ob einheimisch, Feriengast oder ganz einfach nur Musikfreund.\n\nBei Live-Musik ist Top-Stimmung garantiert. Erleben Sie selbst einen grossartigen Abend in rustikalem Ambiente bis zur sp\u00e4ten Stunde. Das Slalom Bar Team heisst Sie herzlichst willkommen. \n\nReservationen nehmen wir gerne unter Tel. 081 733 11 22 entgegen. Die reservierten Pl\u00e4tze m\u00fcssen bis 21.00 Uhr belegt sein.\n\n\u00d6ffnungszeiten (ab 12. Dezember 2025): Freitag und Samstag ab 20.30 Uhr", "url": "https://tannenboden.ch/slalom-bar/", "image": "https://hltpimtsoch.sos-ch-dk-2.exoscale-cdn.com/catalog/b/f/a/0/bfa08ec2e7e2b684231c8606153ee39c461d7ea8_2017_02_24.jpg", "openstreetmap_id": "node/11153427950"}, "geometry": {"type": "Point", "coordinates": ["9.2861663", "47.0930688"]}}, {"type": "Feature", "properties": {"identifier": "6b33a4cb-ea2c-4a43-b489-c0b121c15d44", "name": "Chalet Marlies Tannenboden", "description": "Das Holzchalet befindet sich an sonniger Lage in Flumserberg Tannenbodenalp, mit sch\u00f6ner Aussicht auf die Berge. Die Busstation, Bergbahnen, Skilift und Einkaufsm\u00f6glichkeiten sind zu Fuss erreichbar. Zum Haus geh\u00f6rt ein Aussenparkplatz.\n\nDie Wohnung ist zweckm\u00e4ssig eingerichtet und verf\u00fcgt \u00fcber einen Wohnbereich mit Sofa und eine Kochgelegenheit. Bad mit Dusche und WC.", "image": "https://hltpimtsoch.sos-ch-dk-2.exoscale-cdn.com/catalog/d/4/8/7/d487a4706f278303c7af3f51934f0926209cd5e4_Chalet_Marlies_2.jpg", "openstreetmap_id": "way/325408051"}, "geometry": {"type": "Point", "coordinates": ["9.295423296060036", "47.0913222"]}}, {"type": "Feature", "properties": {"identifier": "6be4b35b-090d-42f1-a202-afcd3580677f", "name": "Hotel & Skifahren am Pizol", "description": "<p><span class=\"Apple-style-span\"><strong>Top-Angebot und nur &uuml;ber Heidiland Tourismus buchbar:</strong>&nbsp;w&auml;hrend der ganzen Wintersaison ist bei einem Aufenthalt ab 2 - 7 N&auml;chten der Skipass inklusive.</span><br><br>Nur knapp eine Stunde von Z&uuml;rich und St. Gallen entfernt, erlebst du am Pizol Winter pur. Geniesse ein paar Tage im vielseitigen Wintersportgebiet mit 12 Anlagen und 50 km Pisten. In Verbindung mit zwei bis sieben &Uuml;bernachtungen direkt im Skigebiet oder in Bad Ragaz und Umgebung ist der Skipass inbegriffen.<br><br><span class=\"Apple-style-span\">Inkludierte Leistungen:</span></p><ul><li>10 speziell ausgew&auml;hlte Hotels stehen dir zur Verf&uuml;gung</li><li>2 - 7 &Uuml;bernachtungen (inkl. Fr&uuml;hst&uuml;ck*) in der gew&auml;hlten Zimmerkategorie im Hotel deiner Wahl</li><li>2 - 7 Tage Skipass f&uuml;r das Skigebiet Pizol (g&uuml;ltig an gleich vielen Tagen wie N&auml;chte gebucht)</li><li>allf&auml;llige Taxen</li></ul><p>* Berghotel Gaffia und Zanuz inkl. Halbpension</p><p><span class=\"Apple-style-span\">Konditionen:</span></p><ul><li>buchbar w&auml;hrend der ganzen Wintersaison&nbsp;</li><li>bis 1 Tag vor Anreise buchbar</li><li>g&uuml;ltig nach Verf&uuml;gbarkeit</li><li>das Skiticket erh&auml;ltst du an der Talstation Wangs oder Bad Ragaz gegen Vorweisen deines Vouchers (bitte mitbringen)</li></ul>", "image": "https://hltpimtsoch.sos-ch-dk-2.exoscale-cdn.com/catalog/c/1/d/d/c1dd7c8d482f1427c880bdfc681b08b2a7efaed2_large__Winter_Pizolbahnen_2023__5___1_.jpg"}}, {"type": "Feature", "properties": {"identifier": "6d36b0b7-e698-4153-a38e-f27a91f4fd1f", "name": "Bahnhof Murg", "description": "<div>Der Bahnhof Murg liegt in unmittelbarer N&auml;he des Walensees und dient als praktischer Ankunfts- und Ausgangspunkt fu\u0308r Ausflu\u0308ge in die Region sowie entlang des Seeuferwegs Walensee. Der Bahnhof ist u\u0308bersichtlich und gut angebunden. Wer mit dem Auto anreist, findet beim Bahnhof 15 Parkpl&auml;tze (P+Rail Murg). Von hier aus lassen sich Spazierg&auml;nge, Badepl&auml;tze und das Murgtal bequem erreichen.</div>", "url": "https://www.sbb.ch/de/reiseinformationen/bahnhoefe/bahnhof-finden/bahnhof.9417.murg.html", "image": "https://hltpimtsoch.sos-ch-dk-2.exoscale-cdn.com/catalog/5/d/e/0/5de0a7674dc9319ca9e79fa02c798c835c31ac95_Bahnhof_Piktogramm_HLT.png", "openstreetmap_id": "node/418160521"}, "geometry": {"type": "Point", "coordinates": ["9.214890003204347", "47.11332056556371"]}}, {"type": "Feature", "properties": {"identifier": "6e3d9576-d52e-480b-bf31-84628f5c907c", "name": "E-Bike Station Bad Ragaz", "description": "<p>Betrieben vom Zweiradfachgesch\u00e4ft Suso Bike aus Walenstadt bietet die Station eine topmoderne Mietflotte an Trek E-Bikes und E-Scooter. Wer Tipps f\u00fcr Touren mit dem E-Bike in der Region Heidiland braucht, einen Guide oder einen Fahrtechnikkurs buchen m\u00f6chte, ist bei der E-Bike Station Bad Ragaz an der richtigen Adresse. - Trek E-Mountainbikes, Diamant City-E-Bikes und E-Scooter - Tipps, Infos und Kontakte zum Radfahren in der Region Heidiland - Buchung von Kulinarik-Touren und weitere Angebote der E-Bike Station Bad Ragaz - Gef\u00fchrte Touren mit Guide und Fahrtechnikkurse Gruppen haben die M\u00f6glichkeit, die E-Bikes an einen bestimmten Ausgangspunkt liefern zu lassen oder sie dort abzuholen. Preis auf Anfrage. Betrieb: Mai - Oktober</p>", "url": "https://www.ebikestation.ch/", "image": "https://hltpimtsoch.sos-ch-dk-2.exoscale-cdn.com/catalog/5/f/5/3/5f534af471e9326d8cd042382bfd57f3cae314e5_E_Bike_Station_Bad_Ragaz_Suso_Bike_lgmedia_20240526_1__2.jpg", "openstreetmap_id": "way/465434211"}, "geometry": {"type": "Point", "coordinates": ["9.505157", "46.9997676"]}}, {"type": "Feature", "properties": {"identifier": "6e82fcae-1d81-424e-8f20-fca3df605443", "name": "Krimi-Trail Sargans: Mord in Sargans - der \"Apothekerfall\"", "description": "<p>Wer teilnehmen will, kann sich den Krimi-Trail auf www.krimi-trails.ch kaufen. Der K&auml;ufer erh&auml;lt dann Haftbefehl-Code sowie die &laquo;Krimi-Akte&raquo; des Falls. Dabei handelt es sich um die Beschreibung des Kriminalfalls, des Auftrags sowie der in Frage kommenden Tatverd&auml;chtigen und die &Uuml;bersicht der am Tatort gefundenen Beweismittel. Anschliessend besuchen die Ermittler den Tatort und in einer selbst festzulegenden Reihenfolge die Wohn-, Arbeits- und Freizeitorte der verd&auml;chtigen Personen. Mittels Zusatzhinweisen, welche die Ermittler an diesen Orten erhalten, gelingt es den Ermittlern schliesslich, Verd&auml;chtige auszuschliessen resp. den T&auml;ter oder die T&auml;terin ausfindig zu machen und schliesslich mittels Erstellung eines Haftbefehls den T&auml;ter zu &uuml;berf&uuml;hren. Der Fall: Mord in Sargans &ndash; der Apothekerfall Andreas Kohler, wird Opfer einer Messerattacke. Er wird erstochen. Das Opfer tr&auml;gt einen Rucksack, in welchem auch sein mit Geld gef&uuml;lltes Portemonnaie steckt. Der T&auml;ter war offenbar nicht aufs Geld aus. Eine &Uuml;berwachungskamera zeigt, wie Andreas, bevor er ermordet wurde, mit einem Mann, ein Gesch&auml;ft abgeschlossen und etwas ausgetauscht hat &ndash; ein Drogengesch&auml;ft? Der Mann konnte identifiziert werden, er heisst Mirko Eggenschwiler. Im Rucksack des Ermordeten findet die Spurensicherung einen leeren Rezeptblock eines Arztes. Das letzte SMS, welches Andreas Kohler auf dem Handy erhielt, war ein r&auml;tselhafter Abholcode f&uuml;r ein Medikament. Outdoor-Gruppenerlebnis ohne Voranmeldung. Die Krimi-Trails sind ein Outdoor-Gruppenerlebnis f&uuml;r Paare, Schulen und Firmenausfl&uuml;ge. Eine Voranmeldung ist nicht m&ouml;glich. Die Krimi-Trails kostet CHF 40.00/Gruppe.</p>", "url": "https://www.krimi-trails.ch/", "image": "https://hltpimtsoch.sos-ch-dk-2.exoscale-cdn.com/catalog/5/7/1/7/571725d3bb1965563a0c69518972b28fb37d39f7_WINTERTRAIL_FOTOS_2.jpg", "openstreetmap_id": "way/43106859"}, "geometry": {"type": "Point", "coordinates": ["9.441532902796338", "47.0434164"]}}, {"type": "Feature", "properties": {"identifier": "6eafe152-c2b9-48d9-a643-c529b1e13860", "name": "Wirtschaft zum Gemsli", "description": "<p data-start=\"75\" data-end=\"348\">Die Wirtschaft zum Gemsli in Mels ist ein liebevoll gef&uuml;hrtes Restaurant, das f&uuml;r seine gem&uuml;tliche, rustikale Atmosph&auml;re gesch&auml;tzt wird. Das Lokal befindet sich an der Oberdorfstrasse 28 und ist sowohl bei Einheimischen als auch bei G&auml;sten aus der Region beliebt.</p><p data-start=\"350\" data-end=\"747\">Die Speisekarte umfasst eine Auswahl an Zwischenmahlzeiten wie den beliebten Gemsli-Toast, Sandwiches, Salsiz oder das traditionell &ouml;sterreichische Grammelschmalz-Brot, die mit frischen Zutaten aus der Region zubereitet werden. Besonders hervorzuheben ist die grosse Weinauswahl. Im jahrhundertealten Weinkeller lagern neben einheimischen Tropfen auch erlesene Weine aus der ganzen Welt.</p><p data-start=\"749\" data-end=\"1188\">Das Gemsli ist auch ein Ort f&uuml;r gesellige Anl&auml;sse wie Alpabfahrten, Fasnachtsfeiern oder lokale Feste, die regelm&auml;ssig organisiert werden. Auch ausserhalb der &Ouml;ffnungszeiten kann das Gemsli f&uuml;r eine Vielzahl von Anl&auml;ssen reserviert werden. Ob Geburtstagspartys, Hochzeitsap&eacute;ros, Polterabende, Konzerte &ndash; alles hat Platz im Gemsli. Das freundliche und herzliche Personal sorgt daf&uuml;r, dass sich die G&auml;ste rundum wohlf&uuml;hlen.</p><p data-start=\"1190\" data-end=\"1317\">Mit kostenlosen Parkpl&auml;tzen direkt vor dem Haus und einer guten Erreichbarkeit ist das Restaurant ideal f&uuml;r spontane Besuche.</p>", "url": "https://gemsli-mels.com/", "image": "https://hltpimtsoch.sos-ch-dk-2.exoscale-cdn.com/catalog/1/b/d/a/1bda53b56038cfa8edbefb0f05f63c9b439c8d51_Wirtschaft_zum_Gemsli.jpg", "openstreetmap_id": "relation/1683906"}, "geometry": {"type": "Point", "coordinates": ["9.417428970336916", "47.0452049697649"]}}, {"type": "Feature", "properties": {"identifier": "6f035391-5410-4097-ac10-eb426fd4f9cb", "name": "Bistro Golf Club Heidiland", "description": "Dieses sch\u00f6ne Fleckchen direkt bei den Golfpl\u00e4tzen des Golf Clubs Heidiland l\u00e4dt mit seiner grossz\u00fcgigen Terrasse zum Lunchen und Verweilen ein. Schmackhafte Gerichte, leichte Snacks oder einfach ein k\u00fchler Drink zum Feierabend? Das K\u00fcchenteam im Golfbistro freut sich auf Golfer und alle, die es in das gr\u00fcne Panorama zieht.", "url": "https://www.grandresort.ch/experience-golf/golf/bistro-heidiland", "image": "https://hltpimtsoch.sos-ch-dk-2.exoscale-cdn.com/catalog/1/7/6/b/176b51da55b1842d46ff10de0ec592b2a216da84_2018_05_22.jpg", "openstreetmap_id": "relation/3297611"}, "geometry": {"type": "Point", "coordinates": ["9.516695028802676", "46.9975241"]}}, {"type": "Feature", "properties": {"identifier": "6f68f44b-cd21-444b-90f0-5f0a69439641", "name": "Kiosk Strandbad Unterterzen", "description": "<div><p>Der <strong>Kiosk im Strandbad Unterterzen</strong> an der Gostenstrasse 20 liegt direkt am Ufer des Walensees und versorgt Badeg&auml;ste w&auml;hrend der Sommersaison mit kleinen warmen Gerichten, Snacks, Getr&auml;nken und Eis. Zum Angebot z&auml;hlen klassische Badi\u2011Spezialit&auml;ten wie Hot Dogs, Hamburger sowie eine Auswahl an erfrischenden Getr&auml;nken.</p><p>Der Kiosk befindet sich auf dem <strong>kostenlos zug&auml;nglichen Gel&auml;nde des Resort Walensee</strong> mit Liegewiese, Kieselstrand und Grillstelle. Das Strandbad ist vom <strong>Bahnhof Unterterzen in wenigen Gehminuten erreichbar</strong> und eignet sich ideal f&uuml;r einen entspannten Badetag oder eine Pause am See.</p><p>Zur Infrastruktur vor Ort geh&ouml;ren zudem eine <strong>Beach Lounge</strong>, &ouml;ffentliche <strong>Toiletten und Duschen</strong>, ein <strong>Spielplatz</strong> sowie weitere gastronomische Angebote auf der Terrasse des Resort Walensee. F&uuml;r aktive G&auml;ste stehen im angrenzenden <strong>Intersport\u2011Verleih SUPs und Kajaks</strong> zur Verf&uuml;gung.</p><p>Der Kiosk Strandbad Unterterzen ist damit ein beliebter Treffpunkt f&uuml;r Badeg&auml;ste, Familien und Ausfl&uuml;gler, die den Sommer direkt am Walensee geniessen m&ouml;chten.</p></div>", "image": "https://hltpimtsoch.sos-ch-dk-2.exoscale-cdn.com/catalog/9/8/5/c/985cfb78182a7be1c9e3fde63821b4a1a4150aad_Kiosk_Piktogramm_HLT.png", "openstreetmap_id": "way/244433289"}, "geometry": {"type": "Point", "coordinates": ["9.254651069641115", "47.11473699623163"]}}, {"type": "Feature", "properties": {"identifier": "6fa15ff9-ea7b-4733-9dd9-6d79c6f55cd0", "name": "E-Tandem-Miete f\u00fcr alle", "description": "- Erleben Sie unvergessliche Abenteuer auf unserem Moustache E-Tandem!\n- Perfekt f\u00fcr Freunde, Paare und Familien, egal ob mit oder ohne Beeintr\u00e4chtigung!\n- losfahren, Spa\u00df haben und geniessen!\n- elektrische Unterst\u00fctzung f\u00fcr m\u00fcheloses Fahren auch am Berg!\n- Geniessen Sie die Heidiland Region und erkunden Sie neue Orte!\n- sehr attraktive Mietbedingungen f\u00fcr Menschen mit Handycap an unserem Standort in Landquart bei der Sportshop 41 AG!\n- Buchen Sie jetzt und entdecken Sie die Freude am E-Tandemfahren!\n\nWorauf warten Sie noch? Lernen Sie diese sch\u00f6ne Region auf eine einzigartige und barrierefreie Art und Weise kennen!\nPlanen Sie noch heute Ihr Tandem-Abenteuer. Wir freuen uns darauf, Ihnen ein unvergessliches Erlebnis zu bieten!\n\nSchweizerischer Blinden- und Sehbehindertenverband, Sektion Graub\u00fcnden", "url": "https://www.anderssehen.ch/landquart", "image": "https://hltpimtsoch.sos-ch-dk-2.exoscale-cdn.com/catalog/3/c/7/f/3c7f23cb9afa84f7807412791fe05cf2f85ec526_20230709_Moustache_E_Tandem_2__3.jpg", "openstreetmap_id": "node/6867847254"}, "geometry": {"type": "Point", "coordinates": ["9.5571107", "46.9675999"]}}, {"type": "Feature", "properties": {"identifier": "6fb7de46-dbbb-4881-91c4-a77383f4dc01", "name": "Haus Wiesengr\u00fcn", "description": "Das Haus Wiesengr\u00fcn liegt an sehr ruhiger Lage, mit traumhafter Aussicht auf die Churfirsten und nur 10 Gehminuten von den Bergbahnen, den L\u00e4den und der Pizzeria Tannenheim entfernt.\nDas Haus Wiesengr\u00fcn ist modern und familienfreundlich eingerichtet und verf\u00fcgt \u00fcber eine Garage, sowie einen Abstellplatz. Es ist ein Nichtraucher Ferienhaus. Im Winter empfehlt es sich Schneeketten dabei zu haben.\n\nIm 2013 neu erstellten Obergeschoss hat es ein ger\u00e4umiges Familienzimmer mit einem Doppelbett, einem Kaj\u00fcttenbett und einem Einzelbett und zwei kleinere Zimmer mit je zwei Einzelbetten.\nIm Erdgeschoss befindet sich ein weiteres Schlafzimmer mit einem Doppelbett. Es steht zudem ein Babybett zur Verf\u00fcgung. Bettw\u00e4sche ist auf Wunsch vorhanden. Im Wohnzimmer gibt es einen Schwedenofen (Holz im Keller), ein Radio und ein Fernsehger\u00e4t. Die grosse K\u00fcche ist komplett ausgestattet (Fondue, Raclette, usw.) und verf\u00fcgt \u00fcber eine Geschirrsp\u00fclmaschine, einen Kaffee-Vollautomaten und einen grossen K\u00fchlschrank.", "url": "http://www.wiesengruen.ch", "image": "https://hltpimtsoch.sos-ch-dk-2.exoscale-cdn.com/catalog/1/4/3/8/1438660bae68fab8301146ee5b66a802cf0aaeea_Haus_Wiesengr__n_1.jpg", "openstreetmap_id": "way/205538788"}, "geometry": {"type": "Point", "coordinates": ["9.297662901888673", "47.0935892"]}}, {"type": "Feature", "properties": {"identifier": "6ff4d970-c422-444d-8a7b-03d132e0f38b", "name": "SUP-Verleih in der sagilounge am See", "description": "Stand-up Paddling auf dem Walensee \u2013 ein wunderbares Erlebnis!\n\nUnser Angebot: Stunden- oder tageweise Vermietung von SUPs und Riesen-SUPs (f\u00fcr Gruppen bis 10 Personen) inklusive Paddles, Schwimmwesten, Leashes & kurzer Einf\u00fchrung durch unser Personal.\n\n---\n\nLust auf einen sportlichen Ausflug auf den See? Mieten Sie ein Kanu (f\u00fcr 2-3 Erwachsene oder 2 Erwachsene & 2 Kinder) oder Kajak (f\u00fcr eine erwachsene Person) und erleben Sie den See von seiner sch\u00f6nsten Seite.\n\nUnser Angebot: Stunden- oder tageweise Vermietung von Kanus und Kajaks \u2013 nur auf Voranmeldung. Kanu-/Kajak-Erfahrung w\u00fcnschenswert. Inklusive Paddles und Schwimmwesten sowie kurzer Einf\u00fchrung durch unser Personal.\n\n---\n\nSie m\u00f6chten den Walensee auf dem Motorboot entdecken?\nUnser Angebot: Motorbootmiete f\u00fcr bis zu 10 Personen, mit oder ohne Kapit\u00e4n \u2013 nur auf Voranmeldung. Die Ausgabe und R\u00fccknahme des Boots findet bei der Anlegestelle im sagisteg statt.\n\nAuf Anfrage k\u00f6nnen wir Ihnen auch Wakeboarding, Wasserski, etc. als Option anbieten. Bei der Nutzung des Boots f\u00fcr diese Aktivit\u00e4ten ist die maximale Personenanzahl auf 6 beschr\u00e4nkt.", "url": "https://www.sagibeiz.ch/", "image": "https://hltpimtsoch.sos-ch-dk-2.exoscale-cdn.com/catalog/f/b/0/7/fb073c80c47b5417813818e4074356322bd8d305_Wassersport_lofthotel_sagibeiz__1_.jpg", "openstreetmap_id": "node/418190201"}, "geometry": {"type": "Point", "coordinates": ["9.2191277", "47.1131596"]}}, {"type": "Feature", "properties": {"identifier": "6ff9664e-741a-4e74-aaa8-e807eb9899a0", "name": "Chalet am Tobelbach", "description": "Dank der genialen Lage des Hauses bleibt ihr Auto w\u00e4hrend des Aufenthaltes stehen. Mit den Skiern erreichen Sie die Talstation der Gondelbahn Tannenheim direkt vom Haus aus. Nach einem Skitag fahren Sie bequem wieder von der Piste zu Ihrem heimeligen Feriendomizil.  \nEine Strasse f\u00fchrt das ganze Jahr direkt zum Chalet, wo Ihnen drei bis max. 4 Parkpl\u00e4tze direkt beim Haus zur Verf\u00fcgung stehen. Gem\u00fctlichkeit ist f\u00fcr Ihren Aufenthalt garantiert. \n\nDas Haus verf\u00fcgt \u00fcber 3 holzvert\u00e4felte Schlafzimmer (zwei mit Doppelbett, eines mit Kaj\u00fctenbetten), ein Badezimmer mit Dusche, Closomat und Doppellavabo sowie ein weiteres separates WC. In der ger\u00e4umigen, voll eingerichtete K\u00fcche macht kochen sogar im Urlaub Spass und der grosse ausziehbare Esstisch mit gem\u00fctlicher Eckbank eignet sich bestens f\u00fcr gesellige Abende mit Familie und Freunden. Highlight ist der grossz\u00fcgige und offene Wohnbereich mit herrlicher unverbauter Aussicht auf die Alivierkette, die Churfirsten und freiem Blick \u00fcber das Sarganserland.", "image": "https://hltpimtsoch.sos-ch-dk-2.exoscale-cdn.com/catalog/a/a/4/0/aa40bf06a0bb6a9f9b65f4d0492a98712cb17197_Chalet_am_Tobelbach_1.jpg", "openstreetmap_id": "way/413154705"}, "geometry": {"type": "Point", "coordinates": ["9.305036144322598", "47.083694513636374"]}}, {"type": "Feature", "properties": {"identifier": "72030e12-42cf-479b-ab74-ef8a8ed0a479", "name": "Ferienhaus Fisch", "description": "Gem\u00fctliches 2.5-Zimmer-Ferienhaus im Kurort Bad Ragaz an sonniger und ruhiger Lage, mit Chemin\u00e9e im Wohnzimmer. \n\nDie moderne K\u00fcche ist komplett ausgestattet und verf\u00fcgt u.a. \u00fcber einen Geschirrsp\u00fcler. Das Badezimmer und ein separates WC mit Lavabo sind ebenfalls frisch renoviert. \n\nDas Ferienhaus befindet sich in Gehdistanz zum historischen Dorfzentrum und verf\u00fcgt \u00fcber einen Gartensitzplatz sowie einen eigenen Autoabstellplatz.", "image": "https://hltpimtsoch.sos-ch-dk-2.exoscale-cdn.com/catalog/f/7/6/0/f7604f35acbf8bb0023880bb8e13d3f1e0795f54_IMG_6008a.JPG", "openstreetmap_id": "way/118979559"}, "geometry": {"type": "Point", "coordinates": ["9.502379894256594", "47.00372544437181"]}}, {"type": "Feature", "properties": {"identifier": "7253eb13-aa2c-4cb7-b1ec-f657676d1f92", "name": "Rathauskeller Mels - Weinlokal", "description": "<p class=\"MsoNoSpacing\"><span lang=\"DE-CH\" style=\"mso-bidi-font-size: 10.0pt;\">Verweilen Sie in unserem charmanten Gew\u00f6lbekeller mitten im Herzen von Mels \u2013 an einem Ort, an dem Geschichte, Gem\u00fctlichkeit und Genuss zusammenfinden. In entspannter Atmosph\u00e4re bei einem feinen Glas Melser Wein und kleinen, liebevoll zubereiteten kulinarischen K\u00f6stlichkeiten l\u00e4sst sich dem Alltag wundervoll entfliehen.</span></p><p class=\"MsoNoSpacing\"><span lang=\"DE-CH\" style=\"mso-bidi-font-size: 10.0pt;\">Kommen Sie vorbei \u2013 entdecken, geniessen und verweilen Sie! Wir freuen uns auf Ihren Besuch.</span></p><p class=\"MsoNoSpacing\"><span lang=\"DE-CH\" style=\"mso-bidi-font-size: 10.0pt;\">Feiern Sie im besonderen Ambiente. Unsere R\u00e4ume bieten Platz f\u00fcr bis zu 50 Personen. Ideal f\u00fcr Geburtstage, (Hochzeits-)Ap\u00e9ros oder einfach ein gutes Glas Wein mit Freunden. Ob ein gem\u00fctlicher Ap\u00e9ro oder ein genussvolles, mehrg\u00e4ngiges Men\u00fc \u2013 wir gehen gerne auf Ihre W\u00fcnsche ein und gestalten Ihr Fest ganz nach Ihren Vorstellungen mit ehrlicher und gutb\u00fcrgerlicher K\u00fcche sowie viel Liebe zur Region.</span></p><p class=\"MsoNoSpacing\"><strong><span lang=\"DE-CH\" style=\"mso-bidi-font-size: 10.0pt;\">Weingenuss f\u00fcr Zuhause \u2013 unsere Vinothek</span></strong></p><p class=\"MsoNoSpacing\"><span lang=\"DE-CH\" style=\"mso-bidi-font-size: 10.0pt;\">In unserer Vinothek trifft Genuss auf Kompetenz und Leidenschaft. F\u00fcr eine pers\u00f6nliche Weinberatung besuchen Sie uns doch in unserer\u00a0<u>Vinothek</u> oder bestellen Sie erlesene Weine, Edelbr\u00e4nde oder unseren alkoholfreien Trubetau direkt im Online-Shop.</span></p>", "url": "https://www.rathauskellermels.ch/", "image": "https://hltpimtsoch.sos-ch-dk-2.exoscale-cdn.com/catalog/e/5/3/a/e53a20e7965e88bc7e0c449b450d778a89571990_image__2_.jpg", "openstreetmap_id": "way/410664274"}, "geometry": {"type": "Point", "coordinates": ["9.419257", "47.0466979"]}}, {"type": "Feature", "properties": {"identifier": "736d74dd-b29e-43d9-a41a-0e865e3672ef", "name": "Suso Bike GmbH, Walenstadt", "description": "<p>Wir sind Ihr erster Ansprechpartner rund um ihre Radmomente. Es ist uns wichtig das passende f&uuml;r ihre Bed&uuml;rfnisse zu finden, wir beraten sie kompetent, sind zuverl&auml;ssig und geben unser best M&ouml;gliches ihre W&uuml;nsche zu erf&uuml;llen.</p><p>Wir bieten ihnen beste Qualit&auml;t und Leistungen f&uuml;r Ihr Fahrrad vom Verkauf bis zur Reparatur in unserer professionellen Werkstatt mit ausgebildeten Fachkr&auml;ften, bei uns ist ihr Zweirad in den richtigen H&auml;nden, auch nach dem Kauf sind wir f&uuml;r sie da.</p><p>Zudem f&uuml;hren wir Bike Bekleidung vieler Marken, von der Socke bis zum Helm! Auch f&uuml;r alles rund herum sind wir ausgestattet von der Bikekarte, &uuml;ber den Einkaufskorb f&uuml;r ihr Velo bis hin zur Beleuchtung!</p>", "url": "http://www.susobike.ch", "image": "https://hltpimtsoch.sos-ch-dk-2.exoscale-cdn.com/catalog/8/8/2/a/882aaefc8b0807211ac4e282cda7932e7170a0a2__DSC0215_1.jpg", "openstreetmap_id": "way/70295605"}, "geometry": {"type": "Point", "coordinates": ["9.314852618499426", "47.12321125"]}}, {"type": "Feature", "properties": {"identifier": "7441b9ad-515d-4d1e-af39-fa8ae5370649", "name": "Metzgerei Kalberer", "description": "<p data-start=\"152\" data-end=\"472\">Die Metzgerei Kalberer AG in Wangs steht seit mehr als acht Jahrzehnten f&uuml;r erstklassige Fleisch- und Wurstspezialit&auml;ten. In Familienbesitz gearbeitet, legt das Unternehmen grossen Wert auf Regionalit&auml;t: die Tiere stammen von einheimischen Lieferanten, und die Herstellung erfolgt m&ouml;glichst ohne unn&ouml;tige Zusatzstoffe.</p><p data-start=\"474\" data-end=\"861\">Neben dem Verkaufsladen in Wangs betreibt Kalberer eine Produktionshalle in Vilters. Wer auch ausserhalb der Ladenzeiten hochwertiges Fleisch w&uuml;nscht, profitiert vom Fleischautomaten neben dem Laden &ndash; rund um die Uhr mit Barzahlung nutzbar. Mit etwa 15 Mitarbeitenden bietet die Metzgerei pers&ouml;nlichen Service, Frische und Verl&auml;sslichkeit f&uuml;r alle, die Wert auf echte Metzgerkunst legen.</p>", "url": "https://www.metzgerei-kalberer.ch/", "image": "https://hltpimtsoch.sos-ch-dk-2.exoscale-cdn.com/catalog/9/4/d/7/94d7f6fd6a6677c4bc6e24b35af08fcad7069caa_laden_panorama_scaled.jpg", "openstreetmap_id": "node/4425707489"}, "geometry": {"type": "Point", "coordinates": ["9.431564", "47.0322727"]}}, {"type": "Feature", "properties": {"identifier": "74a4f83b-28b2-4846-a580-43d93845bdad", "name": "Schweizer Skischule Bad Ragaz-Wangs-Pizol", "description": "<p>Privat- sowie Gruppenunterricht</p><p>Bester Lernerfolg! Ihr Schneesportlehrer richtet den Unterricht auf Ihre Bed\u00fcrfnisse und W\u00fcnsche aus. F\u00fcr Kinder und Erwachsene, f\u00fcr Skifahrer und Snowboarder aller K\u00f6nnerstufen.</p>", "image": "https://hltpimtsoch.sos-ch-dk-2.exoscale-cdn.com/catalog/0/e/6/4/0e64efbed22c7efc7163f172a22c1153bdbcbf87_Hauptseite_0.jpg", "openstreetmap_id": "node/4301387458"}, "geometry": {"type": "Point", "coordinates": ["9.4641886", "46.9894085"]}}, {"type": "Feature", "properties": {"identifier": "74cd3364-abba-430a-a6f0-f567a0c3eb80", "name": "Hertihof Besenbeiz", "description": "Der Bauernhof mit Besenbeiz im B\u00fcndner Rheintal steht f\u00fcr fadengrad ehrliche Gastronomie. Nix schnick, nix schnack: einfaches, stilvolles Ambiente. Gute Produkte. Und Menschen die gerne Menschen haben. Unter dem Motto vom \u00abSchw\u00e4nzli bis zum Schn\u00f6rrli\u00bb kommen hochwertige Produkte vorwiegend vom eigenen Hof/Feld auf den Tisch. Aus Respekt vor dem Tier landen nicht nur die edlen St\u00fccke auf dem Teller der G\u00e4ste, sondern gut und gerne auch mal ein Voressen, Siedfleisch oder Haxen. Herrlicher Aussenbereich mit viel Platz zum Sein, auch f\u00fcr Kinder. Hunde sind gerne gesehen, wenn sie keine Angst daf\u00fcr aber Respekt vor unseren Tieren haben.", "url": "https://www.hertihof.ch/", "image": "https://hltpimtsoch.sos-ch-dk-2.exoscale-cdn.com/catalog/d/9/b/f/d9bf2c8e06713f6dc7c28715f237f62dc713f77f_Hertihof_Besenbeiz_7.jpg", "openstreetmap_id": "way/161757237"}, "geometry": {"type": "Point", "coordinates": ["9.5478175", "46.9243919"]}}, {"type": "Feature", "properties": {"identifier": "753c734e-963f-4b8b-ae3a-21fd0ae8bbc7", "name": "Weingut Schloss Salenegg", "description": "Schloss Salenegg, das \u00e4lteste Weingut Europas\n\nSeit 1068 wird auf Schloss Salenegg Wein angebaut und seit 1654 ist Schloss Salenegg im Besitz der Familie Gugelberg von Moos. Von Generation zu Generation wurde mit Mut und Weitsicht Wissen und Erfahrung weitergeben, zusammen mit einem tiefen Respekt f\u00fcr die Natur. Alle Erzeugnisse von Schloss Salenegg - der Wein, die Destillate, der Delikat Essig und das kaltgepresste \u00d6l - werden mit Liebe, Fleiss und K\u00f6nnen naturnah an- und ausgebaut.\n\nIm Jahr 2020 wurde von Helene von Gugelberg die gr\u00f6sste Umstrukturierung des Weinbaus seit 1906 in die Wege geleitet. Neben Blauburgunder und Chardonnay wurden im Fr\u00fchjahr 2021 die pilzwiderstandsf\u00e4higen Sorten, Sauvignac und Cabernet blanc gepflanzt. Die neu angelegten Rebberge sind so gestaltet, dass sie eine gr\u00f6sstm\u00f6gliche Biodiversit\u00e4t erlauben und die maschinellen Arbeiten zu einem sp\u00e4teren Zeitpunkt durch autonome Fahrzeuge ausgef\u00fchrt werden k\u00f6nnen. Das Weingut wurde per 2025 an Markus von Gugelberg \u00fcbergeben. Auch der Sohn von Helene von Gugelberg f\u00fchrt die lange Tradition auf Schloss Salenegg, dem \u00e4ltesten Weingut Europas, weiter mit dem Ziel der steten Ausrichtung auf den neusten Stand der Nachhaltigkeit.", "url": "http://www.schloss-salenegg.ch/", "image": "https://hltpimtsoch.sos-ch-dk-2.exoscale-cdn.com/catalog/a/7/5/4/a754e72934e37b459fe59a3559fb307a19765679_Weingut_Schloss_Salenegg_Front__2.jpg", "openstreetmap_id": "way/133620487"}, "geometry": {"type": "Point", "coordinates": ["9.52847515363829", "47.01073565"]}}, {"type": "Feature", "properties": {"identifier": "75cf4e58-21d1-472c-8aa6-9e3aaf604dde", "name": "Haus Mezzaselva (CharmingStay)", "description": "Die 2-Zimmerwohnung befindet sich in einem 2007 erbauten Mehrfamilienhaus an ruhiger aber zentraler Lage und fantastischer Aussicht auf die Churfirsten. Einkaufsm\u00f6glichkeiten, Skilift, Schlittenbahn, Hallenbad und Wanderwege befinden sich in direkter Umgebung. Zur Wohnung geh\u00f6rt ein kostenloser Tiefgaragenplatz.\n\nDie Wohnung ist modern und komfortabel eingerichtet. Die ganze Wohnung ist mit einem Plattenboden ausgestattet. Die Fussbodenheizung sorgt f\u00fcr ein angenehmes Raumklima. Zur Wohnung geh\u00f6rt eine m\u00f6blierte Terrasse mit herrlicher Panoramaaussicht.", "url": "https://www.charmingstay.ch", "image": "https://hltpimtsoch.sos-ch-dk-2.exoscale-cdn.com/catalog/6/d/e/a/6deae09fd00512684b616268df209b30e31461a0_Haus_Mezzaselva_Wohn_Essbereich.JPG", "openstreetmap_id": "way/194824444"}, "geometry": {"type": "Point", "coordinates": ["9.297152550000007", "47.089659749999996"]}}, {"type": "Feature", "properties": {"identifier": "76381e05-743d-49f1-8335-97be6557af91", "name": "Kletterturm CLiiMBER", "description": "Kletterturm CLiiMBER \u2013 das heisst f\u00fcr dich abwechslungsreicher Kletterspass mit \u00fcber 100 Kletterstationen kompakt eingebettet auf 3 Etagen im kristallf\u00f6rmigen Turm auf der Hochebene Prodalp.\n\nJede Etage bietet 30 verschiedene, originell ausgearbeitete Kletterstationen mit unterschiedlichem Design und Schwierigkeitsgrad.\n\nDurch die flexible Parcoursreihenfolge entscheidest du selber, welche Route du nimmst und erh\u00f6hst deinen Schwierigkeitsgrad hinauf zur 3. Etage auf luftige 15 Meter H\u00f6he nach eigenem Ermessen.\n\nminiCLiiMBER\nDer exklusive MiniCLiiMBER erm\u00f6glicht gar Kids ab 4 Jahren oder bis 1.40 m erste Kraxeltouren.\n\nflyingCLiiMBER\nLass dich ab den oberen Etagen vom Kletterturm in die Weite tragen und schwebe mit dem flyingCLiiMBER auf 6 verschiedenen Linien, auf \u00fcber 15 Meter H\u00f6he und 700 m L\u00e4nge. Sp\u00fcre den Wind und geniesse die herrliche Aussicht. Dieses Erlebnis ist nur f\u00fcr Personen die gr\u00f6sser als 1.40 m sind erlaubt. \n\nCLiiMBERwall\nDeine Geschicklichkeit ist gefragt. Klettere auf 5 Kletterrouten auf eine H\u00f6he von 6 Metern. Versuche dich in dieser faszinierenden Sportart und trainiere deine Kraft in H\u00e4nden und Armen. Kinder ab 4 Jahren d\u00fcrfen die CLiiMBERwall ben\u00fctzen. Das Selbstsicherungssytem bringt alle Kletternden sicher wieder auf den Boden.", "url": "https://www.flumserberg.ch/kletterberg", "image": "https://hltpimtsoch.sos-ch-dk-2.exoscale-cdn.com/catalog/5/e/e/8/5ee87047c97ca7e3d64f763547560e034b989cdf_Kletterturm_CLiiMBER.jpg", "openstreetmap_id": "node/3431838772"}, "geometry": {"type": "Point", "coordinates": ["9.288795590400698", "47.080727680903"]}}, {"type": "Feature", "properties": {"identifier": "765f21fc-739d-42e7-a514-92317ce958c8", "name": "Haus Edelweiss", "description": "Das Haus Edelweiss befindet sich im Ski- und Wandergebiet Pizol auf Pardiel. Direkt neben der Bergstation der Gondelbahn Bad Ragaz, mit direktem Zugang von der 8er Gondelbahn liegt das Haus auf 1&#039;630m \u00fc. M. Im Sommer/Herbst ein herrlicher Ausgangspunkt zu vielen Wanderungen und Erlebnissen am Pizol. Im Winter direkt an 43 Pistenkilometern gelegen. Die drei Ferienwohnungen sind modern und gem\u00fctlich eingerichtet.", "url": "http://www.pizol.com", "image": "https://hltpimtsoch.sos-ch-dk-2.exoscale-cdn.com/catalog/0/f/e/7/0fe79218da2bbafedca7a0eb98d0ceca2c79b209_Ferienwohnungen_Haus_Edelweiss_Alpenr__sli_cr_Riccardo_G__tz__2_.jpg", "openstreetmap_id": "node/4301387458"}, "geometry": {"type": "Point", "coordinates": ["9.46451783180237", "46.98960617968337"]}}, {"type": "Feature", "properties": {"identifier": "7663e752-ce38-49ed-9597-6fc839771c7a", "name": "Ferienwohnung Casa Riposo", "description": "Die 6.5-Zimmerwohnung steht sehr zentral und doch ruhig am Waldrand in Flumserberg Tannenheim. Die Talstation Prodalp-Express, Bushaltestelle, Einkaufsm\u00f6glichkeiten und Restaurants sind in 5 Gehminuten erreichbar. Die Wohnung liegt im ersten Stock und ist \u00fcber eine Aussentreppe erreichbar. Zur Wohnung geh\u00f6ren 2  Aussenparkpl\u00e4tze. Weitere Parkpl\u00e4tze befinden sich bei den Bergbahnen Tannenheim, welche kostenpflichtig sind.\n\nDie Ferienwohnung ist sehr gem\u00fctlich, komfortabel und modern eingerichtet. Der Wohn- und Schlafbereich ist mit einem sch\u00f6nen Holzboden ausgestattet. Zur Wohnung geh\u00f6rt zudem ein Balkon.\nZur Wohnung geh\u00f6ren 2 Parkpl\u00e4tze die restlichen Autos k\u00f6nnen bei den Bergbahnen Parkiert werden auf kosten der Mieter,", "url": "http://www.casa-riposo.ch/", "image": "https://hltpimtsoch.sos-ch-dk-2.exoscale-cdn.com/catalog/8/1/7/a/817ace9a42fcc1a2d9f7923d731b8357df0cc5b8_Wohnzimmer.jpg", "openstreetmap_id": "way/325407996"}, "geometry": {"type": "Point", "coordinates": ["9.300026492074048", "47.0912043"]}}, {"type": "Feature", "properties": {"identifier": "76daeeca-59a0-46ec-8212-82859e4c33b6", "name": "Haus Gimpel", "description": "Die 3.5 Zimmerwohnung befindet sich an ruhiger Lage in Flumserberg Tannenheim mit herrlicher Aussicht. Bis zur Talstation der Prodalp-Gondelbahn, Restaurants und Einkaufsm\u00f6glichkeiten sind es ca. 900 m. Zur Wohnung geh\u00f6rt ein kostenloser Parkplatz. Vom Parkplatz f\u00fchrt eine l\u00e4ngere Treppe abw\u00e4rts zum Haus.\n\nDie Wohnung ist heimelig mit viel Holz eingerichtet. Der Schwedenofen im Wohnbereich macht den Aufenthalt sehr gem\u00fctlich. Die ganze Wohnung verf\u00fcgt \u00fcber einen Teppichboden.", "image": "https://hltpimtsoch.sos-ch-dk-2.exoscale-cdn.com/catalog/6/f/d/8/6fd8ee986d7e87e5f55c7297a9523a9be4d00d61_Haus_Gimpel_1.jpg", "openstreetmap_id": "way/413154700"}, "geometry": {"type": "Point", "coordinates": ["9.3083221", "47.084048"]}}, {"type": "Feature", "properties": {"identifier": "77017b65-a7c8-4873-b21f-7c1e97cbd7f2", "name": "Casa Mia Pardiel", "description": "<p>Die Unterkunft befindet sich im Herzen vom Skigebiet Pizol, direkt neben der Schwammpiste auf der H&ouml;he von 1'633 m.&uuml;.M. Der Weg ins Casamia beginnt am Parkplatz der Pizolbahn Bad Ragaz. Von dort aus geht es mit der bequemen 8er Gondel hoch zur Mittelstation. Von hier sind es zu Fuss (im Winter mit Schneeschuhen) nur noch wenige Gehminuten. Das Haus bietet einen sehr hohen Qualit&auml;tsstandard mit Platz f&uuml;r bis zu sechs Personen. Ideal f&uuml;r Ferien mit der ganzen Familie.</p>", "url": "https://casamiapardiel.ch/", "image": "https://hltpimtsoch.sos-ch-dk-2.exoscale-cdn.com/catalog/9/7/8/b/978b23dbe7d34d145a8740c253f7b55169558cb8_Wohnbereich.jpg", "openstreetmap_id": "node/4301387458"}, "geometry": {"type": "Point", "coordinates": ["9.461942911148073", "46.99073977678801"]}}, {"type": "Feature", "properties": {"identifier": "77a2324d-00a4-4f32-8c3e-433cd2d6e51b", "name": "Weingut Donatsch & Winzerstube \"zum Ochsen\"", "description": "Ein Besuch in der historischen Arvenstube der \u00abWinzerstube zum Ochsen\u00bb in Malans ist ein bleibendes Erlebnis f\u00fcr alle Sinne.\nIn stilvoller Atmosph\u00e4re geniessen Sie regionale Spezialit\u00e4ten, begleitet von erlesenen Weinen aus dem eigenen Weingut Donatsch.\n\nDie Donatsch-Weine k\u00f6nnen in der Winzerstube auch nach eigener Auswahl als Degustationsbrett zur individuellen Weinverkostung bestellt werden.\n\nDie kleine, feine Speisekarte setzt bewusst auf Qualit\u00e4t statt Quantit\u00e4t:\nHausgemachte Gerstensuppe, eine w\u00e4hrschafte Wurst, B\u00fcndnerplatte mit luftgetrockneten Fleischspezialit\u00e4ten und ein gut gereifter K\u00e4se.\n\nDie 1926 erbaute B\u00fcndnerstube mit ihrem ber\u00fchmten blauen Kachelofen l\u00e4dt besonders im Winter zum Verweilen ein.\nAn sonnigen Tagen geniessen Sie auf dem Balkon den Blick \u00fcber die D\u00e4cher von Malans bis in die B\u00fcndner Berge.\n\nF\u00fcr Weinbegeisterte erwartet Sie in der Vinothek eine aussergew\u00f6hnliche Auswahl an Spitzenweinen:\nJahrg\u00e4nge aus dem Weingut Donatsch, Weine ausgew\u00e4hlter Winzer aus der B\u00fcndner Herrschaft sowie grosse Klassiker aus Bordeaux, Burgund und weiteren europ\u00e4ischen Regionen.\n\u00dcber 200 Positionen liegen zur Auswahl bereit, darunter gesuchte Rarit\u00e4ten.\n\nWeinkenner sind hier im Paradies \u2013 und haben die Qual der Wahl.", "url": "http://www.donatsch-malans.ch", "image": "https://hltpimtsoch.sos-ch-dk-2.exoscale-cdn.com/catalog/c/5/3/b/c53b42f18dfe37e76e535ced79d3cfc87b732984_Winzerstube_zum_Ochsen_Malans__2.jpg", "openstreetmap_id": "way/232221793"}, "geometry": {"type": "Point", "coordinates": ["9.576973", "46.9816203"]}}, {"type": "Feature", "properties": {"identifier": "78944b14-056f-4bcf-a8df-7cc72a3d9961", "name": "Haus Panorama Hak (CharmingStay)", "description": "Die 4.5-Zimmerwohnung befindet sich in Flumserberg Tannenheim, sehr nahe der Bergbahn Prodalp-Express und bietet eine sch\u00f6ne Aussicht auf die Churfirsten. Zur Wohnung geh\u00f6rt ein kostenloser Garagenplatz.  \n\nDie grossz\u00fcgige Wohnung im zweiten Stock ist zweckm\u00e4ssig eingerichtet. Sch\u00f6ne Landschaftsbilder zieren die W\u00e4nde. Die Wohnung verf\u00fcgt \u00fcber zwei Balkone mit Morgen- und Abendsonne.", "url": "https://www.charmingstay.ch", "image": "https://hltpimtsoch.sos-ch-dk-2.exoscale-cdn.com/catalog/2/3/c/3/23c33307587e9a277a1f4d9dfa2cddd97df04c1d_Panorama_B___Woh._Hak__8_.jpg", "openstreetmap_id": "way/194824434"}, "geometry": {"type": "Point", "coordinates": ["9.304051995277407", "47.08981171315592"]}}, {"type": "Feature", "properties": {"identifier": "78f09ee3-1bf6-4d99-bd67-cdb12a127661", "name": "von Salis Vinothek", "description": "<p>Lichtdurchflutet, offen gestaltet und mit viel Liebe zum Detail: Unsere neue Vinothek vereint durchdachtes Design mit Weinkultur \u2013 ganz nach unserem Credo: der Wein im Mittelpunkt.</p><p>Entstanden ist ein Ort des Entdeckens und Geniessens, der Raum schafft f\u00fcr Austausch, Beratung und inspirierende Begegnungen. Ob beim St\u00f6bern durch das sorgf\u00e4ltig kuratierte Sortiment oder bei einer Degustation. Unsere Weine sind international gepr\u00e4gt \u2013 mit Weinen aus der Schweiz, Italien, Frankreich, Spanien und \u00d6sterreich. Im Fokus steht aber ganz klar unsere Weinheimat: Rund ein Viertel unseres Sortiments stammt aus der B\u00fcndner Herrschaft.</p><p>Beim Aufbau der Vinothek haben wir uns bewusst f\u00fcr ein modernes Konzept entschieden, dass nicht nach L\u00e4ndern unterscheidet, sondern in Themenwelten unterteilt ist. Klar, einfach und intuitiv \u2013 denn Wein soll Freude und nicht Kopfzerbrechen bereiten. So gliedert sich die Vinothek in vier Themenwelten: \u00abUnsere Heimat\u00bb f\u00fcr Weine aus Graub\u00fcnden, \u00abFamilie & Freunde\u00bb, \u00abAnstossen & Feiern\u00bb und \u00abGrosse Weine\u00bb f\u00fcr besondere Genussmomente.</p>", "url": "https://www.vonsalis-wein.ch/", "image": "https://hltpimtsoch.sos-ch-dk-2.exoscale-cdn.com/catalog/1/9/6/9/196973bc32ae152aef9e78dbc640910ebcce8e31_von_salis_vinothek_maienfeld_k_1.jpeg", "openstreetmap_id": "way/176144689"}, "geometry": {"type": "Point", "coordinates": ["9.523730278015138", "47.001158027583884"]}}, {"type": "Feature", "properties": {"identifier": "791f3b4e-6af1-43c3-ace2-1f1598aefc5f", "name": "Boulderei GmbH", "description": "Wir bieten mit unserer Boulderhalle mit 220 m2 eine Vielzahl an Routen in allen m\u00f6glichen Schwierigkeitsgraden an. Bei uns findet der Anf\u00e4nger sowie der Profi eine geeignete Route, die seinen Anspr\u00fcchen gerecht wird.\n\nNeben unserer Boulderwand bieten wir eine Lounge f\u00fcr die Erholung und betreiben eine kleine Bar, an der man den Durst l\u00f6schen kann. \n\nAuch Kinder sind bei uns herzlich willkommen. F\u00fcr unsere kleinen Besucher haben wir eine spezielle Kinderecke gebaut, in der sich die Begleiter von Mama und Papa ideal zur\u00fcckziehen k\u00f6nnen.\n\nF\u00fcr Firmen, Schulen, Kindergeburtstage und gr\u00f6ssere Gruppen ab 8 Personen besteht die M\u00f6glichkeit, die Boulderhalle auch ausserhalb der \u00d6ffnungszeiten zu mieten.", "url": "http://www.boulderei.ch/", "image": "https://hltpimtsoch.sos-ch-dk-2.exoscale-cdn.com/catalog/9/b/9/c/9b9c40b7d94fb3a0299a0493c46a24c0f90e42b6_244591735_4817449338288107_8260655810413698918_n.jpg", "openstreetmap_id": "relation/1683880"}, "geometry": {"type": "Point", "coordinates": ["9.341082572937013", "47.087936510281935"]}}, {"type": "Feature", "properties": {"identifier": "7944f9ad-ab6c-4fa4-a055-472e19a2ab69", "name": "Swiss Helicopter AG", "description": "<p>Als f\u00fchrende Helikopterfirma bieten wir zuverl\u00e4ssige, sichere und professionelle Dienstleistungen. Unser erfahrenes Team nutzt moderne Technologien und engagiert sich f\u00fcr Nachhaltigkeit und kontinuierliche Verbesserung \u2013 f\u00fcr Ihre Zufriedenheit und eine sichere Zukunft.</p>", "image": "https://hltpimtsoch.sos-ch-dk-2.exoscale-cdn.com/catalog/b/a/d/3/bad361c5ef3cee151a989b94cfdd854bb2a4b4b3__A859744.jpg", "openstreetmap_id": "node/11887318195"}, "geometry": {"type": "Point", "coordinates": ["9.5511007", "46.9131752"]}}, {"type": "Feature", "properties": {"identifier": "79bb1f5e-0286-4c41-9539-f3e0f3c2df0c", "name": "Casa Terza (CharmingStay)", "description": "Die wundersch\u00f6ne und gem\u00fctliche 4.5-Zimmerwohnung befindet sich an Top-Lage bei der Tannenbodenalp. Innerhalb von wenigen Gehminuten erreichen Sie die Talstation Tannenbodenalp, die Skischule, Restaurants, Sportgesch\u00e4fte sowie den Seejet. Zur Wohnung geh\u00f6ren zwei Aussenparkpl\u00e4tze (im Winter ein Aussenparkplatz). ", "url": "https://www.charmingstay.ch", "image": "https://hltpimtsoch.sos-ch-dk-2.exoscale-cdn.com/catalog/a/5/b/c/a5bce863388d530852b3976b3ec1d9506e511f78_Casa_Terza_Essbereich.JPG", "openstreetmap_id": "way/228797644"}, "geometry": {"type": "Point", "coordinates": ["9.281828953094703", "47.0936342"]}}, {"type": "Feature", "properties": {"identifier": "7a0eba2d-e7f9-42a1-8545-505e95e9b997", "name": "Foto Fetzer", "description": "Kreativit\u00e4t, Zuverl\u00e4ssigkeit und Qualit\u00e4t sind Werte, die uns auszeichnen. Mit unserem spezialisierten und motivierten Team, das sich laufend weiterbildet, stehen wir Ihnen mit unserem Fachwissen jederzeit gerne zur Verf\u00fcgung. Unsere Aufnahmen umschreiben wir als nat\u00fcrlich, lebendig und gef\u00fchlvoll.", "url": "https://fetzer.ch/", "image": "https://hltpimtsoch.sos-ch-dk-2.exoscale-cdn.com/catalog/3/b/5/d/3b5dd081101f619b950eb130d0fdea6ab3078ade_FotoFetzer_004_Shop.jpg", "openstreetmap_id": "way/1091255308"}, "geometry": {"type": "Point", "coordinates": ["9.500808119773867", "47.00266071223961"]}}, {"type": "Feature", "properties": {"identifier": "7ae30204-b35c-4cb2-b212-e5d27f57b440", "name": "Studio Brisblick (CharmingStay)", "description": "Die 1.5-Zimmerwohnung liegt sehr ruhig in Tannenboden Dorf mit sch\u00f6ner Sicht auf die Churfirsten und die Alvierkette. Zur Wohnung geh\u00f6rt ein kostenfreier Parkplatz.\n\nDas Studio im Parterre mit Terrasse ist einfach eingerichtet, mit allem, was man braucht.\nHaustiere sind erlaubt.", "url": "http://www.charmingstay.ch", "image": "https://hltpimtsoch.sos-ch-dk-2.exoscale-cdn.com/catalog/3/6/3/0/3630cd8b64e05dc1c4fb85aa6e975bfd30c43531_Brisiblick_Studio_3.jpg", "openstreetmap_id": "way/228845302"}, "geometry": {"type": "Point", "coordinates": ["9.287214050000003", "47.092078900000004"]}}, {"type": "Feature", "properties": {"identifier": "7b3b71e1-93fa-4968-9910-7f97c6099834", "name": "Altes Bad Pf\u00e4fers bei der Taminaschlucht", "description": "Das Alte Bad Pf\u00e4fers ist das \u00e4lteste erhaltene Barockbad der Schweiz. Heute ist das historische Geb\u00e4ude eine Kultursehensw\u00fcrdigkeit mit \u00fcberregionaler Ausstrahlung. Das geschichtstr\u00e4chtige Haus steht am Eingang der Taminaschlucht, wo das ber\u00fchmte 36,5\u00b0 C warme Thermalwasser entspringt.\n\nDie Geschichte des Alten Bad Pf\u00e4fers beginnt im Jahr 1240, als zwei J\u00e4ger eine 36,5\u00b0 C warme Quelle in der Taminaschlucht entdecken. In deren Wasser erkennen die M\u00f6nche des nahe gelegenen Benediktiner-Klosters eine heilende Wirkung. Im Laufe der Jahrhunderte w\u00e4chst das Bad zu einer international renommierten Kurst\u00e4tte heran. Gebadet wird in Bad Pf\u00e4fers heute jedoch schon lange nicht mehr. Zwischen 1983 und 1995 wurde es umfassend renoviert. Es beheimatet heute ein beliebtes Restaurant und ist immer wieder Schauplatz diverser kultureller Veranstaltungen.\n\nDas Museum Badgeschichte vermittelt einen Einblick in die wechselvolle Geschichte des Bades und des Badens von den Urspr\u00fcngen bis in die Gegenwart.\n\nDas Museum Kloster Pf\u00e4fers zeigt die enge Verbindung zur Geschichte des Bades und stellt das Benediktiner-Kloster als geistliches und kulturelles Zentrum des Sarganserlandes dar, von der Gr\u00fcndung um 730 bis zur Aufhebung im Jahr 1838.\n\nDie Paracelsus-Gedenkst\u00e4tte zeigt das Leben und Wirken des Paracelsus, der als erster Badearzt im Alten Bad Pf\u00e4fers wirkte. Aber auch die neugotische Badkapelle und die restaurierte alte K\u00fcche sind einen Besuch wert.\n\nDie grossz\u00fcgig gestaltete Mediathek l\u00e4dt zum Verweilen ein. \u00dcber verschiedene Medien wird die Geschichte des Alten Bad Pf\u00e4fers vermittelt.\nEin neuer Audiowalk l\u00e4dt auf einen virtuellen Spaziergang zur Bl\u00fctezeit des Bad Pf\u00e4fers um 1833 ein.", "url": "http://www.altes-bad-pfaefers.ch", "image": "https://hltpimtsoch.sos-ch-dk-2.exoscale-cdn.com/catalog/c/1/f/8/c1f86574153c154cd4cceb2cf99dac333a97d66d_Bad_Pfaefers_Mai13.JPG", "openstreetmap_id": "node/10730436961"}, "geometry": {"type": "Point", "coordinates": ["9.487643", "46.9739994"]}}, {"type": "Feature", "properties": {"identifier": "7b4819e6-37ee-4d8b-848f-f73ee15ba1aa", "name": "Burgruine Gr\u00e4pplang", "description": "<div>Die <strong>Burgruine Gr&auml;pplang</strong> thront hoch &uuml;ber Flums und bietet eine eindrucksvolle Aussicht auf das Sarganserland.</div><p>&nbsp;</p><p>Auf dem Burgh&uuml;gel steht die Ruine der im Mittelalter bekannt gewordenen Ritterburg, welche die Herren von Flums um 1220 auf der \"crap long\", dem \"langen Felsen\", errichteten. Nach mehreren Lehen-Besitzern f&auml;llt die Burg 1419 an Z&uuml;rich. 1440 wird sie durch Glarner und Schwyzer Truppen zerst&ouml;rt. Ludwig Tschudi kauft 1528 die Festung, die nach reger Baut&auml;tigkeit 1767 infolge finanzieller Probleme wieder ver&auml;ussert werden muss. Es folgen mehrere Besitzer, bis die Burg, verwahrlost, im Jahre 1804 zum Abbruch verkauft wird. 1923 erwirbt, renoviert und unterh&auml;lt die Gemeinde Flums die Ruine.</p><p>Dass nicht alle Burgherren gute Herren gewesen sind, zeigen die Legenden &bdquo;Schloss Gr&auml;pplang&ldquo; und &bdquo;Der b&ouml;se Burgherr&ldquo;. Beide berichten von einem Tyrannen, der seine Untertanen ausn&uuml;tzt. Betreten Sie die gut restaurierte Ruine und versetzen Sie sich in fr&uuml;here Zeiten. Die Mauern und eingezogenen Treppen vermitteln Ihnen ein gutes Bild der Burg. Geniessen Sie im oberen, grossen Raum die Aussicht. Hier finden Sie einen kraftvollen Ort, der sich von seiner Energiequalit&auml;t her als Kultplatz eignet. F&uuml;r die Bewohner der Burg ist der Platz sicherlich zu stark gewesen. Hat eventuell einer der b&ouml;sen Burgherren hier getafelt oder gar hier geschlafen, k&ouml;nnen wir uns seine Unausgeglichenheit, die sich zur Tyrannei entwickelt hat, gut vorstellen.</p><p>Bei der Feuerstelle im ehemaligen Burghof finden Sie nochmals einen Kraftplatz mit Kultplatzqualit&auml;ten. Die Intensit&auml;t seiner Energien ist bedeutend h&ouml;her als im Rest der Burg. Funde belegen, dass der Ort schon vor seiner Besiedelung, seit der Jungsteinzeit, von Menschen besucht worden ist.</p>", "url": "https://www.ruinegraepplang.ch/", "image": "https://hltpimtsoch.sos-ch-dk-2.exoscale-cdn.com/catalog/7/7/c/3/77c379b8c23700010eb5059c52f8519958d57db1_tkv_graepplang_DJI_0055_HDR.JPG", "openstreetmap_id": "node/572206579.0"}, "geometry": {"type": "Point", "coordinates": ["9.332059621810915", "47.10285654399423"]}}, {"type": "Feature", "properties": {"identifier": "7b7874ad-6150-4387-a39f-8630e646ed28", "name": "Gleitschirm Tandemfliegen im Heidiland", "description": "Du m\u00f6chtest gern wie ein Vogel durch die L\u00fcfte schweben und das sch\u00f6ne Heidiland von oben sehen? Ein Gleitschirm Tandemflug macht&#039;s m\u00f6glich. Ivo Gr\u00fcnenfelder mit seinem Team von Chicken Wings Paragliding freut sich seine langj\u00e4hrigen Erfahrungen mit dir zu teilen. Ausgezeichnete Piloten bereiten Dir ein Erlebnis der Extra-Klasse.\nGeflogen wird haupts\u00e4chlich vom Pizol, Flumserberg-Maschgenkamm-Prodkamm und Walenstadtberg-Schrina. Am herrlichen Pizol, der im Winter wie Sommer ein beliebtes Skigebiet/Wander und Gleitschirm Fluggebiet ist, hat man die M\u00f6glichkeit gleich mehrere Startpl\u00e4tze auszuw\u00e4hlen. Je nach Wind wird dein Pilot mit dir die Gondelbahn in Bad Ragaz nehmen und bis zur Bergstation Laufb\u00f6den fahren. Oder ihr entschlie\u00dft euch f\u00fcr den Wangserberg wo man dann von der Pizolh\u00fctte einen atemberaubenden Blick ins Heidiland hat. Nach nur wenigen Schritten kannst du dir ein herzerw\u00e4rmendes Bild deiner Wohn-oder Ferienregion von oben machen. \n\nVorkenntnisse sind keine n\u00f6tig. Und da wir sanft ins Tal gleiten und nicht vom Berg springen ist auch H\u00f6henangst absolut kein Hindernis.\nIm Winter ben\u00f6tigst du lediglich eine Skihose, eine warme Jacke und gute Schuhe. Die restliche Ausr\u00fcstung wird dir von Chicken Wings gestellt. Somit steht deinem Abenteuer nichts mehr im Wege. Wir k\u00f6nnen Gruppen bis 20 Personen empfangen.\n\nDas Chicken Wings Team freut sich auf Dich!", "url": "http://www.chickenwings.ch", "image": "https://hltpimtsoch.sos-ch-dk-2.exoscale-cdn.com/catalog/2/d/3/6/2d3618c8fda53b34b14167976a094a101d470952_220713_161729.JPG", "openstreetmap_id": "way/319291413"}, "geometry": {"type": "Point", "coordinates": ["9.441555312303231", "47.027426893364144"]}}, {"type": "Feature", "properties": {"identifier": "7b92714c-7c85-4781-8ba4-f19438de9ef7", "name": "Kraftwerk Mels", "description": "<p>In der alten Textilfabrik in Mels verschmelzen Vergangenheit und Gegenwart auf einzigartige Weise. Die alten Generatoren erz\u00e4hlen Geschichten aus einer Zeit, in der hier Energie f\u00fcr den Textilfabrik erzeugt wurde \u2013 heute verspr\u00fchen sie industriellen Charme und bilden den Rahmen f\u00fcr eine moderne Gastronomie.</p><p>Mit viel Herzblut und Liebe zum Detail verw\u00f6hnen wir unsere G\u00e4ste kulinarisch und schaffen einen Ort, an dem man sich rundum wohlf\u00fchlt. Ob f\u00fcr ein geselliges Mittagessen, ein elegantes Dinner oder einen gem\u00fctlichen Kaffee zwischendurch \u2013 bei uns erleben Sie Genuss in besonderer Atmosph\u00e4re.</p>", "url": "https://kraftwerk-mels.ch/", "image": "https://hltpimtsoch.sos-ch-dk-2.exoscale-cdn.com/catalog/c/5/5/6/c556b913e833da8bb1e234cec37a3c8c83a8f92f_Kraftwerk_60_Kopie.jpg", "openstreetmap_id": "way/410657042"}, "geometry": {"type": "Point", "coordinates": ["9.4154093", "47.0432774"]}}, {"type": "Feature", "properties": {"identifier": "7bdb2c63-7137-4596-81d8-649248f58650", "name": "Ferienwohnungen Resort Walensee 129 & 130", "description": "Die Ferienwohnungen Nr. 129 & 130 vom Haus A3 im Walensee Resort in Unterterzen haben eine wundersch\u00f6ne Aussicht auf den Walensee und die umliegenden Churfirsten. Die Ferienwohnungen sind ein idealer Ausgangspunkt f\u00fcr Wanderausfl\u00fcge sowie See- und weitere Outdooraktivit\u00e4ten. Die ruhig gelegenen Wohnungen sind nur wenige Meter vom Bahnhof, den Bergbahnen sowie den n\u00e4chsten Einkaufsm\u00f6glichkeiten entfernt.\n\nDetails der einzelnen Ferienwohnungen\n- 1x 4.5-Zimmerwohnung Penthouse im 3. Stock\n- 1x 4.5-Zimmerwohnung im 2. Stock\n\nDie Wohnungen verf\u00fcgen beide \u00fcber einen ger\u00e4umigen und gem\u00fctlichen Wohnraum. Die gesamte Wohnung ist sehr modern und mit pflegeleichtem Parkett eingerichtet. Beide Wohnungen verf\u00fcgen \u00fcber 3 Schlafzimmer sowie 2 separate Badezimmer mit Bad, Dusche, WC sowie einer Sauna.", "image": "https://hltpimtsoch.sos-ch-dk-2.exoscale-cdn.com/catalog/a/f/9/b/af9b51baa7d6ddaa6ca6803bb30a77a16c7b0be0_14.jpg", "openstreetmap_id": "way/54890534"}, "geometry": {"type": "Point", "coordinates": ["9.257302298223717", "47.115411699999996"]}}, {"type": "Feature", "properties": {"identifier": "7ce911ac-e81e-4073-a676-0f6f5d7f2984", "name": "Appartmenthaus Quadern (A302)", "description": "Das Appartementhaus Quadern befindet sich im Dorfzentrum von Valens, in unmittelbarer N\u00e4he zur Reha-Klinik. Das ruhig gelegene Mehrfamilienhaus verf\u00fcgt \u00fcber eine grossz\u00fcgige Umgebung. Die Ferienwohnung ist im Geb\u00e4ude mit 32- Eigentumswohnungen integriert. Wenige Schritte vom Haus entfernt befinden sich Einkaufsm\u00f6glichkeiten sowie Postautohaltestellen. Durch die hervorragende Erreichbarkeit ab Bad Ragaz \u00fcber die gr\u00f6sste Bogenbr\u00fccke der Schweiz ist Valens zu jeder Jahreszeit attraktiv. Umgeben von beeindruckender Bergwelt erholen Sie sich am Ausgangspunkt f\u00fcr Ausfl\u00fcge zum Wandern, Biken, Schwimmen und vielem mehr.", "image": "https://hltpimtsoch.sos-ch-dk-2.exoscale-cdn.com/catalog/2/3/6/c/236cb40480e5ec98e2e7d2fbd10670409477ccac_Quadern_A302_Hauptbild.jpg", "openstreetmap_id": "way/35910004"}, "geometry": {"type": "Point", "coordinates": ["9.4823745", "46.9704527"]}}, {"type": "Feature", "properties": {"identifier": "7d14c721-8330-4cb6-9f02-8e64b3cd5250", "name": "Bistro Hafen West", "description": "Das im Mai 2023 neu er\u00f6ffnete Bistro liegt direkt am Ufer des Walensees. Der freie Blick von der Sonnenterrasse auf den See und die Churfirsten ist atemberaubend.\nVielf\u00e4ltiger Genuss zeichnet unser Selbstbedienungs-Bistro aus: \nGeniessen sie einen erfrischenden Aperitif, den AngusBeefBurger mit knackigen Salaten, oder bei einem Glas Wein die fantastische Naturkulisse und mit etwas Gl\u00fcck einen spektakul\u00e4ren Sonnenuntergang.", "url": "https://www.bistrohafenwest.ch/", "image": "https://hltpimtsoch.sos-ch-dk-2.exoscale-cdn.com/catalog/d/c/b/6/dcb6c50f82bff202d4afa0149e05eafcc4514557_Sonnenterrasse_Bistro_Hafen_West.jpg", "openstreetmap_id": "way/413053136"}, "geometry": {"type": "Point", "coordinates": ["9.285898174697886", "47.113664299999996"]}}, {"type": "Feature", "properties": {"identifier": "7e1b3159-609e-4ef4-90fa-508b232347d0", "name": "Berg-Gipfel Patrick Keller Bergf\u00fchrer", "description": "Als Professioneller diplomierter Schweizer Bergf\u00fchrer, begleite ich sie auf deine Wunschtour. Sei es auf eine Abwechslungsreiche Wanderung oder auf einen 4000er im Sommer wie auch im Winter.", "url": "https://berg-gipfel.ch/", "image": "https://hltpimtsoch.sos-ch-dk-2.exoscale-cdn.com/catalog/2/4/5/f/245f3e6b6755b3ef4a04c1f6175b37f4949857e7_20190827_075527.jpg", "openstreetmap_id": "node/217653564"}, "geometry": {"type": "Point", "coordinates": ["9.560852", "46.9337738"]}}, {"type": "Feature", "properties": {"identifier": "7e759b10-9f0b-4d17-92eb-d05d9398a49c", "name": "Start Snowboarding - Snowboardschule", "description": "Snowboarden zu lernen ist keine Hexerei. W\u00e4hrend den 4 Privatlektionen, aufgeteilt auf den Morgen und Nachmittag, lernst du endlich Snowboarden! In diesem privaten Snowboardkurs in Flumserberg f\u00fcr Beginner, gehen wir locker s\u00e4mtliche Schritte bis zu den ersten Basic-Turns durch. Das heisst du wirst bereits die ersten Kurven lernen. Der Kurs richtet sich speziell an Anf\u00e4nger, welche zum ersten Mal auf dem Snowboard stehen werden. Dank dem Privatlehrer steht dir bei jedem Schritt jemand zur Seite, welche auf deine Bed\u00fcrfnisse und Fortschritte eingehen kann und dir in jeder Situation zur Seite steht. Falls du den Kurs mit einer Kollegin oder einem Kollegen besuchen willst, darf dieser Gratis teilnehmen.", "url": "https://www.startsnowboarding.ch", "image": "https://hltpimtsoch.sos-ch-dk-2.exoscale-cdn.com/catalog/2/7/e/d/27edb18484333ded28bb35850f5d4e0a3d933108_overview_5_DCzNU7SJQCnKJLvj3vtt3LiDstKQws76vOgg8n1g.jpg", "openstreetmap_id": "way/754266155"}, "geometry": {"type": "Point", "coordinates": ["9.278898239135744", "47.090753870005436"]}}, {"type": "Feature", "properties": {"identifier": "7f3b889f-6fbe-498d-a36e-5167bcb5e2cd", "name": "INTERSPORT Network Flumserberg Testcenter Prodalp", "description": "Das Testcenter Prodalp bleibt \u00fcber die Sommersaison geschlossen. \n\nAuf Prodalp finden Sie das Testcenter des INTERSPORT Network Flumserberg. Es steht Ihnen eine grosse Auswahl an Schneesportausr\u00fcstung direkt vor Ort zum Testen wie zum Kaufen zur Verf\u00fcgung. Des Weiteren haben Sie die M\u00f6glichkeit Ihren Skiern oder dem Snowboard den letzten Wachs- bzw. Kantenschlief zu verpassen.\n\nTest & Buy\nSie m\u00f6chten sich gerne ein neues Paar Ski oder ein neues Snowboard kaufen, sind sich aber noch nicht sicher welche Marke beziehungsweise welches Modell es sein soll? Im Testcenter Prodalp haben Sie die M\u00f6glichkeit Snowboards und Skier direkt vor Ort zu testen. Bei der Bezahlung des Testtarifes haben Sie die M\u00f6glichkeit eines uneingeschr\u00e4nkten Materialwechsels w\u00e4hrend der Mietdauer. Und zudem werden beim Kauf bis zu zwei Testtage an den Preis angerechnet.", "url": "https://www.intersport-network.ch/filialen/testcenter-prodalp/", "image": "https://hltpimtsoch.sos-ch-dk-2.exoscale-cdn.com/catalog/2/b/a/5/2ba5a8590a122056846e040f844ff65ff01e3f44_tkv_bbf_skigastro_0039__52_5696__2.jpg", "openstreetmap_id": "way/1280900963"}, "geometry": {"type": "Point", "coordinates": ["9.288613724365861", "47.08039230899453"]}}, {"type": "Feature", "properties": {"identifier": "7f8a4bfc-6693-4ae7-9b77-b34dd329634d", "name": "Ferienhaus Tannegg", "description": "Das im Jahre 2016 renovierte Ferienhaus mit 4 Zimmern befindet sich an ruhiger Lage in Flumserberg Tannenheim, nur ca. 5 Gehminuten von der Prodkammbahn Tannenheim und vom Dorfladen entfernt. Zum Haus geh\u00f6rt ein kostenfreier Parkplatz und eine Garage.\n\nDie Ferienwohnung wurde im Jahre 2016 renoviert und ist gem\u00fctlich und zeitgem\u00e4ss eingerichtet. Die Wohn- und Schlafr\u00e4ume verf\u00fcgen \u00fcber einen Holzboden. Der Hausteil hat einen separaten Eingang.", "image": "https://hltpimtsoch.sos-ch-dk-2.exoscale-cdn.com/catalog/4/0/f/a/40fa4c5206678098b711207c820b0312d862d019_Ferienhaus_Tannegg_1.jpg", "openstreetmap_id": "way/325408054"}, "geometry": {"type": "Point", "coordinates": ["9.301205304854964", "47.09072995"]}}, {"type": "Feature", "properties": {"identifier": "8047ccf4-5a3c-41f1-a9cf-dae1f6139c23", "name": "Boutique-Hotel Bellevue & Genusswerkstatt", "description": "<p>Das Hotel befindet sich im Zentrum von Bad Ragaz. In unmittelbarer N&auml;he finden Sie den Kurpark sowie das Thermalbad Tamina Therme. Das Boutique-Hotel wurde im Jahr 2019 renoviert und erstrahlt im neuen Glanz. In der Genusswerkstatt werden frische und saisonale Gerichte zubereitet. Das Angebot SALT INSPIRATIONS reicht von Salaten, Suppen und Pasta &uuml;ber Vorspeisen, sowohl f&uuml;r den kleinen als auch f&uuml;r den grossen Hunger bis hin zu den Spezialit&auml;ten der Woche und Abendangeboten. Mit der SWEET INSPIRATION sind Torten, W&auml;hen, Desserts sowie das hervorragende B&uuml;ndner Glace \"Glatsch\" im Angebot.</p>", "url": "http://www.bellevue-genusswerkstatt.ch", "image": "https://hltpimtsoch.sos-ch-dk-2.exoscale-cdn.com/catalog/f/f/a/b/ffab7578f5818235114db7fe79157c8b2179e057_TDS00020012274586694_sized_800_0.jpg", "openstreetmap_id": "way/1259145078"}, "geometry": {"type": "Point", "coordinates": ["9.500832227957103", "47.00107525"]}}, {"type": "Feature", "properties": {"identifier": "80ad88f8-1b29-40c6-b9d2-706fc517d659", "name": "Haus Bernova", "description": "Die 2.5 Zimmerwohnung befindet sich im Parterre eines freistehenden Einfamilienhauses in Flumserberg Tannenbodenalp. Das Haus ist ruhig gelegen und nur ca. 2 Gehminuten von der Skiliftanlage entfernt. Parkpl\u00e4tze sind kostenlos vorhanden.\n\nDie Ferienwohnung ist zweckm\u00e4ssig eingerichtet. Wohn- und Schlafr\u00e4ume verf\u00fcgen \u00fcber einen Plattenboden.", "url": "http://homepage.bluewin.ch/bernova", "image": "https://hltpimtsoch.sos-ch-dk-2.exoscale-cdn.com/catalog/a/e/b/7/aeb71e5578db285332b8ca86309a58dbb9a83c1a_Haus_Bernova_1.jpg", "openstreetmap_id": "way/258942565"}, "geometry": {"type": "Point", "coordinates": ["9.285433097139828", "47.09269295"]}}, {"type": "Feature", "properties": {"identifier": "8180f7a5-2035-44fa-bc28-90b967125816", "name": "Haus zur F\u00f6hre (Whg. Lendi)", "description": "Die 3-Zimmerwohnung befindet sich in einem 6-Familienhaus in Flumserberg Tannenboden. Bis zum Skilift sind es nur ca. 2 Minuten. Zur Wohnung geh\u00f6rt ein kostenloser Garagenplatz.\n\nDie Wohnung ist gem\u00fctlich, mit viel Holz eingerichtet und hat Platz f\u00fcr bis zu 5 Personen. Zur Ferienwohnung geh\u00f6ren zwei Balkone.", "image": "https://hltpimtsoch.sos-ch-dk-2.exoscale-cdn.com/catalog/a/9/5/6/a9560766413beb4d96be17f9ddbd778da64cd6a3_Haus_zur_F__hre_4.jpg", "openstreetmap_id": "node/258942561"}, "geometry": {"type": "Point", "coordinates": ["9.286522401042062", "47.0918244"]}}, {"type": "Feature", "properties": {"identifier": "81af0ace-bb54-4f54-8c5d-f5f21f062d35", "name": "Buchladen Bad Ragaz", "description": "B\u00fccherliebhaber.   Bei unserer kleinen, aber feinen Auswahl an B\u00fcchern wird jeder f\u00fcndig. Alle Titel sind pers\u00f6nlich ausgew\u00e4hlt und die Auswahl immer aktuell.  Eine pers\u00f6nliche Beratung vor Ort ist f\u00fcr uns selbstverst\u00e4ndlich", "url": "https://buchbadragaz.ch/", "image": "https://hltpimtsoch.sos-ch-dk-2.exoscale-cdn.com/catalog/c/b/8/3/cb834baf10d7bac1f476c28e1f948e370758af6c_Buchladen_Bad_Ragaz_Buecherliebe_KaufLokal_1.png", "openstreetmap_id": "relation/1683862"}, "geometry": {"type": "Point", "coordinates": ["9.501081705093384", "47.00311805552805"]}}, {"type": "Feature", "properties": {"identifier": "82ae06fb-bf9c-4634-b23a-275d0806d7b6", "name": "Bergrestaurant Prodalp", "description": "Das Bergrestaurant Prodalp ist ein klassisches Selbstbedienungsrestaurant, mit bis zu 400 Sitzpl\u00e4tzen. Die verschiedenen R\u00e4ume sind mit mobilem Mobiliar ausgestattet, was einen flexiblen Einsatz erm\u00f6glicht. Die grossz\u00fcgige Terrasse bietet weitere 250 Sitzpl\u00e4tze, wovon sich ein Teil im \u00fcberdachten Sektor mit Windschutzverglasung befindet. Das Bergrestaurant Prodalp bietet idealen Raum f\u00fcr individuelle Anl\u00e4sse von Firmen, Vereinen oder Gruppen sowie beste Voraussetzungen f\u00fcr Meetings, Seminare und gr\u00f6ssere Veranstaltungen.\n\nDas Prodissimo ist der ideale Ort f\u00fcr einen Zwischenhalt bei Ihrem Wintersporttag am Flumserberg. Wir bieten Ihnen neben einer grossen Auswahl an Getr\u00e4nken, leckere Snacks sowie Geb\u00e4ck. Des Weiteren verkaufen wir bei uns die attraktiven Artikel aus dem Flumserberg FanShop. Das Prodissimo befindet sich direkt neben der CLiiMBER Ausgabestelle bei der Talstation der 8er-Sesselbahn Prodkamm.\n\nDie moderne FahrBar besitzt eine abwechslungsreiche Getr\u00e4nkekarte mit warmen und kalten Drinks f\u00fcr jeden Geschmack. Die FahrBar ist der perfekte Ort f\u00fcr einen Zwischenstopp - sei es bei einem erlebnisreichen Wintersporttag oder einer atemberaubenden Winterwanderung am Flumserberg.", "url": "http://www.prodalp.ch", "image": "https://hltpimtsoch.sos-ch-dk-2.exoscale-cdn.com/catalog/9/c/0/d/9c0d7d4e15aec9dd61b36eae9ac369ac8b1f44f5_Prodalp_Aussenansicht.jpg", "openstreetmap_id": "way/194824439"}, "geometry": {"type": "Point", "coordinates": ["9.289385010844985", "47.08064675"]}}, {"type": "Feature", "properties": {"identifier": "831134dd-4b85-4a3c-b444-cd46e79178ed", "name": "Rodelbahn FLOOMZER", "description": "Flitze auf der sicheren Rodelbahn 2 km und 250 Tiefenmeter durch Tunnel, \u00fcber Br\u00fccken, Kurven, Wellen und Kreisel durch die atemberaubende Landschaft vom Chr\u00fcz bis nach Tannenboden. Mit dem attraktiven Early Bird-Angebot profitierst du t\u00e4glich von unlimitierten Rodelfahrten von 10.00 bis 12.00 Uhr. Dank der wetterfesten Rodel-Fahrzeuge, kann der FLOOMZER-Spass bei jeder Witterung stattfinden. Die Rodelbahn FLOOMZER ist ein beliebtes Ausflugsziel f\u00fcr Familien, Gruppen, Vereine und Firmen.", "url": "https://www.flumserberg.ch/rodelberg", "image": "https://hltpimtsoch.sos-ch-dk-2.exoscale-cdn.com/catalog/0/d/f/a/0dfa7c4fa916fc8bfd1710e0ca9fd471d753d728_Rodelbahn_FLOOMZER_aussichtsreiche_Talfahrt.jpg", "openstreetmap_id": "node/244067701"}, "geometry": {"type": "Point", "coordinates": ["9.2807483", "47.0919796"]}}, {"type": "Feature", "properties": {"identifier": "831ca326-78a8-4a5e-827a-8cdb5e5e6ee0", "name": "St. Gallerhof Apartment", "description": "<p>Das St. Gallerhof Apartment befindet sich mitten im Dorf von Bad Ragaz, nahe der Tamina Therme (ca. 10 min Fussweg) sowie allen Einkaufsm&ouml;glichkeiten (ca. 2 min Fussweg). Die Wohnung befindet sich in einem mehrst&ouml;ckigen Geb&auml;ude und bietet Zugang zu einem Balkon. Parkm&ouml;glichkeiten befindet sich im nahegelegenen Parkhaus im Dorf (kostenpflichtig). Die gesamte Wohneinheit ist rollstuhlgerecht und ist mit einem Fahrstuhl erreichbar. Eine Waschmaschine, ein W&auml;schetrockner und ein B&uuml;geleisen sind verf&uuml;gbar. Es ist eine Nichtraucherwohnung.</p>", "url": "https://www.basel-rooms.ch/bad-ragaz-ferienwohnung/", "image": "https://hltpimtsoch.sos-ch-dk-2.exoscale-cdn.com/catalog/4/5/d/7/45d79611a3d644df78f73766402b13d751bb721e_Fewo_Krone_2.jpg", "openstreetmap_id": "node/5164457924"}, "geometry": {"type": "Point", "coordinates": ["9.5007894", "47.0017573"]}}, {"type": "Feature", "properties": {"identifier": "83b8c2bc-7c30-48c1-8cda-b5f1610d5046", "name": "Ferienhaus Siesta", "description": "Ferienhaus an ruhiger Lage, am Ende einer Quartierstrasse, im Gr\u00fcnen gelegen, pr\u00e4chtige Aussicht. 4-Zimmer, max. 7 Personen, Terrasse, Chemin\u00e9e, Liegewiese, Parkplatz. Hunde auf Anfrage. \n\nIm Sommer keine Vermietung.", "image": "https://hltpimtsoch.sos-ch-dk-2.exoscale-cdn.com/catalog/b/7/1/1/b711d38567a17c94607a30bfc0d3c166ea471203_Stube___Kamin_und_Sofa.jpg", "openstreetmap_id": "way/294246357"}, "geometry": {"type": "Point", "coordinates": ["9.280963", "47.094247"]}}, {"type": "Feature", "properties": {"identifier": "83cd51e2-4403-4b78-9cff-eed27d56dec8", "name": "Skih\u00fcttli Golerberg", "description": "Bescheidene H\u00fctte mit heimeliger Gaststube und sonniger Terrasse mit herrlicher Aussicht.\n\nDie H\u00fctte steht bei der Bergstation des Skilift Tristeli.\n\nDas H\u00fcttli ist von St.Margrethenberg \u00fcber den Winterwanderweg, von November bis M\u00e4rz immer gut zu erreichen.", "url": "http://www.golerberg.ch", "image": "https://hltpimtsoch.sos-ch-dk-2.exoscale-cdn.com/catalog/e/5/a/6/e5a69a902e7ea949953d5df5f3ec7a95be2045ce_1000166665__2.jpg", "openstreetmap_id": "way/334962856"}, "geometry": {"type": "Point", "coordinates": ["9.50096705084561", "46.97508481906897"]}}, {"type": "Feature", "properties": {"identifier": "844f0c5a-f5e6-48eb-b718-1c5592e1872f", "name": "Casa Luna A (Whg. Riesen)", "description": "Die 3.5-Zimmerwohnung liegt zentral am Flumserberg Tannenboden gegen\u00fcber dem Hotel Tannenboden, unweit von der Bushaltestelle und einem kleinen Supermarkt entfernt. Zur Wohnung geh\u00f6rt ein kostenloser Tiefgaragenplatz. Zudem ist ein Skiraum und ein Veloraum von aussen zug\u00e4nglich.", "image": "https://hltpimtsoch.sos-ch-dk-2.exoscale-cdn.com/catalog/a/e/4/f/ae4f8f4bdd807d11673c2d5b5577de731b5ea7b4_Flumsi.jpg", "openstreetmap_id": "way/228797665"}, "geometry": {"type": "Point", "coordinates": ["9.286226900000003", "47.092718250000004"]}}, {"type": "Feature", "properties": {"identifier": "845159ec-05e5-48ae-8f4d-8627c1d23dfa", "name": "Ferienhaus \"The View\"", "description": "Das 6-Zimmer-Ferienhaus befindet sich direkt im Zentrum von Flumserberg-Tannenboden, 10 Gehminuten von der Haust\u00fcre bis zur Talstation Tannenboden und bietet eine sch\u00f6ne Aussicht auf die Churfirsten. Einkaufsm\u00f6glichkeiten sind in wenigen Minuten zu Fuss erreichbar. ", "image": "https://hltpimtsoch.sos-ch-dk-2.exoscale-cdn.com/catalog/1/7/7/5/1775064e14a89f8179265b423f95597d0ae8abbb_Aussenansicht.jpg", "openstreetmap_id": "way/294246329"}, "geometry": {"type": "Point", "coordinates": ["9.286983526553339", "47.09334135"]}}, {"type": "Feature", "properties": {"identifier": "84fe53c7-2246-4fb1-b78c-2c025109f3a7", "name": "Restaurant Senn\u00e4stube", "description": "Heimelig, gem\u00fctliches Restaurant mit direkter Einsicht durch eine Glaswand in die Produktionsr\u00e4ume der Alpk\u00e4serei. Gut b\u00fcrgerliche K\u00fcche, K\u00e4sespezialit\u00e4ten und Kindermenus f\u00fcr die kleinen G\u00e4ste.  \n\nIm Winter\nDer ideale Ausgangspunkt zum Langlaufen sowie f\u00fcr die Hundeschlittentouren. Ausserdem beginnen hier mehrere idyllische Winterwanderwege.\n\nIm Sommer\nAusgangspunkt f\u00fcr diverse Wanderwege ins Wanderparadies Flumserberg. Grosse Gartenwirtschaft mit Kinderspielplatz und wundersch\u00f6ner Aussicht auf die imposante Bergwelt.", "url": "https://www.sennenstube.ch", "image": "https://hltpimtsoch.sos-ch-dk-2.exoscale-cdn.com/catalog/8/5/0/9/8509aeff1a4f5c12f4e3d1db3e53702ead27b139_Sennastube.jpg", "openstreetmap_id": "way/258195817"}, "geometry": {"type": "Point", "coordinates": ["9.287814338148326", "47.089852"]}}, {"type": "Feature", "properties": {"identifier": "85962953-0ef2-4570-84da-c6b891e05bc8", "name": "Ferienwohnung G\u00e4umann - Kiener", "description": "Es erwartet Sie eine gem\u00fctliche 3 1/2 Zimmer Duplex-Wohnung, die ideal in der N\u00e4he des Bahnhofes liegt. Der Autobus, der Sie bequem in die Ortsmitte zu den Einkaufsm\u00f6glichkeiten und den Thermalb\u00e4dern f\u00fchrt, ist nur wenige Minuten entfernt.\n\nDie Wohnung, 75m2 gross, liegt im ersten Stock eines Vierfamilienhauses. \nAuf der Eingangsetage erwartet Sie ein gem\u00fctlicher Wohnraum mit moderner offener K\u00fcche mit Esstisch, vier St\u00fchlen, Stehbar, Sofa (Canap\u00e9lit), zwei Sesseln, Kabel TV.\nDie vollausgestattete K\u00fcche verf\u00fcgt \u00fcber Keramikkochfeld, Backofen, grossen K\u00fchlschrank, Geschirrsp\u00fclmaschine, Kaffeemaschinen, Wasserkocher, Toaster, Fondue- Raclette Set.\nWeiter gibt es ein Badezimmer mit Badewanne und WC.\nVom Wohn- Essraum aus gelangen Sie direkt auf die grosse sonnige Terrasse (2021 renoviert) mit einem traumhaften Blick auf die Bergwelt und die Tamina Br\u00fccke. Sitzgelegenheiten wie Gartenlounge, Tische, St\u00fchle sind vorhanden.\n\nIm oberen Stockwerk finden Sie die Schlafzimmer. Ein Schlafraum ist ausgestattet mit zwei Betten und einem antiken Holzschrank, der andere, ein Giebelzimmer, verf\u00fcgt \u00fcber zwei Betten und ein Lavabo. Zudem ist ein separates WC auf dem Stockwerk.\n\nDie Wohnung verf\u00fcgt \u00fcber Parkettb\u00f6den (2022 unteres Stockwerk neu versiegelt).\nAuch steht Ihnen ein kostenfreier Parkplatz zur Verf\u00fcgung.\nInternet, Kabel TV vorhanden.", "image": "https://hltpimtsoch.sos-ch-dk-2.exoscale-cdn.com/catalog/4/0/7/4/40743a0598ed196d6ebf19e135a34db76743669e_Hauptbild_Wohnzimmer__2.jpg", "openstreetmap_id": "way/44978171"}, "geometry": {"type": "Point", "coordinates": ["9.506962608812813", "47.009789549999994"]}}, {"type": "Feature", "properties": {"identifier": "85fca628-9465-472a-8938-65009d583af3", "name": "Gauenpark (Whg. Z\u00fcrcher)", "description": "K\u00fcche mit Abwasch- und Nespresso- Kaffeemaschine, Mikrowelle, Toaster, Raclette\u00f6feli, Fondue - Chinoise- K\u00e4se etc.\nWohnzimmer mit Fernseher, DVD, X-Box und Stereoanlage.\nWundersch\u00f6ne Aussicht auf die Churfirsten.", "image": "https://hltpimtsoch.sos-ch-dk-2.exoscale-cdn.com/catalog/1/e/d/3/1ed30813fda265a330182c4b038c7eead8ba6fdb_Flumsi_15.6.14_016.JPG", "openstreetmap_id": "way/194824448"}, "geometry": {"type": "Point", "coordinates": ["9.298958655716081", "47.0901013"]}}, {"type": "Feature", "properties": {"identifier": "86cdf6c2-b02f-42f4-8972-fe35889ef0d3", "name": "Alprestaurant Pan\u00fc\u00f6l", "description": "St\u00e4rken Sie sich f\u00fcr Ihren Tag auf den Ski bei einem Aufenthalt im Alprestaurant Pan\u00fc\u00f6l. Die Inneneinrichtung aus viel Holz verspricht eine heimelige Atmosph\u00e4re und auch die gem\u00fctliche Sonnenterrasse l\u00e4dt zum Verweilen ein. Der Blick auf die rundumliegende Bergwelt ist \u00fcberw\u00e4ltigend.\n\nDas Alprestaurant Pan\u00fc\u00f6l ist auch zu Fuss erreichbar. Erleben Sie die Ruhe am Flumserberg bei einer gem\u00fctlichen Winterwanderung ab Prodalp oder besuchen Sie das Alprestaurant mit dem Pan\u00fc\u00f6l-Sessel via Maschgenkamm.\n\nSowohl im Alprestaurant Pan\u00fc\u00f6l wie auch in der Alph\u00fctte Pan\u00fc\u00f6l werden \u00dcbernachtungsm\u00f6glichkeiten angeboten.", "url": "http://www.alprestaurant-panuol.ch", "image": "https://hltpimtsoch.sos-ch-dk-2.exoscale-cdn.com/catalog/7/3/c/b/73cba293a9519b05503b829e51878a0583e7c8f3_Alprestaurant_Pan____l.jpg", "openstreetmap_id": "node/254726096"}, "geometry": {"type": "Point", "coordinates": ["9.2581777", "47.0630157"]}}, {"type": "Feature", "properties": {"identifier": "871568b2-ed4f-4f2f-abae-8c6aafe066bb", "name": "Kuppelwieser's Hofladen & Hofcaf\u00e9", "description": "Wo w\u00e4re es authentischer unsere Produkte zu verk\u00f6stigen und zu verkaufen, als am gleichen Ort an dem unsere Bio-Produkte wachsen? Wir sind die Kupplis. Seit 1997 helfen wir unseren leckeren Bio \u00c4pfeln und Beeren ihr nat\u00fcrliches Aroma bestens zu entfalten. Diese aromatischen und saftigen Fr\u00fcchte, weitere regionale Produkte, sowie unsere hofeigenen Getr\u00e4nke (z&#039;wilda Heidi) k\u00f6nnen Sie frisch in unserem Hofladen beziehen. Auch das leckere Kuchen- &amp; Tortenbuffet sollten Sie sich nicht entgehen lassen.", "url": "https://www.kuppelwieser.bio", "image": "https://hltpimtsoch.sos-ch-dk-2.exoscale-cdn.com/catalog/8/5/d/0/85d0125b8911fdbc168dcec210489c78d615c7a0_kuppelwieser_hofladen_hofcafe.jpg", "openstreetmap_id": "way/430641995"}, "geometry": {"type": "Point", "coordinates": ["9.492037296295168", "47.027692589035"]}}, {"type": "Feature", "properties": {"identifier": "87dc73dc-5c2c-4325-b3de-6a84dda96e03", "name": "Chalet Gauschla (CharmingStay)", "description": "Das Chalet steht in Flumserberg Tannenheim im Quartier Angettlin, auf rund 1250 m \u00fc. M. an ruhiger und sonniger Lage. Zum Dorfzentrum Tannenheim mit Restaurants, Einkaufsladen und Prodalp-Express-Bahn sind es nur ca. 7 Gehminuten. Zum Chalet geh\u00f6rt ein kostenloser Parkplatz. Es besteht eine ganzj\u00e4hrige Zufahrt.\n\nDetails der einzelnen Ferienwohnungen\n- 1x 3.5 Maisonette-Zimmerwohnung im Parterre\n- 1x 2.5-Zimmer-Wohnung im oberen Stock\n\nDie Wohnungen verf\u00fcgen beide \u00fcber einen ger\u00e4umigen und gem\u00fctlichen Wohnraum mit Sofa, TV, Radio und CD/DVD-Player sowie einem Essbereich mit grossem Holztisch, Eckbank und St\u00fchlen. Bad mit Dusche/WC, Haarf\u00f6hn und eine moderne K\u00fcche mit Induktionskochfeld, Backofen, K\u00fchlschrank, Geschirrsp\u00fcler, Kaffee-/Teekocher, Fondue- und Raclettegeschirr. Zu den Wohnungen geh\u00f6rt auch eine Terrasse mit grossartiger Aussicht.", "url": "https://www.charmingstay.ch", "image": "https://hltpimtsoch.sos-ch-dk-2.exoscale-cdn.com/catalog/0/5/1/4/0514436573ace72e4e384d41ef9ec1ce8e16edcd_Gauschla__6_.JPG", "openstreetmap_id": "way/413154688"}, "geometry": {"type": "Point", "coordinates": ["9.3065867", "47.0834836"]}}, {"type": "Feature", "properties": {"identifier": "8977ce24-4adc-4996-a934-4ba82331b345", "name": "Anlegestelle Hafen Betlis", "description": "<p>Erforschen Sie die tiefblaue Mitte der Region und geniessen Sie die atemberaubende Bergkulisse auf dem Walensee. Lassen Sie sich von den majest&auml;tischen Churfirsten, der wild romantischen Natur, dem glasklaren Wasser und den fantastischen Stimmungen am Walensee verzaubern. Der Walensee, das Paradies f&uuml;r nah und fern. Die Schiffsbetrieb Walensee AG verbindet Orte, Angebote und Aktivit&auml;ten in idealer Weise. Die Verbindung nach Quinten ist auch im Winter durchgehend in Betrieb.</p><h3>Zugangsinformationen</h3><div class=\"rte\"><ul><li>Stufenloser Zugang</li><li>Ein- und Ausstieg durch Personalhilfestellung</li><li>Gruppen ab 10 Personen und Rollst&uuml;hle m&uuml;ssen im Voraus angemeldet werden.</li><li>Kein taktiles Leitsystem vorhanden</li></ul></div>", "url": "https://walenseeschiff.ch/de/fahrplan/anlegestellen/betlis.html", "image": "https://hltpimtsoch.sos-ch-dk-2.exoscale-cdn.com/catalog/b/a/4/7/ba4755ef6117ca3a2957b129e0fd817cf5031410_Anlegestelle_Hafen_Piktogramm_HLT.png", "openstreetmap_id": "node/2936555487"}, "geometry": {"type": "Point", "coordinates": ["9.1459512", "47.1343466"]}}, {"type": "Feature", "properties": {"identifier": "8a5a2ec0-710a-497f-9923-acff7195b22b", "name": "Ferienhaus F\u00e4sch", "description": "Das 5-Zimmer-Ferienhaus befindet sich an ruhiger und sonniger Lage in Flumserberg Bergheim mit herrlicher Aussicht auf die Churfirsten. Das Haus hat viel Umschwung mit Spielwiese, Sitzplatz, Chemin\u00e9e und Kinderspielzeug.\n\nDas heimelige Ferienhaus ist gem\u00fctlich und komfortabel, mit viel Holz eingerichtet. Die W\u00e4nde im Wohn- und Schlafzimmer sind get\u00e4felt.", "image": "https://hltpimtsoch.sos-ch-dk-2.exoscale-cdn.com/catalog/f/1/f/4/f1f4d9320b51a485d5a8cb0e14bc5924022f0045_Ferienhaus_F__sch_1.jpg", "openstreetmap_id": "way/309848913"}, "geometry": {"type": "Point", "coordinates": ["9.296197410935912", "47.1034368"]}}, {"type": "Feature", "properties": {"identifier": "8b0ab76f-5739-411b-bfe9-fdf537b9715b", "name": "Ferienwohnung \"Haus zur Arve\"", "description": "Die sch\u00f6ne im Chalet-Stil eingerichtete 3.5-Zimmerwohnung im \"Haus zur Arve\" befindet sich an einer top Lage als Ausgangsstandort f\u00fcr Skifahren, Biken und Wandern. In wenigen Gehminuten befinden sich Restaurants, Einkaufsm\u00f6glichkeiten und die Skischule. Die Ferienwohnung verf\u00fcgt \u00fcber einen Balkon mit Sicht auf die umliegende Bergkette. ", "image": "https://hltpimtsoch.sos-ch-dk-2.exoscale-cdn.com/catalog/6/5/5/6/6556e1c9d0858819b6a267a1811153d43f601395_Haus_zur_Arve__4_.jpeg", "openstreetmap_id": "way/258942565"}, "geometry": {"type": "Point", "coordinates": ["9.285433097139828", "47.09269295"]}}, {"type": "Feature", "properties": {"identifier": "8b2c1425-db3a-41f7-8f57-081ebb03e5ff", "name": "Ortsmuseum Walenstadt", "description": "Das Ortsmuseum widmet sich der Geschichte von Walenstadt. Neben Urkunden der Stadt werden Bilder bedeutender Pers\u00f6nlichkeiten pr\u00e4sentiert. Der Verkehrsweg Sarganserland-Walensee und die Wasserkraftnutzung Widenbach werden anschaulich dargestellt. Spezielle Exponate sind die Originalmasken der Gemeinder\u00f6lli von Walenstadt und die Holzmasken von Berschis.\n\n\u00d6ffnungszeiten: 1. Samstag jeden Monats: Von 10.00 - 11. 00 Uhr. Um 10.00 Uhr F\u00fchrung durch das Ortsmuseum, bei Interessen mit Stadtrundgang.\nAnmeldungen f\u00fcr F\u00fchrungen ausserhalb dieses Termins sind per Mail m\u00f6glich.", "url": "https://www.ortsgemeinde-walenstadt.ch/oeffentlichkeit/ortsmuseum/", "image": "https://hltpimtsoch.sos-ch-dk-2.exoscale-cdn.com/catalog/c/7/9/d/c79da53115823a0e66a2854da11a25f1806d8d35_690_online_1_Altes_Rathaus_Walenstadt_Ortsmuseum.jpg", "openstreetmap_id": "node/5813467555"}, "geometry": {"type": "Point", "coordinates": ["9.3148602", "47.1242197"]}}, {"type": "Feature", "properties": {"identifier": "8b40c0df-6ed0-498c-9202-e90530816ef2", "name": "Luzi Boner Bio-Weinbau und Brennerei", "description": "Bio ist bei uns nicht nur ein Trend! Seit \u00fcber 25 Jahren d\u00fcrfen wir unsere Produkte mit der Bio Suisse Knospe auszeichnen. Unser kleiner Familienbetrieb, inzwischen in der sechsten Generation, zeichnet sich durch Vielf\u00e4ltigkeit und famili\u00e4rer Stimmung aus. Ohne Hype und Bluff produzieren wir mit grosser Sorgfalt und Hingabe diverse Weine und Edelbr\u00e4nde.", "url": "http://www.boner-wein.ch", "image": "https://hltpimtsoch.sos-ch-dk-2.exoscale-cdn.com/catalog/2/3/0/6/23066622dec24cdbcc294def64741c02895b306d_neu2.jpg", "openstreetmap_id": "way/232221301"}, "geometry": {"type": "Point", "coordinates": ["9.5753616", "46.9819488"]}}, {"type": "Feature", "properties": {"identifier": "8b4fc2de-c14c-4494-8dee-01e4a423e03e", "name": "Haus Heimetli (CharmingStay)", "description": "Das im Jahr 2016 neu gebaute 4.5-Zimmer-Haus befindet sich an sehr ruhiger Lage unweit von Tannenboden Dorf. Gondel- bzw. Sesselbahn f\u00fcr Wanderungen sind ca. 20 Gehminuten entfernt. Im Winter sind es zu den Skiliften rund 15 Gehminuten. Restaurants und Einkaufsm\u00f6glichkeiten sind in ca. 10 Minuten zu erreichen. Zum Ferienhaus geh\u00f6rt ein kostenloser Garagenplatz.\n\nDie Wohnung ist sehr modern und komfortabel eingerichtet. Wohn- und Schlafr\u00e4ume verf\u00fcgen \u00fcber einen sch\u00f6nen Holzboden. Bilder und Schmuck verzieren W\u00e4nde und Regale. Zum Haus geh\u00f6rt zudem eine grosse Terrasse, ca. 25m2 mit Kamin-Grill.", "url": "https://www.charmingstay.ch", "image": "https://hltpimtsoch.sos-ch-dk-2.exoscale-cdn.com/catalog/0/6/4/2/064242405cb1c5a59f45a9562db0d3481a99ae9e_1.1_new_.jpg", "openstreetmap_id": "way/228272342"}, "geometry": {"type": "Point", "coordinates": ["9.288912835240716", "47.09376955865367"]}}, {"type": "Feature", "properties": {"identifier": "8b8a3914-85a0-4311-81bd-91a0af51da6d", "name": "Haus zur F\u00f6hre (Whg. Selzam)", "description": "Die 3.5 Zimmerwohnung befindet sich in einem 6-Familienhaus an ruhiger Lage, zentral gelegen in Flumserberg Tannenboden mit sehr sch\u00f6ner Aussicht auf die Churfirsten. Die Lifte und der Sammelplatz der Ski- und Snowboardschule sind ca. 250m entfernt. Zur Wohnung geh\u00f6rt ein kostenloser Garagenplatz. Haustiere auf Anfrage.\n\nDie helle, frisch renovierte Wohnung ist gem\u00fctlich und modern eingerichtet. Wohn- und Schlafr\u00e4ume sind mit Vinylb\u00f6den ausger\u00fcstet. Zur Wohnung geh\u00f6ren ein Gartensitzplatz und ein Balkon. Im Wohnzimmer befindet sich ein TV, WLAN ist nicht vorhanden.", "image": "https://hltpimtsoch.sos-ch-dk-2.exoscale-cdn.com/catalog/3/e/6/8/3e68a43e6f7edbe7c46c1ccf4a7ce5d6e421ef0b_Haus_zur_F__hre_6.jpg", "openstreetmap_id": "way/258942561"}, "geometry": {"type": "Point", "coordinates": ["9.286522401042062", "47.0918244"]}}, {"type": "Feature", "properties": {"identifier": "8be2c482-c60b-4950-9fef-1ef302edd52f", "name": "Rastst\u00e4tte Walensee", "description": "Die Rastst\u00e4tte Walensee liegt an der A3 bei Unterterzen und besticht durch die wundersch\u00f6ne Aussicht auf das Churfirstenmassiv. Die Rastst\u00e4tte kann von beiden Fahrtrichtungen erreicht werden. Ein kurzer Fussmarsch (14 Min.) verbindet die beiden Rastst\u00e4tten. Den Walensee und seine Umgebung aus einer erh\u00f6hten Perspektive zu betrachten und dazu ein feines Essen im Panoramarestaurant geniessen ist ein Highlight und Erholung pur.\n\nDas Panoramarestaurant ist mit dem G\u00fctesiegel Best of Swiss Gastro ausgezeichnet. F\u00fcr die kleinen G\u00e4ste gibt es einen Spielplatz gleich neben dem Panoramarestaurant. Die Schirmbar \u00fcberzeugt mit gem\u00fctlicher Atmosph\u00e4re.\n\nDie Rastst\u00e4tte ist behindertengerecht eingerichtet.\n\nDie moderne Tankstelle ist 24 h f\u00fcr Sie ge\u00f6ffnet. Tanks\u00e4ulen mit Notenautomaten (CHF oder Euro) zur Selbstbedienung stehen stets zur Verf\u00fcgung.", "url": "http://www.gruppe-thurau.ch/walensee_raststaette.html", "image": "https://hltpimtsoch.sos-ch-dk-2.exoscale-cdn.com/catalog/e/6/5/6/e6562aba64e88bb58966e819da10696bf46f4284_Rastst__tte___bersicht.jpg", "openstreetmap_id": "node/225633212"}, "geometry": {"type": "Point", "coordinates": ["9.266331174697704", "47.1127102"]}}, {"type": "Feature", "properties": {"identifier": "8d942e32-50a0-4956-b517-02d47599afc0", "name": "Burganlage Neu-Aspermont", "description": "Die Burg Neu-Aspermont stammt aus dem 13. Jahrhundert. In den Urkunden wird im Jahr 1120 ein Ritter Aspermont, Vice-Domenicus des Bischofs von Chur, erw\u00e4hnt. Die Burg blieb \u00fcber Generationen in dessen Familie. Die Grafen von Aspermont hatten auch bei Thorenb\u00fcren, dem heutigen Dornbirn, verschiedene Besitzt\u00fcmer. Ulrich XI \u00fcbersiedelte 1376 auf einen Sitz innerhalb der dortigen L\u00e4ndereien und nahm den Namen Rauenberg an, was so viel wie Aspermont bedeuten k\u00f6nnte. \n\nW\u00e4hrend des so genannten Schwabenkriegs 1499 wurde Neu-Aspermont zerst\u00f6rt. Adelsmann Dietpold von Schlandersberg liess die Burg wieder aufbauen und den Turm um zwei Geschosse aufstocken. Um 1538 \u00fcbernahm zwischenzeitlich der Gr\u00fcscher Peter von Finer, seines Zeichens Landvogt zu Castels, die Burg. Der legend\u00e4re Ritter von Molina war im Jahr 1630 einer der letzten Bewohner von Neu-Aspermont. \n\n1863 konnte Hauptmann Ernst Rhomberg aus Dornbirn die Burg von drei Jeninser B\u00fcrgern erwerben. Von 1999-2025 wurden durch den Verein und die Stiftung Burg Neu-Aspermont umfassende Konservierungsarbeiten durchgef\u00fchrt. 2014 gelangte die Burg in den Besitz des Vereins und 2017 wurde sie der Stiftung Burg Neu-Aspermont \u00fcbertragen. Die Burg ist \u00f6ffentlich zug\u00e4nglich mit einer Wendeltreppe im Innern des Turms.", "url": "https://www.neu-aspermont.ch/", "image": "https://hltpimtsoch.sos-ch-dk-2.exoscale-cdn.com/catalog/3/d/0/f/3d0f600c310421e6514a5a5c236ca974bd2df1b5_Aspermont_Turm.jpg", "openstreetmap_id": "node/281744674"}, "geometry": {"type": "Point", "coordinates": ["9.5652261", "47.0032475"]}}, {"type": "Feature", "properties": {"identifier": "8e5cb257-acad-4639-896d-94e4057d5f6a", "name": "Ferienhaus Chalet Guggerli", "description": "<p>Das alleinstehende nicht online buchbare 4.5-Zimmer-Chalet befindet sich an ruhiger Lage in Flumserberg Tannenheim mit unverbauter Rundumsicht auf Alvierkette, Sarganserland bis in die &ouml;sterreichischen Alpen und die B&uuml;ndner Herrschaft. Die Talstation der Bergbahn ist nur ca. 700m entfernt. Zum Chalet geh&ouml;rt ein kostenfreier Autoeinstellplatz. Die Wohnung ist sehr liebevoll und mit viel Holz eingerichtet. Das Wohnzimmer verf&uuml;gt &uuml;ber einen Schwedenofen, was den Aufenthalt sehr gem&uuml;tlich macht. Wohn- und Schlafzimmer verf&uuml;gen &uuml;ber einen Holzboden. Vom Wohnzimmer aus gelangt man auf den sonnigen Balkon.</p>", "url": "http://www.chalet-flumserberg.ch", "image": "https://hltpimtsoch.sos-ch-dk-2.exoscale-cdn.com/catalog/5/5/8/d/558d3ce90515d9cd5c74a0ddb0ca6d9cd527fa6c_Guggerli_Ansicht.JPG", "openstreetmap_id": "way/182426752"}, "geometry": {"type": "Point", "coordinates": ["9.305726", "47.0834726"]}}, {"type": "Feature", "properties": {"identifier": "8efc11d3-ac26-4a45-8956-3dd9b1f6106f", "name": "Restaurant Altes Bad Pf\u00e4fers", "description": "Bad Pf\u00e4fers dient seit jeher dem Wohl der Menschen, einst als Heilbad, heute als Ort der Erholung und Gastlichkeit. Lassen Sie sich von K\u00fcche, Keller und Service in bester Tradition verw\u00f6hnen.\n\nIn der einladenden Gaststube und dem festlichen Saal verw\u00f6hnt das Restaurant des Alten Bad Pf\u00e4fers die Besucher mit K\u00f6stlichkeiten aus K\u00fcche und Keller sowie mit einem aufmerksamen Service in bester Badtradition. \n\nF\u00fcr kleinere Erfrischungen steht f\u00fcr Familien, Schulen und Wandergruppen ein Selbstbedienungskiosk mit Imbissen, Getr\u00e4nken und Naschereien offen. Diese k\u00f6nnen unmittelbar nebendem Thermalwasserbrunnen im Freien genossen werden.", "url": "http://www.altes-bad-pfaefers.ch", "image": "https://hltpimtsoch.sos-ch-dk-2.exoscale-cdn.com/catalog/f/0/e/0/f0e01af92550145ddba64ba921006b935d7535d5_Alte_Kueche01.jpg", "openstreetmap_id": "way/363320241"}, "geometry": {"type": "Point", "coordinates": ["9.48792985186627", "46.9739092"]}}, {"type": "Feature", "properties": {"identifier": "8f612329-bbe7-4d90-8547-00017d89f8ad", "name": "Heididorf Maienfeld", "description": "<p>Besuchen Sie das Heididorf in Maienfeld, den Originalschauplatz der weltbekannten Heidi-Geschichte.</p><p>Der friedliche Weiler beherbergt das Original Heidihaus, das Wohnhaus mit der Einrichtung wie zu Heidis Zeiten, Heidis Alph&uuml;tte, die Nachbildung vom liebevollen Zuhause von Alp&ouml;hi, die Ausstellung Johanna Spyris Heidiwelt sowie die Dorfschule von Heidi aus dem Jahr 1880. Im D&ouml;rfli warten bereits Heidis Tiere und im Dorfladen mit Souvenirs befindet sich die kleinste Poststelle der Schweiz mit dem Heididorf-Sonderstempel.</p><p>Im Heididorf lebt auch alles, zum Teil fast vergessenes Handwerk wieder auf. Heidi begeistert seit Jahrzehnten Kinder in aller Welt und l&auml;sst auch Erwachsenenherzen h&ouml;herschlagen. Trotz internationalen Auftritten in B&uuml;chern, Musicals, Zeichentrickserien und Filmen hat unser Heidi seine Wurzeln nicht vergessen. Denn nirgends auf der Welt ist Heidis Aura und Pers&ouml;nlichkeit sp&uuml;rbarer als im Heididorf - dem Original Spielort der weltber&uuml;hmten Heidi-Geschichte. Entdecken Sie die weltbekannte Geschichte &bdquo;Heidi&ldquo; von Johanna Spyri im authentischen Heididorf, inmitten einer imposanten Bergwelt.</p><p>Im Heididorf oberhalb von Maienfeld erleben Sie eine emotionale Zeitreise zur&uuml;ck in die Schweizer Bergwelt des sp&auml;ten 19. Jahrhundert und erfahren Sie wie Heidi lebte. Heidi - Ein Kind bewegt die Welt.</p>", "url": "http://www.heididorf.ch", "image": "https://hltpimtsoch.sos-ch-dk-2.exoscale-cdn.com/catalog/8/9/3/d/893de8544c356eada2be97056291479fea346dd6_Fotopoint_Heidihaus_Rolf_Mutzner.jpg", "openstreetmap_id": "node/1391377542"}, "geometry": {"type": "Point", "coordinates": ["9.5451067", "47.0132367"]}}, {"type": "Feature", "properties": {"identifier": "907ec4a4-9c87-417d-bb37-64d7684e38a8", "name": "Bahnhof Ziegelbr\u00fccke", "description": "<div><p>Der <strong>Bahnhof Ziegelbr&uuml;cke</strong> verf&uuml;gt &uuml;ber eine gut ausgebaute Infrastruktur f&uuml;r Reisende und Pendlerinnen sowie Pendler. Zur Ausstattung geh&ouml;ren <strong>Schliessf&auml;cher auf Stadtebene</strong> in verschiedenen Gr&ouml;ssen f&uuml;r die sichere Aufbewahrung von Gep&auml;ck. Die Schliessf&auml;cher stehen in den Gr&ouml;ssen S und M zur Verf&uuml;gung und k&ouml;nnen je nach Saison und Mietdauer genutzt werden.</p><p>F&uuml;r die umweltfreundliche Anreise mit dem Fahrrad stehen <strong>72 &uuml;berdachte Veloparkpl&auml;tze</strong> zur Verf&uuml;gung. Zudem bietet das <strong>P+Rail\u2011Angebot in Ziegelbr&uuml;cke 105 Parkpl&auml;tze</strong>, die eine komfortable Kombination von Auto und Bahn erm&ouml;glichen.</p><p>Dank dieser Ausstattung eignet sich der Bahnhof Ziegelbr&uuml;cke ideal als Umsteige\u2011 und Ausgangspunkt f&uuml;r Reisen in die Region sowie f&uuml;r den t&auml;glichen Pendlerverkehr.</p></div>", "url": "https://www.sbb.ch/de/reiseinformationen/bahnhoefe/bahnhof-finden/bahnhof.3225.ziegelbruecke.html", "image": "https://hltpimtsoch.sos-ch-dk-2.exoscale-cdn.com/catalog/6/4/0/c/640c6c83a381055f3b0c6e7cefda2ba0a0b2ae58_Bahnhof_Piktogramm_HLT.png", "openstreetmap_id": "node/1720777156"}, "geometry": {"type": "Point", "coordinates": ["9.0599519", "47.1361374"]}}, {"type": "Feature", "properties": {"identifier": "9093baaf-8279-4aba-b9f5-b44ad0c6c558", "name": "Restaurant Adler", "description": "Das Gourmetrestaurant Adler in Fl\u00e4sch mit seinen gem\u00fctlichen Gaststuben ist ein bezauberndes Haus mit zeitlosem Charme und der Treffpunkt von Gourmets und Weinliebhabern aus der ganzen Welt. \nSiggi Tschurtschenthaler und sein Team sorgen mit herzlichem Service und feinen K\u00f6stlichkeiten aus der K\u00fcche daf\u00fcr, dass Sie sich wohlf\u00fchlen. Dar\u00fcber hinaus begeistert Sie Melanie mit edlen Tropfen aus einem der wohl aussergew\u00f6hnlichsten Weinkeller der Region.", "url": "https://www.adlerflaesch.ch", "image": "https://hltpimtsoch.sos-ch-dk-2.exoscale-cdn.com/catalog/f/8/c/2/f8c285e889f72332f29a28617018c72c1feea777_IMG_6999_Restaurant.jpg", "openstreetmap_id": "node/955462383"}, "geometry": {"type": "Point", "coordinates": ["9.5132443", "47.0266975"]}}, {"type": "Feature", "properties": {"identifier": "91104eaa-c668-4d79-b848-74bd514628c6", "name": "Feuerstelle Mols", "description": "<p>Die Feuerstelle in Mols liegt direkt am Strand und eignet sich ideal zum Grillieren und Baden am Walensee. In unmittelbarer N&auml;he befinden sich ein Spielplatz vom Spielerlebnis Walensee, das Bistro Hafen West, eine beliebte Strandschaukel als Fotopoint sowie eine &ouml;ffentliche Toilette. Kostenpflichtige Parkpl&auml;tze sind ebenfalls vorhanden.</p>", "url": "https://www.heidiland.com", "image": "https://hltpimtsoch.sos-ch-dk-2.exoscale-cdn.com/catalog/0/0/5/8/00583c31fc00ca1151f7c4d3f3e194427ae653a4_Feuerstelle_Piktogramm_HLT.png", "openstreetmap_id": "12067760985"}, "geometry": {"type": "Point", "coordinates": ["9.284627437591555", "47.113590678624234"]}}, {"type": "Feature", "properties": {"identifier": "92c38ce8-3c54-4f95-80c4-15a5610aa6bc", "name": "Steinbruch Lochezen", "description": "<p>Das Areal Lochezen bei Walenstadt umfasst 217'800 m\u00b2 mit Geb\u00e4uden, Wohnungen, Naturfl\u00e4chen und einem ehemaligen Steinbruch. Die Geobrugg AG testet dort moderne Steinschlagnetze. Die Ortsgemeinde hat die historische Bedeutung des Steinbruchs aufgearbeitet und bietet spannende F\u00fchrungen an. Besucher erleben Stollen, Kavernen und Relikte des ehemaligen Kalk- und Zementabbaus sowie ein unterirdisches Milit\u00e4rspital aus dem Zweiten Weltkrieg. Die F\u00fchrungen dauern rund 2,5 bis 3 Stunden, erfordern festes Schuhwerk und warme Kleidung, und kosten ab CHF 300.\u2013 pro Gruppe.</p>", "url": "https://www.ortsgemeinde-walenstadt.ch/oeffentlichkeit/steinbruch-lochezen/", "image": "https://hltpimtsoch.sos-ch-dk-2.exoscale-cdn.com/catalog/4/f/3/e/4f3e7941f3f34c82fc22960fdaf8b166d6095ffc_import_249.JPG"}, "geometry": {"type": "Point", "coordinates": ["9.292452", "47.1287912"]}}, {"type": "Feature", "properties": {"identifier": "94d59c6a-d334-468b-bfe4-1918a4e55532", "name": "Pizolbahnen AG", "description": "\u00dcber 120 Kilometer Wanderwege, Trails f\u00fcr Trailrunner und Mountainbiker, idyllische Bergseen f\u00fcr Wanderer und Sportfischer, der Klettergarten Tw\u00e4rchamm und Startpl\u00e4tze f\u00fcr Gleitschirm-Piloten. F\u00fcr Familien bietet sich besonders der Heidipfad, der Wasserwald oder der MounTeens Detektiv-Weg an.", "url": "https://pizol.com/", "image": "https://hltpimtsoch.sos-ch-dk-2.exoscale-cdn.com/catalog/3/d/2/4/3d241dfd9eae3b759b22c2f51478de8b720c214a_Heidipfad_Pizol__1_.jpg", "openstreetmap_id": "node/558818427"}, "geometry": {"type": "Point", "coordinates": ["9.4736441", "47.0171423"]}}, {"type": "Feature", "properties": {"identifier": "95d39dc6-6067-49a2-a5c2-f0005f33d388", "name": "Bergbahnen Flumserberg", "description": "Am Flumserberg stehen im Winter 65 Pistenkilometer mit 17 bequemen Liftanlagen, eine 3 km lange mittelschwere Schlittelpiste, 35 km Winterwanderwege sowie 20 Loipenkilometer zur Verf\u00fcgung. F\u00fcr Abwechslung auf den Pisten sorgen die Abfahrtsroute H\u00e4x\u00e4W\u00e4ldli sowie der SnowPark, der FamilyRun und die CrossPiste Flumserberg. \n\nW\u00e4hrend der schneefreien Zeit l\u00e4sst der Flumserberg mit \u00fcber 150 Wanderkilometer, der Rodelbahn FLOOMZER, dem Kletterturm CLiiMBER und den 13 km flowigen BikerTrails die Herzen der G\u00e4ste h\u00f6her schlagen. W\u00e4hrend dieser Zeit sind 6 Bahnanlagen in Betrieb.", "url": "https://www.flumserberg.ch/de", "image": "https://hltpimtsoch.sos-ch-dk-2.exoscale-cdn.com/catalog/0/9/1/8/09180e2bc5f2b7f8d20db5d0e42f5535f3d1a77a_Gondelbahn_BergJet__2.jpg", "openstreetmap_id": "way/754266155"}, "geometry": {"type": "Point", "coordinates": ["9.280577301979067", "47.092138187784"]}}, {"type": "Feature", "properties": {"identifier": "9605cf4e-626c-415f-9d47-acb9de0741c7", "name": "Anlegestelle Hafen M\u00fchlehorn", "description": "<p>Erforschen Sie die tiefblaue Mitte der Region und geniessen Sie die atemberaubende Bergkulisse auf dem Walensee. Lassen Sie sich von den majest&auml;tischen Churfirsten, der wild romantischen Natur, dem glasklaren Wasser und den fantastischen Stimmungen am Walensee verzaubern. Der Walensee, das Paradies f&uuml;r nah und fern. Die Schiffsbetrieb Walensee AG verbindet Orte, Angebote und Aktivit&auml;ten in idealer Weise. Die Verbindung nach Quinten ist auch im Winter durchgehend in Betrieb.</p><h3>Zugangsinformationen</h3><div class=\"rte\"><ul><li>Stufenloser Zugang</li><li>Ein- und Ausstieg durch Personalhilfestellung</li><li>Gruppen ab 10 Personen und Rollst&uuml;hle m&uuml;ssen im Voraus angemeldet werden.</li><li>Kein taktiles Leitsystem vorhanden</li></ul></div>", "url": "https://walenseeschiff.ch/de/fahrplan/anlegestellen/muehlehorn.html", "image": "https://hltpimtsoch.sos-ch-dk-2.exoscale-cdn.com/catalog/c/8/3/2/c832f9e8e209c8362da2eb6557b643fe6779a2e8_Anlegestelle_Hafen_Piktogramm_HLT.png", "openstreetmap_id": "node/240035810"}, "geometry": {"type": "Point", "coordinates": ["9.17436718940735", "47.11828529119371"]}}, {"type": "Feature", "properties": {"identifier": "975300f6-61a8-4f19-9466-e6bdcc66bb80", "name": "M\u00e4tzwiesen H\u00f6ckli (CharmingStay)", "description": "<div>Dieses liebevoll eingerichtete 5-Zimmer-Haus ist ideal f&uuml;r entspannte Ferientage mit Familie oder Freunden. Vier Schlafzimmer, zwei Badezimmer sowie ein offener Wohn- und Essbereich mit voll ausgestatteter K&uuml;che bieten Platz f&uuml;r bis zu 6 Personen und schaffen ein wohnliches Zuhause-Gef&uuml;hl. Der gem&uuml;tliche Wohnbereich l&auml;dt nach aktiven Tagen zum gemeinsamen Kochen, Essen und Entspannen ein. Ruhig gelegen und dennoch zentral: Das Zentrum von Tannheim sowie die Prodalp-Express-Gondelbahn sind in 7&ndash;10 Gehminuten erreichbar. Ankommen, durchatmen und echte Bergferien geniessen.</div>", "url": "https://www.charmingstay.ch", "image": "https://hltpimtsoch.sos-ch-dk-2.exoscale-cdn.com/catalog/3/b/2/1/3b21e309423f48b0e259a22f7dae20e93df0d6b3_batch_Essbereich_2.jpg", "openstreetmap_id": "way/321791732"}, "geometry": {"type": "Point", "coordinates": ["9.3052434", "47.0893134"]}}, {"type": "Feature", "properties": {"identifier": "98f13aaf-10f3-4c86-8de8-814bbf29f330", "name": "Chalet Gina", "description": "Das gepflegte 3.5-Zimmer-Chalet liegt mitten im Zentrum Flumserberg Tannenheim, 10 Gehminuten von der Haust\u00fcre bis zur Talstation Prodalp-Express und bietet eine sch\u00f6ne Aussicht auf die Churfirsten. Einkaufsm\u00f6glichkeiten sind 5 Minuten zu Fuss entfernt.", "image": "https://hltpimtsoch.sos-ch-dk-2.exoscale-cdn.com/catalog/5/b/5/8/5b582af891a1c53c5f02967e6a2091273e353a48_Chalet_Gina__Flumserberg__1_.JPG", "openstreetmap_id": "way/182428539"}, "geometry": {"type": "Point", "coordinates": ["9.3054735660553", "47.08938828216"]}}, {"type": "Feature", "properties": {"identifier": "99b1d7f9-e485-43ea-b5aa-255f73cb7e37", "name": "Haus Wogesa (CharmingStay)", "description": "Ger\u00e4umige Ferienwohnungen im Haus Wogesa. Sch\u00f6n gelegen und in der N\u00e4he von Prodalpbahn und Pisten.", "url": "https://www.charmingstay.ch", "image": "https://hltpimtsoch.sos-ch-dk-2.exoscale-cdn.com/catalog/8/c/9/7/8c97705eda5ea05a8facfe8cddc7c98037ce4714_Haus_Wogesa_1.jpg", "openstreetmap_id": "way/325408059"}, "geometry": {"type": "Point", "coordinates": ["9.29493613505944", "47.090991"]}}, {"type": "Feature", "properties": {"identifier": "99ec5c32-427f-4257-ad95-651ffb426d27", "name": "Flumser-H\u00f6ckli - Casa Lilly (CharmingStay)", "description": "Das 4.5-Zimmer-Haus Casa Lilly befindet sich im Zentrum von Flumserberg Tannenheim, verf\u00fcgt \u00fcber 3 Stockwerke und einen fantastischen Blick auf die Churfirsten. Die Talstation Prodalp-Express, Restaurants und Shops sind in wenigen Gehminuten erreichbar. Das Ferienhaus verf\u00fcgt \u00fcber einen Aussenparkplatz und eine Garage.", "url": "https://www.charmingstay.ch", "image": "https://hltpimtsoch.sos-ch-dk-2.exoscale-cdn.com/catalog/d/c/4/2/dc4209935e69ade203f8c6a01b1d51bea4d1165a_Casa_Lilly__2_.jpg", "openstreetmap_id": "way/194824450"}, "geometry": {"type": "Point", "coordinates": ["9.304341673851015", "47.0892675241778"]}}, {"type": "Feature", "properties": {"identifier": "9ab7c4e0-5f9a-4a15-91a8-69a27a80364f", "name": "Chalet Schwendihus (CharmingStay)", "description": "Charmantes 3.5-Zimmer-Chalet aus Holzinterieur mit atemberaubender Aussicht auf die sch\u00f6nen Churfirsten und den blauen Walensee. Etwa 1 km vom Zentrum Tannenboden entfernt.", "url": "https://www.charmingstay.ch", "image": "https://hltpimtsoch.sos-ch-dk-2.exoscale-cdn.com/catalog/2/6/b/0/26b0508e952bc743158331f7026b6215f654b87d_Chalet_Felsenberg__17_.jpeg", "openstreetmap_id": "way/294246246"}, "geometry": {"type": "Point", "coordinates": ["9.285072684288027", "47.09682008180068"]}}, {"type": "Feature", "properties": {"identifier": "9b17bfaf-3ec0-4053-b12a-8d5f0dacbbc7", "name": "Dachwohnung Tannenboden, Whg. Schmid", "description": "Die helle, moderne und kinderfreundliche 3.5-Zimmer Dachwohnung befindet sich im Hotel Tannenboden mit wundersch\u00f6ner Aussicht auf das Bergpanorama Churfirsten. In kurzer Gehdistanz erreichen Sie die Skilifte, Ski- und Snowboardschule, Tourismusb\u00fcro, Einkaufsladen und diverse Restaurants. Es ist ein idealer Ausgangspunkt f\u00fcr s\u00e4mtliche Aktivit\u00e4ten und Attraktionen am Flumserberg. ", "image": "https://hltpimtsoch.sos-ch-dk-2.exoscale-cdn.com/catalog/b/3/4/8/b348327a7c5da13d692d863d8612c87a7479ed12_Aussenansichit_Tannenboden.jpg", "openstreetmap_id": "way/294246358"}, "geometry": {"type": "Point", "coordinates": ["9.286634850000006", "47.093023349999996"]}}, {"type": "Feature", "properties": {"identifier": "9b51a67a-1dc9-46e6-a59b-5483782e812d", "name": "Pfadiheim Bad Ragaz", "description": "Lagerhaus f\u00fcr Schulen und Jugendgruppen\n\nAufenthalts-/Essraum mit Holzchmin\u00e9e, voll ausgestattete K\u00fcche, Schlafr\u00e4ume 2x klein/ 1x gross, Leiterzimmer, Spielwiese, Feuerstelle, Brunnen, 3 Wc's, 6 Duschen (eine davon separat)\n\nSkilift/Bergbahn (mit Ortsbus in 10 Minuten erreichbar)\nFreibad/Sportplatz (10 Gehminuten )\nThermalbad (10 Gehminuten)\nHallenbad (10 km)", "url": "https://www.italreding.ch/start.php", "image": "https://hltpimtsoch.sos-ch-dk-2.exoscale-cdn.com/catalog/4/4/5/c/445cbf0f325e025ee1a03aca3900016c720cf015_IMG_6979.JPG", "openstreetmap_id": "way/44976595"}, "geometry": {"type": "Point", "coordinates": ["9.508744", "47.0109679"]}}, {"type": "Feature", "properties": {"identifier": "9c018856-3a23-413b-ac28-b787b6436ca1", "name": "Gampergalt (Whg. Baker)", "description": "Die Ferienwohnung befindet sich an ruhiger Lage in einem 8-Familien-Ferienhaus in Flumserberg Tannenheim. Die Skipiste ist nur 3 Gehminuten entfernt. Zur Wohnung geh\u00f6rt ein kostenloser Parkplatz.\n\nDie Wohnung ist gem\u00fctlich und komfortabel eingerichtet. Die ganze Wohnung verf\u00fcgt \u00fcber einen Plattenboden. Zur Wohnung geh\u00f6rt ein grosser Balkon mit Fernsicht.", "image": "https://hltpimtsoch.sos-ch-dk-2.exoscale-cdn.com/catalog/9/0/d/a/90da4e435c66c576bb84aea0cfd3042b5910f4d4_627193.jpg", "openstreetmap_id": "way/182426752"}, "geometry": {"type": "Point", "coordinates": ["9.30598712383185", "47.08270506053502"]}}, {"type": "Feature", "properties": {"identifier": "9c03003f-a7e5-4c7d-92b2-c82cdd4025e0", "name": "Tennishalle in der alten Spinnerei", "description": "In der alten Spinnerei schlagen Sie Ihre B\u00e4lle auf einem 630m\u00b2 grossen, topmodernen Indoor-Spielfeld. Der Rebound-Ace-Platz (Australian Open, Olympics in Sidney) steht der \u00d6ffentlichkeit t\u00e4glich von 8:00 bis 22:00 Uhr zur Verf\u00fcgung und kann f\u00fcr eine oder zwei Stunden gebucht werden.", "url": "https://lofthotel.ch/tennis-fitness-e-bike/", "image": "https://hltpimtsoch.sos-ch-dk-2.exoscale-cdn.com/catalog/3/c/a/a/3caaf8ba09d5dfdfe4e7675a6282cf3895061748_Tennishalle_lofthotel_2.jpg", "openstreetmap_id": "node/418190191"}, "geometry": {"type": "Point", "coordinates": ["9.2170854", "47.1124346"]}}, {"type": "Feature", "properties": {"identifier": "9c5fbf1f-d077-4565-85cd-cc74e89b9faf", "name": "Gleitschirmfliegen am Flumserberg", "description": "Das Fluggebiet des Gleitschirmclubs Spitzmeilen (GCS) umfasst die Flumserberge und Sch\u00f6nhalden (Kleinberg) in Flums. Zu den Startpl\u00e4tzen geh\u00f6ren Prodkamm (NO\u2013W), Maschgenkamm (W\u2013NW und S\u2013SO) sowie Sch\u00f6nhalden (NO).\n\nPiloten und Pilotinnen, die Start- und oder Landepl\u00e4tze des GCS benutzen, ben\u00f6tigen eine Jahres- oder Tagesvignette. Dies muss irgendwo sichtbar aufgeklebt werden. \nDie Tageskarte kostet CHF 8.00, die Jahreskarte CHF 30.00. \nWeitere Informationen unter: www.gc-spitzmeilen.ch/fluggebiet\n\nFlugschulen und Siku-Veranstalter, die im Fluggebiet des GCS schulen m\u00f6chten, sind willkommen. \nAlle Sch\u00fclerinnen und Sch\u00fcler m\u00fcssen ebenfalls im Besitz einer g\u00fcltigen Tages- oder Jahresvignette sein.\n\nJeden zweiten Sommer findet das mehrt\u00e4gige Flugfest des GCS statt \u2013 ein Erlebnis f\u00fcr Gross und Klein, Piloten und Besucher. \nWeitere Informationen sowie aktuelle Meteodaten, Tarife, Gefahrenhinweise, Tipps und News findest du auf den Informationstafeln bei den Landepl\u00e4tzen und auf der Webseite des GCS: www.gc-spitzmeilen.ch", "url": "https://www.gc-spitzmeilen.ch", "image": "https://hltpimtsoch.sos-ch-dk-2.exoscale-cdn.com/catalog/6/a/a/b/6aabdbaef32f586ea4b891bf2800887e85e1dbb4_im_landeanflug.JPG"}, "geometry": {"type": "Point", "coordinates": ["9.341813", "47.0907098"]}}, {"type": "Feature", "properties": {"identifier": "9dca36e5-0d2d-4f48-874e-a26015221a92", "name": "Igiser Hofl\u00e4dali", "description": "Hofladen und Bio-Bauernhof", "image": "https://hltpimtsoch.sos-ch-dk-2.exoscale-cdn.com/catalog/c/0/a/c/c0ac46bfcc8254a0de5530b951165d55f0fd2b79_20200301_102559__3.jpg", "openstreetmap_id": "way/93572539"}, "geometry": {"type": "Point", "coordinates": ["9.579541683197023", "46.953721229174754"]}}, {"type": "Feature", "properties": {"identifier": "9e46c2f6-795a-4f15-a31f-b4e2dcc4f5b2", "name": "Caf\u00e9 Kilian", "description": "Caf\u00e9 mit gem\u00fctlicher Einrichtung, die dazu einladen stundenlang zu verweilen, Kaffee zu trinken und Kuchen zu essen.", "url": "https://www.cafe-kilian.ch/joomla/", "image": "https://hltpimtsoch.sos-ch-dk-2.exoscale-cdn.com/catalog/b/3/e/6/b3e6e4876f96b6062d122f72310e5fd5231d7862_lokal0_1200.jpg", "openstreetmap_id": "relation/1683906"}, "geometry": {"type": "Point", "coordinates": ["9.420336492003223", "47.0489589114756"]}}, {"type": "Feature", "properties": {"identifier": "9e63ed52-51b8-4189-9947-1a1db5014e5f", "name": "Ferienwohnung Bijouswiss \"The Yellow House\" mit SAUNA", "description": "Die Wohnung verf\u00fcgt \u00fcber einen gem\u00fctlichen Wohnraum mit Samsung Home Cinema Anlage mit SAT TV.\nLedersofa, 2 Relaxst\u00fchle und einen Esstisch. Das Leder-Sofa kann als Bett umfunktioniert werden, falls eine Raumtrennung der Schlafzimmer gew\u00fcnscht wird. Schlafzimmer mit Doppelbett und separatem Etagenbett in Normalgr\u00f6sse, auch f\u00fcr Erwachsene geeignet. \nDie K\u00fcche ist sehr modern und mit Eckbank und Esstisch, Nespresso Kaffeemschine, Mikrowelle/Backofen, K\u00fchlschrank,  ausgestattet.  \nDusche, WC, Lavabo und eigene Finnische Sauna. \nViele Spiele f\u00fcr Jung und Alt vorhanden.", "url": "http://www.bijouswiss.ch", "image": "https://hltpimtsoch.sos-ch-dk-2.exoscale-cdn.com/catalog/d/6/f/7/d6f736c318577c74291c650c0565bb7f5a4a2cfe_2023_08_22_20.13.02.jpg", "openstreetmap_id": "way/291232755"}, "geometry": {"type": "Point", "coordinates": ["9.259990636194363", "47.09945155"]}}, {"type": "Feature", "properties": {"identifier": "9e793cfa-0a4d-4bfd-ae0d-8b8e255e23a2", "name": "BikerCamping Flumserberg", "description": "Wer von den BikerTrails am Flumserberg gar nicht genug bekommen kann, hat die M\u00f6glichkeit, in unmittelbarer N\u00e4he zu \u00fcbernachten. Direkt bei der Talstation der 12er-Gondelbahn Prodalp-Express in Tannenheim, um genau zu sein. Zwischen der Talstation und der Apr\u00e8s-Bike-Bar \u201esonderBar\u201c gibt es Abstellpl\u00e4tze f\u00fcr Busse und Vans. Zus\u00e4tzlich k\u00f6nnen Wohnmobile bis zu einer Maximall\u00e4nge von 7,50 m hinter dem Tennisplatz Flumserberg sowie in unmittelbarer N\u00e4he zum BikerShop Flumserberg geparkt werden. Die Infrastruktur des Aparthotels Edy Bruggmann steht allen Campern zur Verf\u00fcgung.\n\nErst auf den Trails abfahren, dann beim Apr\u00e8s-Bike entspannen und schliesslich nur wenige Meter zum Schlafplatz gehen \u2013 das gibt es nur am BikerBerg Flumserberg.", "url": "http://www.hotelbruggmann.ch/index.php/booking", "image": "https://hltpimtsoch.sos-ch-dk-2.exoscale-cdn.com/catalog/4/c/c/9/4cc9cc8a45686253a60b736ff69bf65e68fea96e_BikerCamping_Flumserberg.png", "openstreetmap_id": "node/244066306"}, "geometry": {"type": "Point", "coordinates": ["9.303059577941896", "47.089420135078456"]}}, {"type": "Feature", "properties": {"identifier": "9f4c20d2-7dee-4968-b886-116d5e9c7bd3", "name": "H\u00f6fli Pub", "description": "Aussergew\u00f6hnliches, Gastronomie-Konzept. Geniessen Sie die einmalige Atmosph\u00e4re und Ambiente in unseren mystischen und faszinierenden Gew\u00f6lben.", "url": "https://www.hoeflipub.ch/", "image": "https://hltpimtsoch.sos-ch-dk-2.exoscale-cdn.com/catalog/8/d/c/5/8dc5a9d38ff7de70c74fabed4dc524da292f0e16_IMG_2622.jpeg", "openstreetmap_id": "way/377480157"}, "geometry": {"type": "Point", "coordinates": ["9.420218544565927", "47.047087672127"]}}, {"type": "Feature", "properties": {"identifier": "a11d909d-ad31-42b3-adf1-4ebe968ba3cc", "name": "Bahnhof Walenstadt", "description": "<div>Der Bahnhof Walenstadt liegt nahe am Walensee und ist ein zentraler Ankunfts- und Ausgangspunkt f&uuml;r Ausfl&uuml;ge entlang des Seeuferwegs sowie in die umliegende Region. Der Bahnhof ist gut erschlossen und erm&ouml;glicht eine komfortable Kombination von Bahn, Auto und Velo. Am Bahnhof stehen 49 Parkpl&auml;tze zur Verf&uuml;gung (P+Rail Walenstadt) sowie ein &uuml;berdachtes Veloparking mit 147 Pl&auml;tzen.</div>", "url": "https://www.sbb.ch/de/reiseinformationen/bahnhoefe/bahnhof-finden/bahnhof.9414.walenstadt.html", "image": "https://hltpimtsoch.sos-ch-dk-2.exoscale-cdn.com/catalog/d/3/0/5/d305edb2bed141529e687c33be8572803a949e6c_Bahnhof_Piktogramm_HLT.png", "openstreetmap_id": "2048248456"}, "geometry": {"type": "Point", "coordinates": ["9.31295692920685", "47.119906012635944"]}}, {"type": "Feature", "properties": {"identifier": "a126ba9b-d533-4878-9b22-0836b97b3cff", "name": "Landgasthof Linde", "description": "In der Mitte von Berschis gelegen, strahlt das 300-j\u00e4hrige Haus jede Menge Tradition und Heimatverbundenheit aus. Treten Sie ein und lassen Sie sich von den gem\u00fctlichen R\u00e4umen \u00fcberraschen. Das Restaurant und das St\u00fcbli werden mit viel Liebe zum Detail geschm\u00fcckt und gepflegt.\n\nGeniessen Sie im rauchfreien St\u00fcbli einen oder mehrere G\u00e4nge des w\u00f6chentlich wechselndes Feinschmeckermen\u00fcs. Im heimeligen Dorfbeizli werden die preiswerten Gerichte mit ebenso viel Liebe zubereitet.", "url": "http://www.lindeberschis.ch", "image": "https://hltpimtsoch.sos-ch-dk-2.exoscale-cdn.com/catalog/f/6/0/1/f60126c8065f368b38a6d199de7b47b28f23e556__DSC8373.jpg", "openstreetmap_id": "node/5493974978"}, "geometry": {"type": "Point", "coordinates": ["9.3461533", "47.1063672"]}}, {"type": "Feature", "properties": {"identifier": "a1a7902c-da65-4e94-a99c-f8459dd41b1e", "name": "Chalet Ruedi (CharmingStay)", "description": "Die charmante 3.5 Zimmerwohnung liegt mitten in der Natur. Direkt beim Winterwanderweg und neben der Skipiste, bzw. beim Sommerh\u00f6henweg und dem Biker Trail. Die Wohnung ist ideal f\u00fcr 2-4 Personen. Die Wohnfl\u00e4che betr\u00e4gt 35m2. Gebaut wurde das Chalet im Jahre 1970, in den letzten Jahren wurde es aber mehrfach renoviert. Direkt neben dem Chalet liegt die Skipiste. Nur ca. 2 Minuten Abfahrt zum Prodalp-Express. Im Sommer erfolgt die Zufahrt direkt vor das Chalet und im Winter ist der Zugang via fussweg von 300m \u00fcber die Obere Anggetlinstrasse und den Winterwanderweg sichergestellt.", "url": "https://www.charmingstay.ch", "image": "https://hltpimtsoch.sos-ch-dk-2.exoscale-cdn.com/catalog/1/1/9/3/11937903eecdca231b121c58897697e06698fe6f_01_Ansicht1.jpg", "openstreetmap_id": "way/325408005"}, "geometry": {"type": "Point", "coordinates": ["9.303999489145204", "47.08464215714109"]}}, {"type": "Feature", "properties": {"identifier": "a211f9ed-bc68-462d-b382-4a3b0337db43", "name": "Brunner's Gamperdon", "description": "Die neue 3.5-Zimmerwohnung liegt sehr zentral am Standort vom ehemaligen Hotel Gamperdon in Tannenboden Dorf. Wanderwege, Bushaltestelle, Restaurants, Lebensmittel- und Sportgesch\u00e4fte sind zu Fuss erreichbar. Ein Garagenplatz ist im Preis inbegriffen.\n\nDie helle und komplett neue Ferienwohnung ist modern und komfortabel eingerichtet. Alle Zimmer verf\u00fcgen \u00fcber einen hellen Holzboden und haben eine wundersch\u00f6ne Panoramasicht auf die Churfirsten.", "image": "https://hltpimtsoch.sos-ch-dk-2.exoscale-cdn.com/catalog/c/d/5/2/cd527ceff6baec5b4dd19d003b1e50559442d4b0_Aussenansicht.JPG", "openstreetmap_id": "way/294246318"}, "geometry": {"type": "Point", "coordinates": ["9.28523182510765", "47.093405000000004"]}}, {"type": "Feature", "properties": {"identifier": "a2ce8640-b677-447c-b638-a7ffb298e87f", "name": "Aussichtsplattform Pizalun", "description": "Die Aussichtsplattform Pizalun auf der Hochebene St. Margrethenberg bietet eine Rundumsicht auf die umliegende St. Galler und B\u00fcndner Bergwelt. Dank den Panoramatafeln kann man die vielen Berge rundherum ganz einfach benennen. Zu F\u00fcssen liegt einem die B\u00fcndner Herrschaft und das Sarganserland. Und der Blick entlang dem Rhein f\u00fchrt bei guter Sicht bis zum Bodensee. \n\nDie Aussichtsplattform ist ab der Talstation des Skilifts Tristeli in einer knappen Stunde erreichbar. Auf einem leicht ansteigenden Wanderweg geht es durch W\u00e4lder und \u00fcber blumenreiche Wiesen dem Gipfel Pizalun entgegen. Ganz nach oben zur Aussichtsplattform Pizalun f\u00fchrt eine steile aber gut ausgebaute Treppe. Vom Pizalun runter Richtung F\u00fcrggli f\u00fchrt ein gem\u00fctlicher Wanderweg an der Bergwirtschaft J\u00e4geri vorbei. Wieder auf der Hochebene geht es auf der selten befahrenen Strasse zur\u00fcck zum Ausgangspunkt.", "url": "https://heidiland.com/de/service/tourist-office.html", "image": "https://hltpimtsoch.sos-ch-dk-2.exoscale-cdn.com/catalog/f/a/8/7/fa87a569398724a69c074704e5b06c8dbab97084_Aussichtsplattform__Pizalun_Sankt_Margrethenberg1.JPG", "openstreetmap_id": "node/10832298839"}, "geometry": {"type": "Point", "coordinates": ["9.5203328", "46.9711004"]}}, {"type": "Feature", "properties": {"identifier": "a3673a1c-f492-48d7-931a-f89682b89cd8", "name": "Chalet Felsenberg (CharmingStay)", "description": "Diese gem\u00fctliche 2.5-Zimmer-Wohnung im Erdgeschoss des Chalet Felsenberg bietet eine traumhafte Aussicht auf die Churfirsten. Vom Chalet sind es 12 Gehminuten bis zur Bergbahn Prodalp-Express.", "url": "https://www.charmingstay.ch", "image": "https://hltpimtsoch.sos-ch-dk-2.exoscale-cdn.com/catalog/8/d/4/8/8d489af67736960a768c0f59376de38470e65721_image18.jpeg", "openstreetmap_id": "way/413154675"}, "geometry": {"type": "Point", "coordinates": ["9.305532574653627", "47.08385414148862"]}}, {"type": "Feature", "properties": {"identifier": "a36b97fc-03c9-406f-ae06-48628b8292f8", "name": "Naturpfad Chapfensee", "description": "<p>Die Region Chapfensee ist in vielerlei Hinsicht eine Perle, aber als Besuchermagnet hat sie auch mit verschiedenen Herausforderungen zu k&auml;mpfen. F&uuml;r die einen &uuml;bt sie eine besondere Anziehung aus, weil es hier noch kostbare Moore und seltene Waldgesellschaften gibt. F&uuml;r die anderen, weil man hier baden und grillieren kann. Andere freuen sich &uuml;ber die Energiegewinnung, die Geologie oder die faszinierende Vogelwelt.&nbsp; Als Maskottchen bringt Eichelh&auml;her Edi im Actionboundpfad den Besuchern die Themen rund um den Chapfensee unterhaltsam n&auml;her. Als Eichelh&auml;her kann er an vielen Orten angetroffen werden, ist gut erkennbar und als Rabenvogel hat er den Ruf, weise und zugleich etwas vorwitzig zu sein.</p><p>Den Chapfensee verstehen, geniessen und erhalten, lautet das Motto des digitalen Pfades.</p>", "url": "https://www.sg.ch/umwelt-natur/wald/waldregion-3-sargans/naturpfade.html", "image": "https://hltpimtsoch.sos-ch-dk-2.exoscale-cdn.com/catalog/3/5/1/6/351637f1067aec46cb39637c76d4035adb48767f_Chapfensee.jpg", "openstreetmap_id": "node/7552285388"}, "geometry": {"type": "Point", "coordinates": ["9.372673630714418", "47.04921655179014"]}}, {"type": "Feature", "properties": {"identifier": "a66dfa9b-17fa-4790-922a-2aceafb0d12c", "name": "Liesch Weine AG, Ueli & J\u00fcrg Liesch", "description": "Rebberge, Keller und Verkaufsr\u00e4ume liegen idyllisch mitten im Gr\u00fcnen. Geniessen Sie einen Kurzbesuch oder einen langen Einblick in die Welt des Winzers oder mieten Sie die R\u00e4umlichkeiten, um Ihren Anlass selbst gestalten.", "url": "http://www.liesch-weine.ch", "image": "https://hltpimtsoch.sos-ch-dk-2.exoscale-cdn.com/catalog/0/1/1/8/011859a192f74a82765e5e0f4756aeed2bbb5c91_DJI_0221__1280x853_.jpg", "openstreetmap_id": "way/1188429141"}, "geometry": {"type": "Point", "coordinates": ["9.55787241817269", "46.988163530330276"]}}, {"type": "Feature", "properties": {"identifier": "a68dc274-7cf4-4337-9f8c-ec6e266539c6", "name": "Chalet Haseh\u00fcsli", "description": "<p class=\"MsoNormal\"><span lang=\"DE-CH\">Das Chalet Haseh&uuml;sli befindet sich auf der Tannebodenalp im Flumserberg in ruhiger Lage, nahe am Wald und mit herrlichem Blick auf die Churfirsten. Das Chalet umfasst eine 2,5-Zimmer-Wohnung mit bis zu vier Schlafpl&auml;tzen, darunter ein separates Schlafzimmer mit Doppelbett sowie ein Bettsofa im Wohnzimmer.</span></p><p class=\"MsoNormal\"><span lang=\"DE-CH\">Des Weiteren steht eine 3,5-Zimmer-Wohnung mit zwei Schlafzimmern und maximal sechs Schlafpl&auml;tzen zur Verf&uuml;gung. Ein Schlafzimmer ist mit einem Einzelbett ausgestattet, das zum Doppelbett umfunktioniert werden kann, sowie mit einem Etagenbett (geeignet f&uuml;r Erwachsene bis maximal 1,70 m K&ouml;rpergr&ouml;&szlig;e oder f&uuml;r Kinder). Das zweite Schlafzimmer verf&uuml;gt &uuml;ber ein Doppelbett.</span></p><p class=\"MsoNormal\"><span lang=\"DE-CH\">Beide Wohnungen bieten ein Badezimmer mit Dusche und WC sowie eine gut ausgestattete K&uuml;che inklusive Mikrowelle und Kaffeemaschine. Im Wohnzimmer befinden sich je ein Sofa und ein Fernseher. Internetzugang ist nicht verf&uuml;gbar.</span></p><p class=\"MsoNormal\"><span lang=\"DE-CH\">Hunde sind nach vorheriger Absprache grunds&auml;tzlich gestattet.</span></p><p class=\"MsoNormal\"><span lang=\"DE-CH\">Beide Wohneinheiten verf&uuml;gen &uuml;ber einen eigenen Sitzplatz oder Balkon mit Tisch und St&uuml;hlen. Zus&auml;tzlich steht im Garten ein &uuml;berdachter Sitzbereich mit Pavillon und Feuerstelle zur gemeinschaftlichen Nutzung bereit.</span></p>", "image": "https://hltpimtsoch.sos-ch-dk-2.exoscale-cdn.com/catalog/4/c/9/8/4c986e0874f8e6537ee3781948262674d48a1669_20250713_135714.jpg", "openstreetmap_id": "way/294246302"}, "geometry": {"type": "Point", "coordinates": ["9.286381", "47.0944018"]}}, {"type": "Feature", "properties": {"identifier": "a69745dc-4f1e-4f55-8484-a14a8d3311b6", "name": "Restaurant Forum Landquart", "description": "<div class=\"elementor-element elementor-element-f039019 elementor-widget elementor-widget-text-editor\" data-id=\"f039019\" data-element_type=\"widget\" data-e-type=\"widget\" data-widget_type=\"text-editor.default\"><p>Das&nbsp;<strong data-start=\"4\" data-end=\"24\">Restaurant Forum</strong>&nbsp;ist ein Ort, an dem Tradition und Genuss aufeinandertreffen. Hier wird mit Leidenschaft gekocht, ehrlich, bodenst&auml;ndig und immer frisch.</p></div><div class=\"elementor-element elementor-element-973c26b elementor-widget elementor-widget-text-editor\" data-id=\"973c26b\" data-element_type=\"widget\" data-e-type=\"widget\" data-widget_type=\"text-editor.default\"><p>Die K&uuml;che bietet klassische Schweizer und &ouml;sterreichische Spezialit&auml;ten, zubereitet mit besten regionalen Zutaten. Ob zum gem&uuml;tlichen Mittagessen, zum Abendessen mit Freunden oder f&uuml;r besondere Anl&auml;sse, im Restaurant Forum steht das Wohl der G&auml;ste immer im Mittelpunkt.</p></div>", "url": "https://restaurant-forum.ch/", "image": "https://hltpimtsoch.sos-ch-dk-2.exoscale-cdn.com/catalog/4/1/2/6/41269eb8045149b648c2d48667894529ea2b90c9_bdee7426_b803_4737_852f_56d7c2423c0e__1_.jpeg", "openstreetmap_id": "way/364906798"}, "geometry": {"type": "Point", "coordinates": ["9.562952208064512", "46.957444100000004"]}}, {"type": "Feature", "properties": {"identifier": "a80bb401-1acf-4df4-ba9b-b44d5a895109", "name": "Haus Gauenwald (Whg. Tribelhorn)", "description": "Gem\u00fctlich eingerichtete 3-Zimmer Wohnung mit maximal 6 Schlafpl\u00e4tzen zu vermieten. Die Wohnung liegt zentral, 5 Gehminuten von der Bergbahn im Tannenheim entfernt und doch weg vom L\u00e4rm der Hauptstrasse.", "url": "http://www.flumserberg.li", "image": "https://hltpimtsoch.sos-ch-dk-2.exoscale-cdn.com/catalog/a/e/3/d/ae3d53df2bb2597bff90c3d59e5326ad1cc4604a_Haus_Gauenwald_7.jpg", "openstreetmap_id": "way/194824445"}, "geometry": {"type": "Point", "coordinates": ["9.3004584", "47.09134255"]}}, {"type": "Feature", "properties": {"identifier": "a851bf5f-702b-4bc5-986e-56f0abc5fdd9", "name": "Wein & ALTER TORKEL", "description": "<ul><li><div>Gef&uuml;hrte Weintour durch die B&uuml;ndner Herrschaft (inkl. Transport)</div></li><li><div>Besuch von Rebbergen und einem ausgew&auml;hlten Weingut</div></li><li><div>Einf&uuml;hrung in Reben, Terroir und Weinherstellung</div></li><li><div>Gef&uuml;hrte Weinverkostung mit regionalen Spezialit&auml;ten</div></li><li><div>4\u2011Gang\u2011Weindegustationsmen&uuml; im Alten Torkel in Jenins</div></li></ul><div><div><p>Ein&nbsp;<strong>privater Wine Guide</strong>&nbsp;von&nbsp;<strong><a href=\"https://heidiland.com/map/poi/weintouren-in-der-bundner-herrschaft-24949152-444a-4556-bdce-e1188ec98f8a.html\" target=\"_blank\" rel=\"noopener\">Wine Tours Switzerland&nbsp;</a></strong>holt dich am Nachmittag beim&nbsp;<strong>Alten Torkel in Jenins</strong>&nbsp;oder an einem vereinbarten Ort in der Region ab. W&auml;hrend der Fahrt durch die D&ouml;rfer der<strong>&nbsp;B&uuml;ndner Herrschaft&nbsp;</strong>erh&auml;ltst du Einblicke in die Geschichte der Region, die Herkunft des&nbsp;<strong>B&uuml;ndner Pinot Noirs</strong>&nbsp;und das besondere Terroir.&nbsp;In den Rebbergen erf&auml;hrst du mehr &uuml;ber die Arbeiten im Wingert. Auf einem ausgesuchten Weingut wirst du in die&nbsp;<strong>Geheimnisse der Weinbereitung</strong>&nbsp;eingef&uuml;hrt und besuchst einen historischen Weinkeller. Die gef&uuml;hrte Degustation wird von B&uuml;ndner Trockenfleischspezialit&auml;ten und K&auml;se aus den umliegenden Alpen begleitet.&nbsp;Den Abschluss bildet das Abendessen im&nbsp;<strong><a href=\"https://heidiland.com/map/poi/alter-torkel-huus-vom-bundner-wii-d01f1d76-227d-4594-b23e-9a5319a5f8fb.html\" target=\"_blank\" rel=\"noopener\">Alten Torkel in Jenins</a></strong>. Dort geniesst du ein saisonales&nbsp;<strong>4\u2011Gang\u2011Weindegustationsmen&uuml;</strong>&nbsp;mit sorgf&auml;ltig abgestimmten&nbsp;<strong>Weinen aus der B&uuml;ndner Herrschaft</strong>. Anschliessend wirst du zur&uuml;ck zu deinem Hotel oder zu einem Bahnhof in der Region gebracht.</p></div></div>", "image": "https://hltpimtsoch.sos-ch-dk-2.exoscale-cdn.com/catalog/d/2/b/1/d2b12453a3f378f03f4a8d11d8516af15eecf374_large__Rheinwelten_Alter_Torkel__15_.jpg"}}, {"type": "Feature", "properties": {"identifier": "a8ef4c38-544f-4c0c-88db-360fd5f5c576", "name": "Haus Ahorn", "description": "Das freistehende 4.5 Ferienhaus an ruhiger Lage ist in der N\u00e4he der Skipisten und der Wanderwege. In kurzer Gehdistanz ist das Hallenbad Flumserberg zu erreichen. Maximal 4 Erwachsene und 2 Kinder bis zu 16 Jahren finden im Haus Ahorn Platz, f\u00fcr 6 Erwachsene ist das Haus leider zu klein.\n\nDie Wohnung ist gem\u00fctlich und mit viel Holz eingerichtet. Teilweise sind die W\u00e4nde und Decken get\u00e4fert. Das Chemin\u00e9e macht die Atmosph\u00e4re im Wohn-/Esszimmer gem\u00fctlich.", "url": "http://www.zueger.cc/ahorn.htm", "image": "https://hltpimtsoch.sos-ch-dk-2.exoscale-cdn.com/catalog/7/3/9/9/7399f3fdb91956e338f27394091da16533f48753_Ahorn_Ost_Januar_21_q.jpg", "openstreetmap_id": "way/325408008"}, "geometry": {"type": "Point", "coordinates": ["9.29464946178027", "47.08984275"]}}, {"type": "Feature", "properties": {"identifier": "a973ee01-50f6-456f-b8ab-1292c5206058", "name": "Chalet Taiabell", "description": "Das alleinstehende Chalet befindet sich an sehr sonniger Lage in Flumserberg Tannenboden, mit wundersch\u00f6nem Panoramablick nahe an den Skipisten. Das heimelige Ferienhaus mit Balkon ist komfortabel eingerichtet. Dazu geh\u00f6rt eine grosse Spiel- und Liegewiese mit Grillm\u00f6glichkeit sowie eine Garage und einen Parkplatz. Die Inneneinrichtungen mit viel Holz schaffen eine gem\u00fctliche Wohn-Atmosph\u00e4re. Es sind vorhanden: ein grossz\u00fcgiges Wohnzimmer, eine sehr gut ausgestattete K\u00fcche, drei Schlafzimmer mit je zwei Betten sowie ein Badezimmer mit Dusche/WC.", "image": "https://hltpimtsoch.sos-ch-dk-2.exoscale-cdn.com/catalog/6/a/5/d/6a5dba7e040773e3d64115d402826d0fb6502c47_TDS00020011345300656_1___2.jpg", "openstreetmap_id": "way/1199354662"}, "geometry": {"type": "Point", "coordinates": ["9.285373091697695", "47.092598195373476"]}}, {"type": "Feature", "properties": {"identifier": "a999ed1a-7b9a-4c36-af65-56b174cd58a1", "name": "Restaurant Zanai", "description": "Bei uns geniessen Sie frische, regionale, saisonale K\u00f6stlichkeiten aus der Schweizer K\u00fcche, serviert in modernen Interpretationen. Zus\u00e4tzlich zu unseren saisonalen Spezialit\u00e4ten und der \u00e0-la-carte-Auswahl pr\u00e4sentieren wir Ihnen jede Woche wechselnde \u00abWochenhits\u00bb. Diese exklusiven Kreationen unseres K\u00fcchenteams sind stets frisch, innovativ und spiegeln die Vielfalt der Schweizer K\u00fcche wider.\n\nAuf Wunsch kochen wir auch laktose- und glutenfrei und informieren Sie gerne \u00fcber die verwendeten Zutaten in unseren Gerichten.\n\nDas Restaurant Zanai befindet sich im Rehazentrum Valens und ist t\u00e4glich ge\u00f6ffnet. Wir freuen uns auf Ihren Besuch!", "url": "https://www.restaurant-zanai.ch/", "image": "https://hltpimtsoch.sos-ch-dk-2.exoscale-cdn.com/catalog/4/d/e/c/4dec1e66ad60e07bfe63e583930a28292ff06b68_Restaurant_Zanai_1.jpg", "openstreetmap_id": "node/419793506"}, "geometry": {"type": "Point", "coordinates": ["9.4833655", "46.9698933"]}}, {"type": "Feature", "properties": {"identifier": "abd126c0-41bf-4ac3-966c-f8de365ad75d", "name": "Haus Panorama Reeling (CharmingStay)", "description": "Die 3-Zimmerwohnung befindet sich in Flumserberg Tannenheim, sehr nahe der Bergbahn Prodalp-Express und bietet eine sch\u00f6ne Aussicht auf die Churfirsten. Zur Wohnung geh\u00f6rt ein kostenloser Garagenplatz.\n\nDie grossz\u00fcgige Wohnung im obersten Stock ist zweckm\u00e4ssig eingerichtet. Sch\u00f6ne Landschaftsbilder zieren die W\u00e4nde. Die Wohnung verf\u00fcgt \u00fcber zwei Balkone mit Morgen- und Abendsonne.", "url": "https://www.charmingstay.ch", "image": "https://hltpimtsoch.sos-ch-dk-2.exoscale-cdn.com/catalog/b/6/1/2/b6124843fde727ca96782d1cd57616cb88bff8f8_Esstisch.jpg", "openstreetmap_id": "way/194824434"}, "geometry": {"type": "Point", "coordinates": ["9.30404", "47.08977"]}}, {"type": "Feature", "properties": {"identifier": "add0b885-13dc-47ac-86ad-12fefd13b1d0", "name": "Chalet Agathli", "description": "Das alleinstehende 4.5-Zimmerchalet befindet sich an ruhiger Lage in Flumserberg Bergheim und bietet eine sch\u00f6ne Aussicht auf die Churfirsten. Direkt im Ski- und Wandergebiet. Zwei kostenlose Parkpl\u00e4tze sind inklusive.\n\nDas 2-st\u00f6ckige Ferienhaus ist gem\u00fctlich und zweckm\u00e4ssig eingerichtet. Zudem geh\u00f6rt zum Chalet ein grosser Gartensitzplatz mit viel Umschwung, Spielplatz und ein Wintergarten.", "image": "https://hltpimtsoch.sos-ch-dk-2.exoscale-cdn.com/catalog/7/d/2/1/7d214c4cc57ed90a1b51d7ff8394734262b0b353_tkv_fh_martinafaessler_002_DJI_0007_HDR.jpg", "openstreetmap_id": "way/321791744"}, "geometry": {"type": "Point", "coordinates": ["9.306738455281621", "47.098285950000005"]}}, {"type": "Feature", "properties": {"identifier": "adf80e02-9516-44b7-ad4b-5334a7a6da43", "name": "Chalet Pfaffenacher", "description": "Gepflegtes, alleinstehendes Chalet mit herrlicher Aussicht.  Das Chalet hat 4.5 Zimmer. Zwei Zimmer mit je zwei Einzelbetten und Schrank im Obergeschoss sowie ein grosses Zimmer mit Doppelbett, Schrank, Sitzgelegenheit und Schreibtisch im Erdgeschoss. Wohnraum mit Sitzgruppe, TV und Essecke. Zwei Nasszellen mit Duschen und eine vollst\u00e4ndig ausger\u00fcstete, offene K\u00fcche. Gedeckte Terrasse und Sitzplatz. Waschmaschine und Abstellraum im Erdgeschoss. Parkpl\u00e4tze direkt an der Bergstrasse. Das Haus steht 50 m oberhalb der Strasse. Ideal f\u00fcr Familien bis max. 5 Personen.", "image": "https://hltpimtsoch.sos-ch-dk-2.exoscale-cdn.com/catalog/c/1/3/f/c13f042320cd6e17f0911e57751905fc11ea82d1_Chalet_Pfaffenacher_aussen_winter.JPG", "openstreetmap_id": "way/309844985"}, "geometry": {"type": "Point", "coordinates": ["9.3082039", "47.0948308"]}}, {"type": "Feature", "properties": {"identifier": "af1bfd7e-215d-45b8-988a-045dedb6dc9c", "name": "Ferienwohnung Bi d\u00e4 Susi", "description": "Die Ferienwohnung \"Bi d\u00e4 Susi\" liegt mitten im Zentrum Flumserberg Tannenheim, 5 Gehminuten von der Haust\u00fcre bis zur Talstation Prodalp-Express und bietet eine sch\u00f6ne Aussicht auf die Berge des Sarganserlandes. \nDie 4.5-Zimmerwohnung ist modern und gem\u00fctlich eingerichtet. Im gleichen Geb\u00e4ude finden Sie das einzigartige Restaurant m\u00e4tz dine. ", "url": "https://www.bi-dae-susi.ch", "image": "https://hltpimtsoch.sos-ch-dk-2.exoscale-cdn.com/catalog/4/8/b/3/48b3deb45ee44c2289d84622a3618ab52d5a3f23_IMG_7251.jpg", "openstreetmap_id": "way/321791780"}, "geometry": {"type": "Point", "coordinates": ["9.30443825", "47.09053425"]}}, {"type": "Feature", "properties": {"identifier": "af3b8400-d29a-401a-8757-fd754d43dcaf", "name": "Berggasthaus Eggwald", "description": "<p class=\"MsoNormal\"><strong><span lang=\"DE-CH\" style=\"font-size: 10.0pt; font-family: 'Arial',sans-serif; color: black; mso-ansi-language: DE-CH;\">Willkommen in unserem Berggasthaus Eggwald</span></strong></p><p class=\"MsoNormal\"><span lang=\"DE-CH\" style=\"font-size: 10.0pt; font-family: 'Arial',sans-serif; color: black; mso-ansi-language: DE-CH;\">Ruhig gelegen und fernab vom Alltag ist unser Berggasthaus der ideale Ort zum Abschalten und Geniessen.<br>Wir bieten &Uuml;bernachtungen mit Halbpension an und legen grossen Wert auf eine pers&ouml;nliche, entspannte Atmosph&auml;re.</span></p><p class=\"MsoNormal\"><span lang=\"DE-CH\" style=\"font-size: 10.0pt; font-family: 'Arial',sans-serif; color: black; mso-ansi-language: DE-CH;\">Unsere G&auml;ste &uuml;bernachten in zwei neu renovierten Doppelzimmern oder in unserem gem&uuml;tlichen Touristenlager.</span></p><p class=\"MsoNormal\"><span lang=\"DE-CH\" style=\"font-size: 10.0pt; font-family: 'Arial',sans-serif; color: black; mso-ansi-language: DE-CH;\">F&uuml;r E-Biker offerieren wir eine E-Bike Ladestation, wo Sie gratis auftanken k&ouml;nnen. </span></p><p class=\"MsoNormal\"><span lang=\"DE-CH\" style=\"font-size: 10.0pt; font-family: 'Arial',sans-serif; color: black; mso-ansi-language: DE-CH;\">F&uuml;r Gruppen oder Familien organisieren wir sehr gerne Anl&auml;sse wie Geburtstagsfeiern oder &auml;hnliche Veranstaltungen und gestalten diese individuell nach Ihren W&uuml;nschen.</span></p>", "url": "https://www.eggwald-kunkelspass.ch", "image": "https://hltpimtsoch.sos-ch-dk-2.exoscale-cdn.com/catalog/d/3/1/1/d3110502a2a9766efb7ae46d1ff5c4a2c3d6bb88_Eggwald_mit_Steingarten__004_.jpg", "openstreetmap_id": "way/267197433"}, "geometry": {"type": "Point", "coordinates": ["9.410965693257875", "46.87034355"]}}, {"type": "Feature", "properties": {"identifier": "afa9e681-18f7-44f0-a1c6-5ece6facf2b8", "name": "Mountaincarts", "description": "Auf der rund 2200m langen Strecke zwischen den Stationen Gaffia und Furt kann die aufregende und kurvenreiche Naturstrasse befahren werden. Dank des tiefen Schwerpunkts und einem breiten Radstand, verf\u00fcgen die Mountaincarts \u00fcber eine hohe Stabilit\u00e4t. Ohne Motor und aus reiner Schwerkraft angetrieben, kann selbst bestimmt werden in welchem Tempo die Fahrt aufgenommen werden soll. Die Sicherheit steht jedoch auch bei uns stets an erster Stelle. Bitte beachten Sie hierzu stets unsere Verhaltensregeln sowie die Allgemeinen Gesch\u00e4ftsbedingungen.\n\nDas alpine Fahrvergn\u00fcgen auf der abwechslungsreichen Bergstrecke (Alpstrasse) ist garantiert und stellt ein besonderes, nicht allt\u00e4gliches Erlebnis dar.", "url": "https://pizol.com/sommer-erleben/mountaincarts?lang=de_CH", "image": "https://hltpimtsoch.sos-ch-dk-2.exoscale-cdn.com/catalog/0/1/7/c/017c4c8e3773f74871652990f9c1afc8567c0156_DSC_0756.JPG", "openstreetmap_id": "node/8329807784"}, "geometry": {"type": "Point", "coordinates": ["9.412794113159181", "46.990965010245155"]}}, {"type": "Feature", "properties": {"identifier": "afbc09b5-fd1c-4e44-9945-cf0634eb8a8d", "name": "Paxmal", "description": "Mit dem Paxmal, dem Friedensmal, dessen Grundgedanke der Frieden f\u00fcr alle ist, schaffte Karl Bickel einen Ort der inneren Einkehr, der Meditation \u00fcber den Menschen und seine Ziele, seine Lebens- und seiner Gesellschaftsformen.\n\nDer K\u00fcnstler wird 1886 in Z\u00fcrich-Hirslanden geboren und verliert mit vier Jahren seinen Vater. 1900 bis 1904 macht er eine Lehre als Lithograf und Clich\u00e9ezeichner im Atelier Paul Bleuer. In der grafischen Anstalt H\u00fcttner wird er technischer Leiter und er\u00f6ffnet 1908 sein eigenes grafisches Atelier. Bis 1912 stellt er Briefk\u00f6pfe, Gesch\u00e4ftsempfehlungskarten und Modekataloge her. 1913 erkrankt Bickel an Tuberkulose und weilt \u00fcber ein Jahr zur Kur in Walenstadtberg. Hier stellen sich Visonen ein, die er bei Genesung in Form eines Friedenstempels umsetzen will. 1924 beginnt er mit dem 25 Jahre dauernden Bau des Paxmals und lernt die St. Gallerin Berta Albrecht, die er 1926 heiratet, kennen. Sein Sohn Karl wird 1927 geboren. Bickel stirbt mit 96 Jahren 1982 auf Schrina-Hochrugg.\n\nDas Paxmal ist ein hoch interessanter Ort des Staunens. Energetisch reicht es nicht zum Kraftort. Geniessen Sie den Platz zwischen den monumentalen Churfirsten und dem Walensee, setzen Sie sich mit dem Kunstwerk und seinen Aussagen auseinander und lassen Sie Ihre Seele fliegen, wenn sich der Himmel im Wasser spiegelt.\n\nDas Paxmal ist von Fr\u00fchling bis Herbst frei zug\u00e4nglich.", "url": "https://www.museumbickel.ch/index.php/paxmal", "image": "https://hltpimtsoch.sos-ch-dk-2.exoscale-cdn.com/catalog/d/6/7/b/d67b80aa6015b8a81fef3c7e55aaf09d1bfe3ac1_Paxmal_by_Karl_Bickel.jpg", "openstreetmap_id": "way/252917689"}, "geometry": {"type": "Point", "coordinates": ["9.270269293307088", "47.142272649999995"]}}, {"type": "Feature", "properties": {"identifier": "b029e5fd-46f8-4690-bab9-474ca79ff185", "name": "Haus Casetta (CharmingStay)", "description": "Die 4.5-Zimmerwohnung befindet sich im Zentrum von Flumserberg-Tannenheim. Nur ca. 8 Gehminuten von der Haust\u00fcre bis zur Talstation Prodalp-Express \u00fcber einen Naturweg, auch im Winter. In unmittelbarer N\u00e4he der Ferienwohnung hat es Einkaufsl\u00e4den, Sportgesch\u00e4fte, Skischule und Restaurants. Zur Wohnung geh\u00f6rt eine Garage, Skiraum, sowie eine Waschmaschine. Haustiere sind erlaubt.", "url": "https://www.charmingstay.ch", "image": "https://hltpimtsoch.sos-ch-dk-2.exoscale-cdn.com/catalog/c/7/b/d/c7bde43ae894d93c383cfae8d1af031d0b756809_11.jpg", "openstreetmap_id": "way/321791773"}, "geometry": {"type": "Point", "coordinates": ["9.3051", "47.09012"]}}, {"type": "Feature", "properties": {"identifier": "b0c6ec1c-266a-48ff-9d66-45802efb022c", "name": "b_smart motel Landquart", "description": "Das b_smart motel Landquart l\u00e4dt mit den 20 topmodernen Zimmern zum Entspannen und erholsamen Schlafen ein. Aufgrund der Lage direkt neben dem Bahnhof Landquart ist es perfekt erreichbar und durch die direkte Nachbarschaft zum Landquart Fashion Outlet kommen auch alle Shopping-Fans auf Ihre Kosten.", "url": "https://www.b-smarts.net/landquart/", "image": "https://hltpimtsoch.sos-ch-dk-2.exoscale-cdn.com/catalog/4/a/b/4/4ab44fe585ba5b8aab28ff7ee6898cdc0bddbccc_EingangLobby1_M.jpg", "openstreetmap_id": "node/6867847265"}, "geometry": {"type": "Point", "coordinates": ["9.5553393", "46.967034"]}}, {"type": "Feature", "properties": {"identifier": "b0d43f58-f491-432f-8387-84c4e5e8d7d5", "name": "Restaurant Hotel Neu-Sch\u00f6nstatt", "description": "Das Caf\u00e9-Restaurant Neu-Sch\u00f6nstatt in Quarten verzaubert mit seiner einzigartigen Lage und einem atemberaubenden Blick auf die Churfirsten und den Walensee. Auf unserer sonnigen Sommerterrasse k\u00f6nnen Sie diese spektakul\u00e4re Aussicht besonders geniessen. Ob mit der Familie, Freunden oder Ihrer Wandergruppe \u2013 ein Besuch im Zentrum Neu-Sch\u00f6nstatt verspricht Genuss, Erholung und unvergessliche Momente zu jeder Jahreszeit.", "url": "https://neuschoenstatt.ch/gastronomie/?gad_source=1&gclid=EAIaIQobChMIgtiqvNvkhwMVK5CDBx1RJAbJEAAYASABEgJA2vD_BwE", "image": "https://hltpimtsoch.sos-ch-dk-2.exoscale-cdn.com/catalog/7/6/b/c/76bc05b79506e3b42ded48d088df7d628c403900_Restaurant__4_.jpg", "openstreetmap_id": "node/1639950890"}, "geometry": {"type": "Point", "coordinates": ["9.2419932", "47.1094131"]}}, {"type": "Feature", "properties": {"identifier": "b187ab79-25d8-4a46-9d1c-bc590d7150f8", "name": "Relax.Oase im Hotel Schloss Ragaz", "description": "&#60;p>Unsere gem\u00fctliche Relax.oase im Schlosspark ist der perfekte Ort, um Ruhe zu finden und zu entspannen. Umgeben von der Natur k\u00f6nnen Sie hier eine Auszeit vom Alltag geniessen. Entspannen Sie in der Sauna, im Dampfbad oder bei einer wohltuenden Massage. Wir freuen uns auf Ihren Besuch und bieten Ihnen eine erholsame Zeit. relax.oase mit 300m2 Finnische Blockhaussauna im Aussenbereich, Dampf- und Aromab\u00e4der, Softsauna, Erlebnisduschen, Einzelwhirlpool, Ruheraum und Aussenpool (Mai bis Oktober).&#60;/p>", "url": "https://www.hotelschlossragaz.ch/de/", "image": "https://hltpimtsoch.sos-ch-dk-2.exoscale-cdn.com/catalog/b/f/1/a/bf1a4a3386a4ee9c269a1aa3496c553e3ee957af_Pool.jpg"}, "geometry": {"type": "Point", "coordinates": ["9.510233402252199", "46.99709963974352"]}}, {"type": "Feature", "properties": {"identifier": "b27984da-d2a6-41ad-8efc-139669dc2323", "name": "Naturerlebnis im Weisstannental", "description": "<ul><li><span lang=\"DE-CH\">Gef&uuml;hrte Winterwanderung im Weisstannental</span></li><li><span lang=\"DE-CH\">Faszinierende Einblicke in Natur, Tierwelt und Geschichte des ehemaligen Walsertals</span></li><li><span lang=\"DE-CH\">Eindrucksvolle Ausblicke auf den Foostock im UNESCO-Weltnaturerbe Tektonikarena Sardona</span></li><li><span lang=\"DE-CH\">Entdeckung des historischen Bergdorfs Weisstannen auf &uuml;ber 1&rsquo;000 m &uuml;. M.</span></li><li><span lang=\"DE-CH\">Gem&uuml;tliche Einkehr im stilvollen, jahrhundertealten Gasthof</span></li></ul><p><span lang=\"DE-CH\"><span lang=\"DE-CH\">Begleitet von einem ortskundigen und&nbsp;<strong>ausgebildeten Guide</strong>&nbsp;der&nbsp;<strong><a href=\"https://bergtraeume.ch/\" target=\"_blank\" rel=\"noopener\">Bergtr&auml;ume GmbH&nbsp;</a></strong>ziehst du deine Spuren durch tief&nbsp;<strong>verschneite W&auml;lder</strong>&nbsp;und offene Alpfl&auml;chen. Unterwegs erf&auml;hrst du&nbsp;<strong>Spannendes &uuml;ber</strong>&nbsp;die&nbsp;<strong>Natur,&nbsp;</strong>die&nbsp;<strong>Tierwelt</strong>&nbsp;und die&nbsp;<strong>Geschichte dieses ehemaligen Walsertals</strong>. Mit etwas Gl&uuml;ck zeigen sich&nbsp;<strong>Hirsche</strong>,&nbsp;<strong>F&uuml;chse&nbsp;</strong>oder&nbsp;<strong>Wasseramseln</strong>. Die Route f&uuml;hrt vorbei an rauschenden&nbsp;<strong>Bergb&auml;chen</strong>, alten&nbsp;<strong>Bergbauernh&ouml;fen&nbsp;</strong>und bietet eindrucksvolle Ausblicke auf den&nbsp;<strong>Foostock&nbsp;</strong>&ndash; Teil des&nbsp;<a href=\"https://heidiland.com/erleben/ausfluege-sehenswuerdigkeiten/natur/unesco-welterbe-sardona.html\" target=\"_blank\" rel=\"noopener\"><strong>UNESCO-Weltnaturerbes Tektonikarena Sardona</strong></a><br></span><span lang=\"DE-CH\">Entdecke w&auml;hrend der Tour das&nbsp;<strong>historische Bergdorf Weisstannen</strong>&nbsp;auf &uuml;ber 1&rsquo;000 Metern &uuml;ber Meer. Hier scheint die Zeit stillzustehen: wettergegerbte&nbsp;<strong>Holzh&auml;user</strong>, traditionelle&nbsp;<strong>Handwerksobjekte&nbsp;</strong>und gelebte alpine Kultur pr&auml;gen das Dorfbild. Zum Abschluss geniesst du eine wohlverdiente&nbsp;<strong>Einkehr&nbsp;</strong>(Konsumation nicht im Preis inbegriffen)<strong>&nbsp;</strong>im stilvollen, jahrhundertealten&nbsp;<strong>Gasthof&nbsp;</strong>mit Ambiente aus der&nbsp;<strong>Belle &Eacute;poque</strong>&nbsp;und dem&nbsp;<strong>Biedermeier.</strong></span></span></p>", "image": "https://hltpimtsoch.sos-ch-dk-2.exoscale-cdn.com/catalog/9/4/6/0/94604008f6a36d6a361204a56b29d3b072f3cc2d_20250116_143048.jpg"}}, {"type": "Feature", "properties": {"identifier": "b29ce56a-9b70-4643-9045-501cddcb69a5", "name": "Signer B\u00e4ckerei", "description": "Echta Gnuss vom Morga bis am Obig.\n\nBei der ersten F\u00fcnf Sterne B\u00e4ckerei der Schweiz stehen die Kundinnen und Kunden im Zentrum. Freundlichkeit und Dienstleistung werden hier GROSS geschrieben. Das Herzblut, welches im Betrieb steckt, ist vom Gast sp\u00fcrbar.\n\nSpezialist f\u00fcr Nusstorten, gef\u00fcllte Brote, Pralin\u00e9e und regionale Produkte.", "url": "https://www.baeckerei-signer.ch/", "image": "https://hltpimtsoch.sos-ch-dk-2.exoscale-cdn.com/catalog/d/f/d/b/dfdba5cddb240338cab6de3ae768aa20764f1be4_IMG_3324.JPG", "openstreetmap_id": "way/807871941"}, "geometry": {"type": "Point", "coordinates": ["9.562815427780153", "46.9327736500131"]}}, {"type": "Feature", "properties": {"identifier": "b3f15e19-db82-4025-a62f-0cfb6fcc4ef3", "name": "Skilift Tristeli, St.Margrethenberg", "description": "Auf dem Hochplateau St.Margrethenberg wird im Winter bei ausreichend Schnee ein kleiner Skilift betrieben. Es stehen ca. 4 km Pisten zur Verfu\u0308gung. Zuoberst am Lift befindet sich auf dem Golerberg ein kleines Restaurant mit einer aussichtsreichen Terrasse. Das familia\u0308re Skigebiet liegt auf einer Ho\u0308he von 1195 bis 1447 m.", "url": "https://skilift-tristeli.ch/", "image": "https://hltpimtsoch.sos-ch-dk-2.exoscale-cdn.com/catalog/e/c/7/4/ec74b321f1512b015c83618a6205f683da86b26a_St._Margrethenberg___Tristeli.JPG", "openstreetmap_id": "node/2269512835"}, "geometry": {"type": "Point", "coordinates": ["9.5078917", "46.9810631"]}}, {"type": "Feature", "properties": {"identifier": "b41dc681-9886-4601-a691-f109a663241b", "name": "Coop Supermarkt Walenstadt", "description": "<div><p>Der Coop Supermarkt in Walenstadt bietet eine komfortable Einkaufsm&ouml;glichkeit f&uuml;r den t&auml;glichen Bedarf. Das breite Sortiment umfasst frische Lebensmittel, Backwaren, Getr&auml;nke sowie Produkte f&uuml;r Haushalt und Alltag und legt Wert auf Qualit&auml;t, Regionalit&auml;t und Nachhaltigkeit.</p><p>Er ist f&uuml;r Einheimische und G&auml;ste gut erreichbar und eignet sich ideal f&uuml;r den schnellen Einkauf oder die Selbstversorgung w&auml;hrend eines Aufenthalts in der Region. Coop steht f&uuml;r verl&auml;ssliche Qualit&auml;t, eine &uuml;bersichtliche Ladenstruktur und ein vielseitiges Angebot.</p></div>", "url": "https://www.coop.ch/de/standorte/coop-supermarkt-walenstadt/1358_POS?", "image": "https://hltpimtsoch.sos-ch-dk-2.exoscale-cdn.com/catalog/e/3/8/0/e38070a7a2a18d6757bd15fd1add1ed9bf96cd1f_Einkaufen_Piktogramm_HLT.png", "openstreetmap_id": "way/70295730"}, "geometry": {"type": "Point", "coordinates": ["9.3145526", "47.1233912"]}}, {"type": "Feature", "properties": {"identifier": "b4874419-78c1-4c12-a36b-c8f4ac7d0890", "name": "Riesenh\u00fcpfkissen Flumserberg Prodalp", "description": "Das H\u00fcpfkissen auf Prodalp steht gleich neben dem Kletterturm CLiiMBER und dem Bergrestaurant Prodalp. Die Benutzung ist kostenlos.", "url": "https://www.flumserberg.ch", "image": "https://hltpimtsoch.sos-ch-dk-2.exoscale-cdn.com/catalog/a/4/3/c/a43c5adfb76670f66817c76111bd2f757c85d81a_tkv_bbf_prodalpsommer_0004__O5A4381.jpg", "openstreetmap_id": "node/3431838772"}, "geometry": {"type": "Point", "coordinates": ["9.28898334503174", "47.080340311768"]}}, {"type": "Feature", "properties": {"identifier": "b7c3e28e-5f5d-4a62-84f2-53e75d88195a", "name": "Hotel Krone by b_smart", "description": "Das Hotel Krone by b_smart eingebettet im sch\u00f6nen Zentrum von Bad Ragaz ist ein Self-Check-in Hotel ohne Rezeption. Unmittelbar in der N\u00e4he befindet sich das \u00f6ffentliche Thermalbad Tamina Therme sowie einen traumhaften Naturpark und einen Golfplatz.", "url": "http://www.krone-badragaz.net", "image": "https://hltpimtsoch.sos-ch-dk-2.exoscale-cdn.com/catalog/7/9/b/2/79b2fa0d3ec5ff665421404344a6db7311ff5d43_Krone_Bad_Ragaz_Zimmer_30.jpg", "openstreetmap_id": "node/3424879267"}, "geometry": {"type": "Point", "coordinates": ["9.5008174", "47.0012304"]}}, {"type": "Feature", "properties": {"identifier": "b80ab185-3981-459b-894f-8fe4b244001f", "name": "von Salis Tour", "description": "<ul><li>Gef&uuml;hrte Weintour durch die B&uuml;ndner Herrschaft mit Wine Tours Switzerland</li><li data-section-id=\"nr91k4\" data-start=\"535\" data-end=\"599\">Fahrt im komfortablen Minivan durch malerische Weinbaud&ouml;rfer</li><li data-section-id=\"zuk23w\" data-start=\"600\" data-end=\"654\">F&uuml;hrung und Degustation im Weingut Davaz in Fl&auml;sch</li><li data-section-id=\"avg2u1\" data-start=\"655\" data-end=\"719\">Verkostung von ausgew&auml;hlten von Salis Weinen in der Vinothek</li><li data-section-id=\"4hdav2\" data-start=\"720\" data-end=\"788\">Spannende Einblicke in Terroir, Weinbau und regionale Weinkultur</li></ul><div><p data-start=\"816\" data-end=\"1036\">Erlebe die&nbsp;<strong>B&uuml;ndner Herrschaft</strong>&nbsp;von ihrer genussvollsten Seite. Auf dieser&nbsp;<strong>gef&uuml;hrten Weintour</strong>&nbsp;mit&nbsp;<a href=\"https://heidiland.com/map/poi/weintouren-in-der-bundner-herrschaft-24949152-444a-4556-bdce-e1188ec98f8a.html\" target=\"_blank\" rel=\"noopener\"><strong>Wine Tours Switzerland</strong></a>&nbsp;entdeckst du eine der bedeutendsten Weinregionen der Schweiz und lernst ihre Besonderheiten kennen.&nbsp;Die Tour startet in&nbsp;<strong>Maienfeld</strong>&nbsp;und f&uuml;hrt dich im komfortablen Minivan durch die idyllischen Weinbaud&ouml;rfer der Region. Unterwegs erh&auml;ltst du spannende&nbsp;<strong>Einblicke in Geschichte, Terroir und die Arbeit der Winzer</strong>&nbsp;&ndash; erg&auml;nzt durch einen&nbsp;<strong>kurzen Spaziergang durch die Rebberge</strong>.&nbsp;Ein H&ouml;hepunkt ist der Besuch im&nbsp;<a href=\"https://heidiland.com/map/poi/weingut-davaz-eaf47ea7-98ff-4f97-822e-279b73857dde.html\" target=\"_blank\" rel=\"noopener\"><strong>Weingut Davaz</strong></a>&nbsp;in Fl&auml;sch mit&nbsp;<strong>F&uuml;hrung und Degustation</strong>&nbsp;ausgew&auml;hlter Weine.&nbsp;Zum Abschluss geniesst du in der<a href=\"https://heidiland.com/map/poi/von-salis-vinothek-78f09ee3-1bf6-4d99-bd67-cdb12a127661.html\" target=\"_blank\" rel=\"noopener\"><strong>&nbsp;Vinothek von Salis in Maienfeld&nbsp;</strong></a>eine weitere Degustation in stilvollem Ambiente &ndash; begleitet von&nbsp;<strong>regionalen Spezialit&auml;ten&nbsp;</strong>und interessanten Hintergrundinformationen.</p></div>", "image": "https://hltpimtsoch.sos-ch-dk-2.exoscale-cdn.com/catalog/4/1/8/c/418cd7fd202332d9aed403017779ee50dcc30e85_Davaz_Juni22_5202.jpg"}}, {"type": "Feature", "properties": {"identifier": "b8ba301e-a365-4023-b126-5e6dd71f8e9d", "name": "Ferienwohnung Rothmund", "description": "Die 3.5-Zimmer-Wohnung befindet sich an ruhiger und sonniger Lage in Bad Ragaz, in unmittelbarer N\u00e4he des Giessenparks. Kuranlagen, Zug, Post und Ortszentrum sind in 10 bis 15 Gehminuten erreichbar. Zur Wohnung geh\u00f6rt ein kostenfreier Parkplatz.\n\nDie heimelige Wohnung ist behindertengerecht und rollstuhlg\u00e4ngig eingerichtet. Das helle Wohnzimmer ist Arve-get\u00e4felt, was der Wohnung sehr viel Charme verleiht.", "url": "https://www.ferienwohnung-rothmund.ch/", "image": "https://hltpimtsoch.sos-ch-dk-2.exoscale-cdn.com/catalog/2/0/1/8/20183b097acfede8a2f11817e1c73b2d4a686721_DSC_0676.JPG", "openstreetmap_id": "way/409157199"}, "geometry": {"type": "Point", "coordinates": ["9.506600249463734", "47.006619900000004"]}}, {"type": "Feature", "properties": {"identifier": "bb4f3414-3cc1-4dc0-84a5-06e30128de7d", "name": "Grotto \"KALIFORNI\" CasaNova Wein Pur", "description": "In unserem Grotto KALIFORNI direkt am Walensee pr\u00e4sentieren wir unsere selber produzierten Weine, Tapas und eine besondere Atmosph\u00e4re im Mikroklima zwischen See und den steilen Kalkfelsw\u00e4nden der Churfirsten.", "url": "https://www.casanova-weinpur.ch", "image": "https://hltpimtsoch.sos-ch-dk-2.exoscale-cdn.com/catalog/c/b/0/5/cb056f01910e3ba484c7f80d534148f2c8919283_9f517ade_b739_4f4a_87eb_26e4cfd2bfc8__2.jpeg", "openstreetmap_id": "node/9406872552"}, "geometry": {"type": "Point", "coordinates": ["9.29348945617676", "47.12884106799356"]}}, {"type": "Feature", "properties": {"identifier": "bba644fb-dd6e-4cce-9865-1be9bcf533fc", "name": "INTERSPORT Network Flumserberg Filiale Unterterzen", "description": "Die INTERSPORT Network Flumserberg Filiale in Unterterzen befindet sich direkt am Seeufer des Walensees. Gerne \u00fcberzeugen wir Sie von unserem topaktuellen Sortiment, kundenorientierten Dienstleitungen und fachkompetenter Beratung und sind mit Freude f\u00fcr Sie da. Im Sommer haben Sie die M\u00f6glichkeit, Stand-up-Paddles, Kajaks und Pedalos zu mieten. W\u00e4hrend des ganzen Jahres pr\u00e4sentiert die Filiale eine grosse und der Saison angepasste Textilabteilung.\n\nWie w\u00e4re es mit einer E-Bike-Tour entlang des Walensees? Den fahrbaren Untersatz daf\u00fcr mieten Sie ganz einfach in der INTERSPORT Filiale Unterterzen.\n\nJetzt Fahrrad online mieten unter www.intersport-network.ch", "url": "https://www.intersport-network.ch/filialen/unterterzen/", "image": "https://hltpimtsoch.sos-ch-dk-2.exoscale-cdn.com/catalog/1/2/7/4/12748f4df9e54a5d93ffe67c2ed6d1b508838f60_tkv_bbf_isn_sommer_089__51_7675.jpg", "openstreetmap_id": "node/690890277"}, "geometry": {"type": "Point", "coordinates": ["9.2559119", "47.1151965"]}}, {"type": "Feature", "properties": {"identifier": "bbe65652-c491-4cfd-96cf-c3b3c4a6368e", "name": "Caf\u00e9 Therme", "description": "Hier treffen Thermeng\u00e4ste auf Spazierg\u00e4nger und Kaffeeklatschfrauen auf W-Lan suchende Arbeitshungrige. Egal, ob Sie einen ruhigen Lese- oder Arbeitsmoment f\u00fcr sich brauchen oder Ihnen nach einem geselligen Gespr\u00e4ch mit einem lieben Menschen ist \u2013 im Caf\u00e9 Therme findet jeder und jede seinen Lieblingsplatz. Steht Ihnen das Bed\u00fcrfnis nach einem schmackhaften Snack, einer gesunden Erfrischung, einem warmen Lunch oder eher einem vitalen Fr\u00fchst\u00fcck? Sie haben die Wahl.\n\nIm Fr\u00fchling, Sommer und Herbst erw\u00e4rmt die Sonne Ihr gem\u00fctliches Verweilen auf der Terrasse. Ein prickelnder Ap\u00e9ro oder ein gen\u00fcssliches Fr\u00fchst\u00fcck mit Blick auf das B\u00fcndner Bergpanorama lassen Stunden wie Minuten verstreichen.", "url": "http://www.taminatherme.ch", "image": "https://hltpimtsoch.sos-ch-dk-2.exoscale-cdn.com/catalog/f/f/d/e/ffde5fee6726394ebe6debf7524890414611d15a_b81f188023bd7b913cc7439053347dac63a29e53.jpg", "openstreetmap_id": "way/1167229068"}, "geometry": {"type": "Point", "coordinates": ["9.504509586064522", "46.999249500000005"]}}, {"type": "Feature", "properties": {"identifier": "bc73425a-929e-4a59-b712-142622de4d4c", "name": "Casa Fluretta", "description": "Die im Fr\u00fchling 2021 neu renovierte, komfortable und liebevoll mit viel Holz eingerichtete Wohnung ist f\u00fcr 2-5 Personen geeignet. Das Wohnzimmer verf\u00fcgt \u00fcber eine grossz\u00fcgige Eckbank mit Tisch und St\u00fchlen, gem\u00fctlichem Sofa, Sessel, TV und gratis WLAN. Die erstklassige K\u00fcche ist aus hochwertigem Material und mit Geschirrsp\u00fcler, grossem K\u00fchlschrank, Backofen und alles was man braucht ausger\u00fcstet. Die Dusche/WC ist praktisch, hell, mit Spiegelkasten, F\u00f6hn und Handtuchw\u00e4rmer versehen. In der ersten Etage befindet sich das Zwei- und Dreibett-Schlafzimmer mit Kasten und Kommode. Der Sitzplatz, mit herrlicher Aussicht, ist ebenerdig vom Wohnzimmer. Es stehen ein Gartentisch mit St\u00fchlen, Grill, eine Lounge, Liegest\u00fchle und Sonnenschirme zur Verf\u00fcgung. Auf der grossen Spielwiese gibt es ein Trampolin und eine Schaukel f\u00fcr Freude der Kinder. Gratiseintritt ins Hallenbad. Gratis Parkplatz und Einstellraum f\u00fcr Bikes, Ski, Kinderwagen, etc. ist vorhanden. Die Sportbushaltestelle ist direkt vor dem Haus und zu den Bergbahnen sind es ca. 300\u00a0m.", "url": "http://www.casafluretta.ch", "image": "https://hltpimtsoch.sos-ch-dk-2.exoscale-cdn.com/catalog/3/c/e/f/3cefd771ff51a19e67b0260a694767849d96e513_IMG_0435.JPEG", "openstreetmap_id": "way/321791788"}, "geometry": {"type": "Point", "coordinates": ["9.30712408288207", "47.08900465"]}}, {"type": "Feature", "properties": {"identifier": "bc7fba53-5dc1-472f-9ab4-075fd84e228c", "name": "Stall 247", "description": "Tritt ein in den ehemaligen Kuhstall. Wo fr\u00fcher die K\u00fche W\u00e4rme und Behaglichkeit genossen, finden heute unsere G\u00e4ste die besten Weine aus Graub\u00fcnden in Kombination mit regionalen kulinarischen Gen\u00fcssen.\n\nUnser Stall ist das ganze Jahr \u00fcber f\u00fcr dich zu unseren \u00d6ffnungszeiten ge\u00f6ffnet. Schau vorbei und geniesse saisonale K\u00f6stlichkeiten: ob leckere Men\u00fcs, Tapas oder einfach ein Glas Wein.\n\nNeben dem B\u00fcndner Wein haben Regionalit\u00e4t und Saisonalit\u00e4t einen sehr hohen Stellenwert bei uns. Wir bieten das an, was gerade im Garten w\u00e4chst oder die Metzgerei schlachtet.\n\nDas erwartet dich:\n\n- 20 Weine im Offenausschank an unserer Weinstrasse\n- Saisonale Tapas: nachmittags und jeden Mittwochabend\n- Feine Mittagsmen\u00fcs: am Wochenende\n- \u00dcberraschende Abendmen\u00fcs: von Donnerstag bis Samstag\n\nIn unserer Vinothek findest du ausserdem eine erlesene Auswahl an Weinen aus Graub\u00fcnden - perfekt zum Mitnehmen oder als Geschenk.\n\nWir freuen uns auf deinen Besuch!", "url": "https://www.stall247.ch/", "image": "https://hltpimtsoch.sos-ch-dk-2.exoscale-cdn.com/catalog/c/0/5/0/c0506aa5979a17ade22ed482a27080518ee316ac_20250820_165249_web.jpg", "openstreetmap_id": "way/135931889"}, "geometry": {"type": "Point", "coordinates": ["9.53021885", "47.01033045"]}}, {"type": "Feature", "properties": {"identifier": "bc838680-df37-4a66-bd0f-ebd408400120", "name": "Brunner's Studio", "description": "Das sch\u00f6ne 1.5-Zimmer Studio befindet sich an zentraler Lage am Flumserberg. Wanderwege, Bushaltestelle, Skilifte, Restaurants, Lebensmittel- und Sportgesch\u00e4fte sind in wenigen Gehminuten erreichbar. Zum Studio geh\u00f6rt ein kostenloser Tiefgaragenplatz dazu.", "image": "https://hltpimtsoch.sos-ch-dk-2.exoscale-cdn.com/catalog/4/e/2/8/4e288193e18a7a30c7e8e37cfbcdf7b17459699f_Brunner_s_Studio__7_.JPG", "openstreetmap_id": "way/325408028"}, "geometry": {"type": "Point", "coordinates": ["9.302172811439865", "47.089559550000004"]}}, {"type": "Feature", "properties": {"identifier": "bcb401c1-b64e-45b0-a930-69fc60b99f08", "name": "Minigolf mit Kiosk im Kurpark Bad Ragaz", "description": "Wer gerne im romantischen Dorf bleibt, wagt vielleicht einen Abstecher in den Kurpark. Hier, mitten im Herzen von Bad Ragaz, l\u00e4dt unser resorteigener Minigolfplatz mit 18 Bahnen zum heissen Match ein.", "url": "http://www.resortragaz.ch", "image": "https://hltpimtsoch.sos-ch-dk-2.exoscale-cdn.com/catalog/0/e/d/d/0eddddc59dbcff71d3821c71d3ea1908f5466458_20180416_125655.jpg", "openstreetmap_id": "way/166536391"}, "geometry": {"type": "Point", "coordinates": ["9.502320144456753", "47.001469650000004"]}}, {"type": "Feature", "properties": {"identifier": "bcc948d6-8b08-4e4e-90eb-214b0bce8748", "name": "Spielerlebnis Walensee - Quinten", "description": "Das Spielerlebnis Walensee ist der gr\u00f6sste Themenspielplatz der Schweiz und bietet eine spannende Schnitzeljagd f\u00fcr die ganze Familie. Unter dem Motto \u00abWer l\u00f6st das Geheimnis vom Walensee?\u00bb erleben die Kinder Spiel- und R\u00e4tselplausch verbunden mit Schiffsfahrten und Entdeckungen auf sechs Spielpl\u00e4tzen rund um den Walensee. Das Spiel ist so aufgebaut, dass bereits Kinder ab 6 Jahren mit ein wenig Hilfe das R\u00e4tsel l\u00f6sen k\u00f6nnen.\n\nQuinten:\nDie \u00abCosta del Sol\u00bb in Quinten ist ber\u00fchmt f\u00fcr ihr s\u00fcdliches Klima und nur via Seeweg erreichbar. Der neue Themenwanderweg entlang der K\u00fcste verr\u00e4t Wissenswertes \u00fcber die exotischen Fr\u00fcchte und Tiere an diesem paradiesischen, kleinen Ort.", "url": "https://www.spielerlebnis-walensee.ch", "image": "https://hltpimtsoch.sos-ch-dk-2.exoscale-cdn.com/catalog/f/4/0/3/f4039ac7295c764719f432c699c90c943d6b5f52_IMAG0989.jpg", "openstreetmap_id": "node/240078789"}, "geometry": {"type": "Point", "coordinates": ["9.216027259826662", "47.12894624011246"]}}, {"type": "Feature", "properties": {"identifier": "bd051d7c-49a9-40b0-a204-42d6042bd850", "name": "Casa Malanca", "description": "Die 3-Zimmerwohnung liegt auf dem Flumserberg an ruhiger und sonniger Lage mit fantastischer Aussicht auf die Churfirsten. Zur Wohnung geh\u00f6rt ein kostenloser Parkplatz. Das Casa Malanca liegt direkt an der Skipiste Prodalp-Tannenheim. Im Sommer ist es ein idealer Ausgangspunkt f\u00fcr Wanderungen in den Flumserbergen und Ausfl\u00fcge in der Region Heidiland.\n\nDetails zur Ferienwohnung\n- 3-Zimmerwohnung im ersten Stock\n\nDie Ferienwohnung verf\u00fcgt \u00fcber zwei Schlafzimmer mit je zwei Betten, ein Wohn- und Esszimmer, eine offene und moderne K\u00fcche sowie ein Badezimmer mit Badewanne/Dusche und WC.", "image": "https://hltpimtsoch.sos-ch-dk-2.exoscale-cdn.com/catalog/7/f/6/9/7f6938b3d46ce4adfb005afa26b9028f7952ef5f_Casa_Malanca_Winter__2.jpg", "openstreetmap_id": "N 47.08897 E 9.30075"}, "geometry": {"type": "Point", "coordinates": ["9.3019734", "47.0878485"]}}, {"type": "Feature", "properties": {"identifier": "bd06c35c-7c54-4c56-9586-bf50a7d622da", "name": "Pfadiheim Rhiau Sargans", "description": "Das Pfadiheim Rhiau Sargans ist ein charmantes Gruppenhaus im Heidiland \u2013 mitten in der idyllischen Rheinau von Sargans, umgeben von Natur, Bach und Spielwiese, nur einen kurzen Fussmarsch vom Bahnhof entfernt. 2025 saniert und mit neuer K\u00fcche ausgestattet, bietet es Platz f\u00fcr bis zu 27 Personen in drei Schlafr\u00e4umen und einem gem\u00fctlichen Gemeinschaftsraum. Draussen l\u00e4dt eine Spielwiese mit Feuerstelle zum Lagerleben ein. In der N\u00e4he von Pizol und Flumserberg \u2013 ideal f\u00fcr Wandern, Biken, Skifahren und unvergessliche Gruppenausfl\u00fcge.", "url": "https://pfadiheim-oberrhi.ch/sargans", "image": "https://hltpimtsoch.sos-ch-dk-2.exoscale-cdn.com/catalog/c/b/b/3/cbb3b0cab045b8600f362556792c47cc52425308_Pfadiheim_Rhiau__3.jpg", "openstreetmap_id": "way/1076398474"}, "geometry": {"type": "Point", "coordinates": ["9.4587866", "47.0505861"]}}, {"type": "Feature", "properties": {"identifier": "bf35f867-166c-45a2-851a-6d65f4c4ae53", "name": "A-M Dorf Caf\u00e9 Bad Ragaz", "image": "https://hltpimtsoch.sos-ch-dk-2.exoscale-cdn.com/catalog/e/2/1/c/e21c9c11feed5b9342370bb3c28c06cc457cd157_769051838_122105494323427683_3096215142602097724_n.jpg", "openstreetmap_id": "way/44368148"}, "geometry": {"type": "Point", "coordinates": ["9.5011569", "47.0031118"]}}, {"type": "Feature", "properties": {"identifier": "bfdc2562-ebaf-472c-9b42-b24401931070", "name": "loftgalerie in der alten Spinnerei", "description": "Mit viel Liebe zum Detail, Kreativit\u00e4t und Herzblut wurde aus der ehemaligen, denkmalgesch\u00fctzten Spinnerei am Walensee ein neuer Ort der Begegnung geschaffen. Nachhaltigkeit und der Bezug zur industriellen Vergangenheit sind dabei ebenso wichtig wie pers\u00f6nlich gepr\u00e4gte Gastfreundschaft. \n\nBeispiel f\u00fcr den gelebten kreativen Geist ist die loftgalerie. In Zusammenarbeit mit Kurator Andrin Sch\u00fctz finden Ausstellungen von interessanten Kunstschaffenden aus dem In- und Ausland statt.", "url": "https://www.seekultour.ch/", "image": "https://hltpimtsoch.sos-ch-dk-2.exoscale-cdn.com/catalog/6/b/6/6/6b666083c3df699a68cd828e990432fee3ddf87a_loftgalerie_in_der_alten_Spinnerei.jpg", "openstreetmap_id": "node/418190191"}, "geometry": {"type": "Point", "coordinates": ["9.2170854", "47.1124346"]}}, {"type": "Feature", "properties": {"identifier": "c0ed7e2e-d321-4ea6-9bde-c93c5af9c0c1", "name": "Haus Gonzenblick", "description": "Die grossz\u00fcgige 6-Zimmer-Ferienwohnung befindet sich an sch\u00f6ner und ruhiger Lage mit fantastischem Blick auf die Churfirsten sowie ins Tal. In weniger als 10 Minuten zu Fuss erreichen Sie diverse Restaurants, Einkaufsgesch\u00e4fte, Bars und die Gondelbahn Prodalp-Express, welche Sie ins Ski- und Wandergebiet bringt. Zur Ferienwohnung geh\u00f6rt ein Fahrradabstellraum und ein Garagenplatz. F\u00fcr Haustiere sind wir nicht eingerichtet.", "image": "https://hltpimtsoch.sos-ch-dk-2.exoscale-cdn.com/catalog/c/1/a/e/c1aecd375a82e2cc6214bbc8dbb086f0bfc3a832_2.jpg", "openstreetmap_id": "way/321791782"}, "geometry": {"type": "Point", "coordinates": ["9.305021017393717", "47.08993925"]}}, {"type": "Feature", "properties": {"identifier": "c10724ce-9cc5-4893-9bf6-8cb1beb7f8bc", "name": "INTERSPORT Flumserberg THE ORIGINAL", "description": "Gr\u00fc\u00e4zi bei INTERSPORT FLUMSERBERG - das Feine, einheimische Sportgesch\u00e4ft am Flumserberg, Tannenboden Dorf. Bei uns findest du alles rund um den Wintersport. Ski, Snowboard und Langlauf mieten; einfach, schnell, preiswert und beste Qualit\u00e4t. Wir sind echte Schneesportprofis und die Sport Dienstleister der Region. Unser Mietmaterial und die Infrastruktur sind topmodern und wir k\u00f6nnen euch schon heute eine hervorragende Betreuung durch unser junges, langj\u00e4hriges & einheimisches Personal garantieren. Direkt beim Skischulsammelplatz Tannenboden Dorf gelegen. Mit den \u00dcbungsliften Schwammkopf und Madils gelangst du einfach und direkt ins Skigebiet. Offizieller St\u00f6ckli H\u00e4ndler. Speziallist Skischuh Verkauf.\nOnline Reservation: https://www.intersportflumserberg.ch/rent#rent", "url": "https://www.intersportflumserberg.ch/", "image": "https://hltpimtsoch.sos-ch-dk-2.exoscale-cdn.com/catalog/b/8/c/7/b8c74587d19ce2b9a40a82ea8bc9faea9ff71352_Aussenansicht_2019.jpeg", "openstreetmap_id": "node/4727739995"}, "geometry": {"type": "Point", "coordinates": ["9.284648895263674", "47.09361788664114"]}}, {"type": "Feature", "properties": {"identifier": "c1f496ce-684c-405f-a9e4-0e00a42b602a", "name": "Hotel & Skifahren am Flumserberg", "description": "<p><span class=\"Apple-style-span\"><strong>Top-Angebot und nur &uuml;ber Heidiland Tourismus buchbar:</strong> w&auml;hrend der ganzen Wintersaison ist bei einem Aufenthalt von 2-7 N&auml;chten der Skipass inklusive.</span><br><br>Nur knapp eine Stunde von Z&uuml;rich und St. Gallen entfernt, erlebst du am Flumserberg Winter pur. Geniesse ein paar Tage im vielseitigen Wintersportgebiet mit 17 Anlagen und 65km Pisten. In Verbindung mit zwei bis sieben &Uuml;bernachtungen direkt im Skigebiet oder am sch&ouml;nen Walensee ist der Skipass inbegriffen.<br><br><span class=\"Apple-style-span\">Inkludierte Leistungen:<br></span></p><ul><li>10 speziell ausgew&auml;hlte Hotels stehen dir zur Verf&uuml;gung</li><li>2 - 7 &Uuml;bernachtungen (inkl. Fr&uuml;hst&uuml;ck) in der gew&auml;hlten Zimmerkategorie im Hotel deiner Wahl</li><li>2 - 7 Tage Skipass f&uuml;r das Skigebiet Flumserberg (g&uuml;ltig an gleich vielen Tagen wie N&auml;chte gebucht)</li><li>allf&auml;llige Taxen</li></ul><p><br><span class=\"Apple-style-span\">Konditionen:</span></p><ul><li>buchbar w&auml;hrend der ganzen Wintersaison</li><li>bis 1 Tag vor Anreise buchbar</li><li>g&uuml;ltig nach Verf&uuml;gbarkeit</li><li>das Skiticket erh&auml;ltst du an der Talstation in Unterterzen (SeeJet), Flumserberg Tannenheim oder Flumserberg Tannenbodenalp gegen Vorweisen deines Vouchers (bitte mitbringen)</li></ul>", "image": "https://hltpimtsoch.sos-ch-dk-2.exoscale-cdn.com/catalog/0/5/e/8/05e8931eb7a3515c844fe79a9e29960ebe10e5f3_Titelbild_Landingpage_Flumserberg.jpg"}}, {"type": "Feature", "properties": {"identifier": "c2b565e1-05cc-42da-8727-6d7a7429f2f9", "name": "Ferienhaus Schils", "description": "Das 5-Zimmer-Ferienhaus befindet sich an ruhiger und familienfreundlicher Lage in Flums. Der Bahnhof Flums ist nur 10 Minuten entfernt. Ein Parkplatz ist gratis vorhanden.\n\nDas Ferienhaus ist komfortabel eingerichtet und sehr heimelig. Die Schlafr\u00e4ume im oberen Stock verf\u00fcgen \u00fcber einen sch\u00f6nen Holzboden.", "image": "https://hltpimtsoch.sos-ch-dk-2.exoscale-cdn.com/catalog/c/e/2/a/ce2a6530d38da24a96734dda92d5738845ae2cb3_Ferienhaus_Schils_3.jpg", "openstreetmap_id": "way/195857655"}, "geometry": {"type": "Point", "coordinates": ["9.339125944233382", "47.09315185"]}}, {"type": "Feature", "properties": {"identifier": "c2e5ab42-87b5-4933-a5b7-3e95744238c1", "name": "Ferienhaus Dreispitz", "description": "Das traditionell und gem\u00fctlich eingerichtetes Schwedenhaus befindet sich an sehr ruhiger Lage in Flumserberg Tannenheim. Das Zentrum Tannenheim, die Bergbahnen, Restaurants, Einkaufsm\u00f6glichkeiten und die Bushaltestelle sind nur ca. 7 Gehminuten entfernt. Zum Ferienhaus geh\u00f6rt eine kostenlose Garage. Die beiden Wohnungen k\u00f6nnen bei gr\u00f6sseren Familien oder Gruppen auch zusammen gemietet werden.", "image": "https://hltpimtsoch.sos-ch-dk-2.exoscale-cdn.com/catalog/e/e/c/5/eec518208feab67d6ffe6b594f6cb1a76b61894c_Aussenansicht.jpg", "openstreetmap_id": "node/754266155"}, "geometry": {"type": "Point", "coordinates": ["9.307340383529665", "47.08396733705863"]}}, {"type": "Feature", "properties": {"identifier": "c310b85b-23e9-4b33-b283-3a197a899a1c", "name": "Restaurant Chutnee", "description": "Freuen Sie sich auf eine aufregende Mischung aus indischer K\u00fcche, Tandoori-Spezialit\u00e4ten (Freitag- und Samstagabend) und beliebten europ\u00e4ischen Gerichten.", "url": "https://chutnee.ch/de/", "image": "https://hltpimtsoch.sos-ch-dk-2.exoscale-cdn.com/catalog/8/c/3/7/8c37af8302dc2a7c997135afa613931dfa1a60d1_Chutnee_2.jpg", "openstreetmap_id": "way/832298013"}, "geometry": {"type": "Point", "coordinates": ["9.508478450305667", "46.99743255"]}}, {"type": "Feature", "properties": {"identifier": "c359563e-d42e-434f-b510-b9f80850569a", "name": "Ferienwohnung Arvenstrasse 7 (CharmingStay)", "description": "Die 3.5-Zimmer-Ferienwohnung befindet sich direkt im Zentrum von Flumserberg-Tannenboden an ruhiger Lage und verf\u00fcgt \u00fcber eine sch\u00f6ne Aussicht auf die Churfirsten. Zur Wohnung geh\u00f6rt ein kostenloser Garagenplatz.\n\nDie Ferienwohnung ist sehr hell, modern und komfortabel eingerichtet. Die Wohn- und Schlafr\u00e4ume verf\u00fcgen \u00fcber einen sch\u00f6nen Holzboden. Zur Wohnung geh\u00f6ren 2 Sitzpl\u00e4tze.", "url": "https://www.charmingstay.ch", "image": "https://hltpimtsoch.sos-ch-dk-2.exoscale-cdn.com/catalog/5/c/0/9/5c0916704945e34876cbed872e6831f83f17d3c1_esszimmer.JPG", "openstreetmap_id": "way/294246380"}, "geometry": {"type": "Point", "coordinates": ["9.286467594793875", "47.0934616"]}}, {"type": "Feature", "properties": {"identifier": "c35a95b9-bf8f-4158-82ed-4ad1c8aa692f", "name": "Feuerstelle Quinten", "description": "<p>Die Feuerstelle liegt direkt am Ufer des Walensees zwischen Au und Quinten und ist &uuml;ber einen kurzen Spaziergang auf dem Wanderweg gut erreichbar. Vor Ort gibt es Abfalleimer, einen Brunnen mit Trinkwasser sowie ein Toilettenh&auml;uschen. Direkt daneben l&auml;dt ein kleiner Kiesstrand zum Verweilen am Wasser ein.</p>", "url": "https://www.heidiland.com", "image": "https://hltpimtsoch.sos-ch-dk-2.exoscale-cdn.com/catalog/9/2/4/8/9248e99c636ea579c0af78c785d1ed24a1a84d2f_Feuerstelle_Piktogramm_HLT.png", "openstreetmap_id": "node/862886016"}, "geometry": {"type": "Point", "coordinates": ["9.224159717559816", "47.12926115232737"]}}, {"type": "Feature", "properties": {"identifier": "c402fdd7-ce21-4192-acc9-dbef0987c436", "name": "Anlegestelle Hafen Mols", "description": "<p>Erforschen Sie die tiefblaue Mitte der Region und geniessen Sie die atemberaubende Bergkulisse auf dem Walensee. Lassen Sie sich von den majest&auml;tischen Churfirsten, der wild romantischen Natur, dem glasklaren Wasser und den fantastischen Stimmungen am Walensee verzaubern. Der Walensee, das Paradies f&uuml;r nah und fern. Die Schiffsbetrieb Walensee AG verbindet Orte, Angebote und Aktivit&auml;ten in idealer Weise. Die Verbindung nach Quinten ist auch im Winter durchgehend in Betrieb.</p><h3>Zugangsinformationen</h3><div class=\"rte\"><ul><li>Stufenloser Zugang</li><li>Ein- und Ausstieg durch Personalhilfestellung</li><li>Gruppen ab 10 Personen und Rollst&uuml;hle m&uuml;ssen im Voraus angemeldet werden.</li><li>Kein taktiles Leitsystem vorhanden</li></ul></div>", "url": "https://walenseeschiff.ch/de/fahrplan/anlegestellen/mols.html", "image": "https://hltpimtsoch.sos-ch-dk-2.exoscale-cdn.com/catalog/9/0/6/6/9066737df6dfa0529d25cc7d30eef9f8677619a6_Anlegestelle_Hafen_Piktogramm_HLT.png", "openstreetmap_id": "way/1417000183"}, "geometry": {"type": "Point", "coordinates": ["9.278147220611574", "47.11298456996908"]}}, {"type": "Feature", "properties": {"identifier": "c47b96a8-b101-4d87-875b-b44cedb53eab", "name": "Restaurant Zollstube", "description": "Typisch schweizerisch ist die Atmosph\u00e4re im Restaurant Zollstube. Urchig und trotzdem mond\u00e4n. Hier finden Sie regionale und nationale Spezialit\u00e4ten auf der Speisekarte: R\u00f6sti und Fondue, B\u00fcndner Gerstensuppe und Z\u00fcrcher Kalbs-Geschnetzeltes. Dar\u00fcber hinaus hat die \u00abZollstube\u00bb mehr als 15 verschiedene Biersorten im Angebot. Die ausgesuchten Biere stammen aus kleinen, unabh\u00e4ngigen Schweizer Brauereien. Darunter auch das 36.5\u00b0 Quell \u2013 unser Hausbier. Gebraut mit Thermalwasser aus der Taminaschlucht.", "url": "https://www.resortragaz.ch/de/restaurants-und-bars/zollstube", "image": "https://hltpimtsoch.sos-ch-dk-2.exoscale-cdn.com/catalog/1/7/d/b/17db99397a3c6611c106a1ed4ba1934c082ca7ea_GRBR_06_22_Zollstube_0309_HDR_600x400.jpg", "openstreetmap_id": "node/7770673145"}, "geometry": {"type": "Point", "coordinates": ["9.501874", "47.0004126"]}}, {"type": "Feature", "properties": {"identifier": "c5092f28-71e2-4c0b-9d12-c9ba814ca86c", "name": "Huus vom B\u00fcndner Wii", "description": "Im \u00abHuus vom B\u00fcndner Wii\u00bb vom Branchenverband Graub\u00fcnden Wein, dem rund 70 Weinbaubetriebe angeh\u00f6ren, ist der B\u00fcndner Wein f\u00fcr das breite Publikum erlebbar. Der Erweiterungsbau beim Alten Torkel in Jenins beinhaltet einen Pr\u00e4sentationsraum, der f\u00fcr Degustationen bestens geeignet ist und viel Wissenswertes \u00fcber den B\u00fcndner Wein vermittelt. Unter anderem werden im \"Huus vom B\u00fcndner Wii\" regelm\u00e4ssig \u00f6ffentliche F\u00fchrungen und Degustationen angeboten:\n\n- Rebrundgang mit Degustation: 90-min\u00fctiger Rundgang durch die Reben mit anschliessender Degustationstechnik, von April bis Oktober mit Voranmeldung", "url": "https://graubuendenwein.ch/", "image": "https://hltpimtsoch.sos-ch-dk-2.exoscale-cdn.com/catalog/6/4/d/a/64daf3768e49773a3c663defcd8b30f75ebf465d_Haus_des_B__ndner_Weins_3.jpg", "openstreetmap_id": "node/3556757066"}, "geometry": {"type": "Point", "coordinates": ["9.5525691", "47.0006912"]}}, {"type": "Feature", "properties": {"identifier": "c54b48e5-1095-432c-a2bf-c763582a1e3e", "name": "Anlegestelle Hafen Quinten", "description": "<p>Erforschen Sie die tiefblaue Mitte der Region und geniessen Sie die atemberaubende Bergkulisse auf dem Walensee. Lassen Sie sich von den majest&auml;tischen Churfirsten, der wild romantischen Natur, dem glasklaren Wasser und den fantastischen Stimmungen am Walensee verzaubern. Der Walensee, das Paradies f&uuml;r nah und fern. Die Schiffsbetrieb Walensee AG verbindet Orte, Angebote und Aktivit&auml;ten in idealer Weise. Die Verbindung nach Quinten ist auch im Winter durchgehend in Betrieb.</p><h3>Zugangsinformationen</h3><div class=\"rte\"><ul><li>Nur zu Fuss oder mit dem Schiff erreichbar</li><li>Stufenloser jedoch abfallender, bei Niedrigwasser steiler Zugang (erschwert f&uuml;r Rollst&uuml;hle/mobilit&auml;tseingeschr&auml;nkte Personen)</li><li>Ein- und Ausstieg durch Personalhilfestellung</li><li>Gruppen ab 10 Personen und Rollst&uuml;hle m&uuml;ssen im Voraus angemeldet werden.</li><li>Kein taktiles Leitsystem vorhanden</li></ul></div>", "url": "https://walenseeschiff.ch/de/fahrplan/anlegestellen/quinten.html", "image": "https://hltpimtsoch.sos-ch-dk-2.exoscale-cdn.com/catalog/6/1/9/8/6198d4456a92319c3a3dfcc3adf4b47a180b419e_Anlegestelle_Hafen_Piktogramm_HLT.png", "openstreetmap_id": "node/240078789"}, "geometry": {"type": "Point", "coordinates": ["9.216102361679079", "47.12872459402768"]}}, {"type": "Feature", "properties": {"identifier": "c5876f5d-047c-4327-9ba3-6b65c019401c", "name": "Casa Viva", "description": "<p class=\"MsoNormal\" style=\"margin-right: 0px; margin-bottom: 0px; margin-left: 0px; line-height: 1.5 !important;\">Das Casa Viva mit seinen 8 Wohnungen befindet sich in der Fl\u00e4scherstrasse 21B im Dorfzentrum von Bad Ragaz. Das ruhig gelegene Mehrfamilienhaus verf\u00fcgt \u00fcber einen wundersch\u00f6nen Garten. Die Thermalb\u00e4der, diverse Einkaufsm\u00f6glichkeiten sowie der Bahnhof SBB sind nur wenige Gehminuten entfernt. Parkpl\u00e4tze stehen G\u00e4sten kostenlos zur Verf\u00fcgung. Waschmaschine und Tumbler stehen Ihnen ebenfalls zur Verf\u00fcgung. Haustiere sind auf Anfrage erlaubt.</p><p style=\"margin: 10px 0px 0px; line-height: 1.5 !important;\"><span style=\"margin-top: 0px; line-height: 1.5 !important; font-weight: bold;\">Details zu den einzelnen Wohnungen:</span></p><ul style=\"line-height: 1.5 !important;\"><li style=\"line-height: 1.4;\">6x Studios (ca. 40 m<span style=\"position: relative; vertical-align: baseline; top: -0.5em; margin-top: 0px; line-height: 1.5 !important;\">2</span>)</li><li style=\"line-height: 1.4;\">2x Apartments (ca. 60 m<span style=\"position: relative; vertical-align: baseline; top: -0.5em; margin-top: 0px; line-height: 1.5 !important;\">2</span>)</li></ul>", "url": "https://www.casavivabadragaz.ch/", "image": "https://hltpimtsoch.sos-ch-dk-2.exoscale-cdn.com/catalog/6/0/5/a/605aa77d6b1bb1efbce47a5d04b0f1590f6f4227_Aussenansicht_2.JPG", "openstreetmap_id": "way/409157231"}, "geometry": {"type": "Point", "coordinates": ["9.503282203165657", "47.00496605"]}}, {"type": "Feature", "properties": {"identifier": "c5ad06f4-f62d-4e74-8311-8e3c97762047", "name": "Schloss Sargans, Museum Sarganserland", "description": "In ihm sind Grafschaft und abwechslungsreiche Regierungszeit eidgen\u00f6ssischer Landv\u00f6gte verk\u00f6rpert, was es zum stolzesten Zeugen der Sarganserl\u00e4nder Heimatgeschichte macht. 1899 kaufte die Ortsgemeinde Sargans das bauf\u00e4llige Geb\u00e4ude und rettete es durch zahlreiche Renovationen vor dem endg\u00fcltigen Zerfall. \n\nHeute beherbergt das alte Grafenschloss neben dem \"Restaurant Schloss Sargans\" mit historischen R\u00e4umen das \u201eMuseum Sarganserland\u201c. Es erhielt 1983 vom Europarat als erstes schweizerisches Museum den Preis \u00abMuseum des Jahres\u00bb und wurde 1987 unter die 37 besuchenswertesten Museen der Welt aufgenommen.\n\nDie pr\u00e4chtige Aussicht, das Museum, das Restaurant, der lauschige Schlosshof und der wunderbare Torkelkeller mit seiner uralten Weinpresse machen einen Ausflug auf den ehemaligen Landvogtei-Sitz zu einem unvergesslichen Erlebnis.\n\nEINTRITTSPREISE: Erwachsene 10 Fr. /Kinder 5 Fr. /Gruppenpreis ab 15 Personen 8 Fr. / Museumsf\u00fchrung 120 Fr.(1-20 Personen) und Kulturpfadf\u00fchrung 150 Fr.\n\n", "url": "https://www.schloss-sargans.ch", "image": "https://hltpimtsoch.sos-ch-dk-2.exoscale-cdn.com/catalog/0/c/7/8/0c786480404bce58fd9119fac17625474dc962f1_Sargans_Schloss.JPG", "openstreetmap_id": "way/125079000"}, "geometry": {"type": "Point", "coordinates": ["9.437401316477047", "47.05020255964923"]}}, {"type": "Feature", "properties": {"identifier": "c5baec72-f372-4e6d-a39e-bc2811def905", "name": "Ferienwohnung Nadig", "description": "Die gem\u00fctliche 3.5-Zimmer-Wohnung im Erdgeschoss bietet eine traumhafte Aussicht auf die Churfirsten. Von der Ferienwohnung sind es 2 Gehminuten bis zur Bergbahn Prodalp-Express.  ", "image": "https://hltpimtsoch.sos-ch-dk-2.exoscale-cdn.com/catalog/1/1/2/5/11256cec2d7d0ea3116f560e1b9cde7224ef9fc5_Ferienwohnung_Nadig__3_.jpeg", "openstreetmap_id": "way/194824433"}, "geometry": {"type": "Point", "coordinates": ["9.30321514606476", "47.08999421513073"]}}, {"type": "Feature", "properties": {"identifier": "c675b433-382e-4ac0-a258-a3fa594ea333", "name": "Weingut Fromm, Malans", "description": "SPITZEN PINOT NOIR LAGENWEINE MIT DER ERFAHRUNG VON F\u00dcNF GENERATIONEN UND ZWEI KONTINENTEN.\nSeit 1866 keltert die Familie Fromm Wein im idyllischen Rebbau-Dorf Malans in der B\u00fcndner Herrschaft. 1992 packen Georg & Ruth Fromm die Koffer und die drei jungen Kinder, wandern nach Neuseeland aus und gr\u00fcnden dort die Fromm Winery in Marlborough. Zur\u00fcck in Malans \u00fcbernimmt 2015 ihr Sohn Marco Fromm in f\u00fcnfter Generation die Leitung des Weinguts. Der biologische und regenerative Anbau begleitet die Familie Fromm auf ihrem kompromisslosen Weg, die Eigenheiten der verschiedenen Rebberge und Pinot Noir Klone immer noch st\u00e4rker herauszuarbeiten. Ihre sechs Malanser Lagen Pinot Noirs, Selvenen, Michel, Fidler, K\u00fcng, Spielmann und Sch\u00f6pfi, widerspiegeln die Stilistik des Hauses: Reinheit, Mineralik und aromatische Tiefe.\n\nWEINBAR ab Oktober 2025\nWein probieren, geniessen und kaufen. Jeden Freitag und Samstag k\u00f6nnt ihr eure Weinbestellungen abholen kommen oder einfach kurz abschalten, die Aussicht, den Wein und ein kleines Pl\u00e4ttli geniessen.", "url": "http://www.weingut-fromm.ch", "image": "https://hltpimtsoch.sos-ch-dk-2.exoscale-cdn.com/catalog/d/b/d/1/dbd149382a065b40691f761db1fb6d0e9d6efcb7_IMG_7395.JPG", "openstreetmap_id": "way/232221595"}, "geometry": {"type": "Point", "coordinates": ["9.574665424241683", "46.98341325"]}}, {"type": "Feature", "properties": {"identifier": "c76451b9-c0b6-4b7d-badb-09c558957a5e", "name": "L\u00f6wen Braceria & Pizzeria", "description": "Pizza aus dem Holzofen, Pastagerichte sowie Fleischspezialit\u00e4ten vom Holz- und Kohlegrill werden mit italienischem Flair zubereitet. F\u00fcr jeden Gast haben wir das richtige Angebot, lassen Sie sich \u00fcberraschen. Unser professionelles Serviceteam freut sich, Sie zu verw\u00f6hnen.\n\nDas L\u00f6wen-Team freut sich auf Ihren Besuch.", "url": "https://www.loewen-maienfeld.ch/", "image": "https://hltpimtsoch.sos-ch-dk-2.exoscale-cdn.com/catalog/f/f/1/8/ff1852b237f97f350c1297075dda797657a08fe9_Foto_Flyer_Braceria_09.2025__4.jpg", "openstreetmap_id": "way/135931932"}, "geometry": {"type": "Point", "coordinates": ["9.5306138", "47.0082051"]}}, {"type": "Feature", "properties": {"identifier": "c80447b4-c34f-4b40-ab57-beaef6774e97", "name": "Brauchtumsk\u00e4serei Alp Tannenboden", "description": "Erleben Sie Urigkeit und Brauchtum auf unterhaltsame und spannende Art. Auf der Alp Tannenboden k\u00f6nnen Sie durch das Schaufenster im Restaurant dem K\u00e4ser zuschauen. \n\nFalls Sie weiter hinter die Kulissen blicken m\u00f6chten, empfiehlt sich eine F\u00fchrung durch die Schauk\u00e4serei mit K\u00e4se-Degustation oder Sie schl\u00fcpfen gar selber in die Rolle des Sennen. In der Brauchtumsk\u00e4serei k\u00f6nnen Sie Ihren eigenen K\u00e4se herstellen, \u00fcber dem offenen Feuer wie anno dazumal in der um die Jahrhundertwende erbauten Alp- und Brauchtumsk\u00e4serei Tannenboden. Kombinieren Sie die F\u00fchrung mit einem anschliessenden Mittagessen wie \u00c4lplermagronen, Fondue oder Racclette.\n\nDie Brauchtumsk\u00e4serei ist Teil der Schauk\u00e4serei Tannenbodenalp, die \u00fcber einen Themenspielplatz, Verkaufsr\u00e4ume f\u00fcr Alp-Produkte und weitere Attraktionen verf\u00fcgt.", "url": "https://www.sennenstube.ch", "image": "https://hltpimtsoch.sos-ch-dk-2.exoscale-cdn.com/catalog/c/6/2/e/c62eb0e8c6d6ebef2b04d7173268741af8a18a05_Brauchtumsk__serei.jpg", "openstreetmap_id": "node/11153427939"}, "geometry": {"type": "Point", "coordinates": ["9.2880264", "47.0900119"]}}, {"type": "Feature", "properties": {"identifier": "c90c98cd-77c3-4b69-8b6b-71ea57aff928", "name": "Haus Flumser-H\u00f6ckli (CharmingStay)", "description": "Die 4.5 Zimmerwohnung im Zentrum von Flumserberg-Tannenheim ist direkt bei der Talstation Prodalp-Express gelegen. Die Wohnung hat 3 Stockwerke mit einem grossen Balkon im EG. Die Wohnung befindet sich in einem terrassenm\u00e4ssig angelegten 3er-Reihneneinfamilienhaus.\n\nDie Wohnung ist zeitgem\u00e4ss eingerichtet und mit einem Parkettboden ausgestattet.", "url": "https://www.charmingstay.ch", "image": "https://hltpimtsoch.sos-ch-dk-2.exoscale-cdn.com/catalog/b/8/9/5/b895b645bd3aff07fe951b7500b5666e3efe8530_01_Aussenansicht2.JPG", "openstreetmap_id": "way/194824450"}, "geometry": {"type": "Point", "coordinates": ["9.3043313", "47.0892258"]}}, {"type": "Feature", "properties": {"identifier": "c98b60ee-2846-4ac2-b650-58951e2e2796", "name": "Haus Gasch\u00fcr", "description": "Die 3.5 Zimmerwohnung ist ideal im Dorfkern gelegen, nahe zu den Gesch\u00e4ften und der Tamina Therme. Zudem bietet sie eine sch\u00f6ne Aussicht in die Berge.\n\nDie Ferienwohnung liegt im 2. OG unter dem Dach. Sie ist grossz\u00fcgig ausgestattet und stilvoll und modern m\u00f6bliert. Zur Wohnung geh\u00f6rt auch eine grosse Sonnenterrasse und ein Balkon. Ebenfalls gibt es eine Galerie mit einer kleiner Bibliothek.", "url": "http://www.hausgaschur.com", "image": "https://hltpimtsoch.sos-ch-dk-2.exoscale-cdn.com/catalog/9/9/e/3/99e32831287ea48989e8cefe4770f510d54de154_Haus_Gasch__r_4.jpg", "openstreetmap_id": "way/409157215"}, "geometry": {"type": "Point", "coordinates": ["9.501548493740152", "47.002264749999995"]}}, {"type": "Feature", "properties": {"identifier": "cb7b7869-0958-415b-9223-4843e1c04553", "name": "Ferienwohnungen Gauencenter (Orange und Rot)", "description": "Das Gauencenter bietet direkten Zugang zu den Skipisten, kostenfreies WLAN und kostenfreie Privatparkpl\u00e4tze an der Unterkunft. Die Seilbahn Maschgenkamm ist 1,2 km von der Unterkunft entfernt und eine Skipiste befindet sich vor dem Geb\u00e4ude.\nIn der modern eingerichteten Unterkunft steht Ihnen eine Waschmaschine, sowie Bettw\u00e4sche und Handt\u00fccher zur Verf\u00fcgung.\nZu den Einrichtungen geh\u00f6rt auch ein kostenloses Fitness- und Wellnesscenter mit einer Sauna, einem Solarium und einem Whirlpool. (Im Winter)\nEbenfalls ist im Gauencenter eine Skiaufbewahrung vorhanden. Eine Disco, mit separatem Eingang, l\u00e4dt jeden Samstag zum Tanzen ein.", "url": "https://www.newgoggeien.ch/", "image": "https://hltpimtsoch.sos-ch-dk-2.exoscale-cdn.com/catalog/7/b/7/1/7b71ea9f0e9b1bab6bb28f8fc440422bcb766680_K__che_orange.jpg", "openstreetmap_id": "way/194824448"}, "geometry": {"type": "Point", "coordinates": ["9.298958655716081", "47.0901013"]}}, {"type": "Feature", "properties": {"identifier": "cb8290cf-1bc9-4924-a6b1-74682657064f", "name": "Zunfthaus zum L\u00f6wen", "description": "Das Restaurant ist im Gault Millau mit 14 Punkten ausgezeichnet und serviert Ihnen traditionelle Schweizer K\u00fcche, kreative Speisen und erlesene Weine. \n\nIm Winter werden Sie jeden Freitag mit Live-Jazz unterhalten, im Jazzkeller. Erleben Sie gelungene Stunden in einem ganz besonderen Ambiente. \n\nDas liebevoll eingerichtete Barbarast\u00fcbli eignet sich besonders f\u00fcr kleine Familien- oder Firmenfeiern mit bis zu 25 Personen. F\u00fcr gr\u00f6ssere Anl\u00e4sse steht unser Saal f\u00fcr Sie zur Verf\u00fcgung.", "url": "http://www.zunfthausloewen.ch", "image": "https://hltpimtsoch.sos-ch-dk-2.exoscale-cdn.com/catalog/4/d/c/6/4dc6fff97464c67803ebc32ddc2a29c8f1360aa0_DSC_0078.JPG", "openstreetmap_id": "node/4448731389"}, "geometry": {"type": "Point", "coordinates": ["9.4355606", "47.0505308"]}}, {"type": "Feature", "properties": {"identifier": "cc3bfcb0-7014-4ea4-82c3-dab4aa64f626", "name": "Stellplatz Parkplatz Skilift Tristeli", "description": "Auf dem Parkplatz beim kleinen Skilift Tristeli auf dem St. Margrethenberg stehen im Sommer f\u00fcnf Stellpl\u00e4tze f\u00fcr Camper zur Verf\u00fcgung. Das beschauliche D\u00f6rfchen liegt auf 1'200 Metern \u00fcber Meer und bietet eine ruhige, naturnahe Umgebung mit herrlicher Aussicht auf das umliegende Bergpanorama. Vom Stellplatz aus lassen sich zahlreiche Wanderungen unternehmen.\n\nBesonders beliebt ist der Aufstieg zur Aussichtsplattform Pizalun, die einen weiten Blick \u00fcber das Rheintal und die B\u00fcndner Herrschaft bietet.\n\nDer Platz eignet sich ideal f\u00fcr Naturliebhaber, Ruhesuchende und aktive G\u00e4ste. Eine Reservation oder Buchung ist nicht m\u00f6glich. Wir bitten um Verst\u00e4ndnis.", "url": "https://www.verkehrsverein-pfaefers.ch", "image": "https://hltpimtsoch.sos-ch-dk-2.exoscale-cdn.com/catalog/c/b/1/8/cb18722704b721a58d0c148e90e7837b086472d1_IMG_6022__1_.jpeg", "openstreetmap_id": "way/24382231"}, "geometry": {"type": "Point", "coordinates": ["9.507036209106447", "46.98145666994276"]}}, {"type": "Feature", "properties": {"identifier": "cc738346-2a9f-417b-978d-7aeaea965497", "name": "Gampergalt (Whg. Heubi)", "description": "Die Ferienwohnung befindet sich an ruhiger Lage im \u201eAnggetlin\u201c auf ca. 1400 M.\u00fc.M. Die Talstation der Prodkammbahnen ist nur wenige Gehminuten entfernt. Die Wohnung bietet eine wundersch\u00f6ne, unverbaute Aussicht auf die Churfirsten, den Raum Sargans sowie die B\u00fcndner Berge. Die Postauto-Haltestelle und Einkaufsm\u00f6glichkeiten erreichen Sie nach ca. 10 Gehminuten. Zur Wohnung geh\u00f6rt ein kostenloser Parkplatz.\n\nDie Wohnung im Parterre ist gem\u00fctlich eingerichtet, mit allem, was man braucht. Schlaf-, Wohn- und Essbereich ist ein Raum und bietet Platz f\u00fcr 2 Personen. Im Sommer steht ein Sitzplatz mit Chemin\u00e9e zur Verf\u00fcgung.", "image": "https://hltpimtsoch.sos-ch-dk-2.exoscale-cdn.com/catalog/9/9/6/b/996b24bb40678a772d648a96005847e065ca8512_Gampergalt_5.jpg", "openstreetmap_id": "way/182426752"}, "geometry": {"type": "Point", "coordinates": ["9.30598712383185", "47.08270506053502"]}}, {"type": "Feature", "properties": {"identifier": "cc884af7-e1e6-4c35-b188-f9301a2d835a", "name": "Haus Mittenwald A", "description": "3.5 Zimmer Ferienwohnung im DG, Lift, Tiefgarage, Skiraum. Geeignet f\u00fcr 4 Personen.\nKeine Haustiere erlaubt.", "image": "https://hltpimtsoch.sos-ch-dk-2.exoscale-cdn.com/catalog/b/d/4/2/bd42e88e6e582bf0efd6ecc6d97d2db1206ce01e_Wohnzimmer1.jpg", "openstreetmap_id": "way/194824443"}, "geometry": {"type": "Point", "coordinates": ["9.297387650000001", "47.0899206"]}}, {"type": "Feature", "properties": {"identifier": "cca63a01-a52f-497f-927a-8398dbfe0104", "name": "Ferienwohnung Egglisboden", "description": "Neue und moderne 3-Zimmerwohnung an sehr ruhiger Lage in Quarten mit sch\u00f6nes Aussicht auf den Walensee und die Churfirsten. Bis zur Mittelstation der Luftseilbahn auf den Flumserberg sind es nur 5 Fahrminuten. Zur Wohnung geh\u00f6rt ein kostenloser Parkplatz.\n\nDie neue Ferienwohnung im Parterre ist modern und komfortabel eingerichtet. Alle R\u00e4ume sind sehr hell und Wohn- und Schlafr\u00e4ume verf\u00fcgen \u00fcber einen sch\u00f6nen Parkettboden.", "image": "https://hltpimtsoch.sos-ch-dk-2.exoscale-cdn.com/catalog/e/a/d/5/ead5b7a181266e4fe0aa2d167d15295eea373c5c_Egglisboden_5.jpg", "openstreetmap_id": "way/292374936"}, "geometry": {"type": "Point", "coordinates": ["9.238646204289786", "47.1043765"]}}, {"type": "Feature", "properties": {"identifier": "cd042191-3ca4-4dcb-ab7e-ade3e9aafd44", "name": "Ferienwohnung Pramalinis", "description": "Die 2.5-Zimmerwohnung befindet sich auf einem Weingut und ist sehr l\u00e4ndlich gelegen. Vom Balkon aus, k\u00f6nnen Sie die tolle Aussicht geniessen.\nEin Aussenparkplatz steht kostenlos zur Verf\u00fcgung.", "image": "https://hltpimtsoch.sos-ch-dk-2.exoscale-cdn.com/catalog/d/1/b/1/d1b16bad87531f70ffe1afda7deac3a1b2bf0961_Primalinis_Aussenansicht.JPG", "openstreetmap_id": "node/198379022"}, "geometry": {"type": "Point", "coordinates": ["9.5616096", "46.9985007"]}}, {"type": "Feature", "properties": {"identifier": "cf7dd61f-33b5-42d9-baa1-eaae43d9f98c", "name": "Cubilaris Motel Bad Ragaz", "description": "Das Cubilaris ist ein neues innovatives Motel, bestehend aus 20 Raummodulen aus Holz. Sie haben die Wahl, in einem Cubi Classic (19 m2) oder im Cubi Studio (24 m2) zu \u00fcbernachten. Alle Raummodule sind gem\u00fctlich und modern ausgestattet. Im Cubi Studio gibt es eine kleine K\u00fcche, einen Ess- und Loungebereich sowie ein gr\u00f6sseres Bad. Das Motel erreichen Sie mit Ihrem Fahrzeug oder dem \u00f6ffentlichen Bus (direkt vor der T\u00fcre). F\u00fcr Elektrofahrzeuge steht seit 2021 eine Ladestation zur Verf\u00fcgung. Motorradfahrer und Velofahrer finden einen gedeckten Carport f\u00fcr ihre Zweir\u00e4der vor.", "url": "http://www.cubilaris.ch", "image": "https://hltpimtsoch.sos-ch-dk-2.exoscale-cdn.com/catalog/2/0/7/5/2075a0f5ef9cfe14b81230dc179c52281d2d372c_suite16_6.jpg", "openstreetmap_id": "node/11065326405"}, "geometry": {"type": "Point", "coordinates": ["9.4938527", "47.0129535"]}}, {"type": "Feature", "properties": {"identifier": "d001c6f3-ec3f-48d8-ae60-1e77f50d6ea5", "name": "Restaurant Kiesfang", "description": "Das Restaurant Kiesfang, ein Zusammenspiel aus moderner Architektur, l\u00e4ndlicher Bodenst\u00e4ndigkeit, traditionellem Treffpunkt und Offenheit. Es liegt mitten im Sarganserland am beschaulichen Weiher Kiesfang und an dem angrenzenden Spielplatz. Das Restaurant geh\u00f6rt zum \u00f6ffentlichen Teil des Novellas Generationenhauses. \n\nDie verschiedenen R\u00e4umlichkeiten wie Restaurant, Lichthof und Terrasse sind individuell kombinierbar und ideal f\u00fcr Firmenanl\u00e4sse, Vereine und Familienfeste.", "url": "http://www.kiesfang.ch", "image": "https://hltpimtsoch.sos-ch-dk-2.exoscale-cdn.com/catalog/5/6/3/d/563d34fb87eb72854b05c31e164a5d22f7493a5e_IMG_8877.jpeg", "openstreetmap_id": "node/4448714989"}, "geometry": {"type": "Point", "coordinates": ["9.446858167648315", "47.029860867296"]}}, {"type": "Feature", "properties": {"identifier": "d01f1d76-227d-4594-b23e-9a5319a5f8fb", "name": "Alter Torkel - Huus vom B\u00fcndner Wii", "description": "Der Torkel ist sanft umgestaltet - aber selbstverst\u00e4ndlich wurde der alte Charme bewahrt! Das kleine Restaurant Weinstube alter Torkel liegt wundersch\u00f6n mitten in den Rebbergen von Jenins.\n\n- Geniessen - auftanken - sich geborgen f\u00fchlen\n- Staunen - unvergleichliche Landschaften entdecken\n- Die aussergew\u00f6hnlichen Farben der Herrschaft in sich aufnehmen\n- Hervorragende B\u00fcndner Weine entdecken und degustieren\n- Die m\u00e4chtige Baumpresse - original erhalten aus dem Jahr 1722 - bestaunen\n- Spitzenm\u00e4ssige tafeln \u2013 jeder Bissen mit allen Sinnen geniessen", "url": "http://www.torkel.ch", "image": "https://hltpimtsoch.sos-ch-dk-2.exoscale-cdn.com/catalog/e/0/2/3/e0234df3e34df320e9b5c98168d00cc81480be0a_Photokleinformat_3_2_Weinberg_Jenins_Herbst.jpg", "openstreetmap_id": "node/3556757066"}, "geometry": {"type": "Point", "coordinates": ["9.5525691", "47.0006912"]}}, {"type": "Feature", "properties": {"identifier": "d2174ac5-ae95-43a6-8fe8-13140b5923b5", "name": "Bergrestaurant Chr\u00fcz", "description": "Das gem\u00fctliche Bergrestaurant mitten am Erlebnisberg Flumserberg l\u00e4dt Sie zum Verweilen ein. St\u00e4rken Sie sich vor der rasanten Skiabfahrt im Winter oder einer atemberaubenden Wanderung im Sommer mit einem abwechslungsreichen Angebot an Speis und Trank. Im Bergrestaurant Chr\u00fcz wird grossen Wert auf Qualit\u00e4t und Pers\u00f6nlichkeit gelegt und eine gastfreundliche Bedienung gew\u00e4hrleistet.\nDas bediente Restaurant bietet Platz f\u00fcr bis zu 200 Personen und auf der sonnenreichen Terrasse finden ebenfalls gut 180 Personen Platz. \n\nIm Winter bei sch\u00f6ner Witterung erwarten Sie an der Chr\u00fczBar coole Drinks und feine Snacks. Lassen Sie bei einem Besuch Ihre Seele baumeln und geniessen Sie die herrliche Wintersonne und die tolle Atmosph\u00e4re.", "url": "https://www.chruez-flumserberg.ch", "image": "https://hltpimtsoch.sos-ch-dk-2.exoscale-cdn.com/catalog/c/3/e/e/c3eec04089c168ec2c82d1dae0208d373bd47703_Aussenansicht.JPG", "openstreetmap_id": "node/330413576"}, "geometry": {"type": "Point", "coordinates": ["9.270036220550539", "47.08297409902807"]}}, {"type": "Feature", "properties": {"identifier": "d2233cdb-2fb8-446b-a43d-0d87d7199734", "name": "Gauenpark-Uehli", "description": "Die 1.5 Zimmerwohnung befindet sich zuoberst im 11. Stock im MFH Gauenpark in Flumserberg Tannenheim mit herrlicher Aussicht auf die Churfirsten und den Walensee. Die Wohnung ist sehr ruhig gelegen. Ein Parkplatz ist kostenlos vorhanden.\n\nDie helle Wohnung mit traumhafter Aussicht ist modern und gem\u00fctlich eingerichtet. Schlaf-, Wohn- und Essbereich ist ein Raum und bietet Platz f\u00fcr bis zu 4 Personen. Die ganze Wohnung ist mit einem Parkettboden ausgestattet.", "image": "https://hltpimtsoch.sos-ch-dk-2.exoscale-cdn.com/catalog/b/7/4/f/b74f8fc6aa56ed41e828a7fbcb4c32e452b27c68_Gauenpark_Uehli_Wohnzimmer.JPG", "openstreetmap_id": "way/194824448"}, "geometry": {"type": "Point", "coordinates": ["9.298958655716081", "47.0901013"]}}, {"type": "Feature", "properties": {"identifier": "d281b1fd-c7a5-4f86-85e2-c29b6997c827", "name": "Ferienwohnung Vonlanthen/Jud", "description": "Die 2.5-Zimmer-Maisonette-Wohnung mit eigenem Hauseingang befindet sich an ruhiger und zentraler Lage in Bad Ragaz. Zur Wohnung geh\u00f6rt ein Gartensitzplatz und ein Balkon.\n\nDas Apartment verf\u00fcgt \u00fcber 1 grosses Schlafzimmer mit Trennwand, 1 Bad mit WC, 1 WC, Bettw\u00e4sche, Handt\u00fccher, 1 Flachbild-TV, Wlan,Chemin\u00e9e,  eine voll ausgestattete K\u00fcche,Balkon und einen grossen Sitzplatz.\n\n50 m von Migros umd Coop, 10 min zu Fuss bis zum Bahnhof un Tamina Therme.", "image": "https://hltpimtsoch.sos-ch-dk-2.exoscale-cdn.com/catalog/7/c/b/d/7cbd360ffbe3e663dab6fea91a53add3d5b58b53_8e4a2df1_f653_4877_92d9_8026b3df018e.JPG", "openstreetmap_id": "way/118979559"}, "geometry": {"type": "Point", "coordinates": ["9.502739310264587", "47.003400040829"]}}, {"type": "Feature", "properties": {"identifier": "d3457d1b-7a95-4b8b-a8be-ffb116bc5c06", "name": "Marina Walensee Spielplatz", "description": "Auf dem Marina Walensee Spielplatz direkt beim Marina Restaurant sorgt ein Kletterturm mit Rutschbahn f\u00fcr jede Menge Spiel und Spass. Dank der Lage direkt neben der Restaurantterrasse k\u00f6nnen Eltern entspannt essen und ihre Kinder dabei jederzeit im Auge behalten. Des Weiteren verf\u00fcgt das Marina Walensee \u00fcber einen grossen Indoor-Spielraum.", "url": "https://www.marina-walensee.ch/", "image": "https://hltpimtsoch.sos-ch-dk-2.exoscale-cdn.com/catalog/3/8/f/6/38f6c660674fc86cb6befc01123b7239c366f373_tkv_hlt_spielplatze_0014_MarinaWalensee_52_2599.jpg", "openstreetmap_id": "way/244433289"}, "geometry": {"type": "Point", "coordinates": ["9.2567652", "47.1147669"]}}, {"type": "Feature", "properties": {"identifier": "d42b3ab3-7d5b-48f8-ab88-24235bce4e12", "name": "Rafters GmbH Outdoor & Events", "description": "Ob kreative Team-Workshops wie Eisschnitzen oder Raku Keramik brennen, Flossbauen am Walensee oder lustige Gruppenaktivit\u00e4ten Highland Games oder Bauernhof Olympiaden f\u00fcr jeden ist etwas dabei.\n\nSie planen einen Firmenausflug oder Junggesellenabschied oder feiern gar einen runden Geburtstag, warum die G\u00e4ste nicht mit etwas speziellem \u00fcberraschen? Testen Sie die Treffsicherheit Ihrer Mitarbeiter beim Wettschiessen oder f\u00f6rdern Sie die Konzentration beim Bogenschiessen.\n\nBei Weihnachtsfeiern darf man durchaus auch mal etwas aktiv werden mit einer Schneeschuhtour und Fondueplausch zum Beispiel oder f\u00fcr die die es etwas abenteuerlicher m\u00f6chten mit einer Airboard-Funtour?", "url": "https://www.rafters.ch/", "image": "https://hltpimtsoch.sos-ch-dk-2.exoscale-cdn.com/catalog/1/a/1/0/1a10e6508d2578103d1ff3b5bd5cc7e36b25049c_Logo_Rafters_2020_.jpg"}, "geometry": {"type": "Point", "coordinates": ["9.161782264709474", "47.11329304036082"]}}, {"type": "Feature", "properties": {"identifier": "d563f7c7-5ddf-43df-bd02-aecd63e05c1c", "name": "Ferienhaus Arnika", "description": "Das heimelige und helle Ferienhaus mit zwei Schlafzimmern, Wohnraum und K\u00fcche befindet sich bei Sergeuris in Valens in der N\u00e4he eines Bauernhofes. Das Haus bietet s\u00e4mtliche Einrichtungen und Ausstattungen, die ein k\u00fcrzerer oder l\u00e4ngerer Ferienaufenthalt erfordert. Ein grosser Balkon l\u00e4dt zum Verweilen ein, ebenso ein Steinplatz vor dem Haus, mit Feuerstelle, mit Grill. Das Haus wird mit einem Specksteinofen (Holzheizung) geheizt. Bei Minustemperaturen muss der Ofen morgens und abends w\u00e4hrend ca. 3 Stunden ein gefeuert werden.", "url": "http://www.ferienhaus-arnika.ch/", "image": "https://hltpimtsoch.sos-ch-dk-2.exoscale-cdn.com/catalog/3/2/7/8/3278650eafa7a06b96d129d7cf88f53f65954bd6_Haus_Winter2.jpg", "openstreetmap_id": "node/4301387459"}, "geometry": {"type": "Point", "coordinates": ["9.4840908", "46.9936812"]}}, {"type": "Feature", "properties": {"identifier": "d5efa582-2f5b-4f01-aa2c-1fbee9040d79", "name": "Stellplatz Pard\u00e4tsch", "description": "Der Stellplatz Pard\u00e4tsch liegt rund 300 Meter s\u00fcdlich des Zeltplatzes H\u00fcttenwiese auf der gegen\u00fcberliegenden Strassenseite. Er befindet sich idyllisch an der ruhigen Kunkelsstrasse und bietet eine freie Sicht auf Alpweiden, W\u00e4lder und die eindrucksvolle Berglandschaft der Umgebung.\nIn nur 100 Metern Entfernung l\u00e4dt eine Schweizer Familienfeuerstelle zum Verweilen ein. Ebenfalls rund 100 Meter entfernt fliesst auf der anderen Strassenseite, rund 30 Meter tiefer, der G\u00f6rbsbach durch einen Auenwald. Der V\u00e4ttner \u201eBergstrand\u201c mit seinem breiten Kiesbett bietet einen besonderen Ort zur Entspannung und Erholung inmitten der Natur.", "url": "https://www.ortsgemeinde-vaettis.ch/liege-zelt/zeltplaetze", "image": "https://hltpimtsoch.sos-ch-dk-2.exoscale-cdn.com/catalog/2/1/3/7/2137832773ebadbcbdeed23a91d2e4a1ee958cdb_Stellplatz_Pard__tsch1.jpg", "openstreetmap_id": "node/312760496"}, "geometry": {"type": "Point", "coordinates": ["9.4415215", "46.9098162"]}}, {"type": "Feature", "properties": {"identifier": "d75b3886-6fc0-4f21-8f18-4ba3dee9944e", "name": "Ferienhaus Maienfeld - Heidihuus", "description": "Das Ferienhaus Heidihuus oberhalb Maienfeld in Weiher Rofels liegt nahe am Heididorf mit dem Museum. Vom Sitzplatz aus hat man einen wundersch\u00f6nen Blick in die Weinanbaugebiete der B\u00fcndner Herrschaft und in Richtung Pizol. Die Umgebung bietet allerlei M\u00f6glichkeiten, den Aufenthalt genussvoll sowie auch sportlich und aktiv zu gestalten.\n\nDie Wohnung verf\u00fcgt \u00fcber ein gem\u00fctliches Wohnzimmer mit Lesest\u00fchlen und Sofas, einen Chemineeofen sowie einen sonnigen Gartensitzplatz. Die K\u00fcche bietet Backofen, K\u00fchlschrank, Geschirrsp\u00fcler, Fondue- und Raclette-Set, Kaffeemaschine, Toaster und Wasserkocher.", "url": "https://www.ferien-heidiland.ch", "image": "https://hltpimtsoch.sos-ch-dk-2.exoscale-cdn.com/catalog/a/6/6/9/a669b6af439728d8f0b9a10fc1afe5faddb18656_MAIENFELD_Ferienhaus.jpg", "openstreetmap_id": "way/409100658"}, "geometry": {"type": "Point", "coordinates": ["9.544346369651297", "47.00955675"]}}, {"type": "Feature", "properties": {"identifier": "d7882d5d-b40a-4058-9963-c35eef16dffc", "name": "Chalet Waldwiese (CharmingStay)", "description": "Das Chalet mit 4.5 Zimmer befindet sich am Dorfrand von Flumserberg Tannenheim, mit wunderbarer Aussicht auf die Churfirstenkette. Bergbahnen, Restaurants und der Dorfladen sind nur ca. 10 Gehminuten entfernt. Zum Ferienhaus geh\u00f6rt ein kostenfreier Parkplatz. Dieser befindet sich unterhalb des Hauses und ist \u00fcber eine Treppe erreichbar, ca. 50m.\n\nDie Wohnung ist zweckm\u00e4ssig und mit viel Holz eingerichtet. Die W\u00e4nde von Wohn- und Schlafr\u00e4umen sind get\u00e4fert und verf\u00fcgen \u00fcber einen Holzboden. Zum Chalet geh\u00f6rt ein Sitzplatz mit sch\u00f6ner Aussicht.", "url": "https://www.charmingstay.ch", "image": "https://hltpimtsoch.sos-ch-dk-2.exoscale-cdn.com/catalog/7/e/8/3/7e83a6378e0ec60990d453f74450b269d6be1f46_ausenansicht___Kopie.JPG", "openstreetmap_id": "way/383765138"}, "geometry": {"type": "Point", "coordinates": ["9.30613935", "47.09091225"]}}, {"type": "Feature", "properties": {"identifier": "d8131a9b-6a03-4eb6-b07c-f5f48f47b9c2", "name": "Anlegestelle Hafen Au", "description": "<p>Erforschen Sie die tiefblaue Mitte der Region und geniessen Sie die atemberaubende Bergkulisse auf dem Walensee. Lassen Sie sich von den majest&auml;tischen Churfirsten, der wild romantischen Natur, dem glasklaren Wasser und den fantastischen Stimmungen am Walensee verzaubern. Der Walensee, das Paradies f&uuml;r nah und fern. Die Schiffsbetrieb Walensee AG verbindet Orte, Angebote und Aktivit&auml;ten in idealer Weise. Die Verbindung nach Quinten ist auch im Winter durchgehend in Betrieb.</p><h3>Zugangsinformationen</h3><div class=\"rte\"><ul><li>Nur zu Fuss oder mit dem Schiff erreichbar</li><li>Stufenloser Zugang, jedoch aufgrund des steilen Kiesweges f&uuml;r Rollst&uuml;hle und Kinderwagen ungeeignet</li><li>Ein- und Ausstieg durch Personalhilfestellung</li><li>Gruppen ab 10 Personen und Rollst&uuml;hle m&uuml;ssen im Voraus angemeldet werden.</li><li>Kein taktiles Leitsystem vorhanden</li></ul></div>", "url": "https://walenseeschiff.ch/de/fahrplan/anlegestellen/au.html", "image": "https://hltpimtsoch.sos-ch-dk-2.exoscale-cdn.com/catalog/5/5/a/b/55ab90cdd2912ddc120a8e29684c5b42255b5a70_Anlegestelle_Hafen_Piktogramm_HLT.png", "openstreetmap_id": "node/4398002449"}, "geometry": {"type": "Point", "coordinates": ["9.2295974", "47.1294553"]}}, {"type": "Feature", "properties": {"identifier": "d84013ab-468d-4dc2-a437-b7b408d77846", "name": "Panoramawohnung am Pizol / Furt 1'525 m \u00fc. M.", "description": "Die helle, moderne und familienfreundliche 2.5-Zimmer Panoramawohnung befindet sich direkt bei der Bergstation Furt (8er Gondelbahn Wangs-Furt) mit wundersch\u00f6ner Aussicht auf das Bergpanorama Churfirsten. Direkt an der Skipiste und am Ausgangspunkt der 3,5 km langen Schlittelbahn und dem Nachtskifahren. Umgeben von leckeren Restaurants und grossen Sonnenterrassen, Ski- und Snowboardschule in unmittelbarer N\u00e4he. \nEs ist ein idealer Ausgangspunkt f\u00fcr s\u00e4mtliche Aktivit\u00e4ten und Attraktionen am Pizol.\nIm Sommer direkt an der 5-Seen-Wanderroute und grossem Natur-Erlebnisspielplatz mit Wasserfall.", "url": "https://www.airbnb.com/h/berger-ferien-am-pizol", "image": "https://hltpimtsoch.sos-ch-dk-2.exoscale-cdn.com/catalog/8/9/7/7/8977be8b4dfd730a8969cb287397874316eac4c2_Schneehus_Valeis.jpg", "openstreetmap_id": "way/235931938"}, "geometry": {"type": "Point", "coordinates": ["9.42151665687561", "47.00237886732135"]}}, {"type": "Feature", "properties": {"identifier": "d8ac0cdc-986e-4bfa-b0cc-7360a7e39c13", "name": "museumbickel", "description": "Das museumbickel in Walenstadt besteht seit 2002 und wird von der Karl-Bickel-Stiftung getragen. Es realisiert drei bis vier Ausstellungen pro Jahr. Interessante zeitgen\u00f6ssische Positionen aus der Schweiz und den Nachbarl\u00e4ndern werden gezeigt, wobei auch das Kunstschaffen in der Region regelm\u00e4ssig beleuchtet wird. Eine Ausstellung pro Jahr widmet sich den Werken von Karl Bickel.\n\nMit seinem eigenst\u00e4ndigen Programm und zahlreichen anregenden Begleitveranstaltungen, wie F\u00fchrungen, Konzerten, Podiumsdiskussionen, ist das museumbickel zu einem wichtigen Schauplatz des Kunstgeschehens der Region geworden.\n\nDas museumbickel \u00fcberzeugt mit seiner Ausstellungshalle von beinahe unver\u00e4nderter Industriearchitektur des beginnenden zwanzigsten Jahrhunderts. Die s\u00e4ulenfreie Halle von 400 m2 bietet alles, was die grundlegenden Bed\u00fcrfnisse der Kunst an Zeit und Raum, Stille und Licht verlangen.\n\nGruppenbesuche und F\u00fchrungen auf Anfrage auch ausserhalb der \u00d6ffnungszeiten.", "url": "http://www.museumbickel.ch", "image": "https://hltpimtsoch.sos-ch-dk-2.exoscale-cdn.com/catalog/7/2/5/8/7258dcc91e08dc589f480310375c78cc20c45374__71B4421_HDR.jpg", "openstreetmap_id": "node/9582698151"}, "geometry": {"type": "Point", "coordinates": ["9.3121399", "47.1218073"]}}, {"type": "Feature", "properties": {"identifier": "d8c6b80b-e605-4ea5-a6ec-1ddcf07614d4", "name": "Kiwi Kino Castels Sargans", "description": "Das Kiwi Castels mit seinen zwei komfortabel eingerichteten S\u00e4len ist ein Erlebnisort, eingebettet im schweizweit bekannten Heidiland. Ob Familienfilme, Hollywood-Blockbuster oder auch intellektuelles Kino in der Originalfassung. Das traditionelle Kino in Sargans bietet pures Filmvergn\u00fcgen in sympathisch lokaler Atmosph\u00e4re. Dabei l\u00e4dt der Kinokiosk mit integrierter Bar vor oder nach dem Film zum C\u00fcpli unter Freunden.", "url": "https://www.kiwikinos.ch/sargans/kino_castels/", "image": "https://hltpimtsoch.sos-ch-dk-2.exoscale-cdn.com/catalog/c/e/b/4/ceb4668760d27ef745802d51c5df2bca12e9715f_getlstd_property_photo.jpg", "openstreetmap_id": "relation/1683931"}, "geometry": {"type": "Point", "coordinates": ["9.441976547241211", "47.04525370201702"]}}, {"type": "Feature", "properties": {"identifier": "d91b3d09-e504-4efc-890c-05689ad7aae6", "name": "Gampergalt 4.5 Zi-Whg", "description": "Die 4.5-Zimmerwohnung befindet sich in Flumserberg-Tannenheim nur ca. 5 Gehminuten zur Skipiste, welche zur Talstation Prodalp-Express Tannenheim f\u00fchrt. Ins Zentrum mit Einkaufsl\u00e4den, Sportgesch\u00e4ften, Skischule und Restaurants sind es ca. 1.5 km. Zur Ferienwohnung geh\u00f6rt ein kostenloser Aussenparkplatz.\n\nDie grossz\u00fcgige Wohnung ist gem\u00fctlich und komfortabel eingerichtet. Vom Wohnzimmer aus gelangt man auf den grossen Balkon Richtung Norden und die grosse Terrasse Richtung S\u00fcden.", "image": "https://hltpimtsoch.sos-ch-dk-2.exoscale-cdn.com/catalog/f/e/b/f/febf45e764d2cb667c730622f6605cf67a5a10c9_IMG_1895.jpg", "openstreetmap_id": "way/182426752"}, "geometry": {"type": "Point", "coordinates": ["9.30598712383185", "47.08270506053502"]}}, {"type": "Feature", "properties": {"identifier": "da0bcc35-12d6-414b-8afc-c87b12ed7b00", "name": "Ferienwohnung Frei", "description": "Die 2-Zimmerwohnung befindet sich an sehr ruhiger Lage am Rande von Bad Ragaz am Ende einer Sackgasse. Restaurants und Lebensmittell\u00e4den befinden sich in der Umgebung. Die Bushaltestelle ist 1,2 km, die Pizolbahn 3 km und das Thermalbad 1 km entfernt. Zur Wohnung geh\u00f6rt ein privater Parkplatz.\n\nDie Wohnung liegt im Parterre und ist zweckm\u00e4ssig eingerichtet.", "image": "https://hltpimtsoch.sos-ch-dk-2.exoscale-cdn.com/catalog/d/1/5/c/d15c557c5288b75fa13eb9acd52c5b89f0661404_Frei_5.jpg", "openstreetmap_id": "way/409159420"}, "geometry": {"type": "Point", "coordinates": ["9.497417679972216", "47.0061627"]}}, {"type": "Feature", "properties": {"identifier": "dae7c8f0-8b19-43bf-8b00-c00c173bcb33", "name": "Berber Semmelink - Ski Academy", "description": "Die BSSKI Academy bietet privaten Ski- und Snowboardunterricht mit erfahrenen Lehrern sowie Gruppenunterricht f\u00fcr diejenigen, die lieber mit anderen zusammen lernen m\u00f6chten. Egal ob du Anf\u00e4nger oder Fortgeschrittener bist, die BSSKI Academy kann dir helfen, deine Ziele auf und abseits der Piste zu erreichen.", "image": "https://hltpimtsoch.sos-ch-dk-2.exoscale-cdn.com/catalog/f/1/4/d/f14daadbaecf8e94da15e2885aa91b49aafd61f2_20220220_110925_scaled_e1679417260507_768x576.jpg", "openstreetmap_id": "way/754266155"}, "geometry": {"type": "Point", "coordinates": ["9.27947759628296", "47.091572393806004"]}}, {"type": "Feature", "properties": {"identifier": "daeb77f0-929b-4eb8-83ec-91d96e79bbaf", "name": "Haus Alpenblick A", "description": "Die 2.5 Zimmerwohnung befindet sich in Flumserberg Tannenheim nur ca. 2 Gehminuten vom Hallenbad, Sportbus, Skipiste Mittenwald und Einkaufsm\u00f6glichkeiten entfernt. Zur Wohnung geh\u00f6rt ein kostenloser Parkplatz in der Tiefgarage.\n\nDie helle Wohnung ist klassisch und gem\u00fctlich eingerichtet. Wohn- und Schlafr\u00e4ume verf\u00fcgen \u00fcber einen sch\u00f6nen Holzboden. Bilder und Deko verzieren die W\u00e4nde und Regale.", "image": "https://hltpimtsoch.sos-ch-dk-2.exoscale-cdn.com/catalog/7/4/8/7/7487f0ab3e055c25f71eddce6c091d89c5185d45_Haus_Alpenblick_1.jpg", "openstreetmap_id": "way/325407976"}, "geometry": {"type": "Point", "coordinates": ["9.297766606774918", "47.0907134"]}}, {"type": "Feature", "properties": {"identifier": "db9ef566-6a20-476e-9909-d77d5b0cc757", "name": "BIGPOINT", "description": "Mit Padel, Tennis, Pickleball und Badminton bleiben Sie auch in Ihren Ferien in Form. Das Sportcenter in Bad Ragaz bietet folgende Sportpl\u00e4tze:\n\nIndoor\n- 4 Padel Courts\n- 1 Padel Single Court\n- 1 Kids Padel Court\n- 1 Padel Ping Pong Court\n- 1 Pickleball Court\n- 1 Badminton Court\n\nOutdoor\n- 5 Padel Courts\n- 2 Padel Single Courts\n- 1 Tennis Court\n\nZudem bieten wir Unterricht f\u00fcr alle Altersklassen und Spielst\u00e4rken.\n\nSchl\u00e4ger f\u00fcr alle Sportarten k\u00f6nnen bei uns gemietet werden (Twint), B\u00e4lle und Shuttles bei der Rezeption gekauft werden (Twint).\n\nJetzt auf Playtomic registrieren, den gew\u00fcnschten Platz direkt online buchen und Spass haben!\n\nWeitere Infos finden Sie auf unserer Website: https://bigpointtennis.ch/bad-ragaz/", "url": "https://www.bigpointtennis.ch", "image": "https://hltpimtsoch.sos-ch-dk-2.exoscale-cdn.com/catalog/f/1/9/7/f19757a9e4d8dc979271a770f18689f561d04627_BIGPOINT_Outdoor__2.JPG", "openstreetmap_id": "way/44116449"}, "geometry": {"type": "Point", "coordinates": ["9.493603706359865", "47.015295500475"]}}, {"type": "Feature", "properties": {"identifier": "dcaf3a4a-f39b-4af0-b05f-bb8453f58cde", "name": "Pauschale: Unterkunft & Skifahren am Flumserberg", "description": "<p data-start=\"332\" data-end=\"668\"><strong data-start=\"332\" data-end=\"383\">Top-Angebot &ndash; exklusiv bei Heidiland Tourismus:</strong><br data-start=\"383\" data-end=\"386\">Buche deine Winterauszeit am Flumserberg und profitiere w&auml;hrend der ganzen Wintersaison von attraktiven Kombi-Angeboten: Bei 2 bis 7 &Uuml;bernachtungen in einem Hotel oder einer Ferienwohnung ist der Skipass f&uuml;r das Skigebiet Flumserberg bereits inklusive.</p><p data-start=\"670\" data-end=\"920\">Nur knapp eine Stunde von Z&uuml;rich oder St. Gallen entfernt, bietet dir das vielseitige Wintersportgebiet mit 17 Anlagen und 65 Pistenkilometern ein unkompliziertes und preiswertes Wintervergn&uuml;gen &ndash; mit Blick auf den Walensee und die umliegenden Alpen.</p><p data-start=\"922\" data-end=\"962\"><strong data-start=\"922\" data-end=\"962\">Deine Unterkunft &ndash; du hast die Wahl:</strong></p><ul data-start=\"964\" data-end=\"1349\"><li data-start=\"964\" data-end=\"1142\"><p data-start=\"966\" data-end=\"1142\"><strong data-start=\"966\" data-end=\"976\">Hotel:</strong><br data-start=\"976\" data-end=\"979\">&Uuml;bernachte in einem von 10 sorgf&auml;ltig ausgew&auml;hlten Hotels in der Region Flumserberg oder Umgebung &ndash; inklusive Fr&uuml;hst&uuml;ck (teilweise mit Halbpension).</p></li><li data-start=\"1144\" data-end=\"1349\"><p data-start=\"1146\" data-end=\"1349\"><strong data-start=\"1146\" data-end=\"1164\">Ferienwohnung:</strong><br data-start=\"1164\" data-end=\"1167\">W&auml;hle aus 32 charmanten Ferienwohnungen direkt im Skigebiet oder in der N&auml;he &ndash; ideal f&uuml;r Familien und Gruppen. Beste Verf&uuml;gbarkeiten bei 3&ndash;7 N&auml;chten, bevorzugt Samstag bis Samstag.</p></li></ul><p data-start=\"1351\" data-end=\"1379\"><strong data-start=\"1351\" data-end=\"1379\">Leistungen im &Uuml;berblick:</strong></p><ul data-start=\"1381\" data-end=\"1798\"><li data-start=\"1381\" data-end=\"1431\"><p data-start=\"1383\" data-end=\"1431\">2&ndash;7 &Uuml;bernachtungen in der gew&auml;hlten Unterkunft</p></li><li data-start=\"1432\" data-end=\"1507\"><p data-start=\"1434\" data-end=\"1507\">Skipass f&uuml;r das Skigebiet Flumserberg f&uuml;r die entsprechende Anzahl Tage</p></li><li data-start=\"1508\" data-end=\"1554\"><p data-start=\"1510\" data-end=\"1554\">Fr&uuml;hst&uuml;ck oder Halbpension (je nach Hotel)</p></li><li data-start=\"1555\" data-end=\"1577\"><p data-start=\"1557\" data-end=\"1577\">Alle lokalen Taxen</p></li><li data-start=\"1578\" data-end=\"1667\"><p data-start=\"1580\" data-end=\"1667\">Frei w&auml;hlbarer G&uuml;ltigkeitsbeginn des Skipasses (ab Anreise oder bis inkl. Abreisetag)</p></li><li data-start=\"1668\" data-end=\"1798\"><p data-start=\"1670\" data-end=\"1798\">Skipassausgabe an der Talstation in Unterterzen (SeeJet), Flumserberg Tannenheim oder Flumserberg Tannenbodenalp (gegen Voucher)</p></li></ul><p data-start=\"1800\" data-end=\"1816\"><strong data-start=\"1800\" data-end=\"1816\">Konditionen:</strong></p><ul data-start=\"1818\" data-end=\"1963\"><li data-start=\"1818\" data-end=\"1874\"><p data-start=\"1820\" data-end=\"1874\">Buchbar bis 1 Tag vor Anreise, je nach Verf&uuml;gbarkeit</p></li><li data-start=\"1875\" data-end=\"1924\"><p data-start=\"1877\" data-end=\"1924\">Nur direkt bei Heidiland Tourismus erh&auml;ltlich</p></li><li data-start=\"1925\" data-end=\"1963\"><p data-start=\"1927\" data-end=\"1963\">G&uuml;nstiger kann man nicht Skifahren</p></li></ul>", "image": "https://hltpimtsoch.sos-ch-dk-2.exoscale-cdn.com/catalog/a/7/c/6/a7c61c3c44136100319bbbf18e52c2bd952dfa0a_Titelbild_Landingpage_Heidiland_.jpg"}}, {"type": "Feature", "properties": {"identifier": "dd0a0ac1-4553-40b4-83fb-603a376fbe46", "name": "Casa Alpetta", "description": "Die 2.5-Zimmerwohnung befindet sich an der Flubastrasse 16 in Flumserberg Tannenboden, nahe der Bergbahnen, Restaurants und Einkaufsm\u00f6glichkeiten. Die Lage mit sch\u00f6ner Aussicht auf die umliegenden Berge ist hervorragend. Ein Parkplatz steht bei der Unterkunft zur Verf\u00fcgung.", "image": "https://hltpimtsoch.sos-ch-dk-2.exoscale-cdn.com/catalog/b/5/5/5/b55573cd4fdef3c512896b1cc66fec6e000ea807_Casa_Alpetta_Hauptbild.jpg", "openstreetmap_id": "way/294246273"}, "geometry": {"type": "Point", "coordinates": ["9.287785421515782", "47.09344285"]}}, {"type": "Feature", "properties": {"identifier": "de690b47-2e21-4bca-8d0b-a918316cec04", "name": "Ski- und Snowboardschule Flumserberg", "description": "Das Team der Ski- und Snowboardschule Flumserberg hilft dabei, wintersportliche Ziele zu verwirklichen \u2013 angefangen beim klassischen Skifahren und Snowboarden bis hin zu vielen weiteren Aktivit\u00e4ten im Schnee. Kreativ, fokussiert, verst\u00e4ndnisvoll und topausgebildet wissen unsere Lehrer genau, was sie tun. Freuen Sie sich auf einheimische Wintersportprofis, die das Herz am rechten Fleck haben.", "url": "https://www.flumserberg.ch/de/Winter-erleben/Skischule-Flumserberg", "image": "https://hltpimtsoch.sos-ch-dk-2.exoscale-cdn.com/catalog/4/5/e/9/45e95401dbcbd0c66cf5fdda3596de92be58ac0e_Skifahren_Flumserberg_Spitzmeilen.jpg", "openstreetmap_id": "way/754266155"}, "geometry": {"type": "Point", "coordinates": ["9.284396767616274", "47.093737630212"]}}, {"type": "Feature", "properties": {"identifier": "dfa3bdeb-ac7f-44d6-8f88-b2f94fa0e94e", "name": "Weinbau Hanspeter Kunz", "description": "Weinkeller mit heimeligem Degustations- und Verkaufsraum. \nPlatz f\u00fcr Gesellschaften bis 20 Personen. 8 verschiedene Weine, 4 weisse, 4 rote.\nImbiss: K\u00e4se und Salsiz, nur kalt.", "url": "http://www.weinbau-kunz.ch", "image": "https://hltpimtsoch.sos-ch-dk-2.exoscale-cdn.com/catalog/4/2/c/7/42c7010644e557c4f52854865803cc05b4297793_wein_weinbau_kunz.jpg", "openstreetmap_id": "way/179015390"}, "geometry": {"type": "Point", "coordinates": ["9.51424827470398", "47.02754775"]}}, {"type": "Feature", "properties": {"identifier": "e08a7e02-5a67-4193-a5c9-798ce794bbce", "name": "Lerchenh\u00fcsli", "description": "Das gem\u00fctlich, heimelige eingerichtete Ferienhaus Lerchenh\u00fcsli liegt im Zentrum Tannenboden. In der N\u00e4he befindet sich die Skischule, Einkaufsm\u00f6glichkeiten und diverse Restaurants. Einen Garagenplatz ist 50 Meter unterhalb vorhanden. Im Sommer sch\u00f6ner Sitz- und Spielplatz beim Haus mit Gartenchemin\u00e9e, ideal f\u00fcr Familien. Das Lerchenh\u00fcsli befindet sich an einer sonnigen Lage mit wunderbarer Sicht zur Churfirsten und Alvier Bergkette. Haustiere sind erlaubt.", "image": "https://hltpimtsoch.sos-ch-dk-2.exoscale-cdn.com/catalog/c/b/8/c/cb8c7e8ff9c3c10800a46f85d3eb74d9ccd6254c_Lerchenh__sli_1.jpg", "openstreetmap_id": "way/1058903126"}, "geometry": {"type": "Point", "coordinates": ["9.286287807779502", "47.0937143"]}}, {"type": "Feature", "properties": {"identifier": "e0dac3ac-c26c-45ce-a579-fb8225b86250", "name": "Haus Steinbock (CharmingStay)", "description": "Das Mehrfamilienhaus befindet sich am Flumserberg Tannenheim. Innerhalb von wenigen Gehminuten befinden sich das Restaurant M\u00e4tz Dine und der Prodallp Express. Zu den Wohnungen geh\u00f6rt jeweils ein kostenloser Garagenparkplatz dazu.\n\nInneneinrichtung\nDie Wohnungen sind gem\u00fctlich und modern eingerichtet. Sie verf\u00fcgen \u00fcber eine vollausgestattete K\u00fcche, offenes Wohnzimmer und einen grossen Balkon. Im Wohnhaus befindet sich ein Lift sowie ein Ski-Abstellraum.\n\nTechnische Einrichtung\nKostenloses WLAN, Radio und ein Kabel TV stehen in den Wohnungen zur Verf\u00fcgung.", "url": "https://www.charmingstay.ch", "image": "https://hltpimtsoch.sos-ch-dk-2.exoscale-cdn.com/catalog/7/d/5/6/7d56b512d1221f8050715c578f7c77c4076f42cb_Haus_Steinbock_2OG__9_.JPG", "openstreetmap_id": "way/194824442"}, "geometry": {"type": "Point", "coordinates": ["9.30473123098497", "47.08930865"]}}, {"type": "Feature", "properties": {"identifier": "e11b083d-afcd-462c-8543-540fbe9bed98", "name": "Seilerh\u00fctta V\u00e4ttnerberg", "description": "Nach der kurzen Bergfahrt von 6 Min. mit der Seilbahn gelangen Sie zu uns, direkt bei der Bergstation der V\u00e4ttnerbergseilbahn. Wir belohnen Sie zuerst mit unserer Natur und der herrlichen Aussicht, danach k\u00f6nnen Sie von unserem Angebot profitieren, das zu 95 Prozent von einheimischen Lieferanten und Betrieben ist. \nWeg vom Alltag und lassen Sie sich von uns in der H\u00fctte oder der herrlichen Terrasse verw\u00f6hnen.\n\nBitte beachten Sie die Fahrzeiten der Seilbahn.", "url": "https://www.v\u00e4ttnerberg.ch/", "image": "https://hltpimtsoch.sos-ch-dk-2.exoscale-cdn.com/catalog/3/9/7/3/3973f8522d49e9e2d31748bc07d04f5f7facbbb6_werbung.jpg", "openstreetmap_id": "node/1350041393"}, "geometry": {"type": "Point", "coordinates": ["9.456750154495241", "46.929605285247256"]}}, {"type": "Feature", "properties": {"identifier": "e132467a-39f3-4406-abc8-ab5c3e99e2ee", "name": "Haus Schwendihof (2 Studios)", "description": "Das Ferienhaus liegt auf 1280 m H\u00f6he in Flumserberg Tannenheim, direkt bei den Bergbahnen und der Skipiste. Die beiden Studios befinden sich im Dachgeschoss des Zweifamilienhauses. Zu den Studios geh\u00f6rt ein kostenloser Parkplatz.\n\nDetails der einzelnen Studios\n- 1x Studio Guscha\n- 1x Studio Churfirsten\n\nBeide Studios sind einfach eingerichtet und verf\u00fcgen \u00fcber einen Wohn-/Schlafbereich mit Doppelbett, Sofa und TV. Die kleine K\u00fcchenzeile ist mit allem ausgestattet was man braucht. Sie bietet Herd, Backofen, K\u00fchlschrank und Kaffeemaschine. Die Dachschr\u00e4gen mit Holzbalken machen den Aufenthalt in den Studios sehr gem\u00fctlich. WIFI vorhanden.", "image": "https://hltpimtsoch.sos-ch-dk-2.exoscale-cdn.com/catalog/6/7/4/8/6748905e5a4609e226bb0b8cf52bf13525052bcc_Schwendihof_Essbereich.JPG", "openstreetmap_id": "way/294246221"}, "geometry": {"type": "Point", "coordinates": ["9.28503688613744", "47.0944254"]}}, {"type": "Feature", "properties": {"identifier": "e141e86a-91e4-499f-b4a2-6aa0ec8a2c43", "name": "Hotel Sportcenter F\u00fcnf D\u00f6rfer AG", "description": "<div><p>Das Hotel Sportcenter F&uuml;nf D&ouml;rfer in Zizers verbindet 3-Sterne-Komfort mit einem umfassenden Sportangebot. Die 34 gem&uuml;tlichen Doppelzimmer (auch zur Einzelbelegung) bieten modernen 3-Sterne-Standard mit Zimmertresor, gratis WLAN, TV, Schreibtisch sowie Dusche/WC.</p><p>Im &ouml;ffentlichen Restaurant mit Gartenterrasse werden regionale, internationale und gutb&uuml;rgerliche Speisen serviert &ndash; perfekt f&uuml;r Sportlerinnen und Sportler sowie f&uuml;r erholungssuchende G&auml;ste.</p><p>F&uuml;r sportliche Aktivit&auml;ten stehen das ganze Jahr &uuml;ber vier gelenkschonende Tennispl&auml;tze in der Tennishalle sowie vier Squash-Boxen zur Verf&uuml;gung. Von Mai bis September erg&auml;nzen zwei Badminton-Felder das Angebot. Tennisunterricht, Turniere, attraktive Mietpreise und ein ausgew&auml;hltes Sortiment an Sportartikeln runden das Sportangebot ab.</p><p>Ob Tennis, Squash oder Badminton &ndash; das Sportcenter F&uuml;nf D&ouml;rfer ist die ideale Adresse f&uuml;r alle, die Bewegung, Spass und Gastfreundschaft kombinieren m&ouml;chten.</p></div>", "url": "https://www.hotel-5doerfer.ch", "image": "https://hltpimtsoch.sos-ch-dk-2.exoscale-cdn.com/catalog/9/9/c/1/99c1148529a7a8abf10dcf49de1c55e2fdec49c8_P1070319.JPG", "openstreetmap_id": "node/4316337334"}, "geometry": {"type": "Point", "coordinates": ["9.557869434356691", "46.91956678293475"]}}, {"type": "Feature", "properties": {"identifier": "e1652746-4ea7-496e-9b67-a545f5242362", "name": "Chalet Wieseh\u00f6ckli (CharmingStay)", "description": "Das kleine 3-Zimmer-Chalet mit herrlicher Aussicht auf die Churfirsten und den Walensee befindet sich an ruhiger Lage in Flumserberg Tannenbodenalp. Zum Chalet geh\u00f6rt ein kostenloser Parkplatz.\n\nDas heimelige Ferienchalet ist gem\u00fctlich und mit viel Holz eingerichtet. Die W\u00e4nde im Wohn- und Schlafzimmer sind get\u00e4felt. Zum Chalet geh\u00f6rt ein Sitzplatz mit Chemin\u00e9e, mit Spielwiese sowie ein Aussen-Whirlpool.", "url": "https://www.charmingstay.ch", "image": "https://hltpimtsoch.sos-ch-dk-2.exoscale-cdn.com/catalog/6/a/2/d/6a2d3088a1b88f2237efdc0dae9690373b913988_Bild_Francois_201025_Wohnzimmer___Nebel.JPG", "openstreetmap_id": "way/294246305"}, "geometry": {"type": "Point", "coordinates": ["9.284148542062624", "47.0966193"]}}, {"type": "Feature", "properties": {"identifier": "e22c7f37-f27d-464a-8e12-ffceda4d0462", "name": "Ferienwohnung Edelweiss (Fluba)", "description": "Die frisch renovierte 3-Zimmerwohnung befindet sich im Zentrum von Flumserberg Tannenboden. Die Wohnung bietet Platz f\u00fcr eine vierk\u00f6pfige Familie, Haustiere nach Absprache. Der kleine Balkon mit Tisch, St\u00fchlen und einem Grill l\u00e4dt zum Nichtstun ein. Innerhalb von wenigen Gehminuten erreichen Sie den Dorfladen, die Skischule, verschiedene Restaurants und die Bergbahnen. Zur Wohnung geh\u00f6rt ein Parkplatz dazu.</p>", "image": "https://hltpimtsoch.sos-ch-dk-2.exoscale-cdn.com/catalog/8/0/0/e/800e366fbffb65fbaf20e385d617fbdb08177d16_Ferienwohnung_Edelweiss__Fluba_.JPG", "openstreetmap_id": "way/187703332"}, "geometry": {"type": "Point", "coordinates": ["9.286235", "47.09414"]}}, {"type": "Feature", "properties": {"identifier": "e28252e6-d574-4168-a494-8d0e9f1b731b", "name": "Marina Walensee / Marina Restaurant", "description": "Im Marina Restaurant treffen kulinarische Vielfalt, regionale Qualit\u00e4t und eine traumhafte Lage aufeinander. Freuen Sie sich auf knusprige, frisch zubereitete Pizzen, feine regionale Spezialit\u00e4ten und saisonale Gerichte, die mit viel Liebe zum Detail zubereitet werden \u2013 immer begleitet vom herrlichen Blick auf den Walensee und die Bergwelt.\n\nUnsere vielseitige Getr\u00e4nkeauswahl l\u00e4sst keine W\u00fcnsche offen: von ausgew\u00e4hlten Weinen \u00fcber erfrischende Getr\u00e4nke bis hin zu gem\u00fctlichem Kaffee oder einem Aperitif in der Sonne. Besonders beliebt ist unsere grossz\u00fcgige Sonnenterrasse \u2013 der perfekte Ort, um den Tag genussvoll zu verbringen, w\u00e4hrend die Sonne glitzert und die Seele zur Ruhe kommt.\n\nAuch Familien f\u00fchlen sich bei uns rundum wohl: Direkt neben dem Restaurant sorgen ein Spielplatz im Freien sowie ein liebevoll eingerichtetes Spielzimmer daf\u00fcr, dass sich auch unsere kleinen G\u00e4ste bestens unterhalten f\u00fchlen \u2013 w\u00e4hrend die Grossen entspannt geniessen.\n\nOb Familienessen, Pizza-Abend mit Freunden oder ein genussvoller Stopp nach einem Ausflug: Das Marina Restaurant ist der Treffpunkt f\u00fcr Genuss, Leichtigkeit und entspannte Momente am See.", "url": "https://www.marina-walensee.ch/restaurant/", "image": "https://hltpimtsoch.sos-ch-dk-2.exoscale-cdn.com/catalog/c/f/4/d/cf4d6ab950f7a27e641f484c5d1ffd606036c3a2_Marina_Restaurant__10_.jpg", "openstreetmap_id": "node/690805134"}, "geometry": {"type": "Point", "coordinates": ["9.2561007", "47.1158087"]}}, {"type": "Feature", "properties": {"identifier": "e3cc30c7-a2c8-4f8b-8e7e-5178605ae2b2", "name": "Haus Panorama B (Whg. Rupf)", "description": "Gem\u00fctliche 3 Zimmerwohnung mit 65m2 f\u00fcr vier Personen, mit zwei Balkons mit Berg- und Talsicht und sch\u00f6ner Aussicht auf die Churfirsten und bis Sargans. Die Wohnung ist im ersten Stock des Geb\u00e4udes, sie bietet zwei Schlafzimmer mit je zwei Betten, davon ein Etagenbett. Der grosse und helle Wohnraum mit offener K\u00fcche und Essbereich, bietet ein wunderbares Panorama. Die Wohnung verf\u00fcgt \u00fcber einen eigenen Garagenplatz.", "image": "https://hltpimtsoch.sos-ch-dk-2.exoscale-cdn.com/catalog/d/4/5/2/d452d95f3d28d19d5b92ae8c9b4541b0b16986bb_Schlafzimmer_Doppelbett.jpeg", "openstreetmap_id": "way/194824434"}, "geometry": {"type": "Point", "coordinates": ["9.304035902023317", "47.089848555645915"]}}, {"type": "Feature", "properties": {"identifier": "e3d5aee9-37e9-458c-8b7f-8a70d1e35761", "name": "Weinmanufaktur Gonzen", "description": "Die Weinmanufaktur Gonzen steht f\u00fcr Weine mit Charakter.\nEigene Weine und sorgf\u00e4ltig ausgew\u00e4hlte Selektionen \u2013\ngef\u00fchrt unter einem gemeinsamen Anspruch.\n\nWir glauben an Weine mit Pers\u00f6nlichkeit.\nAn Weine, die etwas erz\u00e4hlen,\n\u00fcber Herkunft, Handwerk und die Winzer dahinter.\n\nErschaffen f\u00fcr Menschen, die charaktervolle Weine m\u00f6gen.\n\nWeine, die jeden Moment speziell machen.", "url": "http://www.weinmanufaktur-gonzen.ch", "image": "https://hltpimtsoch.sos-ch-dk-2.exoscale-cdn.com/catalog/b/0/4/a/b04ab0eae7016e76dbee52e4a3e08ed1bfe896a5_Weinmanufaktur_Gonzen_Weinkeller_Web_02_5943_quer__2.jpg", "openstreetmap_id": "way/409298148"}, "geometry": {"type": "Point", "coordinates": ["9.447652294245845", "47.054543249999995"]}}, {"type": "Feature", "properties": {"identifier": "e4561f03-e07c-4513-ba91-ce5a3160318c", "name": "Tamina Therme Bad Ragaz", "description": "Das \u00f6ffentliche Thermalheilbad Tamina Therme ist als Wellness-Oase, ein Ort der Entspannung und Erholung f\u00fcr K\u00f6rper, Geist und Seele: Das Thermalwasser in seiner reinsten Form, zelebrierte Saunakultur und das Massage-  und Beauty-Angebot in dem stimmungsvollen und licht-durchfluteten Ambiente der Therme schaffen ein intensives Wohlf\u00fchlerlebnis f\u00fcr alle Sinne!\n\nHier erleben Sie das heilende Thermalwasser in seiner reinsten Form und regenerieren K\u00f6rper, Geist und Seele. Auf rund 7\u2019300 Quadratmetern bieten sich verschiedene Attraktionen zur Entspannung nach einem anstrengenden Arbeitstag, nach intensivem Sport oder einfach, weil Ihnen das Thermalwasser gut tut.", "url": "https://www.grandresort.ch/spa-therme/tamina-therme", "image": "https://hltpimtsoch.sos-ch-dk-2.exoscale-cdn.com/catalog/d/0/e/5/d0e529a2a8b4cd0c616bc66b12779edc93e9b5f3_TT_Aussen_Drohne_Pool.jpg", "openstreetmap_id": "way/332307791"}, "geometry": {"type": "Point", "coordinates": ["9.50416022930948", "46.99929655"]}}, {"type": "Feature", "properties": {"identifier": "e6166ab5-684a-4b5b-8d9f-29b45243fed1", "name": "Autobahnrastst\u00e4tte March\u00e9 Heidiland", "description": "March\u00e9 Heidiland, wohl eine der bekanntesten Rastst\u00e4tten der Schweiz.\nBereits beim Eingang wartet das Heidi- und Geissenpeterspiel auf unsere G\u00e4ste. Ein Erlebnis f\u00fcr alle Kinder bieten die 2 grossen Spielzimmer, der Aussenspielplatz und das Geissengehege gleich beim Eingang.\n\nGeniessen Sie unser marktfrisches Angebot \u2013 ob eine knusprige R\u00f6sti, saisonales Gem\u00fcse oder das kunterbunte Salatbuffet \u2013 in rustikalem Ambiente. Lassen Sie es sich gut gehen bei uns!", "url": "https://www.marche-schweiz.ch/de/standorte/an-autobahnen.html", "image": "https://hltpimtsoch.sos-ch-dk-2.exoscale-cdn.com/catalog/3/2/7/e/327e81e34e89f7364e5bf7c31bf6981d2e34dd10_Heidiland_Tourismus_Bild_Marche_HIMMEL.jpg", "openstreetmap_id": "way/107680882"}, "geometry": {"type": "Point", "coordinates": ["9.512164592742922", "47.01153892334948"]}}, {"type": "Feature", "properties": {"identifier": "e739d7fa-a384-4771-b4c7-f3260ff2835b", "name": "Auberge Adler, Fl\u00e4sch", "description": "Die Auberge Adler befindet sich mitten im Weindorf Fl\u00e4sch. In Fl\u00e4sch geniessen Sie die Ruhe und den Charme des idyllischen Weinbaudorfs.\nIm G\u00e4stehaus befindet sich das Gourmetrestaurant Adler. Zahlreiche Aktivit\u00e4ten wie die Tamina Therme, das Skigebiet Pizol und das Fashion-Outlet Landquart befinden sich nur wenige Fahrminuten entfernt.\n\nG\u00e4stezimmer\nDie harmonische Kombination aus historisch und modern verleiht jedem Zimmer seinen eigenen Charme. In unserer Auberge erwarten Sie, vier stilvoll eingerichtete Doppelzimmer mit Blick ins Weinbauerndorf Fl\u00e4sch. Jedes Zimmer verf\u00fcgt \u00fcber ein Badezimmer mit Dusche und WC.\n\nRestaurant Adler\nIn unserem Gourmetrestaurant Adler servieren wir hausgemachte und regionale K\u00f6stlichkeiten, welche direkt von Siggi Tschurtschenthaler und seinem Team zubereitet werden. Ein Hauch S\u00fcdtirol - die Heimat von Siggi -  darf bei den Kreationen aus der Gourmetk\u00fcche nicht fehlen.", "url": "https://www.adlerflaesch.ch/gaestezimmer.html", "image": "https://hltpimtsoch.sos-ch-dk-2.exoscale-cdn.com/catalog/d/5/1/e/d51ef2358a89eed608fd2eecbd47cab56c6c9edb_Auberge_Adler__2_.jpg", "openstreetmap_id": "way/258989581"}, "geometry": {"type": "Point", "coordinates": ["9.51325681496726", "47.02653735"]}}, {"type": "Feature", "properties": {"identifier": "e7f68b90-1030-46b3-8d67-595b841ca2af", "name": "Haus Alpina (CharmingStay)", "description": "Das Haus Alpina liegt in Tannenboden Dorf an Top-Lage. Die Bergbahnen sind nur ca. 3 Gehminuten entfernt. Die Wohnung verf\u00fcgt \u00fcber eine wundersch\u00f6ne Aussicht auf das Skigebiet und das Bergpanorama. Aussenparkpl\u00e4tze und Garagen stehen kostenlos zur Verf\u00fcgung.\n\nDetails zur Ferienwohnung\n- 1x 2.5-Zimmerwohnung im zweiten Stock\n\nDie Wohnung verf\u00fcgt \u00fcber ein offenes, ger\u00e4umiges und gem\u00fctliches Wohnzimmer mit Sofa und Flachbild-TV. Die K\u00fcche bietet Herd, Backofen, K\u00fchlschrank, Geschirrsp\u00fcler, Toaster, Kaffeemaschine, Wasserkocher, Fondue- und Raclette-Set. Die Ferienwohnung verf\u00fcgt ebenfalls \u00fcber einen Balkon.", "url": "https://www.charmingstay.ch", "image": "https://hltpimtsoch.sos-ch-dk-2.exoscale-cdn.com/catalog/e/7/8/0/e780714be15f40178ab324c75affc282b5c9d3b8_Sofa__neu__mit_K__che.jpeg", "openstreetmap_id": "way/294246219"}, "geometry": {"type": "Point", "coordinates": ["9.283183944204325", "47.0941143"]}}, {"type": "Feature", "properties": {"identifier": "e8207b29-dc4e-4ab5-b835-293e2a0b99c0", "name": "BISTRO Fl\u00e4sch", "description": "Das Bistro f\u00fcr alle Generationen. Bei uns darfst du entspannte Stunden in angenehmer Atmosph\u00e4re verbringen. Geniesse bodenst\u00e4ndige Bistrogerichte, auserlesene Weine, oder das Verweilen in netter Gesellschaft f\u00fcr einen spontanen Umtrunk am Feierabend. F\u00fcr Einheimische, Spazierg\u00e4nger, Wanderer, Velofahrer, Biker ist unser Bistro der perfekte Ort f\u00fcr eine Verschnaufpause und um neue Energie zu tanken.\n\nUnser Bistro ist der perfekte Treffpunkt f\u00fcr Weinliebhaber und Geniesser. Der Fl\u00e4scher Wein ist bei uns Trumpf. Er erz\u00e4hlt uns immer eine Geschichte und deutet die Philosophie seines Winzers an. In unserem Weinangebot findest du eine erlesene Auswahl an Fl\u00e4scher Rot- und Weissweinen.Auch Liebhaber von italienischen und spanischen Weinen werden bei uns auf ihre\u00a0 Kosten kommen.\u00a0Geniesse bei uns ein gutes Glas Wein.\n\nHerzlich willkommen in unserem gem\u00fctlichen Nichtraucherzimmer, das darauf ausgelegt ist, dir ein Gef\u00fchl von Komfort und Geborgenheit zu vermitteln. Unser Zimmer ist liebevoll eingerichtet und bietet eine angenehme Atmosph\u00e4re, in dem du dich wohl f\u00fchlst. Geniesse die Umgebung und lassen den Alltag hinter dir. Unser G\u00e4stezimmer kann f\u00fcr eine oder mehrere N\u00e4chte gebucht werden.", "url": "https://www.bistroflaesch.ch", "image": "https://hltpimtsoch.sos-ch-dk-2.exoscale-cdn.com/catalog/c/f/1/5/cf150cfe8f96003908d1a7e0498b268818dcb176_Screenshot_2025_06_07_133535.png", "openstreetmap_id": "node/4804641179"}, "geometry": {"type": "Point", "coordinates": ["9.5112981", "47.0248149"]}}, {"type": "Feature", "properties": {"identifier": "e8413db3-b66e-4a82-b398-1f769f8759c3", "name": "Appartementhaus Quadern (5 Wohnungen)", "description": "<p>Das Appartementhaus Quadern befindet sich im Dorfzentrum von Valens, in unmittelbarer N&auml;he zur Reha-Klinik. Das ruhig gelegene Mehrfamilienhaus verf&uuml;gt &uuml;ber eine grossz&uuml;gige Umgebung. Die Ferienwohnungen sind im Geb&auml;ude mit 32-Eigentumswohnungen integriert. Wenige Schritte vom Haus entfernt befinden sich Einkaufsm&ouml;glichkeiten sowie Postautohaltestellen. Durch die hervorragende Erreichbarkeit ab Bad Ragaz &uuml;ber die gr&ouml;sste Bogenbr&uuml;cke der Schweiz ist Valens zu jeder Jahreszeit attraktiv. Umgeben von beeindruckender Bergwelt erholen Sie sich am Ausgangspunkt f&uuml;r Ausfl&uuml;ge zum Wandern, Biken, Schwimmen und vielem mehr. Details der einzelnen Ferienwohnungen - 1 x 1.-Zimmerwohnung im Dachgeschoss (B302) - 1 x 2.5-Zimmerwohnungen im Erdgeschoss (A001) - 1 x 2.5-Zimmerwohnung im 1. Obergeschoss (A102) - 2 x 2.5-Zimmerwohnung im 2. Obergeschoss (B201 &amp; B202) Die Wohnungen verf&uuml;gen alle &uuml;ber einen ger&auml;umigen und gem&uuml;tlichen Wohnraum und offene Einbauk&uuml;che. Badezimmer mit Dusche oder Badewanne, WC, Lavabo, Waschmaschine. Grosser Balkon mit Liegest&uuml;hlen und Tisch mit St&uuml;hlen.</p>", "url": "https://www.appartementhaus-quadern.ch/", "image": "https://hltpimtsoch.sos-ch-dk-2.exoscale-cdn.com/catalog/7/a/8/b/7a8b890d5b4a0503d34db1d95fa7d03c8219fc8a_Aussen_06_Panorama__2.jpg", "openstreetmap_id": "way/883151729"}, "geometry": {"type": "Point", "coordinates": ["9.482333064079286", "46.970758714037245"]}}, {"type": "Feature", "properties": {"identifier": "e8bb12a6-ccf9-4e6c-8f94-65fe1fa0fb8e", "name": "adfontes Ferien- & Wellnessappartements ", "description": "Ein Resort wird zum Zuhause f\u00fcr Geniesser. Unsere DreamLocations sind liebevoll eingerichtet und bieten unseren G\u00e4sten f\u00fcr Ferien, f\u00fcr einen Kuraufenthalt nach Operationen oder einfach einen Wochenendaufenthalt mit allen M\u00f6glichkeiten f\u00fcr Wellness und Anwendungen ein Zuhause in bezaubernder Atmosph\u00e4re. Die herrlich ruhige Lage und ein Garten zum Tr\u00e4umen f\u00fcr naturnahe Entspannung.\n\nIn unserem Orangerie Relaxingroom, umgeben von sch\u00fctzenden B\u00e4umen gelingt es Ihnen den Alltag hinter sich zu lassen und ein herrliches Freizeitfeeling zu entwickeln.", "url": "http://www.adfontes-wellness.ch/", "image": "https://hltpimtsoch.sos-ch-dk-2.exoscale-cdn.com/catalog/8/c/e/2/8ce2331722302caf506f67492a2313850b262656_Bild2.jpg", "openstreetmap_id": "way/409157250"}, "geometry": {"type": "Point", "coordinates": ["9.504106681372097", "47.0062851"]}}, {"type": "Feature", "properties": {"identifier": "e8fb9d91-185f-494d-9070-c4ac2e9d1c70", "name": "Mehrzweckgeb\u00e4ude Bovel", "description": "Die Gruppenunterkunft Bovel in Pf\u00e4fers ist geeignet f\u00fcr Lager oder gruppen von 6 bis zu 40 Personen. Geeignet auch f\u00fcr Vereine, Familien und Guppen.Sie liegt unmittelbar am Dorfrand von Pf\u00e4fers und verf\u00fcgt \u00fcber K\u00fcche, Aufenthaltsraum, Duschen und WC. Verschiedene stockwerke mit Schlafr\u00e4umen 4x 4er Zimmer und 2x 12ers Zimmer Preis auf Anfrage.", "url": "http://www.pfaefers.ch", "image": "https://hltpimtsoch.sos-ch-dk-2.exoscale-cdn.com/catalog/8/5/7/c/857cc53d9c833d37054b5a37510919c03eea9527_Mehrzweckgeb__ude_Bovel_1.jpg", "openstreetmap_id": "way/335111278"}, "geometry": {"type": "Point", "coordinates": ["9.497092093410085", "46.98761748368809"]}}, {"type": "Feature", "properties": {"identifier": "e983fa05-c7a7-4ccd-91e7-9037bcfabe24", "name": "Gruppenunterkunft Berghaus Pfadiheim Sunnebode Tannenheim Flumserberg", "description": "Das Pfadiheim Sunnebode liegt im sch\u00f6nen Erholungsgebiet der Flumserberge 1200 Meter \u00fcber Meer. Es ist ruhig und in verkehrsfreier Umgebung gelegen, mit wundersch\u00f6ner Aussicht ins Seeztal und die benachbarten Churfirsten. Das Haus wurde 1995 renoviert und umgebaut.\n\nIdeal f\u00fcr Weekends und Lager. Maximum 35 Personen.", "url": "https://www.heimverein-gloggi.ch/sunnebode/", "image": "https://hltpimtsoch.sos-ch-dk-2.exoscale-cdn.com/catalog/a/e/1/3/ae13abe13ce18ce1d4b3f1b98c308e7470ad916c_20231203_111256.jpg", "openstreetmap_id": "way/205538792"}, "geometry": {"type": "Point", "coordinates": ["9.296868060775422", "47.0941181"]}}, {"type": "Feature", "properties": {"identifier": "eaf47ea7-98ff-4f97-822e-279b73857dde", "name": "Weingut Davaz", "description": "Das einzigartige Weingut DAVAZ befindet sich inmitten der malerischen Weinberge im herrschaftlichen Fl\u00e4sch. Seit 1972 werden hier Reben von der Familie DAVAZ angebaut. Bereits zwei Jahre sp\u00e4ter wurde der erste selbst gekelterte Wein direkt ab Hof verkauft \u2013 dieser fand einen hohen Anklang, sodass sich die Produktpalette rund um die eigene Weinproduktion stets weiterentwickelt hat. Mit seiner aussergew\u00f6hnlichen Architektur und eigener Vinothek ist das Weingut DAVAZ ein besonderer Ort f\u00fcr Weinenthusiasten.", "url": "https://www.davaz-wein.ch", "image": "https://hltpimtsoch.sos-ch-dk-2.exoscale-cdn.com/catalog/3/7/c/c/37cc8755d25cda640faed657e2c05b72bc24fd2e_Davaz_Aussicht_Falknis__2.jpg", "openstreetmap_id": "node/4804679714"}, "geometry": {"type": "Point", "coordinates": ["9.5149195", "47.0163005"]}}, {"type": "Feature", "properties": {"identifier": "eaffb95a-95d8-4baa-aec9-33d6d276a86b", "name": "Pauschale: Hotel & Wellness in Bad Ragaz", "description": "<p><strong>Exklusiv &uuml;ber Heidiland Tourismus buchbar:&nbsp;Zwei &Uuml;bernachtungen in Bad Ragaz und ein sehr erholsamer Wellnesstag in der wundersch&ouml;nen Tamina Therme.&nbsp;<br><br>36.5&deg;, weil es mir gut tut.<br></strong>Regeneriere K&ouml;rper, Geist und Seele in der B&auml;derlandschaft der Tamina Therme Bad Ragaz.</p>\n<p>Nebst 2 &Uuml;bernachtungen in einem der auserw&auml;hlten Hotels in Bad Ragaz beinhaltet dieses Pauschalangebot einen \"Spa Day\" in der Tamina Therme Bad Ragaz.</p>\n<p><strong>Inklusive Leistungen (pro Person)<br></strong></p>\n<ul>\n<li>2 &Uuml;bernachtungen (inkl. Fr&uuml;hst&uuml;ck) in der gew&auml;hlten Zimmerkategorie im Hotel Ihrer Wahl in Bad Ragaz</li>\n<li>1 Tageseintritt in die Tamina Therme &amp; die Saunalandschaft</li>\n<li>1 Badetasche</li>\n<li>1 Paar Slippers</li>\n<li>1 Bademantel (leihweise)</li>\n<li>1 Frotteetuch</li>\n<li>1 Relax-Check-In (garantierter Eintritt)</li>\n</ul>", "image": "https://hltpimtsoch.sos-ch-dk-2.exoscale-cdn.com/catalog/a/9/c/3/a9c375b621d2a976a0a35c3f3bf25e6be6462bd3_Wellnesspauschale_BadRagaz.jpg"}}, {"type": "Feature", "properties": {"identifier": "eb2f2db0-26ee-4a03-879b-378208c5b93f", "name": "Chalet Windegg (CharmingStay)", "description": "Die sch\u00f6ne Wohnung befindet sich im Zentrum vom Tannenheim, Flumserberg. In unmittelbarer N\u00e4he befindet sich die Ski- und Schlittelpiste sowie im Sommer ein wundersch\u00f6ne Wander- und Bikegebiet. Ebenfalls ist das Hallenbad direkt neben der Wohnung. ", "url": "https://www.charmingstay.ch", "image": "https://hltpimtsoch.sos-ch-dk-2.exoscale-cdn.com/catalog/4/8/6/d/486db1ac288bc056bac65de0978ebc60e45139dc_TDS00020012938652587_sized_800_0.jpg", "openstreetmap_id": "way/325408029"}, "geometry": {"type": "Point", "coordinates": ["9.29743552673245", "47.0909726"]}}, {"type": "Feature", "properties": {"identifier": "eb4bae6a-778c-4404-b2ec-6f0a4dffb6b5", "name": "verve by sven", "description": "1 Michelin-Stern | 15 Gault-Millau-Punkte\nSaisonal, authentisch und naturverbunden. So schmeckt die Health-und-Lifestyle-K\u00fcche im Restaurant verve by sven. Eine Ode an die Lebensfreude und den Genuss. Hier werden gesunde, authentische Gerichte in einem stimmigen Ambiente vereint. Kompromisslose Qualit\u00e4t, die sich auch im nat\u00fcrlichen und warmen Innendesign widerspiegelt. Ein lebendiger Treffpunkt mit integrierter Bar, in der pr\u00e4mierte Spirituosen auf alpin-inspirierte Cocktails und handgemachte alkoholfreie Drinks treffen.", "url": "https://www.resortragaz.ch/de/restaurants-und-bars/verve-by-sven", "image": "https://hltpimtsoch.sos-ch-dk-2.exoscale-cdn.com/catalog/2/e/5/f/2e5f0b465d27745be01ecb55c3bb5d7418d9ff5c_GRBR_Kulinarik_verve_by_sven_Weinschrank_aussen_V2.jpg", "openstreetmap_id": "node/7770673150"}, "geometry": {"type": "Point", "coordinates": ["9.5040204", "47.0003325"]}}, {"type": "Feature", "properties": {"identifier": "eb602550-73e8-42cc-851d-a8b8145e09ba", "name": "Golf Club Heidiland", "description": "Der 9-Loch Executive Course des Golf Club Heidiland ist in die wundersch\u00f6ne Bergkulisse des B\u00fcndner Rheintals eingebettet. Der Golfplatz grenzt an den 18-Loch Championship Course des Golf Club Bad Ragaz. Die hervorragend gepflegte Anlage bietet mit einem eigenen \u00dcbungscenter und Golf Academy beste Voraussetzungen f\u00fcr ein erfolgreiches Spiel. Zum Golf Club Heidiland geh\u00f6rt das Golf Bistro dazu, welches sowohl Golfspieler als auch externe G\u00e4ste mit leckeren Speisen verw\u00f6hnt. Der Golfparcours steht auch Mitgliedern anderer Golf Clubs offen (mindestens Handicap 54).\n\nDer Golfplatz grenzt an den bestehenden Golf Club Bad Ragaz und ist ebenfalls dem Grand Resort Bad Ragaz angegliedert. Gerne k\u00f6nnen auch G\u00e4ste den Parcours geniessen, die mindestens Handicap 54 besitzen und Mitglied in einem Golf Club sind. Die \u00dcbungsanlage ist f\u00fcr jedermann Rangfee frei zug\u00e4nglich. Auf Anfrage werden Golfschl\u00e4ger zur Verf\u00fcgung gestellt.", "url": "http://www.gcheidiland.ch", "image": "https://hltpimtsoch.sos-ch-dk-2.exoscale-cdn.com/catalog/1/a/9/c/1a9ccf3d9091f7f38b053dd384eea20c236be291_Golf_Club_Heidiland_1.jpg", "openstreetmap_id": "relation/3297611"}, "geometry": {"type": "Point", "coordinates": ["9.516695028802676", "46.9975241"]}}, {"type": "Feature", "properties": {"identifier": "ec2ef367-c896-4274-85c0-da8ba5436b2c", "name": "Mehrzweckgeb\u00e4ude Allmend", "description": "Zentral gelegene Unterkunft f\u00fcr Ferienlager und Milit\u00e4r bis 140 Personen. Saal mit B\u00fchne, Festbestuhlung 250 Personen, Konzertbestuhlung 330 Personen. Gut geeignet f\u00fcr Vereinsanl\u00e4sse. Preis auf Anfrage.", "image": "https://hltpimtsoch.sos-ch-dk-2.exoscale-cdn.com/catalog/8/a/7/b/8a7bb1acaa9f5ee8a197c633777f941de46feb5f_Mehrzweckgeb__ude_Allmend_3.jpg", "openstreetmap_id": "way/109161199"}, "geometry": {"type": "Point", "coordinates": ["9.503838694536727", "47.00347755"]}}, {"type": "Feature", "properties": {"identifier": "ec67a722-42c9-4635-891d-ac112e00f7f5", "name": "SPAR Supermarkt Unterterzen", "description": "<div><p>Der SPAR Supermarkt in Unterterzen bietet eine praktische Einkaufsm&ouml;glichkeit f&uuml;r den t&auml;glichen Bedarf. Das Sortiment umfasst Lebensmittel, Getr&auml;nke sowie Produkte f&uuml;r Haushalt und Alltag und richtet sich sowohl an Einheimische als auch an G&auml;ste der Region.</p><p>Dank der Lage in Unterterzen ist der SPAR gut erreichbar und eignet sich ideal f&uuml;r den schnellen Einkauf zwischendurch oder f&uuml;r die Selbstversorgung w&auml;hrend eines Aufenthalts am Walensee. SPAR steht f&uuml;r N&auml;he, &Uuml;bersichtlichkeit und ein verl&auml;ssliches Angebot mit Fokus auf Qualit&auml;t und regionale Bed&uuml;rfnisse.</p></div>", "url": "https://www.spar.ch/standorte/detail/sm-unterterzen", "image": "https://hltpimtsoch.sos-ch-dk-2.exoscale-cdn.com/catalog/9/d/9/4/9d947f167c78b5662a8ae2ac4a204f5a68ecc680_Einkaufen_Piktogramm_HLT.png", "openstreetmap_id": "node/5422909422"}, "geometry": {"type": "Point", "coordinates": ["9.2499457", "47.1127171"]}}, {"type": "Feature", "properties": {"identifier": "eca22aae-f891-40b3-bc58-78c7868285ee", "name": "Chr\u00fcterh\u00fctte", "description": "Unsere Clubh\u00fctte liegt auf 1400 m und diente fr\u00fcher als Maiens\u00e4ss. Sie befindet sich mitten in einer Skipiste oder im Sommer auf einer Alpweide. Sie kann heute zu einem sehr g\u00fcnstigen Preis gemietet werden. Die Clubh\u00fctte wurde im Sommer 2010 renoviert und pr\u00e4sentiert sich wieder in einem heimeligen und hervorragenden Zustand. Die H\u00fctte ist mit dem Auto oder mit den \u00f6ffentlichen Verkehrsmitteln, das heisst mit dem Postauto ab Flums oder mit der Luftseilbahn ab Unterterzen, erreichbar. Die letzten 200 m zur Chr\u00fcterh\u00fctte werden dann zu Fuss zur\u00fcckgelegt.\n\nDas Clubhaus ist einfach eingerichtet, wurde im Sommer 2010 renoviert und pr\u00e4sentiert sich wieder in einem heimeligen und fantastischen Zustand.", "url": "https://skiclub-flumserberg.ch/chrueterhuette/", "image": "https://hltpimtsoch.sos-ch-dk-2.exoscale-cdn.com/catalog/c/0/e/7/c0e76da61b2e556bb7c25e37e0174beb40f7dcbc_Chr__tterh__tte_1.jpg", "openstreetmap_id": "4708541"}, "geometry": {"type": "Point", "coordinates": ["9.283576011657717", "47.091046284227026"]}}, {"type": "Feature", "properties": {"identifier": "ecac38be-681f-436e-a613-bebbeafe92d1", "name": "Skihaus Sunneschy", "description": "Unser \u00abSkihaus Sunneschy\u00bb liegt im Tannenheim rechts an der Strasse von Flums nach Flumserberg gegen\u00fcber dem Feuerwehrdepot M\u00e4tzwiese. 5 Minuten zu Fuss bis ins Tannenheim: Bergbahn Prodalp-Express, Aparthotel Edy Bruggmann, sonderBar, Postautohaltestelle, Sportshop. Ideal ab 10 bis 20 Personen. Es bietet 4 Mehrbettzimmer mit insgesamt 25 Liegepl\u00e4tzen. F\u00fcr gr\u00f6ssere Gruppen kann das Massenlager mit total 22 Pl\u00e4tzen und zwei Doppelzimmer (f\u00fcr das Leiter-/K\u00fcchenteam) dazu gemietet werden. Ausstattungen - K\u00fcche - sch\u00f6ner Ess- und Aufenthaltsraum - B\u00fcro / kleiner Wohnraum - 4 Zimmer (5er, 6er, 2 x 7er) - 2 Waschr\u00e4ume - 2 Duschen, 2 WC\u2019s, 1 Pissoir - Garderobenraum - Skiraum - Keller mit Waschmaschine und kleinem Tumbler - grosse Spielwiese. - Massenlager und 2 Doppelzimmer \u2013 optional bei grossen Gruppen", "url": "http://www.hotelbruggmann.ch/index.php/sunneschy", "image": "https://hltpimtsoch.sos-ch-dk-2.exoscale-cdn.com/catalog/3/4/e/e/34ee8642c6af2b954733eba691acca6916d3bfcc_Hauptbild.png", "openstreetmap_id": "way/383765136"}, "geometry": {"type": "Point", "coordinates": ["9.304622161604218", "47.0913418"]}}, {"type": "Feature", "properties": {"identifier": "ed8bdc8f-ad53-4f7e-ac67-67a7181c09ea", "name": "Gruppenunterkunft Berghaus Pfadiheim Parmort M\u00e4dris \u2013 Vermol bei Mels", "description": "Die Gruppenunterkunft im Berghaus Pfadiheim Parmort liegt auf der Alp Hochschwendi ob  M\u00e4dris \u2013 Vermol bei Mels Kanton St. Gallen auf 1300 Meter \u00fcber Meer. N\u00e4he vom Naturschutzgebietes \u00abChapfensee\u00bb in der freien Natur.\n\nDas Haus eignet sich sehr gut f\u00fcr Lager und Weekends aller Art. Im Sommer l\u00e4dt die vielf\u00e4ltige Umgebung zu Wanderungen, Naturbeobachtungen und zum Baden ein. Im Winter zu Schneeschuhwandern, Ski- und Snowboardtouren, abseits von Bahnen und Liften.", "url": "https://www.heimverein-gloggi.ch/parmort/", "image": "https://hltpimtsoch.sos-ch-dk-2.exoscale-cdn.com/catalog/e/b/b/a/ebba4ebc4ed622c42bc97389dfc523b2fd89bb76_parmort_anreise_winter.jpeg", "openstreetmap_id": "way/309821007"}, "geometry": {"type": "Point", "coordinates": ["9.36146240008042", "47.04816735"]}}, {"type": "Feature", "properties": {"identifier": "ed95a06f-ce7c-4f08-9f93-cf3bd4672764", "name": "Anlegestelle Hafen Weesen", "description": "<p>Erforschen Sie die tiefblaue Mitte der Region und geniessen Sie die atemberaubende Bergkulisse auf dem Walensee. Lassen Sie sich von den majest&auml;tischen Churfirsten, der wild romantischen Natur, dem glasklaren Wasser und den fantastischen Stimmungen am Walensee verzaubern. Der Walensee, das Paradies f&uuml;r nah und fern. Die Schiffsbetrieb Walensee AG verbindet Orte, Angebote und Aktivit&auml;ten in idealer Weise. Die Verbindung nach Quinten ist auch im Winter durchgehend in Betrieb.</p><h3>Zugangsinformationen</h3><div class=\"rte\"><ul><li>Stufenloser Zugang</li><li>Ein- und Ausstieg durch Personalhilfestellung</li><li>Gruppen ab 10 Personen und Rollst&uuml;hle m&uuml;ssen im Voraus angemeldet werden.</li><li>Kein taktiles Leitsystem vorhanden</li></ul></div>", "url": "https://walenseeschiff.ch/de/fahrplan/anlegestellen/weesen.html", "image": "https://hltpimtsoch.sos-ch-dk-2.exoscale-cdn.com/catalog/0/0/c/4/00c43c8633a5b2bf611bb16ee61018b0f4bda379_Anlegestelle_Hafen_Piktogramm_HLT.png", "openstreetmap_id": "relation/1683963"}, "geometry": {"type": "Point", "coordinates": ["9.099125862121584", "47.13465851565205"]}}, {"type": "Feature", "properties": {"identifier": "ee09c4ff-dfe4-4ea7-ad87-0c1307b4b157", "name": "Caf\u00e9 Varga", "description": "Jeder kommt auf seine Kosten. Es werden feine Mittagsmen\u00fcs serviert und es befinden sich k\u00f6stliche Kuchen und Torten in immer neuen fantasievollen Varianten sowie zahlreiche Brotsorten, auch Spezialbrote, von regionalen B\u00e4ckereien im Angebot.", "url": "https://cafevarga.ch/index.php/cafe", "image": "https://hltpimtsoch.sos-ch-dk-2.exoscale-cdn.com/catalog/f/4/7/9/f4791ec3426a4c590aefeb8f09ac2adbf45bb21d_127793288_4658348774236909_6373386191662242500_o.jpg", "openstreetmap_id": "relation/1683959"}, "geometry": {"type": "Point", "coordinates": ["9.315140247344972", "47.124118951913"]}}, {"type": "Feature", "properties": {"identifier": "ee762de0-c014-4836-820f-6213b604b2db", "name": "Ferienhaus Margess", "description": "Chalet mit pr\u00e4chtiger Aussicht, alleinstehend. \n\nZufahrt m\u00f6glich mit Postauto, Car, PW. Ein grosser Parkplatz steht beim Haus zur Verf\u00fcgung.\n\n16 Zimmer und im 3. Stock 20 Pl\u00e4tze im Massenlager. Kalt- und Warmwasser im Zimmer, Etagendusche, Zentralheizung, Elektrogask\u00fcche. Speisesaal, Spielwiese und Grill befinden sich in der Unterkunft. \n\nGeeignet f\u00fcr Lager von 30 bis 60 Personen. Selbstkocher. Preise auf Anfrage.", "url": "http://www.margess.ch", "image": "https://hltpimtsoch.sos-ch-dk-2.exoscale-cdn.com/catalog/0/5/f/c/05fc17a039516379ffe9a2f1e70a4bd926b1cced_Ferienhaus_Margess_1.jpg", "openstreetmap_id": "way/293877303"}, "geometry": {"type": "Point", "coordinates": ["9.330278635025026", "47.08133048632599"]}}, {"type": "Feature", "properties": {"identifier": "eedc5390-7ccc-4576-9b86-ee17c3a12046", "name": "Kaffiegg\u00e4 Caf\u00e9 & R\u00f6sterei", "description": "Der Treffpunkt f\u00fcr Kaffeeliebhaber in der Region Ein liebevoll eingerichtetes Caf\u00e9, das durch erlesene Kaffee-Spezialit\u00e4ten begeistert. \nEs bietet mehr als nur Kaffee \u2013 mit einer abwechslungsreichen Snack- und Ap\u00e9ro-Karte locken Bier, Wein und erfrischende Ap\u00e9rogetr\u00e4nke f\u00fcr Geniesser. Eltern k\u00f6nnen entspannte Kaffeemomente geniessen, w\u00e4hrend sich ihre Kinder in einer separaten Spielecke vergn\u00fcgen. \nF\u00fcr Kaffeegenieser, die Qualit\u00e4t sch\u00e4tzen, gibt es einen Showroom mit professionellen Siebtr\u00e4ger-Kaffeemaschinen und hochwertigem Zubeh\u00f6r zum Direktkauf. \n\nFrisch ger\u00f6stete Kaffeesorten in grosser Auswahl laden ein, diese direkt vor Ort zu geniessen oder bequem mitzunehmen. \nZudem begeistern spannende Barista-Kurse, ideal f\u00fcr Teamevents, Treffen mit Freunden oder f\u00fcr Liebhaber des guten Kaffees, die ihre F\u00e4higkeiten vertiefen m\u00f6chten. \n\nDurch pers\u00f6nliche Beratung erh\u00e4ltst du Antworten auf all deine Fragen rund um die Welt des Kaffees. Und egal, ob direkt im Caf\u00e9, \u00fcber die Webseite oder telefonisch \u2013 das Bestellen und Anfragen ist unkompliziert und flexibel. Ein Ort, der Genuss, Qualit\u00e4t und Erlebnis in einzigartiger Weise vereint.", "url": "https://www.kaffieggae.ch/", "image": "https://hltpimtsoch.sos-ch-dk-2.exoscale-cdn.com/catalog/0/d/b/7/0db71457425f46d985cade51192ed31cd6de3b73_AS6_8729.jpg", "openstreetmap_id": "way/1040017086"}, "geometry": {"type": "Point", "coordinates": ["9.500432996070614", "47.00296605"]}}, {"type": "Feature", "properties": {"identifier": "ef148113-71b5-44b3-b0b3-9f462c9ca59d", "name": "Gruebh\u00fctte", "description": "Die gem\u00fctliche Gruebh\u00fctte befindet sich direkt unter dem m\u00e4chtigen S\u00e4chsmoor. Das gut gelegene, bediente Feinschmecker-Beizli l\u00e4dt direkt neben der Skipiste zum Verweilen ein.\n\nDas Restaurant mit 55 Innenpl\u00e4tzen und sch\u00f6ner Sonnenterrasse ist bekannt f\u00fcr die beliebten Gerichte, welche mit frischen Produkten aus der Region gekocht werden. Gerne werden Ihnen feine K\u00f6stlichkeiten aus der K\u00fcche und dem Weinkeller auf \u00fcber 1800 m serviert. Runden Sie Ihren Skitag mit einem Besuch in der Grueb ab und geniessen Sie Ihren Aufenthalt.\n\nEs ist kein Zufall, wenn es Ihnen in der Gruebh\u00fctte gef\u00e4llt, es ist das Ziel!", "url": "https://www.gruebhuette.ch", "image": "https://hltpimtsoch.sos-ch-dk-2.exoscale-cdn.com/catalog/7/b/9/f/7b9feecd4db9b4f5c45b58339bbd2e2bb009e925_tkv_bbf_kinderski_304__52_0486.jpg", "openstreetmap_id": "node/244067701"}, "geometry": {"type": "Point", "coordinates": ["9.242366552352907", "47.07217513093822"]}}, {"type": "Feature", "properties": {"identifier": "efc8b8fe-e294-4006-8421-d936d3afd49a", "name": "St\u00e4dtlibeck GmbH", "description": "Brot aus der Showb\u00e4ckerei, feine Patisserie und Torten, Snacks to go und vieles mehr f\u00fcr Walenstadt und die Region.\n\nGeniessen Sie zudem unser Sortiment in unserem Caf\u00e9.", "url": "https://www.staedtlibeck.ch/", "image": "https://hltpimtsoch.sos-ch-dk-2.exoscale-cdn.com/catalog/d/3/2/9/d329297cdb9d64715b195b516afa6fa426a2f564_454865ef0c545ed254ff270cf2e8dc5940a9b43e_VL_UNT_AICHINGER_3697220_1600x900.jpg", "openstreetmap_id": "node/7579485875"}, "geometry": {"type": "Point", "coordinates": ["9.3137457", "47.1222405"]}}, {"type": "Feature", "properties": {"identifier": "eff2867d-6252-4948-9d8c-67cf626ace19", "name": "Pauschale: Unterkunft & Skifahren am Pizol", "description": "<p data-start=\"143\" data-end=\"328\"><strong>Top-Angebot und exklusiv &uuml;ber Heidiland Tourismus buchbar: </strong></p><p data-start=\"143\" data-end=\"328\">W&auml;hrend der ganzen Wintersaison ist bei einem Aufenthalt von 2 bis 7 N&auml;chten der Skipass f&uuml;r das Skigebiet Pizol inklusive.</p><p data-start=\"330\" data-end=\"729\">Nur knapp eine Stunde von Z&uuml;rich und St. Gallen entfernt, erlebst du am Pizol Winter pur. Geniesse ein paar Tage im vielseitigen Wintersportgebiet mit 12 Anlagen und 50\u202fkm Pisten. Dein Skipass ist automatisch in Kombination mit zwei bis sieben &Uuml;bernachtungen direkt im Skigebiet oder in Bad Ragaz und Umgebung inbegriffen &ndash; wahlweise in einem gem&uuml;tlichen Hotel oder einer komfortablen Ferienwohnung.</p><p data-start=\"731\" data-end=\"760\"><strong data-start=\"731\" data-end=\"758\">Inkludierte Leistungen:</strong></p><ul data-start=\"761\" data-end=\"1063\"><li data-start=\"761\" data-end=\"899\"><p data-start=\"763\" data-end=\"823\">2&ndash;7 &Uuml;bernachtungen in der gew&uuml;nschten Unterkunftskategorie</p><ul data-start=\"826\" data-end=\"899\"><li data-start=\"826\" data-end=\"857\"><p data-start=\"828\" data-end=\"857\"><strong data-start=\"828\" data-end=\"838\">Hotel:</strong> inkl. Fr&uuml;hst&uuml;ck*</p></li><li data-start=\"860\" data-end=\"899\"><p data-start=\"862\" data-end=\"899\"><strong data-start=\"862\" data-end=\"880\">Ferienwohnung:</strong> ohne Verpflegung</p></li></ul></li><li data-start=\"900\" data-end=\"986\"><p data-start=\"902\" data-end=\"986\">2&ndash;7 Tage Skipass f&uuml;r das Skigebiet Pizol (g&uuml;ltig f&uuml;r gleich viele Tage wie N&auml;chte)</p></li><li data-start=\"987\" data-end=\"1042\"><p data-start=\"989\" data-end=\"1042\">Auswahl aus <strong data-start=\"1001\" data-end=\"1014\">10 Hotels</strong> und <strong>10</strong><strong data-start=\"1019\" data-end=\"1040\">&nbsp;Ferienwohnungen</strong></p></li><li data-start=\"1043\" data-end=\"1063\"><p data-start=\"1045\" data-end=\"1063\">Allf&auml;llige Taxen</p></li></ul><p data-start=\"1065\" data-end=\"1152\">* Berghotel Gaffia und Zanuz inkl. Halbpension, Boutique Hotel Ochsen ohne Fr&uuml;hst&uuml;ck</p><p data-start=\"1154\" data-end=\"1172\"><strong data-start=\"1154\" data-end=\"1170\">Konditionen:</strong></p><ul data-start=\"1173\" data-end=\"1475\"><li data-start=\"1173\" data-end=\"1248\"><p data-start=\"1175\" data-end=\"1248\">Buchbar w&auml;hrend der gesamten Wintersaison</p></li><li data-start=\"1249\" data-end=\"1309\"><p data-start=\"1251\" data-end=\"1309\">Buchbar bis 1\u202fTag vor Anreise, g&uuml;ltig nach Verf&uuml;gbarkeit</p></li><li data-start=\"1310\" data-end=\"1397\"><p data-start=\"1312\" data-end=\"1397\">Skipass-Ausgabe an der Talstation Wangs oder Bad Ragaz gegen Vorweisen des Vouchers</p></li><li data-start=\"1398\" data-end=\"1475\"><p data-start=\"1400\" data-end=\"1475\"><strong data-start=\"1400\" data-end=\"1441\">Beste Buchungschance Ferienwohnungen:</strong> 4&ndash;7 N&auml;chte, bei 7\u202fN&auml;chten Sa.&ndash;Sa.</p></li></ul>", "image": "https://hltpimtsoch.sos-ch-dk-2.exoscale-cdn.com/catalog/f/0/2/d/f02da24e9736b4a8c53ea955ca969a61985f17d0_Titelbild_Landingpage_Pizol.jpg"}}, {"type": "Feature", "properties": {"identifier": "f060062c-cd40-4cfa-9c1d-840c83ec5398", "name": "Marina Walensee / Marina Hotel", "description": "Direkt am Ufer des Walensees und am Fusse des Flumserbergs erwartet Sie das Marina Hotel der Marina Walensee in Unterterzen \u2013 der perfekte Ort f\u00fcr entspannte Auszeiten und aktive Ferientage zugleich.\n\nDie zahlreichen Doppelzimmer und grossz\u00fcgigen Familienzimmer bieten h\u00f6chsten Komfort in einmaliger Lage. Ob romantischer Kurzurlaub zu zweit oder unvergessliche Ferien mit der ganzen Familie: Hier beginnen Erholung und Naturerlebnis direkt vor der Zimmert\u00fcr.\n\nNach einer erholsamen Nacht starten Sie mit einem reichhaltigen Fr\u00fchst\u00fcck genussvoll in den Tag \u2013 bereits im \u00dcbernachtungspreis inbegriffen. Im selben Haus verw\u00f6hnt Sie das Marina Restaurant mit saisonalen Spezialit\u00e4ten und herrlichem Blick auf See und Bergkulisse.\n\nDank der direkten Lage am Walensee und der unmittelbaren N\u00e4he zur Talstation Flumserberg sind Wanderungen, Badeerlebnisse, Bike-Touren oder Wintersport nur wenige Schritte entfernt.", "url": "http://www.marina-walensee.ch", "image": "https://hltpimtsoch.sos-ch-dk-2.exoscale-cdn.com/catalog/e/9/5/e/e95e5c00f6c89e8a82afe3918c0613b4262e0a46_Marina_Walensee_Titelbild.jpg", "openstreetmap_id": "node/690805134"}, "geometry": {"type": "Point", "coordinates": ["9.2561018", "47.1158656"]}}, {"type": "Feature", "properties": {"identifier": "f0684023-7992-4ad8-a1c5-adb38ef2ec4a", "name": "Migros-Supermarkt Walenstadt", "description": "<div><p>Die Migros in Walenstadt bietet eine vielseitige Einkaufsm&ouml;glichkeit f&uuml;r den t&auml;glichen Bedarf. Das Sortiment umfasst frische Lebensmittel, Fr&uuml;chte und Gem&uuml;se, Backwaren, Getr&auml;nke sowie zahlreiche Produkte f&uuml;r Haushalt und Alltag. Ein besonderer Fokus liegt auf Qualit&auml;t, Nachhaltigkeit und einem ausgewogenen Angebot an Marken\u2011 und Migros\u2011Eigenprodukten.</p><p>Der Supermarkt ist f&uuml;r Einheimische und G&auml;ste gut erreichbar und eignet sich ideal f&uuml;r den schnellen Einkauf oder die Selbstversorgung w&auml;hrend eines Aufenthalts in der Region. Die Migros steht f&uuml;r Verl&auml;sslichkeit, eine &uuml;bersichtliche Ladenstruktur und ein umfassendes Einkaufsangebot.</p></div>", "url": "https://filialen.migros.ch/de/migros-supermarkt-walenstadt", "image": "https://hltpimtsoch.sos-ch-dk-2.exoscale-cdn.com/catalog/9/4/9/1/949192c0d6350bea071c6eb31c5ef6fa534360d2_Einkaufen_Piktogramm_HLT.png", "openstreetmap_id": "way/70295844"}, "geometry": {"type": "Point", "coordinates": ["9.3137591", "47.1217541"]}}, {"type": "Feature", "properties": {"identifier": "f1751f2b-e3fb-411d-8a45-57b4c0007360", "name": "DRIFT Bike Shop GmbH", "description": "Abholung und R\u00fcckgabe der Miet- und Testbikes ist nur w\u00e4hrend den \u00d6ffnungszeiten des jeweiligen Shops m\u00f6glich.", "url": "https://www.driftbikeshop.ch/", "image": "https://hltpimtsoch.sos-ch-dk-2.exoscale-cdn.com/catalog/4/c/f/5/4cf5b463dcfe71811c5c0e98142a876563c3bf8e_Drift_Bike_Shop__1_.jpg", "openstreetmap_id": "way/410664343"}, "geometry": {"type": "Point", "coordinates": ["9.4220398", "47.0481131"]}}, {"type": "Feature", "properties": {"identifier": "f18f9fde-7ac4-4a09-8589-5e7d5977467e", "name": "Chapfensee Selbstbedienung", "description": "<div><div>Der Selbstbedienungskiosk beim Chapfensee bietet Getr&auml;nke, Snacks und kleine Verpflegungen zur Selbstbedienung. Rund 300 Meter vom See entfernt gelegen, ist er ein beliebter Halt f&uuml;r Wandernde, Biker und Familien.</div></div>", "image": "https://hltpimtsoch.sos-ch-dk-2.exoscale-cdn.com/catalog/9/d/f/3/9df3b08fd324e1d57501fa4d2f35cde239116f6c_Chapfensee_Rundtour.jpg", "openstreetmap_id": "node/5730423405"}, "geometry": {"type": "Point", "coordinates": ["9.372249841690065", "47.049049632566835"]}}, {"type": "Feature", "properties": {"identifier": "f19f03a3-860e-4701-8ebb-7431c8adf1d3", "name": "Feuerstelle Walenstadt", "description": "<div>In Walenstadt befinden sich mehrere &ouml;ffentliche Grillstellen direkt am Ufer des Walensees, die zum Br&auml;teln und Verweilen einladen. In der N&auml;he liegen ein Spielplatz vom Spielerlebnis Walensee, ein Beachvolleyballfeld sowie ein kleiner Kiosk an der Strasse. Holz zum Br&auml;teln ist vorhanden, Badepl&auml;tze befinden sich direkt am See, und kostenpflichtige Parkpl&auml;tze sind gut erreichbar.</div>", "url": "https://www.heidiland.com", "image": "https://hltpimtsoch.sos-ch-dk-2.exoscale-cdn.com/catalog/1/8/e/1/18e15b8112dad6fdcf303dc94ad6433ed45f2fe4_Feuerstelle_Piktogramm_HLT.png", "openstreetmap_id": "5758507220"}, "geometry": {"type": "Point", "coordinates": ["9.300865530967714", "47.12869964260964"]}}, {"type": "Feature", "properties": {"identifier": "f344071a-a284-4661-b92f-08e14dbaa57d", "name": "Stellplatz Feuerwehrdepot Pf\u00e4fers", "description": "<p>Der Stellplatz befindet sich auf dem Kiesparkplatz zwischen dem Feuerwehrdepot Bovel und dem Altersheim Montaluna in Pf&auml;fers. Der Platz liegt ruhig am Dorfrand und ist ideal gelegen f&uuml;r Naturfreunde und Wanderbegeisterte.<br>Nur wenige Gehminuten entfernt befindet sich die eindrucksvolle Taminabr&uuml;cke, die gr&ouml;sste Bogenbr&uuml;cke der Schweiz. Direkt ab dem Stellplatz f&uuml;hren Wanderwege in die eindr&uuml;ckliche Taminaschlucht und zum geschichtstr&auml;chtigen Alten Bad Pf&auml;fers. Eine Reservation oder Buchung ist nicht m&ouml;glich.&nbsp;Wir bitten um Verst&auml;ndnis.</p>", "url": "https://www.verkehrsverein-pfaefers.ch", "image": "https://hltpimtsoch.sos-ch-dk-2.exoscale-cdn.com/catalog/8/b/3/6/8b361cb3de2953ed26988c212d08b10cdaad2f07_IMG_5791.jpeg", "openstreetmap_id": "way/979939791"}, "geometry": {"type": "Point", "coordinates": ["9.496382474899294", "46.98784259493995"]}}, {"type": "Feature", "properties": {"identifier": "f390c89b-0574-471e-95ef-ca82d4fc1f56", "name": "Chalet Bergruh", "description": "Gem\u00fctliches Holzhaus, renoviert, f\u00fcr Gruppen bis 42 Personen. Selbstversorger, Massenlager, moderne K\u00fcche und Nassr\u00e4ume. Liegt direkt an der Piste. 4 Parkpl\u00e4tze vor dem Haus. Ganzj\u00e4hrig buchbar.", "image": "https://hltpimtsoch.sos-ch-dk-2.exoscale-cdn.com/catalog/9/4/c/e/94cec6b4892af727613c59378757281dfcc96ffc_2018_07_19.jpg", "openstreetmap_id": "way/325407936"}, "geometry": {"type": "Point", "coordinates": ["9.302110716849313", "47.087731000000005"]}}, {"type": "Feature", "properties": {"identifier": "f45ef020-f1fc-4307-bbb1-521dfbf79fa4", "name": "Restaurant Namun", "description": "Im Restaurant Namun wird die thail\u00e4ndische K\u00fcche mit viel Herzlichkeit und Liebe zum Detail zelebriert. Die Speisekarte bietet authentische Gerichte, in denen die vier Geschmacksrichtungen s\u00fcss, sauer, salzig und scharf perfekt ausbalanciert sind. Die traditionelle thail\u00e4ndische Esskultur wird durch die M\u00f6glichkeit, die Gerichte zu teilen, lebendig. Als Gast d\u00fcrfen Sie sich auf einen Abend mit typisch thail\u00e4ndischen Speisen freuen und erleben, wie die Aromen in einem einzigartigen Ambiente harmonieren.", "url": "https://www.resortragaz.ch/de/restaurants-und-bars/namun", "image": "https://hltpimtsoch.sos-ch-dk-2.exoscale-cdn.com/catalog/7/5/a/6/75a657d9d542bc7c40c58c9e0f207c8b978cb9f2_GRBR_06_22_Namun_0869_600x400.jpg", "openstreetmap_id": "node/7770673148"}, "geometry": {"type": "Point", "coordinates": ["9.502747", "47.0001435"]}}, {"type": "Feature", "properties": {"identifier": "f655d8a0-a37d-4b76-99f5-cb1c3043e0ec", "name": "Ferienhaus Schn\u00e4ls", "description": "Das Haus liegt unterhalb des Ferienortes Flumserberg in St. Galleroberland an einer ruhigen privaten Strasse mit Blick auf die Churfirstenkette. \n\nHeimeliger Ess- und Aufenthaltsraum mit Kamin. K\u00fcche mit Gastroherd, grossem K\u00fchlschrank und Tiefk\u00fchltruhe. Die Betten sind bei Ihrer Ankunft immer frisch bezogen. Der holzget\u00e4felte Spielraum mit Tischtennis und Fussballkasten kann auch als Discoraum ben\u00fctzt werden. \n\nVor dem Haus hat es eine Grillstelle, Spielplatz mit Sandkasten und ein geteerter Ballspielplatz sowie Parkpl\u00e4tze f\u00fcr Autos. \n\nGratiseintritt in das Hallenbad Flumserberg, 4 km entfernt. \n\nGratis Gep\u00e4ckabholdienst.", "url": "http://www.ferienhaus-schnaels.ch", "image": "https://hltpimtsoch.sos-ch-dk-2.exoscale-cdn.com/catalog/d/a/5/9/da594c9e8e4903aaa58cb20a30ce92031cc400eb_Ferienhaus_Schn__ls__15_.jpg", "openstreetmap_id": "way/228845790"}, "geometry": {"type": "Point", "coordinates": ["9.322575330734255", "47.08549492830861"]}}, {"type": "Feature", "properties": {"identifier": "f6cfb4ee-2481-4b45-96e0-569ebfc8771f", "name": "Fischen im Seebensee", "description": "Zur Seebenalp geh\u00f6ren zwei Seen. Es sind die einzigen Bergseen in der Schweiz, die auf 1650 m Seeh\u00f6he liegen.\n\nDie Fischerkarte ist im Berghotel Seebenalp erh\u00e4ltlich.\nDie Hechte m\u00fcssen eine Mindestl\u00e4nge von 50 cm haben.\n\nWeitere Informationen erhalten direkt Sie im Berghotel Seebenalp.", "url": "http://www.seebenalp.ch", "image": "https://hltpimtsoch.sos-ch-dk-2.exoscale-cdn.com/catalog/1/e/7/1/1e71d77c4900570eefe9b92dad6d625981def73e_tkv_TR1A9146__2.jpg", "openstreetmap_id": "way/190606656"}, "geometry": {"type": "Point", "coordinates": ["9.248347277089128", "47.0804291"]}}, {"type": "Feature", "properties": {"identifier": "f6e6f630-c631-4f50-962d-6ae0de212096", "name": "Ferienhaus Dreitann", "description": "Erreichbar mit der Pizolbahn Bad Ragaz auf 1633 m.\u00fc.M. Das Haus liegt 500 Meter neben der Bergstation Pardiel, direkt an der Skipiste und am Kinderlift. Selbstversorger oder Verpflegung in den nahegelegenen Restaurants. Die Schlafstellen sind auf 5 verschiedene R\u00e4ume aufgeteilt. Grosser Aufenthaltsraum, Waschr\u00e4ume, 2 WC's und 2 Duschen vorhanden.", "image": "https://hltpimtsoch.sos-ch-dk-2.exoscale-cdn.com/catalog/6/3/9/d/639da2b5e0fc6ffe321dd07207e24e19e8905dd6_Haus.jpg", "openstreetmap_id": "way/409077032"}, "geometry": {"type": "Point", "coordinates": ["9.467189311981201", "46.9887425812676"]}}, {"type": "Feature", "properties": {"identifier": "f709b951-11a1-48ac-9c24-f99fc63b605e", "name": "Hotel Gasthof zur B\u00fcndte", "description": "Die traumhafte Panoramalage inmitten von Reben spricht f\u00fcr sich und es darf geschlemmt werden: B\u00fcndner Spezialit\u00e4ten, internationale und asiatische K\u00f6stlichkeiten, die besten Holzofen-Pizzas, feine Desserts \u2026 alles liebevoll und marktfrisch zubereitet, mit Leidenschaft gew\u00fcrzt und mit einem L\u00e4cheln serviert. Dazu passt ein guter Tropfen aus dem bestens sortierten Weinkeller. Nehmen Sie Platz in romantischen R\u00e4umlichkeiten, der gem\u00fctlichen B\u00fcndteria oder bei sch\u00f6nem Wetter auf den traumhaften Terrassen. F\u00fcr eine kleine, feine Auszeit zwischendurch empfiehlt sich \u00fcbrigens das romantische Boutique-Hotel.", "url": "https://www.zurbuendte.ch/", "image": "https://hltpimtsoch.sos-ch-dk-2.exoscale-cdn.com/catalog/0/d/9/a/0d9a8310a81a72da0a98e3a5e142f2b1420bdbfb_gasthof_buendte_jenins_aussen.jpg", "openstreetmap_id": "node/3556757068"}, "geometry": {"type": "Point", "coordinates": ["9.5540255", "47.0008773"]}}, {"type": "Feature", "properties": {"identifier": "f736364a-e903-4dbd-9720-1a1df6156776", "name": "Alpenlodge Prod", "description": "Mitten im Sommer- und Wintersportgebiet Flumserberg \u2013 auf dem Hochplateau Prodalp (1576 m) \u2013 finden Sie die Alpenlodge Prod. Die moderne Gruppenunterkunft mit 48 Betten und einer grossen Selbstversorgungsk\u00fcche bietet zus\u00e4tzlich Ruhe, Idylle und eine herrliche Aussicht.\n\nOb f\u00fcr ein Schullager oder f\u00fcr ein Wochenende f\u00fcr Firmen oder Vereine \u2013 die Alpenlodge Prod bietet eine \u00dcbernachtungsm\u00f6glichkeit in einmaliger Atmosph\u00e4re. Die Gruppenunterkunft hat 48 Betten (2 x 10er; 4 x 6er und 2 x 2er-Zimmer). Die K\u00fcche ist mit Induktionsherd, Steamer, Backofen, einem Tiefk\u00fchlschrank, zwei K\u00fchlschr\u00e4nken und einer Abwaschmaschine ausgestattet. Der gem\u00fctliche Ess- und Aufenthaltsraum hat ein Chemin\u00e9e. Der Ski- und Trockenraum eignet sich im Winter ideal zur Aufbewahrung von Skischuhen.\n\nDie Alpenlodge Prod ist eine Gruppenunterkunft f\u00fcr Selbstkocher. Bei einer Buchung mit Fr\u00fchst\u00fcck wird Ihnen dieses direkt ins Haus geliefert. Es besteht zudem die M\u00f6glichkeit ein K\u00e4se-Fondue auf Vorbestellung in die Alpenlodge Prod liefern zu lassen oder im ca. 300 m entfernten Bergrestaurant Prodalp das Mittag- und Abendessen einzunehmen (Reservation erforderlich).\n\nErreichbar ist die Alpenlodge Prod mit der 12er-Gondelbahn Prodalp-Express ab Tannenheim. Ab der Bergstation Prodalp gelangen Sie zu Fuss in wenigen Minuten zur Alpenlodge Prod. Mit den Skiern oder dem Snowboard ist die Alpenlodge Prod ebenfalls erreichbar. Die Gruppenunterkunft wird ab 30 Personen vermietet.", "url": "http://www.alpenlodge-prod.ch", "image": "https://hltpimtsoch.sos-ch-dk-2.exoscale-cdn.com/catalog/f/9/f/6/f9f697e5383fe2f636acf091f2d71880279999c0_Alpenlodge_Prod_Flumserberg.jpg", "openstreetmap_id": "way/182243643"}, "geometry": {"type": "Point", "coordinates": ["9.287202358245851", "47.076241500083825"]}}, {"type": "Feature", "properties": {"identifier": "f82c27de-5d36-47bf-857a-b6258f3c4ec0", "name": "Anlegestelle Hafen Unterterzen", "description": "<p>Erforschen Sie die tiefblaue Mitte der Region und geniessen Sie die atemberaubende Bergkulisse auf dem Walensee. Lassen Sie sich von den majest&auml;tischen Churfirsten, der wild romantischen Natur, dem glasklaren Wasser und den fantastischen Stimmungen am Walensee verzaubern. Der Walensee, das Paradies f&uuml;r nah und fern. Die Schiffsbetrieb Walensee AG verbindet Orte, Angebote und Aktivit&auml;ten in idealer Weise. Die Verbindung nach Quinten ist auch im Winter durchgehend in Betrieb.</p><h3>Zugangsinformationen</h3><div class=\"rte\"><ul><li>Stufenloser Zugang</li><li>Ein- und Ausstieg durch Personalhilfestellung</li><li>Gruppen ab 10 Personen und Rollst&uuml;hle m&uuml;ssen im Voraus angemeldet werden.</li><li>Kein taktiles Leitsystem vorhanden</li></ul></div>", "url": "https://walenseeschiff.ch/de/fahrplan/anlegestellen/unterterzen.html", "image": "https://hltpimtsoch.sos-ch-dk-2.exoscale-cdn.com/catalog/8/8/3/1/88314032614d016afc2e9c46a2b7387142376191_Anlegestelle_Hafen_Piktogramm_HLT.png", "openstreetmap_id": "node/2051540372"}, "geometry": {"type": "Point", "coordinates": ["9.25329923629761", "47.11489755734365"]}}, {"type": "Feature", "properties": {"identifier": "f8816b51-dd9c-46b7-ab35-fec2727d9492", "name": "Goldschmiede Benovici", "description": "Goldschmiedeatelier f\u00fcr Schmuckanfertigung, Reparatur und Uhrenverkauf\nWir fertigen individuellen Schmuck nach Mass, reparieren Ihre Lieblingsst\u00fccke fachgerecht und verwandeln alten Schmuck in neue Unikate. In unserem Atelier in Bad Ragaz finden Sie handgefertigten Schmuck, verschiedene Uhren und eine pers\u00f6nliche Beratung. Mit viel Herz zum Detail bringen wir Ihre Ideen in Form. Ob Verlobungsring, Erbst\u00fcck oder ein Geschenk - bei uns finden Sie f\u00fcr jedes Budget etwas.", "url": "https://www.goldschmiede-benovici.ch", "image": "https://hltpimtsoch.sos-ch-dk-2.exoscale-cdn.com/catalog/4/c/d/d/4cddc05c50cb941fc110086a6abe5aa1ff62d103_Portrait_grizoon.jpg", "openstreetmap_id": "node/10788228196"}, "geometry": {"type": "Point", "coordinates": ["9.5015801", "47.0029988"]}}, {"type": "Feature", "properties": {"identifier": "f88c036b-b346-4c45-90e9-aac8e699d402", "name": "J-H Schwendiwiese", "description": "Die Gruppenunterkunft J-H Schwendiwiese mit herrlicher Aussicht auf die Churfirsten liegt auf etwa 1300\u00a0m.\u00fc.M, in Flumserberg Tannenheim in der Ostschweiz. Das Haus ist auch im Winter mit Auto und Reisebus gut erreichbar. Gratis Parkpl\u00e4tze. Die Bushaltestelle ist etwa 300 m vom Haus entfernt. \n\nDie Talstation des Prodalp-Express ist nur etwa 250 m vom Lagerhaus entfernt, sodass auch Abfahrten bis vor die Haust\u00fcre m\u00f6glich sind.\n\nDer Walensee ist mit der modernen 8er-Gondelbahn in nur 12 Minuten von Tannenboden nach Unterterzen auch gut ohne Auto erreichbar. \n\nMit seinen 50 Schlafpl\u00e4tzen eignet sich dieses gem\u00fctliche Lagerhaus hervorragend f\u00fcr Schul- und Familiengruppen sowie f\u00fcr Vereinsausfl\u00fcge.\n\nUnser Haus verf\u00fcgt \u00fcber eine gut eingerichtete K\u00fcche mit Glaskeramikherd, Steamer, Geschirrsp\u00fcler, einem grossen K\u00fchlschrank sowie einer Gefriertruhe, einem Fernseher mit DVD- sowie VHS-Ger\u00e4t, Beamer und Internetanschluss. Im Sommer stehen Ihnen ein gedeckter Sitzplatz mit Tischen und B\u00e4nken, ein Tischtennistisch sowie eine Spielwiese mit Rutschbahn, Schaukel, Trampolin sowie einem Grill zu Verf\u00fcgung. \n\nDas Hallenbad ist nur etwa 10 Gehminuten von unserem Haus entfernt (30 Gratiseintritt pro Tag). \n\nAusstattung\n1 Essraum\n2 Aufenthaltsr\u00e4ume\nTotal 9 Zimmer:\n4 Zweibettzimmer \n1 Vierbettzimmer \n2 Zimmer \u00e0 8 Etagenbetten\n1 Zimmer \u00e0 10 Etagenbetten\n12 Pl\u00e4tze im Massenlager \n\nGerne senden wir Ihnen unsere Preisliste, beraten Sie am Telefon oder laden Sie zu einer unverbindlichen Hausbesichtigung ein. \n\nIm Winter wird nur das ganze Haus pauschal vermietet, mit max. 50 Schlafpl\u00e4tzen. Im Sommer nehmen wir auch kleinere Gruppen. \n\n30 Hallenbadkarten sind im Preis inbegriffen. \nSie k\u00f6nnen jeden Tag 1x benutzt werden, ausser Montag (geschlossen).\n\nDas Haus wird nur an eine Gruppe gleichzeitig vermietet.", "url": "http://www.jugend-haus.ch", "image": "https://hltpimtsoch.sos-ch-dk-2.exoscale-cdn.com/catalog/b/5/0/2/b5029e6b911c24e41255f5bae620d95b454df0fd_Haus.jpg", "openstreetmap_id": "way/325407883"}, "geometry": {"type": "Point", "coordinates": ["9.305354580430862", "47.08759595"]}}, {"type": "Feature", "properties": {"identifier": "f9138362-bb73-425f-83f2-d58ae9585114", "name": "Restaurant Schloss Maienfeld", "description": "Unser Gastronomiekonzept ist vielseitig, vom Business Lunch im Bistro, \u00fcber ein gehobenes \u00e0 la Carte Angebot im Restaurant bis hin zum Ap\u00e9ro oder Schlummertrunk, f\u00fcr die G\u00e4ste oder auch Gruppen und Vereine im Club 1247. Im Vordergrund stehen die Kulinarik und die Gastfreundschaft \u2013 unsere G\u00e4ste sollen sich willkommen f\u00fchlen, Freude haben und sich kulinarisch begeistern lassen. Beim Ku\u0308chenkonzept legen wir viel Wert auf Regionalit\u00e4t sowie Tradition - alt bekanntes neu interpretieren, diese sollen die G\u00e4ste begeistern.", "url": "http://www.schlossmaienfeld.ch", "image": "https://hltpimtsoch.sos-ch-dk-2.exoscale-cdn.com/catalog/a/f/5/0/af5098ef63d1371f6a54309fc657540e58ba7545_DSCF2200_2__2.jpg", "openstreetmap_id": "node/1335415120"}, "geometry": {"type": "Point", "coordinates": ["9.5310679", "47.0064678"]}}, {"type": "Feature", "properties": {"identifier": "f92a7b61-32a9-4307-b84e-955b4ac3a9b8", "name": "Mehrzweckhalle Lust, Zivilschutz- und Sportanlagen", "description": "Die zentral gelegene Sport- und Mehrzweckhalle Lust in Maienfeld wurde 2003 dem Schulsport- und Anlassbetrieb \u00fcbergeben. Die modernen R\u00e4umlichkeiten eignen sich hervorragend f\u00fcr Sportanl\u00e4sse, aber auch f\u00fcr kulturelle Veranstaltungen mit B\u00fchnennutzung. \n\nInfrastruktur Mehrzweckhalle: \n- 3-fach Turnhalle, unterteilbar\n- Zuschauergalerie im OG f\u00fcr 300 Personen\n- Duschen / Garderoben\n- B\u00fchne\n- K\u00fcche mit Geschirr f\u00fcr 500 Personen\n- Foyerbereich\n- Gymnastikraum mit Spiegelwand\n- Seminarraum mit Beamer\n- Sitzungszimmer\n- Aussensportanlage\n- geteerter Park- oder Festplatz\n- Bankett-Mobiliar f\u00fcr 600 Personen\n- 16 mobile Zuschauertrib\u00fcnen \u00e0 16 Sitzpl\u00e4tze\n- LAN / W-LAN auf Wunsch\n- Nichtraucherzone vor dem Haupteingang\n\nPreis f\u00fcr die Mehrzweckhalle auf Anfrage!\n\nMassenlager f\u00fcr 100 Personen in der Zivilschutzanlage Maienfeld.\nKeine \u00dcbernachtungsm\u00f6glichkeit in der MZH Lust.", "url": "https://www.maienfeld.ch/dienstleistungen/13821", "image": "https://hltpimtsoch.sos-ch-dk-2.exoscale-cdn.com/catalog/8/b/8/e/8b8e4851945fee819e5bac79f476699f4a1f39c4_2018_0526_08430500_01.jpeg", "openstreetmap_id": "way/118792331"}, "geometry": {"type": "Point", "coordinates": ["9.52723180317119", "47.005403650000005"]}}, {"type": "Feature", "properties": {"identifier": "f978b33b-6fbd-4b8a-b849-ea0ca995fac7", "name": "Caf\u00e9 Confiserie F\u00e4ssler", "description": "Gem\u00fctliches Caf\u00e9 vis-\u00e0\u00a0-vis der katholischen Kirche. Hausgemachte Confiserie- und Konditoreiprodukte.", "url": "https://www.confiserie-faessler.ch", "image": "https://hltpimtsoch.sos-ch-dk-2.exoscale-cdn.com/catalog/5/e/8/e/5e8e6f661f7bcd2d9a0f80ccca13fa92e4a06260_ff_10.jpg", "openstreetmap_id": "node/411836378"}, "geometry": {"type": "Point", "coordinates": ["9.5005702", "47.0037015"]}}, {"type": "Feature", "properties": {"identifier": "f9ef10a4-3ce2-4276-9df3-385e8ce58630", "name": "Adventure Golf-Anlage", "description": "Gleich beim Bergrestaurant Prodalp befindet sich die abwechslungsreiche Adventure Golf-Anlage. Hier gleicht keine Bahn der anderen. So spielen sich bei der 12-Loch-Anlage Grosseltern, Eltern und Kinder gleichermassen durch den verwinkelten \u201eMungg\u00e4-Bau\u201c, folgen dem faszinierenden \u201eRohan Rothirsch Erlebnisweg\u201c, erklimmen den \u201eSpitzmeilen\u201c und schiessen den Minigolfball den legend\u00e4ren \u201eFLOOMZER\u201c hinunter.", "url": "https://www.flumserberg.ch/de/informationen/Aktivitaeten/fuer-Abenteuer-Golfer-innen_activity_853", "image": "https://hltpimtsoch.sos-ch-dk-2.exoscale-cdn.com/catalog/3/2/e/f/32ef1d529db095ed2aeaa1356c20708dafaa8407_tkv_bbf_prodalpsommer_0172__52_3361.jpg", "openstreetmap_id": "node/3431838772"}, "geometry": {"type": "Point", "coordinates": ["9.289412498474123", "47.0803694858407"]}}, {"type": "Feature", "properties": {"identifier": "fa9651fe-6094-40e0-9f21-32ca3c461e68", "name": "Schul- und Ferienheim Geisswiese", "description": "Gruppenunterkunft mit fliessend warmem und kaltem Wasser im Zimmer. Maximal 4 Betten pro Zimmer. Moderne sanit\u00e4re Anlagen, 3 Lehrerzimmer mit Duschen, Spielwiese, Grillplatz, Internet, Schulk\u00fcche, separater Aufenthaltsraum.", "url": "http://www.geisswiese.ch/", "image": "https://hltpimtsoch.sos-ch-dk-2.exoscale-cdn.com/catalog/2/6/b/a/26bafbf1ccc694ab02e8fd3769979653c72ebe05_ansicht.jpg", "openstreetmap_id": "node/290081798"}, "geometry": {"type": "Point", "coordinates": ["9.3570512", "47.0669299"]}}, {"type": "Feature", "properties": {"identifier": "fb02190e-90b1-4f4d-95e5-e627dcb71821", "name": "BikerBerg Flumserberg", "description": "Der BikerBerg Flumserberg bereichert den Sommer im s\u00fcdlichen St. Gallen. So steht im abwechslungsreichen Sommersportgebiet zwischen Z\u00fcrich und Chur ein vielf\u00e4ltiges Bike-Angebot auf dem attraktiven Freizeitprogramm. 13 Kilometer einfache und mittelschwere Trails mit herrlichem Bergpanorama laden zu flowigen Abfahrten ein. Drei SchweizMobil Routen machen MTB-Fans gl\u00fccklich. Der umfangreiche Service von gef\u00fchrten BikerTouren, \u00fcber den BikerCamping bis hin zum Bike-Verleih rundet das einzigartige Erlebnis auf zwei R\u00e4dern ab.\n\nEine Vielfalt, die K\u00f6nner:innen, Einsteiger:innen und Familien gleichermassen zu sch\u00e4tzen wissen.", "url": "https://www.flumserberg.ch/bikerberg", "image": "https://hltpimtsoch.sos-ch-dk-2.exoscale-cdn.com/catalog/3/0/b/4/30b40be3dab7b0d3fc7abc0621a1684711ff15af_BikerBerg_Flumserberg__4.jpg", "openstreetmap_id": "node/3431838772"}, "geometry": {"type": "Point", "coordinates": ["9.2895983", "47.0803081"]}}, {"type": "Feature", "properties": {"identifier": "fc27281a-d059-497f-8990-9bae0d00648c", "name": "Strandlokal Neptun", "description": "<p>Ein sch&ouml;nes Strandlokal direkt am Walensee.</p>", "url": "https://restaurant-neptun.ch/", "image": "https://hltpimtsoch.sos-ch-dk-2.exoscale-cdn.com/catalog/0/9/a/5/09a5f53ef1a5d2d7481dcb92c76b57edf307ed00_Neptun_48.jpg", "openstreetmap_id": "node/5813434854"}, "geometry": {"type": "Point", "coordinates": ["9.3028416", "47.1259165"]}}, {"type": "Feature", "properties": {"identifier": "fce50f10-28d9-4cea-995d-51d6024f3ae5", "name": "Winterwanderungen", "description": "<p>Die Ferienregion Heidiland bietet eine Vielzahl an Winterwanderwegen, die durch stille W&auml;lder, &uuml;ber sonnige Hochplateaus und entlang glitzernder Schneefl&auml;chen f&uuml;hren. Ob gem&uuml;tlicher Spaziergang mit Aussicht auf die Churfirsten oder sportlichere Tour mit H&ouml;henmetern &ndash; hier findet jede*r die passende Route. Im offiziellen Tourenportal outdoor.heidiland.com sind alle Vorschl&auml;ge mit Karte, H&ouml;henprofil, GPX-Daten und aktuellen Verh&auml;ltnissen verf&uuml;gbar. Entdecke jetzt deine pers&ouml;nliche Winterwanderung und lass dich von der winterlichen Stille verzaubern.</p>", "image": "https://hltpimtsoch.sos-ch-dk-2.exoscale-cdn.com/catalog/f/2/3/1/f2312d20960da225606b7ad967e48f9f92a4226d_PIM_Bild_Winterwandern.png"}}, {"type": "Feature", "properties": {"identifier": "fd7b0875-babf-4b91-a2fd-1f0e7ddc285d", "name": "Ferienhaus Prodkopf", "description": "Das Ferienlagerhaus liegt auf 1600 m.\u00fc.M., mitten im Wander- und Skigebiet und kann mit der Bergbahn Bad Ragaz - Pizol schnell und bequem erreicht werden. Im Sommer ist die Zufahrt auch mit dem Auto m\u00f6glich. Wir vermieten das Haus an Selbstkocher-Gruppen oder auf Anfrage mit Halb- oder Vollpension.\n\nDer Prodkopf ist eingerichtet mit 18 Zimmer und total 60 Schlafpl\u00e4tzen (9x2er, 5x 4er, 2x 5er, 2x 6er). Die Zimmer sind mit Warm- und Kaltwasser ausgestattet. Auf den Etagen hat es Duschen und Toiletten. Nebst einem grossen Esssaal bietet das Haus auch einen Aufenthaltsraum f\u00fcr Spiel und Spass an. Das Haus wird nur an eine Gruppe zur Alleinbenutzung vermietet.", "url": "http://www.prodkopf.ch", "image": "https://hltpimtsoch.sos-ch-dk-2.exoscale-cdn.com/catalog/f/4/0/4/f40424b2fdcfa3e52084dbcf6d91e76a27b017b6_prodkopf_gut_9522.jpg", "openstreetmap_id": "way/409077039"}, "geometry": {"type": "Point", "coordinates": ["9.4637262", "46.9898029"]}}, {"type": "Feature", "properties": {"identifier": "fe1afd48-77bb-40c9-a9b2-fb075b2af2ea", "name": "Enderlinh\u00fctte SAC", "description": "Die SAC-Blockh\u00fctte verf\u00fcgt \u00fcber 30 Schlafpl\u00e4tze. Auf der Sonnenterrasse geniesst man den Blick auf die untenliegende B\u00fcndner Herrschaft. Einheimische K\u00f6stlichkeiten kann man \u00fcber die Sommermonate im Restaurant geniessen. Im Winter ist die H\u00fctte nicht erreichbar.", "url": "https://www.sac-piz-sol.ch/huetten", "image": "https://hltpimtsoch.sos-ch-dk-2.exoscale-cdn.com/catalog/4/8/6/7/4867c9c9d97f24d83182f7703cf334e32d1ef2cb_Enderlinh__tte.jpg", "openstreetmap_id": "way/135931767"}, "geometry": {"type": "Point", "coordinates": ["9.551482199137931", "47.03882085"]}}, {"type": "Feature", "properties": {"identifier": "fe34e6f6-38b3-4b8f-8880-ea618d6c0898", "name": "Bistro & Bar Holl\u00e4nder", "description": "Bei uns k\u00f6nnen Sie einen hervorragenden Caf\u00e9 geniessen, ausgezeichnet zu Mittag oder Abendessen und am Abend eine sch\u00f6ne Bar-Atmosph\u00e4re erleben, mit chilliger Musik. Das Ambiente auf unserer Sonnenterrasse macht Lust auf mehr.", "url": "http://www.hollaender.ch", "image": "https://hltpimtsoch.sos-ch-dk-2.exoscale-cdn.com/catalog/9/d/b/0/9db07af29fb792a186c2077e536264e81f2a647b_1213B70F_A9A6_4474_990B_64780F92AB8E.jpeg", "openstreetmap_id": "node/6867847231"}, "geometry": {"type": "Point", "coordinates": ["9.5629396", "46.9678616"]}}, {"type": "Feature", "properties": {"identifier": "fec2c40f-2465-45a6-b10d-a173cee2f856", "name": "Gleitschirm Tandemflug Walensee - Flums - Pizol", "description": "Der Gleitschirmflug in der Region Walensee, Pizol und Flums ist ein einzigartiges Erlebnis. W\u00e4hle dein Lieblingsort im Heidiland und schon kann es losgehen mit dem Gleitschirm Tandemflug. Wir fliegen das ganze Jahr \u00fcber vom Walenstadtberg und w\u00e4hrend der Betriebszeiten der Bergbahnen vom Maschgenkamm, Sch\u00f6nhalden und Pizol. Der Paragliding Flug kann mit verschiedenen Flugzeiten gebucht werden - gerne beraten wir dich pers\u00f6nlich. Wir freuen uns auf dich!", "url": "https://www.passagierflug.ch/gleitschirm-tandemflug/standorte/walensee-flumserberg", "image": "https://hltpimtsoch.sos-ch-dk-2.exoscale-cdn.com/catalog/b/4/0/3/b4039098e3cceb34ad108fead65e9fe42e93a5fb_Flightbase_Gleitschirmflug_Walensee__2.jpg", "openstreetmap_id": "node/881851048"}, "geometry": {"type": "Point", "coordinates": ["9.308166503906252", "47.12333753243728"]}}, {"type": "Feature", "properties": {"identifier": "ff25f490-dad6-4681-b6ab-6453e4f996c1", "name": "Cottinelli Weinbau", "description": "Unser Gesellschaftsraum Torkel eignet sich als besonderen Ort f\u00fcr Geburtstage, Hochzeite, Firmenanl\u00e4sse oder Familienfeiern. Platz finden Gruppen bis zu ca. 80 Personen. Kulinarisch verw\u00f6hnt Sie ein Catering nach Ihrer Wahl.\n\nGef\u00fchrte Betriebsf\u00fchrungen mit anschliessender Degustation verschiedener B\u00fcndner Weine sind f\u00fcr Gruppen ab zehn Personen m\u00f6glich. W\u00e4hrend der Weinverkostung werden die edlen Tropfen von frisch aufgeschnittenem B\u00fcndner Rohschinken sowie w\u00fcrzigem B\u00fcndner Alpk\u00e4se und frischem Brot begleitet.", "url": "https://www.plozzawinegroup.ch", "image": "https://hltpimtsoch.sos-ch-dk-2.exoscale-cdn.com/catalog/2/5/e/c/25ecf91c28f66a5de23ed4523e9b7da291c6874e_whc_07_diverses_01.jpg", "openstreetmap_id": "way/169639589"}, "geometry": {"type": "Point", "coordinates": ["9.563749", "46.9701756"]}}, {"type": "Feature", "properties": {"identifier": "ff93642b-2c07-4b75-802c-ae636aa56ad0", "name": "Familienfreundliche Wanderungen", "description": "<p data-start=\"522\" data-end=\"753\">Wandern mit Kindern soll Spass machen &ndash; und genau das erwartet dich in Heidiland. Ob Erlebnisweg, M&auml;rchenpfad oder Themenwanderung: Unsere familienfreundlichen Wanderrouten sind auf die Bed&uuml;rfnisse von Gross und Klein abgestimmt.</p>\n<p data-start=\"755\" data-end=\"955\">Kurze Etappen, spannende Stationen und viel Natur zum Entdecken sorgen f&uuml;r gute Laune bei allen. Viele Touren sind kinderwagentauglich und bieten unterwegs Pl&auml;tze zum Spielen, Picknicken oder Baden.</p>\n<p data-start=\"957\" data-end=\"1135\">Im Outdoor-Portal findest du alle Routen mit hilfreichen Infos zu Wegl&auml;nge, Dauer, Highlights und Altersempfehlungen. So wird die Familienwanderung zum unvergesslichen Ausflug.</p>\n<p data-start=\"1137\" data-end=\"1245\">Mach dich mit deiner Familie auf den Weg und entdecke, wie abwechslungsreich Wandern im Heidiland sein kann!</p>", "image": "https://hltpimtsoch.sos-ch-dk-2.exoscale-cdn.com/catalog/9/1/a/4/91a4acebdcfca62014288efd5a292281dbf5559d_PIM_Bild_Wanderrouten.png"}}]}