id;name;disambiguatingDescription;description;longitude;latitude;streetAddress;postalCode;addressLocality;telephone;email;url;image;dateModified0025f85a-fdfc-4930-aa06-dc91a956d947;Pauschale: Unterkunft & Skifahren im Heidiland;Die Pauschale Unterkunft & Skifahren im Heidiland bietet Unterkunft und Skipass für zwei bis sieben Nächte am Flumserberg und Pizol. Erlebe unvergessliche Skitage in der malerischen Region Heidiland.;<p data-start="364" data-end="612"><strong data-start="364" data-end="396">Dein Winterabenteuer wartet!</strong><br data-start="396" data-end="399">Buche jetzt deine Winterauszeit mit Unterkunft und Skipass in einem: Ob Hotel oder Ferienwohnung, ob Flumserberg oder Pizol &ndash; bei unseren <strong data-start="537" data-end="574">exklusiven Vorteils-Skipauschalen</strong> ist dein Skipass <strong data-start="592" data-end="611">schon inklusive</strong>!</p><p data-start="614" data-end="933">Nur eine knappe Stunde von Z&uuml;rich oder St. Gallen entfernt, erwarten dich zwei attraktive Wintersportgebiete mit zusammen &uuml;ber <strong data-start="741" data-end="758">115 km Pisten</strong>, modernen Anlagen und bester Aussicht auf die Alpen und den Walensee. Perfekt f&uuml;r Paare, Familien oder Freunde, die unkompliziert und preiswert in den Winter starten m&ouml;chten.</p><h4 data-start="988" data-end="1024"><strong data-start="993" data-end="1024">Hotel-Angebote mit Skipass:</strong></h4><ul data-start="1025" data-end="1437"><li data-start="1025" data-end="1133"><p data-start="1027" data-end="1133">&Uuml;bernachte in einem von &uuml;ber <strong>20</strong><strong data-start="1056" data-end="1093"> ausgew&auml;hlten Hotels</strong> in Bad Ragaz, Pizol, Flumserberg oder Umgebung</p></li><li data-start="1134" data-end="1209"><p data-start="1136" data-end="1209"><strong data-start="1136" data-end="1162">2 bis 7 &Uuml;bernachtungen</strong> mit Fr&uuml;hst&uuml;ck (bzw. Halbpension je nach Hotel)</p></li><li data-start="1210" data-end="1310"><p data-start="1212" data-end="1310"><strong data-start="1212" data-end="1236">2 bis 7 Tage Skipass</strong> f&uuml;r das Skigebiet Flumserberg oder Pizol (entsprechend der Anzahl N&auml;chte)</p></li><li data-start="1311" data-end="1378"><p data-start="1313" data-end="1378">Buchbar w&auml;hrend der <strong data-start="1333" data-end="1358">gesamten Wintersaison</strong></p></li><li data-start="1379" data-end="1437"><p data-start="1381" data-end="1437">Skipass-Ausgabe direkt an der Talstation (gegen Voucher)</p></li></ul><h4 data-start="1439" data-end="1476"><strong data-start="1444" data-end="1476">Ferienwohnungen mit Skipass:</strong></h4><ul data-start="1477" data-end="1806"><li data-start="1477" data-end="1564"><p data-start="1479" data-end="1564">W&auml;hle aus &uuml;ber <strong>42</strong><strong data-start="1494" data-end="1527">&nbsp;charmanten Ferienwohnungen</strong> direkt im Skigebiet oder in der N&auml;he</p></li><li data-start="1565" data-end="1630"><p data-start="1567" data-end="1630">Ideal f&uuml;r Familien oder Gruppen &ndash; mehr Platz, mehr Flexibilit&auml;t</p></li><li data-start="1631" data-end="1694"><p data-start="1633" data-end="1694">Beste Buchungschancen ab <strong data-start="1658" data-end="1677">3 bis 7 N&auml;chten</strong> (je nach Region)</p></li><li data-start="1695" data-end="1746"><p data-start="1697" data-end="1746">Inklusive <strong data-start="1707" data-end="1746">Skipass f&uuml;r den gesamten Aufenthalt</strong></p></li><li data-start="1747" data-end="1806"><p data-start="1749" data-end="1806">Buchbar bis <strong data-start="1761" data-end="1782">1 Tag vor Anreise</strong> &ndash; je nach Verf&uuml;gbarkeit</p></li></ul><h3 data-start="2159" data-end="2208">Inklusive Leistungen (je nach Unterkunft):</h3><ul data-start="2210" data-end="2455"><li data-start="2210" data-end="2268"><p data-start="2212" data-end="2268">2 &ndash; 7 N&auml;chte im Hotel oder der Ferienwohnung deiner Wahl</p></li><li data-start="2269" data-end="2319"><p data-start="2271" data-end="2319">T&auml;glicher <strong data-start="2281" data-end="2319">Skipass f&uuml;r Flumserberg oder Pizol</strong></p></li><li data-start="2320" data-end="2374"><p data-start="2322" data-end="2374">Fr&uuml;hst&uuml;ck oder Halbpension (Hotels, je nach Betrieb)</p></li><li data-start="2375" data-end="2395"><p data-start="2377" data-end="2395">Alle lokalen Taxen</p></li><li data-start="2396" data-end="2455"><p data-start="2398" data-end="2455">Voucher f&uuml;r <strong data-start="2410" data-end="2455">direkte Skipassabholung an der Talstation</strong></p></li></ul><h3 data-start="2462" data-end="2504">Nur bei Heidiland Tourismus buchbar:</h3><p data-start="2506" data-end="2728">Diese Skipauschalen sind <strong data-start="2531" data-end="2568">exklusiv &uuml;ber Heidiland Tourismus</strong> erh&auml;ltlich und <strong data-start="2584" data-end="2617">nicht auf anderen Plattformen</strong> verf&uuml;gbar. Spare dir die separate Skipassbuchung und geniesse einen sorgenfreien Start in deinen Winterurlaub.</p>;Heidiland;[{'@type': 'ImageObject', 'contentUrl': 'https://hltpimtsoch.sos-ch-dk-2.exoscale-cdn.com/catalog/d/7/3/2/d7324df67aa279cb09d404a775b61d14636d3bcd_Skipauschalen_Heidiland_Cover.jpg'}];2026-04-15T14:36:56+02:00
00a834b5-9fdb-499f-aaa9-c8805924d198;E-Bike-Vermietung am Walensee;Die E-Bike-Vermietung am Walensee bietet hochwertige E-Bikes zur Miete an. Interessierte können diese halbtags oder ganztags ausleihen. Eine Vorreservation wird empfohlen, spontane Anfragen sind jedoch möglich. Für Gruppen ab 2 Personen ist eine schriftliche Voranmeldung notwendig;Wahlweise als Package buchbar inklusive Picknickrucksack und/oder Übernachtung.

Preise

Halbtagesmiete
4h (zwischen 08.00 und 13.00 oder zwischen 13.00 und 18.00 Uhr) CHF 50.00

Tagesmiete
8h (zwischen 08.00 und 18.00 Uhr) CHF 60.00

Für jede zusätzliche Stunde verrechnen wir CHF 10.00.;9.217261;47.1124535;Alte Spinnerei 12;8877;Murg;+41 81 720 35 75;info@lofthotel.ch;https://www.lofthotel.ch/;[{'@type': 'ImageObject', 'contentUrl': 'https://hltpimtsoch.sos-ch-dk-2.exoscale-cdn.com/catalog/d/2/5/0/d250c8bca75614a10635440c505dd2cc504ada85_lofthotel_ebike_1.jpg'}];2026-08-31T11:21:00+02:00
010196e3-3f90-424d-b48b-b41fd0814979;Panoramarestaurant Maschgenkamm;Das Panoramarestaurant Maschgenkamm am Flumserberg bietet eine beeindruckende Aussicht auf die umliegende Bergwelt. Mit Sitzplätzen im hellen Rundbau, einem geräumigen Saal und einer grossen Sonnenterrasse ist es ideal für Erholungssuchende.;Geniessen Sie im höchstgelegenen Gastronomiebetrieb am Flumserberg die Panoramaaussicht auf die umliegende Bergwelt. Lassen Sie Ihren Blick auf der einen Seite entspannt über die Weite des Spitzmeilen-Gebiets mit dem charakteristischen Wahrzeichen, dem 2501 m hohen Spitzmeilen, schweifen oder werden Sie auf der anderen Seite von der magischen Churfirsten- und Alvierkette mit ihren zackigen Gipfeln hoch über dem Walensee verzaubert.

Im hellen Rundbau stehen Ihnen 80 Sitzplätze zur Verfügung. Im geräumigen Saal können 240 Gäste den Blick auf die Churfirsten geniessen und das gemütliche Stübli bietet 48 Plätze mit bester Sicht auf das Spitzmeilengebiet. Auf der riesigen Sonnenterrasse können 600 Gäste gleichzeitig das atemberaubende Panorama bestaunen (200 Sitzplätze). Zudem stehen Liegestühle zur Verfügung.;9.2535677;47.0696724;Maschgenkamm;8898;Flumserberg;+41 81 733 19 39;info@maschgenkamm.ch;https://www.maschgenkamm.ch;[{'@type': 'ImageObject', 'contentUrl': 'https://hltpimtsoch.sos-ch-dk-2.exoscale-cdn.com/catalog/5/7/b/0/57b02bd6cbf6340bb6d3eced908150bac4967f2c_tkv_bbf_bergsommer_0007_DJI_0530_HDR.jpg'}];2026-06-05T16:30:17+02:00
0140303a-da57-417d-be41-461f3032cfee;Eisenbergwerk Gonzen;Das Eisenbergwerk Gonzen in Sargans bietet ein Labyrinth von Stollen und Galerien, die seit 1983 teilweise öffentlich zugänglich sind. Ein Restaurant und ein Museum ergänzen das Erlebnis, Führungen sind auf Voranmeldung möglich.;Der Hausberg Gonzen türmt sich imposant über dem Grafenstädtchen Sargans auf. Bereits vor rund 2000 Jahren wurde im Berg das eisenhaltige Gestein entdeckt und abgebaut. Dabei entstand ein Labyrinth von Stollen und Galerien mit einer Gesamtlänge von fast 90 Kilometern.

Seit 1983 ist ein kleiner Teil des Bergwerks öffentlich zugänglich. Am Eingang des Bergwerkes befindet sich ein Restaurant sowie ein Museum. Das Museum befindet sich im hinteren Teil des Restaurants und kann unabhängig von einer Führung während den Öffnungszeiten des Restaurants besucht werden.

Angeboten werden verschiedene Führungen auf Voranmeldung.;9.438442221163582;47.076702350000005;Vild 17;7320;Sargans;+41 81 723 12 17;info@bergwerk-gonzen.ch;https://www.bergwerk-gonzen.ch/;[{'@type': 'ImageObject', 'contentUrl': 'https://hltpimtsoch.sos-ch-dk-2.exoscale-cdn.com/catalog/f/7/6/8/f768bb7ca41d4d4915557f3fd5e2d9c0f3840d3d_homepage_6.jpg'}];2026-01-15T00:30:45+01:00
016d7bf9-d944-4bdc-83cf-bc1aca1b176f;Museum Alte Säge Valens;Das Museum Alte Säge Valens, restauriert von Valens Tourismus, ist ein frei zugänglicher Zeitzeuge der Holzwirtschaft des letzten Jahrhunderts. Es bietet das ganze Jahr über Einblicke in die Geschichte der alten Säge.;1990 wurden die Säge durch den Eigentümer Ferdinand Reiter Junior stillgelegt und 2004/2005 durch Valens Tourismus, unter Führung von Kurt Wyrsch, restauriert und als Museum für die Öffentlichkeit wiedereröffnet. Die Alte Säge Valens ist das ganze Jahr frei zugänglich und ein spannender Zeitzeuge der Holzwirtschaft des letzten Jahrhunderts.;9.481201171875002;46.97268790109085;Madrusstrasse;7317;Valens;0791045567;ela.mack@gmail.com;http://www.valens-tourismus.ch;[{'@type': 'ImageObject', 'contentUrl': 'https://hltpimtsoch.sos-ch-dk-2.exoscale-cdn.com/catalog/2/f/0/d/2f0d064f5575bbe873c161617eb27babe9354389_maxresdefault.jpeg'}];2026-05-14T11:29:49+02:00
0189d86c-8472-4c3f-a273-f6901c88ee53;See Camping Bürer;See Camping Bürer liegt direkt am Ostufer des Walensees, etwa 1 km von Walenstadt entfernt. Der Campingplatz bietet Stellplätze für Zelte, Wohnwagen und Wohnmobile sowie zahlreiche Annehmlichkeiten wie einen Spielplatz, Grillstellen und eine Camperstation.;Ferienplatz für Zelte, Wohnwagen und Wohnmobile. Direkt am Ostufer des sauberen Walensees, ca. 1 km vom Garnisonsstädtchen Walenstadt entfernt. Ausgangspunkt für schöne Ausflüge mit Auto, Velo oder zu Fuss. 

Total ca. 20&#039;000 m2, 200 m flacher Badestrand, gepflegter ebener Rasen, mehrere Bäume, Spielplatz und Liegewiese, mehrere Feuer- und Grillstellen, Rezeption, Kiosk, Aufenthalts- und Trockenraum. Genügend Toiletten und Duschen, Waschmaschine und Trockner, Kochgelegenheit, Camperstation. 

Ca. 100 Residenz-, 70 Passanten- und 6 Saisonstellplätze.;9.300436530699649;47.1180223;Walenseestrasse 50;8880;Walenstadt;+41 81 735 12 12;max.buerer@see-camping.ch;http://www.see-camping.ch;[{'@type': 'ImageObject', 'contentUrl': 'https://hltpimtsoch.sos-ch-dk-2.exoscale-cdn.com/catalog/5/e/1/5/5e1536a6523b096c555e5480511b551a03260875_tkv_seecamping_web_002__51_1054.jpg'}];2026-04-28T10:00:24+02:00
018b8384-25a2-43fa-a073-0e3873d4e657;Café-Conditorei Keller;Das Café-Conditorei Keller in Pfäfers lädt mit seinem gemütlichen Cafébereich zum Verweilen ein. Ob für einen Kaffee, ein Stück Kuchen oder einen kleinen Schwatz: Gäste geniessen hier eine entspannte Pause in angenehmer Atmosphäre.
Das Café ist zudem ein idealer Ausgangspunkt für Wanderungen, Velotouren und Ausfahrten ins herrliche Taminatal.;Idealer Start für Wanderungen, Velotouren oder Ausfahrten ins herrliche Taminatal.
Unser gemütliches Café-Restaurant, die Pfäferser
"Tube", lädt zum Verweilen für Jung und Alt ein.;9.500615394973318;46.98879345;Hintergasse 5;7312;Pfäfers;+41 81 302 17 52;info@baeckerei-keller.ch;http://www.baeckerei-keller.ch;[{'@type': 'ImageObject', 'contentUrl': 'https://hltpimtsoch.sos-ch-dk-2.exoscale-cdn.com/catalog/2/e/9/4/2e945d8d984b68cd9bc7b2a06d1ba725b5c2b93a_unnamed.jpg'}];2026-08-10T09:18:01+02:00
018b9171-3e4c-4d74-a5a5-5f286144cf99;sagibeiz;Das Restaurant sagibeiz in Murg am Walensee bietet eine Seeterrasse und gemütliche Beiz mit Loungebereich. Die Küche überrascht mit lokalen Gerichten. Ideal für Veranstaltungen bis 800 Personen, mit Weinkeller und sagiladen.;Das Restaurant sagibeiz liegt in Murg direkt am Walensee und lädt mit der Seeterrasse und der gemütlichen Beiz inklusive Loungebereich zum Geniessen in einzigartiger Atmosphäre ein. Im Sommer bietet die sagilounge am See zusätzlichen Platz auf einer Holzplattform direkt am Schweizer Fjord, wo Sie auch Wassersportartikel für unvergessliche Stunden auf dem See ausleihen können.

Die Küche überrascht mit fantasievoll zubereiteten Gerichten aus lokalen Produkten. 

Die Location ist auch ideal für Privat- und Firmenanlässe mit bis zu 800 Personen geeignet. Gruppen bis 250 Personen finden in den Eventlokalitäten sagistübli, sagisteg/seegüetli mit dazugehörigem Aussenbereich und holzlager/schienenterrasse eine ideale Location für Hochzeiten, Geburtstage, Firmenfeiern und vieles mehr.

Von der Outdoor-Grillparty im Sommer über Spargel- und Marronifeste im Frühjahr und Herbst bis hin zu Fondue- und Raclette-Abenden im Winter ist alles möglich. Geniessen Sie das spezielle Ambiente im ehemaligen Sägewerk in Murg direkt am See. 

Zusätzlich bietet das sagiareal einen begehbaren Weinkeller mit einem breiten Angebot von regionalen Raritäten bis hin zu internationalen Spezialitäten. 
Auch der sagiladen im Untergeschoss ist als Ihre neue Adresse für Produkte vom und rund um den Walensee allemal einen Besuch wert.;9.2189915;47.1131786;alte Staatsstrasse 6;8877;Murg;+41 81 720 35 75;info@azibene.ch;https://www.sagibeiz.ch/;[{'@type': 'ImageObject', 'contentUrl': 'https://hltpimtsoch.sos-ch-dk-2.exoscale-cdn.com/catalog/4/9/0/1/49014cc7109be5e153cd4557b5b08c342a0ed03f_sagibeiz_dunkel.jpg'}];2026-09-01T01:30:56+02:00
01901eb6-f087-46e9-a14b-1350f987a251;Murg Camping;Murg Camping am Walensee bietet 20 Wohnwagenplätze direkt am Seeufer. Umgeben von Gärten, bietet es eine beeindruckende Aussicht auf die Churfirsten. Wassersportmöglichkeiten und umfassende Versorgung im Dorf sind vorhanden.;Der Camping am Walensee ist von Gärten umsäumt und bietet eine tolle Sicht auf die imposanten Churfirsten. Im Dorf gibt es komplette Versorgung vom Supermarkt bis zur Bank und von der Forstwirtschaft bis zu einer vielfältigen Gastronomie, Hotels und Ferienwohnungen.

Wassersport bietet der Walensee in allen Sparten vom Badevergnügen über Segelkurse, Surfkurse bis zur Schifffahrt. Die Windsurfingschule vermietet Surfbretter und Kajaks. Die Segelschule vermietet Segelboote, Jollen und Kielboote. Die prächtige Aussicht auf die Churfirstenkette mitten im Heidiland runden das Angebot ab.

Der Campingplatz verfügt über 20 Wohnwagenplätze direkt am Seeufer.;9.214526558266668;47.115038600000005;Strandbodenstrasse 16;8877;Murg;+41 81 738 15 30;info@quarten-tourismus.ch;https://www.murg-camping.ch;[{'@type': 'ImageObject', 'contentUrl': 'https://hltpimtsoch.sos-ch-dk-2.exoscale-cdn.com/catalog/a/2/c/6/a2c63420edf17cbeb9e94864cd58c34797d02792_Camping_Murg.JPG'}];2026-08-26T05:12:31+02:00
02c8b54b-1226-456a-9e26-10905147d18c;Panorama View (CharmingStay);Die moderne 3,5-Maisonette-Wohnung im Zentrum von Flumserberg Tannenboden bietet eine grosse Terrasse mit Blick auf die Churfirsten. In der Nähe befinden sich Dorfladen, Restaurants und die Bergbahn Tannenboden.;Die moderne 3.5-Maisonette-Wohnung befindet sich im Zentrum von Flumserberg Tannenboden. In nur wenigen Gehminuten entfernt befinden sich der Dorfladen, Restaurants sowie die Bergbahn Tannenboden. Die Wohnung verfügt über eine grosse Terrasse mit einer fantastischen Aussicht auf die Churfirsten. Es stehen zwei Garagenparkplätze sowie Besucherparkplätze zur Verfügung.  ;9.28523182510765;47.093405000000004;Flumserbergstrasse 188;8898;Flumserberg Tannenboden;+41 79 504 90 45;contact@charmingstay.ch;https://www.charmingstay.ch;[{'@type': 'ImageObject', 'contentUrl': 'https://hltpimtsoch.sos-ch-dk-2.exoscale-cdn.com/catalog/0/c/0/c/0c0c1433aed5630b146eeb1ac00ab4b9d29f240f_Panorama_View__8_.JPG'}];2026-08-31T09:08:51+02:00
048a601a-3918-4456-8a7a-6c87cc08f159;Bahnhof Mühlehorn;Der Bahnhof Mühlehorn liegt direkt am Walensee und ist ein idealer Ausgangspunkt für Ausflüge entlang des Seeuferwegs sowie in die umliegende Region.;<div>Der Bahnhof M&uuml;hlehorn liegt direkt am Walensee und ist ein praktischer Ankunfts- und Ausgangspunkt für Ausflüge entlang des Seeuferwegs. Der kleine Bahnhof überzeugt mit seiner Lage nahe beim Wasser und guter Anbindung an die umliegenden Orte. Wer mit dem Auto oder dem Velo anreist, findet am Bahnhof 18 Parkpl&auml;tze sowie ein überdachtes Veloparking. Von hier aus lassen sich Spaziergaenge, Velotouren oder Badeplaetze am Walensee bequem erreichen.</div>;9.172768;47.1178636;8874;Mühlehorn;https://www.sbb.ch/de/reiseinformationen/bahnhoefe/bahnhof-finden/bahnhof.9418.muehlehorn.html;[{'@type': 'ImageObject', 'contentUrl': 'https://hltpimtsoch.sos-ch-dk-2.exoscale-cdn.com/catalog/e/c/4/f/ec4fc650001b1ea98063f46ec2e21dba9f8c2264_Bahnhof_Piktogramm_HLT.png'}];2026-04-23T04:25:06+02:00
04b2e97d-cf11-47ff-aed1-4ca37ea52822;Parkrestaurant;Das Parkrestaurant in Bad Ragaz bietet mediterrane und traditionelle Schweizer Küche. Es liegt neben dem Giessenpark, dem Freibad und dem Campingplatz und ist ideal für Feinschmecker und Ruhesuchende.;Das Parkrestaurant in Bad Ragaz verbindet mediterrane Genussmomente mit traditioneller Schweizer Küche – frisch, regional und mit Liebe zubereitet. Direkt neben dem Giessenpark, dem Freibad und dem Campingplatz gelegen, ist es der perfekte Ort für Feinschmecker*innen und Ruhesuchende. ;9.511536955833437;47.00568976127432;Seestrasse 41;7310;Bad Ragaz;+41 78 480 03 49 ;info@camping-badragaz.ch;https://www.giessenparkbad.ch/restaurant/parkrestaurant;[{'@type': 'ImageObject', 'contentUrl': 'https://hltpimtsoch.sos-ch-dk-2.exoscale-cdn.com/catalog/7/f/f/b/7ffbd8e41f0ba10d47cb1a33ae8042421a1ed380_CBAR_BatchLogo.png'}];2026-08-12T13:46:30+02:00
054a29d0-5a2d-412f-9ffc-bedbc6b67d32;VersuchsStollen Hagerbach;Der VersuchsStollen Hagerbach in Flums Hochwiese bietet das ganze Jahr über spannende Attraktionen wie Führungen, Spreng-Demonstrationen und Teambuilding-Aktivitäten. Gastronomie und Erlebnis vereinen sich im Restaurant Hagerbach.;Eine einzigartige Welt im Berginnern entdecken

Ein Team- oder Vereinsausflug geplant?  Dann finden Sie bei uns ein passendes Angebot!

Das ganze Jahr über, von Montag bis Samstag, locken im VersuchsStollen Hagerbach diverse Attraktionen. Von informativen Führungen über Spreng-Demonstrationen voller Action, Motto-Anlässen, bis hin zu Spiel und Spass für gezieltes Team-Building.

Gastronomie und Erlebnis unter einem Dach: Unsere Gruppenerlebnisse sind die ideale Ergänzung zu Ihrer Feier oder dem Firmenanlass im schönen Restaurant Hagerbach.

Besonders freut uns, dass wir zusammen mit unseren professionellen Partnern im schönen Heidiland und dem unvergleichbaren UNESCO-Welterbe Tektonikarena Sardona, sowohl im Sommer als auch im Winter, begeisternde Aktivitäten anbieten können.;9.389185309410097;47.076234315591;Polistrasse 1;8893;Flums Hochwiese;+41 81 734 14 14;info@hagerbach.ch;https://hagerbach.ch;[{'@type': 'ImageObject', 'contentUrl': 'https://hltpimtsoch.sos-ch-dk-2.exoscale-cdn.com/catalog/9/d/4/1/9d41c5528ae0e297123579cd2bec29907b3fb019_Tunnelbohrmaschine_Hagerbach.jpg'}];2026-08-12T10:23:45+02:00
05ad1220-4bd3-450f-88e9-1de9a07c6509;Plozza Wine Group;Die Plozza Wine Group in Malans vereint drei Weinproduzenten und Weinhändler. Sie bieten ein breites Spektrum an hochwertigen Weinen aus verschiedenen Regionen an. Die Vinoteca ist von Montag bis Samstag geöffnet.;Unser einzigartiges Verkaufsargument: Dreifacher Produzent und Weinhändler in einem.
Durch unsere Erfahrung im Umgang mit der Kelterung von Weinen aus drei unterschiedlichen Regionen, haben wir die Kompetenz und das Know-how, Ihnen ein breites Spektrum an hochwertigen Weinen anbieten zu können. Die Visionen, die grundlegende Wertvorstellung und die Ziele sind gruppenweit gemeinsam. Kooperation heisst nämlich Stärken zu kombinieren und Schwächen zu kompensieren. Davon profitieren Sie als Kunde.;9.56564784049988;46.9697985528364;Karlihof 11;7208;Malans;+41 81 650 50 50;malans@plozzawinegroup.ch;https://www.plozzawinegroup.ch/startseite;[{'@type': 'ImageObject', 'contentUrl': 'https://hltpimtsoch.sos-ch-dk-2.exoscale-cdn.com/catalog/e/8/3/2/e8328535d369b2208fc0e1903df7ec0a537a4b5d_Bild1.jpg'}];2026-08-04T12:41:45+02:00
06281908-85f4-4dba-83f3-3a474cb1282d;Hof Just - Schlafen im Stroh;Hof Just in Maienfeld bietet ein einzigartiges Erlebnis: Übernachten im Stroh oder auf Matratzen. Der Bauernhof liegt in der Nähe des Heidimuseums und heisst Radfahrende, Autofahrende, Motorradfahrende und Fussgänger willkommen.;Unser Bauernhof liegt oberhalb Maienfeld ganz in der Nähe des Heidimuseums (8 Gehminuten). Wir sind ein Familienbetrieb. Bei uns sind Velo-, Auto-, Motorradfahrer und auch Fussgänger jederzeit herzlich willkommen. Haben Sie schon einmal auf einem Bauernhof im Stroh oder auf Matratzen übernachtet...?;9.5377692;47.0130648;Bovelgasse 26;7304;Maienfeld;+41 79 800 50 13;hofjust@hotmail.com;https://www.hofjust.ch;[{'@type': 'ImageObject', 'contentUrl': 'https://hltpimtsoch.sos-ch-dk-2.exoscale-cdn.com/catalog/2/e/3/f/2e3ff8dee9ae3ebb5f2d7f34c35b05258fa4d4ed_Hof_Just_5.jpg'}];2026-05-14T08:19:55+02:00
06808cd3-ce4a-4132-91b1-a68925709892;Bauernhaus Cafrida;Das Bauernhaus Cafrida in Flumserberg Tannenheim bietet eine renovierte Wohnung direkt an der Bikestrecke und Skipiste. In der Nähe befinden sich ein Hallenbad und mehrere Restaurants, die zu Fuss erreichbar sind.;Unsere Wohnung befindet sich in einem ehemaligen Bauernhaus, welches vollständig renoviert wurde. Die Wohnung liegt direkt an der Bikestrecke und an der Skipiste. Sowohl mit dem Bike als auch mit den Skiern kann man vor der Haustüre ins Abenteuer starten! Die Gondel ist zu Fuss in 10 Min. erreichbar. Das neu renovierte Hallenbad mit Sauna und Dampfbad liegt 5 Gehminuten von unserem Haus entfernt. Auch sind im Umkreis von 5 bis 20 Gehminuten einige Restaurants erreichbar.;9.300095280845616;47.08866795;Cafridastrasse 10;8897;Flumserberg Tannenheim;+41 81 733 34 19;beatrix.loop@bluewin.ch;[{'@type': 'ImageObject', 'contentUrl': 'https://hltpimtsoch.sos-ch-dk-2.exoscale-cdn.com/catalog/3/4/5/7/34570dd1b72248f16ab378941ea9ad307cbdc3eb_Doppelzimmer_mit_Kommode.jpg'}];2026-01-19T12:01:33+01:00
06fb92aa-392e-4235-86e6-98c4e0b7ce25;Bellahof;Die 4-Zimmerwohnung im Bellahof bietet eine ruhige Lage in einem Bauernhaus mit Hof und Tieren, etwa 1,3 km vom Weiler Bergheim entfernt. Sie verfügt über eine Veranda, rustikale Einrichtung und einen kostenlosen Parkplatz.;Die 4-Zimmerwohnung befindet sich an ruhiger Lage im Hausteil eines Bauernhauses mit Hof und vielen Tieren, ca. 1.3 km vom Weiler Bergheim entfernt. Für die kleinen Gäste stehen verschiedene Spielmöglichkeiten zur Verfügung. Zur Wohnung gehört ein kostenloser Parkplatz.

Die Ferienwohnung im ersten Stock ist gemütlich und sehr rustikal eingerichtet. An den Wänden und Decken sind Holzbalken sichtbar. Zur Wohnung gehört eine Veranda.;9.30273875000001;47.103448400000005;Fäschstrasse 7;8896;Flumserberg Bergheim;+41 81 733 36 86;bellahof@bluewin.ch;http://www.bellahof.ch;[{'@type': 'ImageObject', 'contentUrl': 'https://hltpimtsoch.sos-ch-dk-2.exoscale-cdn.com/catalog/a/6/8/7/a687b11341697aee82ffe469268952dd1d98b319_Bellahof_Wohnbereich1.JPG'}];2026-06-12T15:55:32+02:00
073cba69-a2db-4c2a-8ce0-3517ebc2ea9b;Ferienwohnung Tobelbach (CharmingStay);Die Ferienwohnung Tobelbach liegt im Flumserberg Tannenheim, ideal für Ski- und Wanderfreunde. Die Prodalp-Express Gondelbahn, Einkaufsmöglichkeiten und Restaurants sind in wenigen Gehminuten erreichbar.;Die 3.5-Zimmerwohnung befindet sich im Ski- und Wandergebiet Flumserberg Tannenheim. Die Gondelbahn Prodalp-Express, Einkaufsmöglichkeiten und Restaurants sind nur in wenigen Gehminuten entfernt.;9.298215508461;47.09129090458793;Tobelbachstrasse 16;8897;Flumserberg Tannenheim;+41 79 504 90 45;contact@charmingstay.ch;https://www.charmingstay.ch;[{'@type': 'ImageObject', 'contentUrl': 'https://hltpimtsoch.sos-ch-dk-2.exoscale-cdn.com/catalog/0/e/5/3/0e53dca43356d049f25528c05cf8ac29e377c187_Tobelbach__2_.jpg'}];2026-01-19T12:01:33+01:00
094cd122-67d0-480a-a4c1-b128347f0fb9;Pöstli Bar;Die Pöstli Bar in Sargans bietet eine entspannte Atmosphäre für alle, die nach einem langen Tag Erholung suchen. Sie ist familienfreundlich, ebike-freundlich und bietet kostenloses WLAN sowie eine Ladestation für Elektroautos.;Die Pöstlibar ist ein Treffpunkt für alle, die sich nach einem anstrengenden Tag noch etwas Spass und Erholung wünschen;9.440801756245769;47.047972009599;Bahnhofstrasse 1;7320;Sargans;+41 81 720 47 47;info@hotelpost-sargans.ch;https://www.hotelpost-sargans.ch/bar;[{'@type': 'ImageObject', 'contentUrl': 'https://hltpimtsoch.sos-ch-dk-2.exoscale-cdn.com/catalog/2/4/a/9/24a93b3e79f90f0314ddb1b3dbb96c8769015ac5_HoP_129_RM28492__3.jpg'}];2026-08-31T16:30:16+02:00
09a6071e-64f7-4193-93e7-d7ca23f81b80;Ferienwohnung & Skifahren am Pizol;Pauschale: Buche 2–7 Nächte in einer von 10 ausgewählten Ferienwohnungen am Pizol und erhalte den Skipass inklusive – exklusiv bei Heidiland Tourismus.;<p><span class="Apple-style-span"><strong>Top-Angebot und nur &uuml;ber Heidiland Tourismus buchbar:</strong>&nbsp;w&auml;hrend der ganzen Wintersaison ist bei einem Aufenthalt ab 2 - 7 N&auml;chten der Skipass inklusive.</span><br><br>Nur knapp eine Stunde von Z&uuml;rich und St. Gallen entfernt, erlebst du am Pizol Winter pur. Geniesse ein paar Tage im vielseitigen Wintersportgebiet mit 12 Anlagen und 50 km Pisten. In Verbindung mit zwei bis sieben &Uuml;bernachtungen direkt im Skigebiet oder in Bad Ragaz und Umgebung ist der Skipass inbegriffen.<br><br><span class="Apple-style-span">Inkludierte Leistungen:<br></span></p><ul><li>10 speziell ausgew&auml;hlte Ferienwohnungen stehen dir zur Verf&uuml;gung</li><li>2 - 7 &Uuml;bernachtungen in der Ferienwohnung deiner Wahl</li><li>Beste Buchungschance: 4 - 7 N&auml;chte, bei 7 N&auml;chten Sa. - Sa.</li><li>2 - 7 Tage Skipass f&uuml;r das Skigebiet Pizol (g&uuml;ltig an gleich vielen Tagen wie N&auml;chte gebucht)</li><li>allf&auml;llige Taxen</li></ul><p><br><span class="Apple-style-span">Konditionen:<br></span></p><ul><li>buchbar w&auml;hrend der ganzen Wintersaison</li><li>bis 1 Tag vor Anreise buchbar</li><li>g&uuml;ltig nach Verf&uuml;gbarkeit (beste Buchungschance: 4 - 7 N&auml;chte, bei 7 N&auml;chten Sa. - Sa.)</li><li>das Skiticket erh&auml;ltst du an der Talstation Wangs oder Bad Ragaz gegen Vorweisen deines Vouchers (bitte mitbringen)</li></ul>;[{'@type': 'ImageObject', 'contentUrl': 'https://hltpimtsoch.sos-ch-dk-2.exoscale-cdn.com/catalog/f/4/b/5/f4b5a6e9c632fec41036126e17b4232f252b16b6_Titelbild_Landingpage_Pizol.jpg', 'caption': {'de': 'Pauschale: Ferienwohnung & Skifahren am Pizol', 'en': 'Package: Holiday Apartment & Skiing at Pizol'}}];2025-11-19T10:59:16+01:00
09f5acef-4f49-4558-a09e-c16e7400d5c0;Berghotel Gaffia;Das Berghotel Gaffia, ein fast 100-jähriges Steingebäude, liegt direkt an der Piste zwischen der Furt und Gaffia. Es bietet gemütliche Zimmer und Mehrbettzimmer im Berghütten-Stil für kleine Gruppen.;Das fast 100-jährige Steingebäude befindet sich zwischen der Furt und Gaffia, direkt an der Piste. Wer ein traditionelles, urchiges Berghotel sucht, ist hier genau richtig! Der Charme des Hauses lässt Nostalgie-Herzen höher schlagen und die guten alten Zeiten aufleben.

Gemütliche Zimmer warten darauf, wieder belebt zu werden. Das Berghotel Gaffia bietet neben den Doppelzimmern auch Mehrbettzimmer für kleine Gruppen.

Neben den Massenschlägen gibt es 9 Doppelzimmer, ein 4-Bettzimmer, ein 6-Bettzimmer und ein 8-Bettzimmer im Berghütten-Charme.;9.414126350911218;46.99478719914008;Station Gaffia;7323;Wangs;+41 81 300 48 30;info@gaffia.ch;https://www.gaffia.ch/;[{'@type': 'ImageObject', 'contentUrl': 'https://hltpimtsoch.sos-ch-dk-2.exoscale-cdn.com/catalog/1/1/9/c/119ce05a2ca8bc3b622704ae1c33823710622b01_Restaurant_Gaffia.jpg'}];2026-09-04T08:15:50+02:00
0a6e20af-a2fa-452f-a46e-2aeae01acc4e;Schlittelbahn Schrina;Winterspass pur auf der Schlittelbahn Schrina: Geniesse Panoramablicke, Ruhe und Natur – ein kostenloses Erlebnis für Familien und Geniesser.;<p data-start="137" data-end="376">Ein besonderes Wintererlebnis erwartet dich auf der rund 2 km langen Schlittelbahn Schrina am Walenstadtberg. Von Schrina Hochrugg (1289 m ü. M.) geht’s mit herrlichem Panoramablick ins Sarganserland hinunter zum Rehazentrum (967 m ü. M.).</p><p data-start="378" data-end="653">Die Schlittelbahn ist ein Geheimtipp für Familien, Naturfans und Ruhesuchende, fernab vom Trubel. Der Startpunkt ist nur zu Fuss erreichbar. Ein kurzer Winterspaziergang führt zum Ausgangspunkt beim gemütlichen „Rugg-Beizli“, ideal für eine Stärkung vor oder nach der Fahrt.</p><p data-start="655" data-end="797">Mit viel Herzblut betreiben Tourismus Walenstadt und die Familie Wildhaber dieses kostenlose Winterangebot - sicher, gepflegt und authentisch. Ob mit Kindern oder Freunden: Die Schlittelbahn Schrina garantiert Winterspass in traumhafter Naturkulisse.</p><p><strong>Anreise</strong><br>Die Anreise zur Schlittelbahn Schrina gestaltet sich am besten mit dem öffentlichen Verkehr, da nur wenige Parkplätze direkt vor der Schlittelbahn im Saniwald verfügbar sind.</p><p>Wichtig: Die Parkplätze beim Rehazentrum sind ausschliesslich den Patient:innen, Besucher:innen und Mitarbeitenden des Rehazentrums vorbehalten. Wir empfehlen daher, bequem mit dem Bus vom Walenstadt Bahnhof anzureisen, dort stehen ausreichend Parkplätze zur Verfügung.</p>;9.2679255;47.1410509;.;.;.;+41794544535;admin@tourismus-walenstadt.ch;https://www.tourismus-walenstadt.ch;[{'@type': 'ImageObject', 'contentUrl': 'https://hltpimtsoch.sos-ch-dk-2.exoscale-cdn.com/catalog/4/2/2/8/4228ec3c8e9ac9cd39dcc8528e4fe6975854e800__c__Fam_Wildhaber__10_.jpg'}];2026-01-26T15:19:04+01:00
0acdc45e-a5fe-489a-816b-d8994e714111;Berghotel Sankt Martin;Das Berghotel Sankt Martin im Calfeisental bietet eine historische Walsersiedlung auf 1350 m ü.M. mit Restaurant- und Hotelbetrieb. Es verfügt über zehn Zimmer und serviert saisonale, regionale Gerichte in einem einzigartigen Ambiente.;Herzlich willkommen in Sankt Martin im Calfeisental, der historischen Walsersiedlung auf 1350 m.ü.M. mit Restaurant- und Hotelbetrieb.

Ob zu Zweit, als Familie oder in einer kleinen Gruppe, wir finden bestimmt die passende Übernachtungsmöglichkeit für Sie.
In Sankt Martin verfügen wir über 10 Zimmer mit gesamt 26 Betten. Sie haben im Himmelbett oder im Joseph-Martins-Hüttli auch die Möglichkeit in einmaligen und historischen Zimmern wie anno dazumal zu übernachten. 

Wir freuen uns, Sie in der gemütlichen Alpwirtschaft Sankt Martin mit dem typischen Charme der Walsersiedlung aus dem 14. Jahrhundert verwöhnen zu dürfen.
In einem unvergleichlichen Ambiente mit offenem Kamin servieren wir Ihnen saisonale und regionale Gerichte, gutbürgerlich und raffiniert zubereitet. Tagsüber finden Sie Platz auf unserer Terrasse mit Blick auf den Gigerwaldsee.
Geniessen Sie die einmalige Umgebung bei einem feinen Essen und einer ausgewählten Weinkarte.;9.35763716697693;46.920687610936;Calfeisental;7315;Vättis;+41 81 306 12 34;info@sanktmartin.ch;http://sanktmartin.online;[{'@type': 'ImageObject', 'contentUrl': 'https://hltpimtsoch.sos-ch-dk-2.exoscale-cdn.com/catalog/c/7/d/e/c7de674297d1b7835cb94811f74632fb6badf05d_Aussenansicht_Terrasse.jpg'}];2026-09-04T08:06:00+02:00
0ae93548-e08a-4dbe-bdef-2e097a89d67a;Golf Club Bad Ragaz;Der Golf Club Bad Ragaz bietet ein einzigartiges Golferlebnis inmitten eines beeindruckenden Bergpanoramas. Der 18-Loch Championship Course ist Mitglied der Leading Golf Courses und wurde mit 5* Superior ausgezeichnet.;Mit viel Liebe zum Detail und Sorgfalt für perfekte Greens, bietet der Golf Club Bad Ragaz ein besonderes Golferlebnis. Eingebettet in ein unvergleichliches Bergpanorama und eine herrliche Parkanlage streben wir als Mitglied von Leading Golf nach Perfektion, damit sich anspruchsvolle Gäste bei uns rundum wohl fühlen.

Der 18-Loch Championship Course ist seit 2007 Mitglied der Qualitäts- und Wertegemeinschaft der «Leading Golf Courses» und seit diesem Jahr zusätzlich von «World of Leading Golf». Diese Mitgliedschaft bestätigt Golfkultur und Philosophie des Hauses, die am Streben nach Perfektion ausgerichtet sind. Als einzige Golfanlage der Schweiz wurde sie zudem durch den Bundesverband der Golfanlagen mit dem Prädikat 5* Superior ausgezeichnet und zählt zu den Topplätzen der Schweiz.;9.5048934;46.9989934;Hans-Albrecht Strasse 1;7310;Bad Ragaz;+41 81 303 37 17;golfclub@resortragaz.ch;http://www.golfclubragaz.ch;[{'@type': 'ImageObject', 'contentUrl': 'https://hltpimtsoch.sos-ch-dk-2.exoscale-cdn.com/catalog/c/e/7/9/ce793fcd4996cd59d51c52eea32fbff7e80b385d_Golf_Club_Bad_Ragaz_Luftaufnahme.jpg'}];2026-06-22T10:33:35+02:00
0b75c1e5-cd8f-4cf1-91ab-f45d1e1fd6dd;Anlegestelle Hafen Murg-West;Schiff Ahoi, ab Murg-West durch den Schweizer "Fjord".;<p>Erforschen Sie die tiefblaue Mitte der Region und geniessen Sie die atemberaubende Bergkulisse auf dem Walensee. Lassen Sie sich von den majest&auml;tischen Churfirsten, der wild romantischen Natur, dem glasklaren Wasser und den fantastischen Stimmungen am Walensee verzaubern. Der Walensee, das Paradies f&uuml;r nah und fern. Die Schiffsbetrieb Walensee AG verbindet Orte, Angebote und Aktivit&auml;ten in idealer Weise. Die Verbindung nach Quinten ist auch im Winter durchgehend in Betrieb.</p><h3>Zugangsinformationen</h3><div class="rte"><ul><li>Stufenloser Zugang</li><li>Ein- und Ausstieg durch Personalhilfestellung</li><li>Gruppen ab 10 Personen und Rollst&uuml;hle m&uuml;ssen im Voraus angemeldet werden.</li><li>Kein taktiles Leitsystem vorhanden</li></ul></div>;9.2112148;47.1132277;8877;Murg;+41 81 720 34 34;info@walenseeschiff.ch;https://walenseeschiff.ch/de/fahrplan/anlegestellen/murg-west.html;[{'@type': 'ImageObject', 'contentUrl': 'https://hltpimtsoch.sos-ch-dk-2.exoscale-cdn.com/catalog/9/b/6/3/9b63244d6c6413aa1b399261afb6dc7987b59224_Anlegestelle_Hafen_Piktogramm_HLT.png'}];2026-04-22T04:15:03+02:00
0c5cd3f1-2a04-4f93-9fd7-f537b7d3a435;Murgseehütte;Die Murgseehütte liegt idyllisch inmitten der eindrucksvollen Bergwelt der Murgseen und ist ein beliebtes Ziel für Tagesgäste, Wandernde und Sportfischer. Die einfache Berghütte bietet Übernachtungsmöglichkeiten in authentischer Hüttenatmosphäre und dient als idealer Ausgangspunkt für Naturerlebnisse rund um die glasklaren Bergseen. Besonders bekannt ist die Murgseehütte für die einzigartige Bergseefischerei, deren Patente direkt vor Ort erhältlich sind.;<div><p>Die Murgseeh&uuml;tte bewahrt ihren urspr&uuml;nglichen, rustikalen Charakter und liegt eingebettet in die eindrucksvolle Bergwelt der Murgseen. Als beliebtes Ausflugsziel f&uuml;r Tagesg&auml;ste, Wandernde und Naturfreunde bietet sie eine authentische H&uuml;ttenatmosph&auml;re inmitten einer einzigartigen Alpenlandschaft.</p><p>Wer die Bergwelt l&auml;nger geniessen m&ouml;chte, kann direkt in der H&uuml;tte &uuml;bernachten und die Ruhe fernab des Alltags erleben. Der einfachste Zustieg f&uuml;hrt ab dem Parkplatz Mornen zur H&uuml;tte und ist auch bei wechselhaften Wetterbedingungen gut machbar.</p><p>Besonders gesch&auml;tzt wird die Murgseeh&uuml;tte von Sportfischerinnen und Sportfischern. Die Fischerei in den oberen und mittleren Murgseen ist w&auml;hrend der &Ouml;ffnungszeiten der H&uuml;tte bis Ende September m&ouml;glich. Fischerpatente k&ouml;nnen direkt vor Ort erworben werden, wodurch sich die H&uuml;tte als idealer Ausgangspunkt f&uuml;r ein naturnahes Angelerlebnis an den glasklaren Bergseen eignet.</p><p>Die Kombination aus &Uuml;bernachtungsm&ouml;glichkeit, Bergseefischerei und abwechslungsreichen Wanderungen macht die Murgseeh&uuml;tte zu einem besonderen Ausflugs- und &Uuml;bernachtungsziel im Heidiland.</p></div>;9.157645002118251;47.0390023;Murgsee 878;8877;Murg;+41 81 511 03 63;reservation@murgsee.ch;http://www.murgsee.ch;[{'@type': 'ImageObject', 'contentUrl': 'https://hltpimtsoch.sos-ch-dk-2.exoscale-cdn.com/catalog/6/a/3/5/6a35a61e0d3367a828191daa3ddcd865cae13f6c_Fotoshooting_Murgsee_Herbst_2018__3_.jpg'}];2026-07-30T16:19:06+02:00
0d1aacaa-5ce8-4170-86c7-88f5956734b1;Berggasthaus Überuf Kunkelspass;Das Berggasthaus Überuf Kunkelspass liegt auf einer Hochebene und bietet eine gemütliche Terrasse sowie eine rustikale Gaststube. Es gibt einfache Gerichte tagsüber und spezielle Menüs abends. Übernachtungsmöglichkeiten sind vorhanden.;Auf einer wunderschönen Hochebene auf dem historischen Kunkelspass.
Berggasthaus neben Kuhalp mit Möglichkeit, beim Melken zuzuschauen. Sonnige, gemütliche Terrasse und urchige Gaststube. Einfache  Gerichte tagsüber, abends auch speziellere Menü.

Unser Berggasthaus verfügt über diverse Betten im Touristenlager (20 Plätze) sowie über zwei Doppelzimmer und ein Familienzimmer mit 4 Betten.
Schauraum der Tektonik Sardona Arena. Auch als Konferenz- oder Sitzungszimmer nutzbar.

Ideale, rund 50 km lange, Biketour ab Chur. Wanderwege abseits der Strasse.
Mit dem Auto / Motorrad über Tamins oder Bad Ragaz/Vättis.  Fahrverbot. Bewilligungen auf der Gemeinde Tamins erhältlich. Bitte telefonieren, wird helfen Ihnen bei der Bewilligung;9.411492588112162;46.856023500000006;Kunkelsstrasse 89;7315;Tamins;077 253 98 45 ;kunkelspass@gmail.com;http://www.kunkelspass.ch;[{'@type': 'ImageObject', 'contentUrl': 'https://hltpimtsoch.sos-ch-dk-2.exoscale-cdn.com/catalog/e/c/9/1/ec91187477365440156314866cd4f72100ab3c84_Bild1.jpg'}];2026-07-08T08:34:36+02:00
0d5e490c-afb2-4559-9531-cb4fbd63d942;Ferienhaus BERGflow;Das Ferienhaus BERGflow liegt zentral im Flumserberg-Tannenheim, einem Paradies für Ski, Bike und Wandern. Die Bergbahn Prodalp-Express ist 300 m entfernt, das Hallenbad mit Sauna 800 m. Separate Eingänge und gratis Parkplätze sind vorhanden.;Das Ferienhaus BERGflow befindet sich sehr zentral gelegen im Ski-, Bike- und Wanderparadies Flumserberg-Tannenheim. In nur 300 m zu Fuss erreichen Sie die Bergbahn Prodalp-Express Tannenheim. Das Hallenbad mit Sauna ist in 800 m erreichbar. Die Busstation Plattenwiese ist 200 m von der Unterkunft entfernt.

Die Ferienwohnungen und das Clubhaus verfügen über separate Eingänge und gratis Parkplätze. Sie können nach Bedarf einzeln oder auch zusammen gemietet werden. Auch eine Saison- oder Jahresmiete der Wohnungen ist möglich.;9.305118771278615;47.0908321;Flumserbergstrasse 116/118;8897;Flumserberg Tannenheim;+41 78 764 54 51;reservation@bergflow.ch;https://bergflow.ch;[{'@type': 'ImageObject', 'contentUrl': 'https://hltpimtsoch.sos-ch-dk-2.exoscale-cdn.com/catalog/2/3/d/6/23d69bd9ec5bd8b2f012c48dc38ea7b791cffbf1_Bergflow_Haus_2__2.jpg'}];2026-04-09T13:27:49+02:00
10507f59-4a24-45ec-b0d1-1b364921b1e2;Hotel Kurhaus Sennis;Das traditionelle Hotel Kurhaus Sennis auf der Sennis-Alp (1'400 m ü. M.) bietet einen stilvollen Speisesaal, schöne Gästezimmer und eine grosse Gartenwirtschaft. Es ist ein idealer Ort für Erholungssuchende, um Ruhe und neue Lebenskraft zu finden.;<div><p>Das traditionsreiche <strong>Hotel Kurhaus Sennis</strong> auf der idyllischen Sennis-Alp (1400 m &uuml;. M.) ist ein einzigartiger R&uuml;ckzugsort inmitten der Alvierkette. Das Haus bietet einen stilvollen, hellen Speisesaal, ein gem&uuml;tliches J&auml;gerst&uuml;bli, eine vertr&auml;umte Veranda und eine grossz&uuml;gige Gartenwirtschaft. F&uuml;r &Uuml;bernachtungen stehen nostalgische G&auml;stezimmer, zweckm&auml;ssige Familienzimmer sowie weitere Kategorien mit und ohne Balkon zur Verf&uuml;gung &ndash; insgesamt 25 Zimmer mit rund 60 Betten.</p><p>Geniesse die <strong>traditionelle K&uuml;che</strong> mit sorgf&auml;ltig zubereiteten Spezialit&auml;ten &ndash; von der &Auml;lplerspeise bis zum exklusiven Men&uuml; f&uuml;r besondere Anl&auml;sse. F&uuml;r Halbpension bieten wir den klassischen Table d&rsquo;h&ocirc;te Service (Vier-Gang-Men&uuml;) an.</p><p>Die Sennis-Alp ist ein Ort f&uuml;r Ruhe, Erholung und neue Lebenskraft. Entdecke die blumigen Alpweiden des Naturschutzgebietes, den knorrigen Bergwald mit w&uuml;rzigem Harzduft und die Tierwelt im nahen Wildasyl. Der Blick reicht &uuml;ber das Heidiland, den Walensee und die imposante Alvierkette &ndash; die &bdquo;Dolomiten der Ostschweiz&ldquo;.</p><p><strong>Infrastruktur &amp; Extras:</strong></p><ul><li>Restaurant mit 80&ndash;100 Sitzpl&auml;tzen</li><li>Gartenwirtschaft</li><li>25 Zimmer (Nostalgie-, Einzel-, Doppel-, Familien- und Mehrbettzimmer)</li><li>Parkpl&auml;tze (gegen Geb&uuml;hr)</li><li>Transfer-Service ab Rotherdplangg auf Anfrage</li><li>Hunde willkommen (mit Ausstattung)</li><li>WLAN nicht verf&uuml;gbar &ndash; Natur pur</li></ul></div>;9.3715405;47.1190555;Sennis-Alp;8892;Berschis;+41 81 733 12 29;sennis-alp@bluewin.ch;https://www.hotelkurhaussennis.com/;[{'@type': 'ImageObject', 'contentUrl': 'https://hltpimtsoch.sos-ch-dk-2.exoscale-cdn.com/catalog/a/b/5/e/ab5ed87e531f9ca3bfcef2b4846bdd5e1e2f7bd1_Hotel_Kurhaus_Sennis.jpg', 'caption': {'de': 'Hotel Kurhaus Sennis'}}];2026-08-07T14:32:43+02:00
1224e8e6-33ff-4ce7-98fe-c40df4a73908;Alprestaurant Siez;Das Alprestaurant Siez im Weisstannental bietet von Mitte Mai bis Mitte Oktober eine authentische Alperfahrung. Es liegt direkt an der Via Alpina und ist ideal für Gruppen und Individualreisende. E-Bike-Ladestationen und ein grosser Kinderspielplatz sind vorhanden.;Hier im Weisstannental erleben Sie den Alpsommer von seiner schönsten Seite. Auf der asphaltierten Fahrstrasse kommen Sie mit dem Car, dem Auto, dem Motorrad oder dem Bike bis zum Parkplatz vor dem Restaurant und vor der Sennerei – ein ideales Ausflugsziel für Gruppen und für lndividualisten. Entlang der Seez können Sie auf gut ausgebauten Wanderwegen von Weisstannen bis zum Vorsiez wandern. An Sonn- und Feiertagen können Sie mit der Buslinie 432 vom Bahnhof Sargans bis zum Vorsiez fahren. Grosser Kinderspielplatz.

Im Vorsiez stehen auf Verlangen für E-Bikes Ladegeräte zur Verfügung.

Jeden Sonntag im Juli und August feiner Siezer Zmorgä-Brunch mit frischen, auf der Alp hergestellten Produkten.

Das Alprestaurant Siez liegt direkt an der Via Alpina und bietet Übernachtungsmöglichkeiten (zwei Drei-Bett-Zimmer sowie 35 Plätze im Massenlager). Die Schlafplätze im Massenlager sind mit Wolldecken und Kissen ausgerüstet, den Schlafsack bringen Sie selber mit. Etagendusche/WC.

Ob für ein paar Stunden, einen Tag oder mit Übernachtung – auf der Alp Siez können Sie den Alltag vergessen und das Alpleben geniessen.

Geöffnet von Mitte Mai bis Mitte Oktober.;9.302415847778322;46.97729108770787;Alpenstrasse 60;7326;Weisstannen;+41 81 723 17 48;wirt@alpsiez.ch;http://www.alpsiez.ch;[{'@type': 'ImageObject', 'contentUrl': 'https://hltpimtsoch.sos-ch-dk-2.exoscale-cdn.com/catalog/1/1/9/6/119611e65d5c56f7515451ffd89dc6278fb75f6a_20170910_112725.jpg'}];2026-05-29T04:14:21+02:00
12dce35c-7d56-425c-ae1f-bfe01026ea1b;Kinderschlittelhang Prodalp;Kinderschlittelspass Prodalp: Neben der Sesselbahn gelegen bietet die flache Abfahrt sicheren Rutschspass für Kinder mit Bob oder Schneerutscher.;<p>Auf der Prodalp befindet sich nicht nur der Start zur mittelschweren Schlittelpiste, sondern auch der Kinderschlittelhang Prodalp. Die flache Abfahrt befindet sich direkt neben der Talstation der Sesselbahn Prodkamm und ermöglicht den Kleinen sicheren Fahrspass. </p><p>Ob mit Bob oder Schneerutscher, Kinder können sich hier auf dem Schlittelhang austoben und so viele Fahrten machen, wie sie möchten.</p>;9.28822696208954;47.080566886509466;Prodalp 3920;8898;Flumserberg Prodalp;+41 81 720 15 15;info@flumserbergbergbahnen.ch;https://www.flumserberg.ch/de;[{'@type': 'ImageObject', 'contentUrl': 'https://hltpimtsoch.sos-ch-dk-2.exoscale-cdn.com/catalog/2/1/7/5/21751d1063b3f4bbb72c506f65b70f7e3ae3c95c_tkv_bbf_kinderschlittel_281_R51_9870.jpg'}];2026-01-11T15:41:07+01:00
12f581d5-9df7-4b4b-9f50-97e11ed0f9a3;Sardonahütte SAC;Die Sardonahütte SAC im Calfeisental bietet Platz für 44 Personen. Sie ist von Mitte Juni bis Mitte Oktober geöffnet und bietet Halbpension sowie eine kleine Speisekarte für Tagesgäste. Die Hütte ist modern renoviert und gemütlich eingerichtet.;Die Hütte ist modern renoviert und heimelig eingerichtet. 
Die Hütte ist offen von Mitte Juni bis Mitte Oktober. Wir bieten den Gästen Halbpension, Getränke und eine kleine Speisekarte für Tagesgäste an. Der Winterraum hat 14 Plätze. Es ist ein Kochherd, Holz und Geschirr vorhanden. Alle Schlafräume sind mit Duvets ausgestattet.
Es hat Waschräume, aber keine Duschen. Das Stübli ist, auch wenn es draussen kühl ist, gemütlich eingerichtet.;9.275419190833333;46.91547395;SAC-Hütte;7315;Vättis;+41 81 306 13 88;jaeger.beat@bluewin.ch;http://www.sardonahuette.ch;[{'@type': 'ImageObject', 'contentUrl': 'https://hltpimtsoch.sos-ch-dk-2.exoscale-cdn.com/catalog/5/6/d/9/56d982f96d3d4d056563aaca9326c9c0c07ba384_Sardonah__tte_SAC11.JPG'}];2026-08-11T09:17:23+02:00
12fdd8f7-c05c-4251-afa0-392572e721dc;Denner Filiale Walenstadt;Der Denner in Walenstadt ist ein Supermarkt für den täglichen Bedarf mit einem preisbewussten Sortiment an Lebensmitteln, Getränken und Haushaltsartikeln.;<div><p>Der Denner in Walenstadt bietet eine praktische Einkaufsm&ouml;glichkeit f&uuml;r den t&auml;glichen Bedarf. Das Sortiment umfasst eine breite Auswahl an Lebensmitteln, Getr&auml;nken sowie Artikeln f&uuml;r Haushalt und Alltag zu attraktiven Preisen.</p><p>Er ist f&uuml;r Einheimische und G&auml;ste gut erreichbar und eignet sich ideal f&uuml;r den schnellen Einkauf zwischendurch oder zur Selbstversorgung w&auml;hrend des Aufenthalts in der Region. Der Denner steht f&uuml;r klare Sortimente, einfache Orientierung im Laden und ein gutes Preis‑Leistungs‑Verh&auml;ltnis.</p></div>;9.3161866;47.1198584;Sarganserstrasse 15;8880;Walenstadt;https://www.denner.ch/de/filialen/8880-walenstadt~s1145969;[{'@type': 'ImageObject', 'contentUrl': 'https://hltpimtsoch.sos-ch-dk-2.exoscale-cdn.com/catalog/c/f/e/3/cfe330ce9a79ab8c63cc8fffb0505ef386bdc3bb_Einkaufen_Piktogramm_HLT.png'}];2026-04-26T05:01:26+02:00
1386323c-8233-458d-a452-ec746ecbc26f;Mätz Appartement;Das Mätz Appartement liegt zentral in Flumserberg Tannenheim, nur 5 Minuten zu Fuss von der Talstation Prodalp-Express entfernt. Es bietet eine schöne Aussicht auf die Berge des Sarganserlandes und beherbergt das Restaurant mätz dine.;Das Appartement Mätz liegt mitten im Zentrum Flumserberg Tannenheim, 5 Gehminuten von der Haustüre bis zur Talstation Prodalp-Express und bietet eine schöne Aussicht auf die Berge des Sarganserlandes. Im gleichen Gebäude finden Sie das einzigartige Restaurant mätz dine. Einkaufsmöglichkeiten sind 5 Minuten zu Fuss entfernt.;9.304427504539492;47.09051299112454;Flumserbergstrasse 41;8897;Flumserberg Tannenheim;+41 79 795 10 32;maetz@rsnweb.ch;https://www.maetz-appartement.ch/;[{'@type': 'ImageObject', 'contentUrl': 'https://hltpimtsoch.sos-ch-dk-2.exoscale-cdn.com/catalog/6/6/d/1/66d109f2b384b0384f53c5e867ba36cc68ba0889_Titelbild_M__tz_Appartement.jpeg'}];2026-04-21T13:31:31+02:00
13a3a9db-a113-40b3-a86e-1595f6c68b90;Chäs-Stübli by Cristal;Das Chäs-Stübli by Cristal in Flumserberg bietet Schweizer Käsespezialitäten wie hausgemachtes Fondue und würziges Raclette. Die Weinkarte umfasst über 250 Positionen, hauptsächlich von Schweizer Winzern.;Der Käse wird ausschliesslich über lokale Produzenten bezogen. Mit unseren selbst kreierten und hausgemachten Beilagen wird Ihr Besuch bei uns zu einem Genusserlebnis für alle Käseliebhaber.

Die Käsespezialitäten lassen sich hervorragend mit einem Wein von unserer sehr gut sortierten Weinkarte begleiten. Wir haben für Sie verschiedene Positionen zusammengestellt, mit dem Hauptaugenmerk auf Schweizer Winzer. Die Auswahl begrenzt sich bewusst nur auf europäische Produzenten.;9.282386599999999;47.0931453;Tannenbodenalpstrasse 3;8898;Flumserberg;+41 81 720 16 16;info@cristal-flumserberg.ch;https://cristal-flumserberg.ch/de/;[{'@type': 'ImageObject', 'contentUrl': 'https://hltpimtsoch.sos-ch-dk-2.exoscale-cdn.com/catalog/5/c/d/9/5cd9cf9b9b344a9c5581b3977097a2331c4d2094_1_Ch__s_St__bli_Restaurant.jpg'}];2026-07-23T04:26:51+02:00
13ec0825-c17c-45b6-91f0-62c28e5f8f3f;Berggasthaus Lüsis;Das Berggasthaus Lüsis auf 1300 m ü.M. bietet eine herrliche Aussicht auf das Heidiland und den Walensee. Es liegt im Wandergebiet der Churfirsten und bietet einen Abholdienst ab Walenstadt.;Das Berggasthaus Lüsis liegt auf 1300 m.ü.M. ob Walenstadt inmitten des Wandergebietes der Churfirsten. Herrliche Aussicht auf das Heidiland und den Walensee.

Abholdienst ab Walenstadt.;9.330149080604796;47.13518475;Lüsisstrasse;8880;Walenstadt;+41 79 912 34 96;berggasthaus.luesis@bluewin.ch;https://berggasthaus-luesis.ch/;[{'@type': 'ImageObject', 'contentUrl': 'https://hltpimtsoch.sos-ch-dk-2.exoscale-cdn.com/catalog/f/d/f/5/fdf51307929a589aadaf1f40646e690340cce2da_20180905_151537.jpg'}];2026-05-31T16:51:28+02:00
144dda5b-668c-4ffc-b413-1346ea288f50;Intersport Wildhaber - Sport & Glockenhandel;Intersport Wildhaber in Flums bietet eine breite Auswahl an Sportausrüstung und handgefertigten Glockenriemen. Das Geschäft kombiniert Tradition mit moderner Ausstattung und bietet sowohl Sommer- als auch Winterartikel an.;Wir sind ein modernes, kundenfreundliches Sport-Fachgeschäft mit Glockenhandel und Sattlerei mitten im Dorf Flums. Wir bauen seit über 30 Jahren auf Tradition und Erfahrung. Unsere Kompetenz und Ihre Zufriedenheit sind uns wichtig!

Winter
- Vermietung Ski/Snowboards/Schuhe/Schneeschuhe/Tourenski - Tages-, Wochen- und Saisonmiete   
- Service Ski und Snowboards in hauseigener Werkstatt
- Verkauf Ski/Snowboards/Schuhe/Tourenausrüstung, Schneeschuhe, Winterschuhe und Schlitten/Bob
- Skijacke- und Hosen sowie Winterjacken für Erwachsene und Kinder
- Tourenbekleidung für Erwachsene 
- Helm, Skibrillen, Sonnenbrillen, Rückenprotektoren, Stirnlampen, Handschuhe, Heizsocken, Thermounterwäsche etc.


Sommer
- Trekking/Wanderschuhe, Wanderstöcke, Velohelme, Rucksäcke, Sonnenbrillen und noch vieles mehr
- Funktionelle Bekleidung für Sport und Wandern
- Bekleidung für Fitness, Yoga und Freizeit
- Bademode inkl. FlipFlops, Adiletten etc.

Geheimtipp:
Zur Spezialabteilung des Geschäftes gehören die handgefertigten Glockenriemen. In der Werkstatt werden diese ganz nach den Wünschen des Kunden gefertigt; mit den Ideen und der Erfahrung von begeisterten Fachleuten!  Auch Sennenkittel und "Chüeligürtel" sind bei uns erhältlich.;9.3433874;47.0914198;Kirchstrasse 9;8890;Flums;+41 81 733 23 24;wildhaber@wildhaber-sport.ch;http://www.wildhaber-sport.ch;[{'@type': 'ImageObject', 'contentUrl': 'https://hltpimtsoch.sos-ch-dk-2.exoscale-cdn.com/catalog/b/9/5/9/b95959cfafd25a71eb19e386e8e623ba164a25e2_Wildahber_Sport_Laden_Winter_202526_1__2.jpg'}];2026-05-29T04:14:21+02:00
14c015a9-da45-4f29-89f8-85f912b1898f;Hotelpauschalen im Heidiland;Attraktive Hotelpauschalen in der gesamten Ferienregion Heidiland – von Skiabenteuern am Flumserberg und Pizol über Wellness in Bad Ragaz bis zu Familien- und Genussangeboten in Maienfeld.;<p>Erlebe unvergessliche <strong data-start="632" data-end="664">Hotelpauschalen im Heidiland</strong>, die von Wellness und Genuss bis zu Familienabenteuern reichen.</p>
<p data-start="352" data-end="659">Du hast die Wahl zwischen Hotels in unterschiedlichen Lagen &ndash; von den Bergen am Flumserberg oder Pizol bis hin zu den Thermal- und Genussorten wie Bad Ragaz oder den Erlebnisangeboten in Maienfeld.</p>
<p data-start="661" data-end="919">Die Pauschalen beinhalten je nach Angebot &Uuml;bernachtungen mit Fr&uuml;hst&uuml;ck oder Halbpension sowie erg&auml;nzende Leistungen, die deinen Aufenthalt abrunden. Dazu k&ouml;nnen beispielsweise Thermeneintritte, kulinarische Elemente oder saisonale Freizeitangebote geh&ouml;ren.</p>
<p data-start="921" data-end="1298">Die Buchung ist saisonal m&ouml;glich und bietet dir passende Optionen f&uuml;r verschiedenste Bed&uuml;rfnisse &ndash; egal, ob du aktive Tage im Schnee oder in der Natur planst, erholsame Wellnessmomente suchst oder gemeinsame Zeit mit der Familie verbringen m&ouml;chtest. So kombinierst du Unterkunft und Zusatzleistungen in einem Paket und gestaltest deinen Aufenthalt unkompliziert und flexibel.</p>;[{'@type': 'ImageObject', 'contentUrl': 'https://hltpimtsoch.sos-ch-dk-2.exoscale-cdn.com/catalog/2/7/1/5/27157b6fc02d9364358f8e501886829db47b7163_medium__Schlaf_fass.jpg', 'caption': {'de': 'Hotelpauschalen im Heidiland', 'en': 'Hotel Packages in Heidiland'}}];2026-04-22T09:04:53+02:00
163aa76f-8ab2-4fe4-9503-482210fcc9ce;Restaurant Trocadero;Das Restaurant Trocadero in Bad Ragaz bietet seit 20 Jahren authentische italienische Küche. Gäste können hausgemachte Pasta, saftige Rindfleischspiesse und Holzofenpizzas in einem gemütlichen Ambiente geniessen.;Wie bei Mama… nur besser!
Seit 20 Jahren pflegen wir die authentische italienische Tischkultur in Bad Ragaz. 

Bei uns wird sinnesfreudig und mit dem Herzen gekocht – italienisch, saisonal und temperamentvoll. Klassiker, wie hausgemachte Pastagerichte oder «Spiedino di Manzo» - ein saftig gebratener Rindfleisch-Spiess - sowie mit viel Hingabe zubereitete Pizzas aus dem Holzofen sind wahre Gaumenfreuden all’italiana. 

Ein ambitioniertes Team freut sich, Sie nach den unauflöslichen Regeln der guten Küche und echter Gastfreundschaft zu verwöhnen, damit Sie das Trocadero in tiefer Zufriedenheit verlassen. ;9.496881380477504;47.00825409403388;Sarganserstrasse 43;7310;Bad Ragaz;+41 81 302 22 88;trocadero@remimag.ch;https://www.trocadero-ragaz.ch/;[{'@type': 'ImageObject', 'contentUrl': 'https://hltpimtsoch.sos-ch-dk-2.exoscale-cdn.com/catalog/5/a/7/b/5a7be8f9dc3343f86fdc3a1e895d14e4adb77b1c_csm_restaurant_pizzeria_trocadero_bad_ragaz_restaurant_2_a7f626f487.jpg'}];2026-08-04T08:32:19+02:00
16a2f1ce-a28c-4605-8a1f-0945f9010e0a;Naturpfad Crapparundweg;Mit Edi & Tanja auf dem Crapparundweg – spannende Orte, Quizfragen und eine Überraschung am Ende. Ein lehrreicher Spaziergang für Gross und Klein.;<p>Der mittlerweile ber&uuml;hmte Edi Eichelh&auml;her und seine Freundin Tanja Tannenh&auml;herin empfangen dich auf dem Crapparundweg bei der Rastplatzh&uuml;tte oder vor der Senn&auml;stube. Sie kennen die Umgebung so gut wie ihr Federkleid und zeigen dir spannende Orte rund um den Crappawald. Beantwortest du unterwegs ihre Quizfragen richtig, bekommst du eine L&ouml;sungszahl. Am Schluss winkt eine &Uuml;berraschung. Viel Spass auf dem lehrreichen Spaziergang!</p>;9.2852919;47.0935009;8898;Flumserberg Tannenboden;+41582293891;roger.bolliger@sg.ch;https://www.sg.ch/umwelt-natur/wald/waldregion-3-sargans/naturpfade.html;[{'@type': 'ImageObject', 'contentUrl': 'https://hltpimtsoch.sos-ch-dk-2.exoscale-cdn.com/catalog/0/7/a/d/07ad0246f15c2e256b54a97380ee6a7046becbcd_Crapparundweg_mit_Edi.jpg'}];2025-12-03T13:30:33+01:00
177aa9ad-7b76-4eb9-8671-b1264ab37560;SAC Spitzmeilenhütte;Die Spitzmeilenhütte SAC bietet eine familienfreundliche Unterkunft mit 50 Schlafplätzen in 4er, 6er und 8er Zimmern. Sie liegt hoch über dem Schilstal und bietet atemberaubende Ausblicke auf die Churfirsten und den Spitzmeilen.;Familienfreundliche, moderne SAC-Hütte mit Schlafplätzen aufgeteilt in 4er, 6er und 8er Zimmer, insgesamt 50 Schlafplätze. Der Winterraum ist immer offen auch wenn die Hütte geschlossen ist. 

Wanderer, Naturbegeisterte und Skitouren-Läufer schätzen die einzigartige Lage der Spitzmeilenhütte: hoch über dem Schilstal mit atemberaubendem Blick zu den Churfirsten und auf den Spitzmeilen.;9.250584400895953;47.0342389;SAC-Hütte;8898;Flumserberg Tannenbodenalp;+41 79 610 36 39;info@spitzmeilenhuette.ch;http://www.spitzmeilenhuette.ch;[{'@type': 'ImageObject', 'contentUrl': 'https://hltpimtsoch.sos-ch-dk-2.exoscale-cdn.com/catalog/6/4/7/7/6477adf72792a9d172207b49925afee490074e19_Spitzmeilenh__tte.jpg'}];2025-11-04T09:40:04+01:00
17812a2f-f70e-4a04-a1a3-ac64f22e8cc9;Metzgerei Kellenberger;Die Metzgerei Kellenberger in Bad Ragaz bietet seit 1885 regionale Qualitätsprodukte. Von Aufschnitt bis zu zarten Filets finden Interessierte alles in der Theke, inklusive ungewöhnlicher Leckerbissen. Genuss-Tipps und Platten für gesellige Runden sind ebenfalls erhältlich.;In der vierten Generation seit 1885 bedienen wir Sie persönlich und sind stolz auf unsere regionalen Qualitätsprodukte.

Von Hand zerteilt, mit Herzblut gefertigt: Von Aufschnitt bis zarten Filets finden Sie in unserer Theke alles, auch ungewöhnliche Leckerbissen. Gerne geben wir Genuss-Tipps oder stellen Platten für Ihre gemütliche Runde zusammen.;9.5017611;47.0032913;Freihofweg 1;7310;Bad Ragaz;+41 81 302 13 22;info@metzgerei-kellenberger.ch;https://www.metzgerei-kellenberger.ch/;[{'@type': 'ImageObject', 'contentUrl': 'https://hltpimtsoch.sos-ch-dk-2.exoscale-cdn.com/catalog/f/2/d/e/f2de177f382304afdc9e1517b99ccd478bf7c1cb_Bild1.jpg'}];2026-08-07T04:14:39+02:00
1798f9fe-33c6-44ea-9609-27547b36268d;Feuerstelle Murg;Die Feuerstelle in Murg liegt direkt am Walensee am Wasser und befindet sich in der Nähe des Camping Murg mit Toiletten, Kiosk und Spielplatz.;<div>Die Feuerstelle in Murg am Walensee liegt in unmittelbarer N&auml;he zum Campingplatz und eignet sich ideal f&uuml;r eine gem&uuml;tliche Grillpause am See. Ein Abfalleimer ist vorhanden. Toiletten und ein Kiosk mit Snacks befinden sich beim nahegelegenen Camping Murg. Ein Spielplatz vom Spielerlebnis Walensee liegt in der N&auml;he. Die Feuerstelle wird vom Verkehrsverein Murg in Zusammenarbeit mit dem Camping Murg unterhalten.</div>;9.216692447662355;47.115028777446774;8877;Murg;+41 81 720 18 18;flumserberg@heidiland.com;https://www.heidiland.com;[{'@type': 'ImageObject', 'contentUrl': 'https://hltpimtsoch.sos-ch-dk-2.exoscale-cdn.com/catalog/0/d/0/7/0d0779206fe308c99e7d519bc109496782e2ff34_Feuerstelle_Piktogramm_HLT.png'}];2026-04-21T13:00:20+02:00
17c5124a-4ddf-453a-9af5-9ade5d6d49fb;BnB Haus Weibel;Das BnB Haus Weibel in Landquart bietet Panoramablick auf die Berge, kostenfreies WLAN und Parkplätze. Es liegt 500 m vom Bahnhof und der Autobahn A13 entfernt. Alle Zimmer sind mit Flachbild-TV und Nespresso-Maschine ausgestattet.;Das BnB Haus Weibel liegt nur 500 m vom Bahnhof Landquart und der Autobahn A13 entfernt. Es bietet einen Panoramablick auf die Berge, kostenfreies WLAN im Zimmer und kostenfreie Parkplätze.

Alle Zimmer verfügen über einen Flachbild-Kabel-TV und eine Nespresso-Kaffeemaschine. Bei der Ankunft steht 1 Flasche Mineralwasser pro Person kostenfrei bereit.

Morgens wird ab 08:00 Uhr im Frühstücksraum, auf der Terrasse oder auf Anfrage auch auf Ihrem Zimmer ein kontinentales Frühstück serviert.;9.5622841185405;46.968601500000005;Bahnhofstrasse 57;7302;Landquart;+41 76 480 91 34;info@hausweibel.ch;http://www.hausweibel.ch;[{'@type': 'ImageObject', 'contentUrl': 'https://hltpimtsoch.sos-ch-dk-2.exoscale-cdn.com/catalog/1/0/7/e/107e0be940dde6999d53ed01dac55a3fa23c99e3_Heidi3.JPG'}];2026-01-19T12:01:33+01:00
17f8b6b7-71bb-4e6f-9517-77758f24b90b;Strandkiosk am Bach;Der Strandkiosk am Bach in Walenstadt liegt direkt am Walensee nahe einem grossen Spielplatz und bietet Snacks, Getränke sowie SUP‑Board‑Verleih.;<div><p>Der <strong>Strandkiosk am Bach in Walenstadt</strong> befindet sich direkt am Ufer des Walensees, in unmittelbarer N&auml;he des grossen Kinderspielplatzes und unweit des Restaurant Seehofs. Als Teil der Badestellen am Walensee bietet der Kiosk eine Auswahl an Snacks und Getr&auml;nken und sorgt damit f&uuml;r eine erfrischende Pause am Wasser.</p><p>Die Umgebung ist gepr&auml;gt von einer <strong>grossz&uuml;gigen Liegewiese mit schattenspendenden B&auml;umen</strong>, Grillstellen sowie einem Sandkasten und <strong>WC‑Anlagen</strong>. Zudem besteht die M&ouml;glichkeit, <strong>SUP‑Boards zu mieten</strong>, was den Standort besonders attraktiv f&uuml;r aktive G&auml;ste macht.</p><p>Der Strandkiosk ist &uuml;ber einen <strong>Spazierweg entlang des Seeufers</strong> gut erreichbar und liegt nahe der Schiffsanlegestelle, was ihn zu einem beliebten Treffpunkt f&uuml;r Familien, Badeg&auml;ste und Spazierg&auml;nger macht. Der Strandkiosk am Bach verbindet Erholung, Genuss und Freizeitaktivit&auml;ten in unmittelbarer Seen&auml;he.</p></div>;9.302169084548952;47.12812940392019;Seemühlestrasse;8880;Walenstadt;+41 81 720 18 18;flumserberg@heidiland.com;https://www.heidiland.com;[{'@type': 'ImageObject', 'contentUrl': 'https://hltpimtsoch.sos-ch-dk-2.exoscale-cdn.com/catalog/6/4/4/6/6446ee41fe3d44e166c0fbc937676d56efe7e924_Kiosk_Piktogramm_HLT.png'}];2026-04-26T05:01:53+02:00
1872b621-ac9a-459f-b815-4f31b86f6a06;Alp Findels;Alp Findels bietet regionale Köstlichkeiten und hausgemachte Spezialitäten in einer idyllischen Umgebung. Ein Kinderspielplatz sorgt für Unterhaltung der kleinen Gäste, während Erwachsene die Aussicht auf die umliegende Berglandschaft geniessen können.;Nach der kurzen Bahnfahrt und einer bequemen halbstündigen Wanderung geniessen Sie eine Älplerkässchnitte oder ein feines z`Vieriplättli mit regionalen sowie auf der Alp produzierten Köstlichkeiten. Für die kleinen Gäste steht ein Kinderspielplatz gleich neben der Gartenbeiz.;9.4613904;46.9403613;Oberhalb Pfäfers SG;7315;Vättnerberg;+41 76 402 17 36;info@alpfindels.ch;https://www.alpfindels.ch/;[{'@type': 'ImageObject', 'contentUrl': 'https://hltpimtsoch.sos-ch-dk-2.exoscale-cdn.com/catalog/2/a/0/7/2a07153f0885d30cb30ad30ceca9fc7d2f47a5ca_IMG_2330.JPG'}];2026-08-31T13:22:43+02:00
18ee90a8-032e-4db9-ba45-be49cad84540;rivellaHome;Im gemütlichen rivellaHome geniessen Sie feine Fondue- und Raclette-Spezialitäten – perfekt, um sich vor dem Nachtskifahren zu stärken oder danach mit einem heissen Getränk aufzuwärmen.;Das rivellaHome ist ein gemütliches Fondue- & Raclette-Chalet, welches feinsten Käse-Spezialitäten anbietet.  
Vom 26.12.2025 bis 06.03.2026 findet jeweils freitags und zusätzlich am Samstag, 27.12.2025 das Nachtskifahren in der Flumserberg Galaxie statt. Der ideale Zeitpunkt sich davor im rivellaHome zu stärken oder sich bevor dem nach Hause gehen mit einem heissen Getränk aufzuwärmen.;9.2807483;47.0919796;Molseralpstr. 9;8898;Flumserberg;+41 81 720 15 66;info@colors-flumserberg.ch;https://www.flumserberg.ch/rivellahome;[{'@type': 'ImageObject', 'contentUrl': 'https://hltpimtsoch.sos-ch-dk-2.exoscale-cdn.com/catalog/4/b/4/2/4b4287286b94ea552fa44b4171b16f2d946bd961_tkv_bbf_nachtski_0020__52_5141_Enhanced_NR.jpg'}];2026-05-14T08:34:08+02:00
19a1ec89-b583-4b84-82f8-08c1e664f683;Spielplatz Prodalp Flumserberg;Der Spielplatz Prodalp Flumserberg bietet Kindern auf 1500 m Höhe über dem Walensee vielfältige Spielmöglichkeiten. Mit Hüpfkissen, Hüpfburg, Schaukeln und einem Veloparcours ist er ideal für Bewegung und Spass. In der Nähe befinden sich das Restaurant Prodalp und der Kletterturm Cliimber.;<p>Ein abwechslungsreicher Spielplatz mit einem Hüpfkissen und einer Hüpfburg, die den Kindern viel Raum für energievolles Springen und Toben bieten. Es gibt mehrere Schaukeln, die sowohl für kleinere als auch für größere Kinder geeignet sind. Ein Spielturm mit Kletterelementen und einer kleinen Rutschbahn lädt zu Abenteuern und ersten Kletterversuchen ein. Außerdem sorgt ein spezieller Veloparcours für die Kleinen dafür, dass sie mit ihren Fahrrädern oder den vorhandenen Laufrädern sicher fahren und ihre Geschicklichkeit verbessern können. Ein Ort voller Bewegung und Spaß für Kinder unterschiedlichen Alters! In der Nähe befindet sich das Restaurant Prodalp, sowie der Kletterturm «Cliimber». </p>;9.2893443;47.0806776;Prodalp;8897;Flumserberg;info@flumserbergbahnen.ch;[{'@type': 'ImageObject', 'contentUrl': 'https://hltpimtsoch.sos-ch-dk-2.exoscale-cdn.com/catalog/6/f/5/a/6f5a37c7bff6ede25318564d8bf6de18df91a817_tkv_hlt_spielplaetze_007_Prodalp_002A8499.jpg'}];2026-06-05T20:32:46+02:00
1a82a38d-4052-4df2-b502-e63d0d9d4445;Restaurant Mätz Dine;Das Restaurant Mätz Dine in Flumserberg bietet ein vielseitiges Gastronomieangebot mit regionalen Produkten und modernen Einflüssen. Gäste können in einer gemütlichen Atmosphäre Speisen und Getränke geniessen, sei es im Restaurant, an der Bar oder auf der Terrasse.;Geniessen Sie inmitten herrlicher Bergkulisse mit Sicht auf das Sarganserland ein hochwertiges Gastronomieangebot.

Das Mätz Dine besticht durch seine Einzigartigkeit, Authentizität und Vielseitigkeit. Die heimelige Atmosphäre bietet zusammen mit unseren Leckereien ein Erlebnis für alle Sinne.

Wir kochen auf internationalem Top-Niveau mit regionalen Produkten. Unsere Küche verbindet Altbewährtes mit modernen Einflüssen aus der französischen Küche. Ob für eine ausgiebige Tavolata, ein feines Fisch-Gericht oder für ein Feierabend-Bier, das mätz dine bietet für jeden etwas. Auch unsere Weinkarte lässt keine Wünsche offen.

Das Mätz Dine in Flumserberg Tannenheim steht für hochwertige, ehrliche Küche mit regionalen und saisonalen Produkten. Küchenchef und Gastgeber Michael Bless verbindet traditionelle Gerichte mit modernen, französisch und international inspirierten Einflüssen. Ideal zum genussvollen Einkehren nach dem Skifahren oder Wandern am Flumserberg. Dazu erwarten Sie eine ausgezeichnete Weinauswahl, eine gemütliche Atmosphäre und eine Sonnenterrasse mit Aussicht ins Sarganserland.;9.304406046867372;47.09065912784304;Flumserbergstr. 131;8897;Flumserberg;+41 81 733 11 28;dine@maetz.ch;https://www.maetz.ch/;[{'@type': 'ImageObject', 'contentUrl': 'https://hltpimtsoch.sos-ch-dk-2.exoscale-cdn.com/catalog/0/9/8/8/0988d6ac8c804ae633a3329154ac69314764f3d1_M__tz_Dine__min.jpg'}];2026-09-03T21:14:47+02:00
1aa06852-b3ec-49b5-b341-d11b7c75b389;Weingut Familie Hansruedi Adank;Das Weingut Familie Hansruedi Adank in Fläsch bietet ein ideales Terroir für Burgundersorten. Die kalkhaltigen Böden und das alpine Klima prägen die Weine, die Geschichten von Handwerk und Tradition erzählen.;Reben und Wein sind unsere Leidenschaft, unsere Motivation. Wir lieben das Handwerk, die vielfältigen Arbeiten im Laufe der Jahreszeiten. Im Winter, wenn wir unter dem klaren Himmel der Bündner Herrschaft mit dem Rebschnitt das Fundament für den kommenden Jahrgang legen. Im Sommer, wenn morgens bei der Laubarbeit die Tautropfen auf den Rebblättern glitzern. Und ganz besonders im Herbst: dann lesen wir mit dem Ernteteam die Trauben – bei uns heisst das übrigens «wimmle» – und anschliessend beginnt die Arbeit im Keller. 

Erfahrung und Handwerk sind abgestimmt auf das Fläscher Terroir. Reich an Kalk und je nach Lage mit Ton und Lehm angereichert, prägen diese durchlässigen, warmen Schiefer-Böden unsere Weine. Doch erst das Mikroklima macht das Fläscher Terroir perfekt: Im Herbst ist der Himmel über der Bündner Herrschaft meist tiefblau und die Luft fühlt sich an wie Seide. Dann streicht der Föhn durch die Regionen des Alpenrheins. Er trocknet den Tau von den Trauben und seine Wärme verpasst der Beerenreife den letzten Schliff. So heiss es tagsüber auch werden kann. Gegen Abend streichen kühle Fallwinde vom Fläscher Berg her durch die Reben und sorgen für eine balancierte Säure.

Adank Weine ist ein Familienweingut und es versteht sich von selbst, dass wir alle Aufgaben gemeinsam bewältigen. In der Grösse unseres kleinen Teams liegt unsere Kraft. Gegenseitige Wertschätzung und ein offenes Ohr für die Ideen und Vorstellungen in unseren Köpfen bringen unsere Weine voran. Ehrliches Handwerk, Nachhaltigkeit und Zeit bilden die Grundpfeiler unserer Philosophie. Zeit, die wir uns nehmen, um die richtigen Entscheidungen zu treffen und Zeit, die wir den Weinen lassen, um zu ihrer Vollendung zu gelangen. Handwerk, das auf den Erfahrungen baut, die wir uns Tag für Tag im Keller und in den Rebbergen aneignen. Nachhaltigkeit, die wir leben: Unsere Böden sollen so vielfältig und so biodivers wie nur möglich an die nächste Generation weitergegeben werden.;9.5139953;47.0265408;St. Luzi 3;7306;Fläsch;+41 81 302 65 56;mail@adank-weine.ch;http://www.adank-weine.ch;[{'@type': 'ImageObject', 'contentUrl': 'https://hltpimtsoch.sos-ch-dk-2.exoscale-cdn.com/catalog/7/3/2/3/7323b4249a8298a5399e7bdbd73c131eba3d7553_Hansruedi_und_Rezia_Adank.jpg'}];2026-07-31T13:20:15+02:00
1aa219d9-40f8-4ef3-b3f3-0e4ae7bfe449;Alp Tschingla;Alp Tschingla bietet einfache, traditionelle Menüs und Übernachtungsmöglichkeiten in vier Doppelzimmern und einem Massenlager für 20 Personen. Entspannung bietet ein Hotpot, der nach einer Wanderung auf Voranmeldung eingeheizt wird.;<p>In unserer H&uuml;ttenk&uuml;che bereiten wir einfache und urchige Menus zu. Es gibt verschiedenes vom Grill, Salate, Aelplermaccaronen, Tomatenspaghetti oder einfach nur was kleines: K&auml;se, Salsiz, Speck und Brot. Zum &Uuml;bernachten stehen 4 Doppelzimmer und ein Massenlager f&uuml;r 20 Personen zur Verf&uuml;gung. Zur Entspannung nach einer sch&ouml;nen Wanderung, heizen wir gerne auf Voranmeldung den Hotpot ein.</p>;9.2948089;47.1483796;Auf der Alp;8880;Walenstadt;+41 76 804 07 88;lm.gadient@bluewin.ch;http://www.tschingla.ch;[{'@type': 'ImageObject', 'contentUrl': 'https://hltpimtsoch.sos-ch-dk-2.exoscale-cdn.com/catalog/4/e/a/8/4ea8c844227848b29617c666f91fc2524b653336_H__ttentouren_Tschingla_Walenstadtberg__3_.jpg'}];2025-11-04T09:42:20+01:00
1b15b04f-6ecb-4b0e-8960-25f32d4b259b;Grand Resort Bad Ragaz;Das Grand Resort Bad Ragaz vereint Fünf-Sterne-Luxus mit erstklassiger medizinischer Expertise. Es bietet 233 luxuriöse Zimmer, sieben Restaurants mit Michelin-Sternen, zwei Golfplätze und ein Casino. Ein einzigartiges Health- und Wellnessangebot erwartet die Gäste.;Das Grand Resort Bad Ragaz ist eine einmalige Kombination aus Fünf-Sterne-Luxusresort und erstklassiger medizinischer Expertise in der Schweiz. Gäste finden hier einen Rückzugort der Erholung und tiefgreifenden Regeneration.

Es besteht aus den beiden Fünf-Sterne-Hotels Grand Hotel Quellenhof &amp; Spa Suites und Grand Hotel Hof Ragaz mit 233 luxuriösen Zimmern und Suiten. Das Resort integriert eines der besten Gesundheitszentren Europas und bietet ein einzigartiges Health- und Wellnessangebot an. Für kulinarische Gaumentänze stehen sieben Restaurants mit insgesamt 6 Michelin-Sternen und 76 Gault-Millau-Punkten, ein Sushi-Take-Away, ein Bistro sowie ein Café zur Auswahl. Zwei Golfplätze, ein Meetings &amp; Events Center, das öffentliche Thermalbad Tamina Therme und ein eigenes Casino machen jeden Aufenthalt zu einem wahren Erlebnis.;9.50390330143708;47.0004384;Bernhard-Simonstrasse;7310;Bad Ragaz;+41 81 303 30 30;reservation@resortragaz.ch;http://www.resortragaz.ch;[{'@type': 'ImageObject', 'contentUrl': 'https://hltpimtsoch.sos-ch-dk-2.exoscale-cdn.com/catalog/f/7/8/c/f78c85aaae02c4aeed9014e12f89293d78284b98_GRBR_Resort_allgemein_aussen_leicht_von_oben_V2.jpg'}];2026-08-26T04:51:04+02:00
1b96af68-9e4e-4a64-85c2-72220d132dd9;Restaurant Schützengarten;Das Restaurant Schützengarten in Flums bietet bürgerliche Küche mit saisonalen Spezialitäten. Es ist ideal für Paare, Familien und Gruppen und bietet sowohl Innen- als auch Aussenbereiche. Haustiere sind willkommen.;Bürgerliche Küche mit verschiedenen Mittagsmenü und Empfehlungen
Gediegenes Abendessen im Wintergarten 
Metzgetä, Wildspezialitäten, Spargeln, Cordon- Bleufestival
immer etwas Neues;9.34622240368007;47.09429526703;Bahnhofstrasse 18;8890;Flums;+41 81 733 12 22;rest.schuetzengarten@bluewin.ch;http://www.schuetzen-garten.ch/;[{'@type': 'ImageObject', 'contentUrl': 'https://hltpimtsoch.sos-ch-dk-2.exoscale-cdn.com/catalog/d/4/d/8/d4d80bb41e2491b91d1cd8775c5b0a6faeee3c50_schuetzengartenfotos90kleiner.jpg'}];2026-06-22T10:41:27+02:00
1d9555f9-0984-466d-8b59-a4a0339460be;Alte Alp Gaffia;Die Alte Alp Gaffia auf 1861 m ü. M. bietet regionale Speisen und hausgemachte Kuchen. Sie ist bequem mit der Sesselbahn erreichbar und lädt auf der Sonnenterrasse oder in der rustikalen Gaststube zum Verweilen ein.;Das Team begrüsst Sie täglich als Gast auf der Sonnenterasse und in der rustikalen Gaststube. Zur Alte Alp Gaffia auf 1861 m ü. M. gelangen Sie bequem mit der Sesselbahn von der Furt. Geniessen Sie regionale Speisen, feine hausgemachte Kuchen und Desserts. Des Weiteren bieten wir erfrischende Getränke und Spezialitäten an.;9.411474466323854;46.99004531027749;Wangserberg;7323;Wangs Furt;081 511 54 33;wemaka@bluewin.ch;https://www.altealpgaffia.ch/;[{'@type': 'ImageObject', 'contentUrl': 'https://hltpimtsoch.sos-ch-dk-2.exoscale-cdn.com/catalog/6/3/1/a/631ae81b60f7f4cfbab22f096a0256b1afffd709_Alp_Gaffia.jpg', 'caption': {'de': 'Alte Alp Gaffia'}}];2026-06-01T09:48:37+02:00
1d9ef9f4-8cda-4daa-bd40-e2fd25a2a80f;Hertihof Hofladen;Im Selbstbedienungs-Hofladen des Hertihofs in Untervaz finden Besuchende fünf Tage die Woche ein saisonales Angebot an Gebäck, Fleisch, Honig und mehr. Die Besenbeiz lädt zu Kaffee und Kuchen ein.;Im Selbstbedienungs-Hofladen finden Kunden 5 Tage die Woche ein ausgesuchtes, saisonales Angebot vom Hof. Gebäck wie Nuss- und Linzertorten, Frischfleisch (gefroren) und Trockenfleisch, Bienenhonig, Hof-Glace, Alpkäse u.v.m. – Wer Zeit hat, verweilt in der angegliederten Besenbeiz bei einem feinen, in Untervaz gerösteten Kaffee und einem Stück Küchen aus der Hofbäckerei.;9.548063278198242;46.92509881409418;Baltschinweg 1;7204;Untervaz;+41 76 366 01 32;info@hertihof.ch;https://www.hertihof.ch;[{'@type': 'ImageObject', 'contentUrl': 'https://hltpimtsoch.sos-ch-dk-2.exoscale-cdn.com/catalog/8/8/c/8/88c8ea43a1e04325a5affb6b819ebfc71f186906_hertihof_besenbeiz4_by_prezis__2.jpg'}];2026-08-07T13:05:11+02:00
1e0fb5ef-18ad-4677-868b-fecdad041d7c;Bahnhof Unterterzen;Bahnhof Unterterzen nahe am Walensee mit P+Rail‑Parkplätzen und überdachtem Veloparking als idealer Startpunkt für Ausflüge in die Region und an den Flumserberg mit der Gondelbahn SeeJet.;<div>Der Bahnhof Unterterzen liegt nahe am Walensee und ist ein wichtiger Ankunfts- und Ausgangspunkt f&uuml;r Ausfl&uuml;ge in die Region sowie Richtung Flumserberg mit der Gondelbahn SeeJet. Der Bahnhof ist gut erschlossen und eignet sich ideal f&uuml;r eine kombinierte Anreise mit Bahn, Auto oder Velo. Am Bahnhof stehen 5 Parkpl&auml;tze (P+Rail Unterterzen) zur Verf&uuml;gung sowie ein &uuml;berdachtes Veloparking mit 18 Pl&auml;tzen.</div>;9.2549987;47.1138237;8882;Unterterzen;https://www.sbb.ch/de/reiseinformationen/bahnhoefe/bahnhof-finden/bahnhof.9416.unterterzen.html;[{'@type': 'ImageObject', 'contentUrl': 'https://hltpimtsoch.sos-ch-dk-2.exoscale-cdn.com/catalog/b/9/f/d/b9fd2984fdc3f7d448b534f90f35c5863485e510_Bahnhof_Piktogramm_HLT.png'}];2026-04-23T22:46:21+02:00
1e878d38-ea44-408c-a3de-662053342b58;Privatzimmer Hobi;Das Privatzimmer Hobi in Valens bietet ein komfortabel eingerichtetes 2-Bett-Zimmer im Parterre. Es liegt sonnig und ruhig, nur drei Gehminuten vom Thermalbad entfernt, und verfügt über kostenfreies WLAN und einen Parkplatz.;Das 2 Bett-Zimmer im Parterre befindet sich an sonniger und ruhiger Lage in Valens, nur ca. 3 Gehminuten vom Thermalbad entfernt. Zum Zimmmer gehört ein kostenfreier Parkplatz.

Komfortabel eingerichtetes Zimmer im Parterre mit Doppelbett, TV und WLAN.;9.479686215137889;46.9688684;Gässli 10;7317;Valens;+41 81 302 48 50;vrenahobi@bluewin.ch;[{'@type': 'ImageObject', 'contentUrl': 'https://hltpimtsoch.sos-ch-dk-2.exoscale-cdn.com/catalog/d/a/0/1/da01625ff459e3c9bb7ceb8d52dcef2d1cae2e66_Privatzimmer_Hobi_1.jpg'}];2026-02-09T16:46:26+01:00
1f1e292e-a0e7-4568-ae62-628c4e6b3d43;From Heaven;Das Restaurant From Heaven in Bad Ragaz bietet eine umfangreiche Weinkarte und aussergewöhnliche Tapas in einem der schönsten Gebäude der Region. Ideal für einen Drink oder ein ausgiebiges Essen.;From Heaven – Tapas, Wein & Kultur im historischen Bristol direkt am Bahnhof Bad Ragaz.
Mediterrane Tapas, regionale Produkte, eine vielseitige Weinkarte sowie Kunst-, Musik- und Gesprächsformate schaffen ein lebendiges Ambiente. Zwei Räume, eine grosse Bar und eine sonnige Terrasse laden ein zu Frühstück, Mittag, Afterwork oder einem entspannten Abend. Die Lage am Bahnhof macht das From Heaven zum idealen Treffpunkt für Einheimische, Reisende und Gruppen.;9.5054804;47.0093991;Bahnhofstr. 38;7310;Bad Ragaz;+41 81 302 73 10;info@fromheaven.ch;https://www.fromheaven.ch;[{'@type': 'ImageObject', 'contentUrl': 'https://hltpimtsoch.sos-ch-dk-2.exoscale-cdn.com/catalog/c/e/0/e/ce0ea087d4445d6918fedf266fa1c1cf0e19db18_DSC_0338.jpg'}];2026-06-02T02:32:42+02:00
201f6e20-1f5e-44d7-99ee-f83632da2dba;Berggasthaus Prodkamm;Das Berggasthaus Prodkamm am Flumserberg bietet eine vielfältige Auswahl an regionalen und traditionellen Gerichten. Die grosse Sonnenterrasse lädt zum Verweilen ein und bietet eine beeindruckende Aussicht auf die umliegende Berglandschaft.;Das Berggasthaus Prodkamm am Flumserberg ist ein Ort, an dem Sie sich kulinarisch verwöhnen lassen können. Mit seinen authentischen, monatlich wechselnden Pasta- und Salatangeboten sowie der Speisekarte mit regionalen und traditionellen Gerichten bietet das Restaurant eine vielfältige Auswahl an Köstlichkeiten. Das Restaurant verfügt zudem über eine grosse Sonnenterrasse, auf der Sie Ihre Mahlzeiten im Freien einnehmen und dabei die atemberaubende Aussicht auf die umliegende Berglandschaft geniessen.
Das Berggasthaus Prodkamm lädt Sie ein, die authentische Küche und die entspannte Atmosphäre zu geniessen. Ob Sie nach einem Skitag eine Stärkung suchen oder einfach nur die Sonne auf der Terrasse geniessen möchten, hier werden Sie mit herzlicher Gastfreundschaft empfangen. Besuchen Sie das Berggasthaus Prodkamm und lassen Sie sich von den köstlichen Gerichten und der einzigartigen Lage begeistern.;9.26801383495331;47.07360037575466;Prodkamm;8897;Flumserberg Tannenheim;+41 81 733 23 13;info@prodkamm.ch;http://www.prodkamm.ch;[{'@type': 'ImageObject', 'contentUrl': 'https://hltpimtsoch.sos-ch-dk-2.exoscale-cdn.com/catalog/f/1/4/e/f14efd48b613ca33bd7480c50eff62a6a6965606_tkv_bbf_wander__0269DJI_0599_HDR.jpg'}];2026-08-16T16:30:16+02:00
20e9ad99-326a-4c9b-876d-8a8b12d5db96;Berggasthaus Pardiel  ;Das Berggasthaus Pardiel auf 1630 m ü.M. bietet eine ideale Lage für Ski- und Wanderferien. Es liegt direkt neben der Bergbahn Pizol Bad Ragaz und verfügt über 11 rustikal eingerichtete Zimmer.;Das Berghaus ist somit der ideale Ausgangspunkt für Ihre Ski- oder Wanderferien. Das Skigebiet Pizol, mit seinen 50 Pistenkilometern, bietet für alle etwas. Der Skischul-Sammelplatz und der Skiverleih befindet sich in unmittelbarer Nähe. Als Ausgangspunkt für Wanderungen in einer einmaligen Bergwelt ist das Berghaus Pardiel Ihr Gruppenhaus. Ob auf einem Themenweg oder individuell auf dem Wanderweg ist alles direkt von unserm Haus machbar.

Verpflegung
Unsere grosszügige Küche eignet sich perfekt für Selbstversorger. 

Zimmer Allgemein
Unsere Zimmer sind im rustikalen Stil eingerichtet. Das Berggasthaus verfügt über 11 Zimmer.
Es stehen folgende Zimmerkategorien zur Verfügung:

6x Doppelzimmer
2x Vierbettzimmer
1x 5er-Massenlager
2x 14er-Massenlager;9.462869032451824;46.9897201;Pardiel;7310;Bad Ragaz;gastro@pizol.com;https://pizol.com/gastrobetriebe/gruppenhaus-pardiel/;[{'@type': 'ImageObject', 'contentUrl': 'https://hltpimtsoch.sos-ch-dk-2.exoscale-cdn.com/catalog/3/d/6/8/3d6889cc90fda6d4285335e5438364193cb83c69_Berggasthaus_Pardiel.jpg'}];2026-09-04T10:25:02+02:00
2236050a-0fd1-44cd-ad11-27056cae9138;Feuerstelle Freudenberg;Die Feuerstelle Freudenberg oberhalb von Bad Ragaz liegt bei der Ruine Freudenberg und bietet eine sonnige Grillmöglichkeit mit Sitzplätzen, Wiese und schöner Aussicht auf die umliegende Berglandschaft.;<p>Die Feuerstelle Freudenberg befindet sich rund einen Kilometer nordwestlich von Bad Ragaz im Burghof der Ruine Freudenberg. Sie liegt neben einer grossen Wiese, die zum Verweilen und Spielen einl&auml;dt, und ist von den historischen Mauern der Ruine umgeben. Der Grillplatz ist mehrheitlich sonnig, einzelne B&auml;ume spenden etwas Schatten.</p><p>Vor Ort stehen eine Feuerstelle mit Rost, Sitzgelegenheiten sowie Brennholz zur Verf&uuml;gung. Ein Brunnen mit Trinkwasser, Abfallentsorgung und eine Toilette sind ebenfalls vorhanden. Die Feuerstelle eignet sich gut f&uuml;r Einzelpersonen, Paare und Familien, jedoch nicht f&uuml;r gr&ouml;ssere Gruppen.</p><p>Der Zugang erfolgt ab den Parkm&ouml;glichkeiten &uuml;ber eine asphaltierte Strasse und einen gut begehbaren Kiesweg zur Ruine. Oben angekommen bietet sich eine sch&ouml;ne Aussicht auf Bad Ragaz und die umliegenden Berge.</p><p><strong>Lage</strong></p><ul><li>1 km nordwestlich von Bad Ragaz</li><li>Burghof der Ruine Freudenberg</li><li>600 m &uuml;. M.</li><li>Mehrheitlich sonnig</li></ul><p><strong>Erreichbarkeit</strong></p><ul><li>Zu Fuss oder mit dem Velo erreichbar</li><li>&Ouml;V: Bad Ragaz, Schulhaus Kleinfeld (1,7 km)</li><li>Parkpl&auml;tze im Dorf Bad Ragaz</li></ul><p><strong>Ausstattung</strong></p><ul><li>Feuerstelle mit Rost</li><li>Brennholz vorhanden</li><li>Ca. 15 Sitzpl&auml;tze an der Feuerstelle</li><li>Zus&auml;tzliche Sitzgelegenheiten</li><li>Nicht geeignet f&uuml;r gr&ouml;ssere Gruppen</li></ul><p><strong>Umgebung</strong></p><ul><li>Grosse Wiese in der Ruine</li><li>Spielm&ouml;glichkeiten vorhanden</li><li>Burg Freudenberg</li></ul><p><strong>Besonderes</strong></p><ul><li>Abfallentsorgung vorhanden</li><li>Trinkwasser (Brunnen)</li><li>WC vorhanden</li><li>Wanderweg Richtung Vilters</li></ul><p>Die Grillstelle wird unterhalten durch die Ortsgemeinde Bad Ragaz. Allf&auml;llige Besch&auml;digungen bitte diesem Kontakt melden.&nbsp;</p>;9.4924324;47.008979;7310;Bad Ragaz;081 303 70 10;kanzlei@og-badragaz.ch;https://www.og-badragaz.ch/;[{'@type': 'ImageObject', 'contentUrl': 'https://hltpimtsoch.sos-ch-dk-2.exoscale-cdn.com/catalog/8/f/0/d/8f0dea63725c57c38755f28268a34dc357d31fb9_Freudenberg_Bad_Ragaz.jpg'}];2026-07-13T09:21:40+02:00
223f16a8-8169-4370-b773-5d61d063dc50;Sorell Hotel Tamina - Garni;Das Sorell Hotel Tamina in Bad Ragaz bietet geräumige Zimmer mit Panoramablick auf die Alpen, nur fünf Gehminuten von der Tamina Therme entfernt. Ein modernes Restaurant serviert ein europäisches Frühstück.;Das Sorell Hotel Tamina liegt nur 5 Gehminuten von der Tamina Therme entfernt.

Alle Zimmer sind sehr geräumig und begeistern mit einem herrlichen Panoramablick auf die Alpen. Zur Ausstattung gehören eine Minibar und eine Kaffeemaschine.

Im modernen Restaurant können Gäste ein europäisches Frühstück geniessen.;9.500772872301976;47.00200675;Am Platz 3;7310;Bad Ragaz;+41 81 303 71 71;tamina@sorellhotels.com;http://www.hoteltamina.ch;[{'@type': 'ImageObject', 'contentUrl': 'https://hltpimtsoch.sos-ch-dk-2.exoscale-cdn.com/catalog/6/1/d/e/61de09630f75e69e8e8e2c6a1801070b37d2cb6b_Sorell_Hotel_Tamina_Aussanansicht.jpg'}];2026-02-16T16:30:18+01:00
2326cce9-21c8-4608-a167-b649ad3fa3c3;Berghotel Seebenalp;Das Berghotel Seebenalp liegt auf 1650 m ü.M. im Flumserberg, einem Ski- und Wanderparadies. Es bietet gutbürgerliche Küche und verschiedene Zimmerkategorien. Im Sommer ist der Seebensee in der Nähe, im Winter ist das Hotel über den Winterwanderweg erreichbar.;Einmalige Lage, mitten im Ski- und Wanderparadies Flumserberg. Auf 1650 m Seehöhe, ganz idyllisch gelegen mitten in der Natur - fernab vom Strassenlärm und nur zu Fuss erreichbar. 

Gut bürgerliche Küche. Div. Kategorien von Zimmern. Wir freuen uns auf Ihren Besuch!

Im Sommer
Der Seebensee liegt direkt vor unserer Haustüre. Ca. 1 Stunde Fussmarsch vom Maschgenkamm und ca. 1.5 Stunden vom Tannenboden. 

Im Winter
Sind wir zu Fuss über den Winterwanderweg vom Tannenboden oder mit Skis oder Snowboard zu erreichen.;9.248347277089128;47.0804291;Seebenalp;8884;Oberterzen;+41 81 738 12 23;berghotel@seebenalp.ch;http://www.seebenalp.ch;[{'@type': 'ImageObject', 'contentUrl': 'https://hltpimtsoch.sos-ch-dk-2.exoscale-cdn.com/catalog/e/f/8/d/ef8d2cf583fc8856b63005f5d77590b0e3c9a396_Seebenalp_f__r_Michel_009.jpg'}];2026-07-10T13:29:11+02:00
24949152-444a-4556-bdce-e1188ec98f8a;Weintouren in der Bündner Herrschaft;Wine Tours Switzerland bietet geführte Weintouren in der Bündner Herrschaft, Heidiland und dem Rheintal an. Die Touren werden von lokalen, mehrsprachigen Reiseleitenden begleitet und bieten ein sicheres Erlebnis mit komfortablen Fahrzeugen.;Private Weintouren in der Bündner Herrschaft: Mit lokalem Guide durch Reben und Keller, Degustation erstklassiger Pinot Noirs – individuell geplant. Wir organisieren dein Erlebnis im Heidiland und in der Bündner Herrschaft – ob als Wanderung, genussvolle E-Bike-Tour oder bequem im Minibus. Abholung in der Region, mehrsprachig (DE/EN/F/I/ES) und ideal für Paare, Freunde und Teams. Jetzt anfragen und Terroir sowie Schweizer Wein am Ursprung erleben.;9.5386444;47.0046337;Im Zogg 7;7304;Maienfeld;+41 78 735 00 42;info@wine-tours.ch;http://www.wine-tours.ch;[{'@type': 'ImageObject', 'contentUrl': 'https://hltpimtsoch.sos-ch-dk-2.exoscale-cdn.com/catalog/5/1/4/2/5142d96f405c663a9d7280d71f55bb07273245a0_054A0732.jpg'}];2026-07-21T11:28:27+02:00
2543c195-ed5f-44d9-847b-843fd3389500;Schwendihöckli (CharmingStay);Das Schwendihöckli (CharmingStay) ist ein charmantes 4,5-Zimmer Holzchalet mit beeindruckender Aussicht auf die Churfirsten und den Walensee. Es liegt etwa 1 km vom Zentrum Tannenboden entfernt und bietet Annehmlichkeiten wie kostenloses WLAN und Parkplätze.;Charmantes 4.5-Zimmer Chalet aus Holz mit atemberaubender Aussicht auf die schönen Churfirsten und den blauen Walensee. Etwa 1 km vom Zentrum Tannenboden entfernt.;9.284846050000004;47.096666850000005;Schwendistr. 48;8898;Flumserberg Tannenboden;+41 79 504 90 45;contact@charmingstay.ch;https://www.charmingstay.ch;[{'@type': 'ImageObject', 'contentUrl': 'https://hltpimtsoch.sos-ch-dk-2.exoscale-cdn.com/catalog/d/9/4/2/d9423b5225a569585cd41b5411f5f19a87218d9f_Terrasse_2__1_.JPG'}];2026-02-09T16:48:53+01:00
25bfa277-e1fb-4180-af5f-21c1751a613d;Hotel Restaurant Bergheim;Das Hotel Restaurant Bergheim am Flumserberg bietet regionale und saisonale Küche mit Bergblick von der Sonnenterrasse. Die Zimmer sind im alpinen Stil eingerichtet und WLAN ist kostenlos verfügbar.;An den Hängen des Flumserbergs erwartet Sie das Hotel Bergheim eine 2-minütige Fahrt von Flums und dem Skigebiet Tannenheim entfernt. Die Zimmer sind in einem schlichten alpinen Stil eingerichtet. Sie nutzen entweder ein eigenes Bad oder ein Gemeinschaftsbad. WLAN nutzen Sie kostenlos.

Das Restaurant verfügt über eine Sonnenterrasse mit Bergblick. In unserem kleinen Familienbetrieb geniessen Sie kulinarische Abwechslung in einer gemütlichen Atmosphäre. Geniessen Sie regionale Spezialitäten, feine Klassiker sowie frische saisonale Angebote. Unsere gute Küche ist unser Stolz, denn GAUMENFREUDEN werden bei uns GROSS geschrieben. Den passenden Wein dazu finden Sie auf unserer ausgesuchten Weinkarte mit guten Tropfen aus aller Welt. 

Bei uns ist jeder Gast herzliche willkommen - ob allein, zu zweit, in Gruppen, Raucher, Nichtraucher... Gerne sind wir für Sie da - denn Gastfreundschaft ist für uns eine wichtige Lebenseinstellung.;9.305889198305605;47.0978939;Flumserbergstrasse 50;8896;Flumserberg Bergheim;+41 81 733 12 54;info@hotelbergheim.ch;http://www.hotelbergheim.ch;[{'@type': 'ImageObject', 'contentUrl': 'https://hltpimtsoch.sos-ch-dk-2.exoscale-cdn.com/catalog/3/5/f/f/35fff2d0afd214ee9b3e00ee649df64f321656b5_Aussenansicht_Aussenansicht_Sommer1.JPG'}];2026-08-28T22:06:34+02:00
25f39777-0e9a-4bfc-979a-d1563b9149b1;Weingut Heidelberg, Maienfeld;Das Weingut Heidelberg in Maienfeld bietet eine Besichtigung mit Weindegustation und Imbiss im rustikalen Weinstübli oder unter der Pergola im Weinberg. Die Eigenkelterung erfolgt in einem modernen Weinkeller und traditionellem Holzfasskeller.;Weingut mit 5 ha Rebland. Eigenkelterung in modernem Weinkeller und traditionellem Holzfasskeller.
Weingutsbesichtigung mit Weindegustation und Imbiss im rustikalen Weinstübli oder in der mit Reben bewachsenen Pergola mitten im Weinberg.

Einfache Küche, Catering möglich.;9.53107530744586;47.010756400000005;Heidelberggässli 4;7304;Maienfeld;+41 81 330 72 05;hp@lampert-weinbau.ch;http://www.lampert-weinbau.ch;[{'@type': 'ImageObject', 'contentUrl': 'https://hltpimtsoch.sos-ch-dk-2.exoscale-cdn.com/catalog/b/c/3/5/bc35deb6b441040ee1ec078d9ff3f49a52cdd01c_2018_11_14.jpg'}];2026-08-04T12:30:46+02:00
26046b9f-ca9b-41ef-ba1a-dfa9e45fd540;INTERSPORT Network Flumserberg Filiale Tannenheim;Die INTERSPORT Network Flumserberg Filiale Tannenheim bietet eine breite Auswahl an Mietmaterialien wie Ski, Snowboards und Schlitten. Eine zentrale Werkstatt für Ski- und Snowboard-Service befindet sich im zweiten Obergeschoss.;Die INTERSPORT Network Flumserberg Filiale Tannenheim ist während dem Sommer als BikerShop Flumserberg geöffnet. 

Die INTERSPORT Network Flumserberg Filiale Tannenheim präsentiert Ihnen eine grosse Auswahl an Mietmaterial von Ski und Snowboards bis zu Schlitten. Des Weiteren befindet sich die zentrale Werkstatt für Ski- & Snowboard-Service im 2. Obergeschoss der Filiale.
Mit Rat und Tat stehen wir dir bei der Wahl der Ausrüstung für dein Abenteuer zur Seite und statten dich mit allem aus, was Sport, Bewegung und Spass auf Schnee zu einem noch intensiveren Erlebnis macht.;9.302447680513392;47.08949005;Flumserbergstrasse 134;8897;Flumserberg;+41 81 720 16 02;tannenheim@intersport-network.ch;https://www.intersport-network.ch/filialen/tannenheim/;[{'@type': 'ImageObject', 'contentUrl': 'https://hltpimtsoch.sos-ch-dk-2.exoscale-cdn.com/catalog/1/3/f/2/13f23cacada27c97eb6eecbfa70df55a393350a9_tkv_bbf_winter26_0072__O5A2978.jpg'}];2026-06-10T11:22:44+02:00
265154f8-2b4e-4253-a22e-6b52a04888d5;Schneeschuhtouren;Auf grossen Sohlen durch den Winter. Ob gemütlich oder sportlich – unsere Schneeschuhtouren führen dich durch stille Wälder, über sonnige Plateaus und zu den schönsten Aussichtspunkten im Heidiland.;<p>Die Ferienregion Heidiland bietet eine Vielzahl an signalisierten Schneeschuhtouren f&uuml;r jedes Niveau. Von der Einsteigertour auf Sch&ouml;nhalden bis zur Panorama-Route am Flumserberg oder Pizol &ndash; jede Tour verspricht ein intensives Naturerlebnis abseits der Pisten. Die Routen sind pink markiert und f&uuml;hren durch verschneite Landschaften mit Blick auf die Churfirsten und das Sarganserland.</p><p>Im Tourenportal <a class="fui-Link ___w5et180 f2hkw1w f3rmtva f1ewtqcl fyind8e f1k6fduh f1w7gpdv f1mo0ibp fjoy568 ff5ikls f1s184ao f1mk8lai fnbmjn9 f1o700av f13mvf36 f1cmlufx f9n3di6 f1ids18y f1tx3yz7 f1deo86v f1eh06m1 f1iescvh fhgqx19 f1olyrje f1p93eir f1nev41a" tabindex="0" href="https://outdoor.heidiland.com/mobile/de/liste/signalisierte-schneeschuh-touren-im-heidiland/256613296/" target="_blank" rel="noopener noreferrer" data-tabster="{&quot;restorer&quot;:{&quot;type&quot;:1}}">outdoor.heidiland.com</a> findest du alle Touren mit Karte, H&ouml;henprofil, GPX-Daten und aktuellen Bedingungen. Ob du alleine losziehst oder dich einer gef&uuml;hrten Tour anschliesst &ndash; Schneeschuhwandern im Heidiland ist entschleunigend, gesund und &uuml;berraschend vielseitig.</p>;[{'@type': 'ImageObject', 'contentUrl': 'https://hltpimtsoch.sos-ch-dk-2.exoscale-cdn.com/catalog/a/b/3/b/ab3b8458d9213a220b37f14e1b64337ec7b05f8a_PIM_Bild_Schneeschuhlaufen.png'}];2026-01-14T00:30:15+01:00
26b69b60-26ce-4c5a-8eae-b1a74198bb09;Heidi Holiday - Grand Maisonette-Attica;Die 5,5-Zimmerwohnung in Jenins bietet eine ruhige Lage nahe einem Weingut. Vom Balkon aus geniesst man die Aussicht auf die Bündner Herrschaft. Ein kostenloser Aussenparkplatz ist vorhanden.;Die 5.5-Zimmerwohnung befindet sich in der Nähe eines Weinguts und ist sehr ländlich gelegen. Vom Balkon aus können Sie die tolle Aussicht auf die Bündner Herrschaft geniessen. Ein Aussenparkplatz steht kostenlos zur Verfügung.;9.560760855674745;46.998054710470875;Pramalinis 10;7307;Jenins;+41 79 417 51 02;a.v.koenig@mailbox.org;[{'@type': 'ImageObject', 'contentUrl': 'https://hltpimtsoch.sos-ch-dk-2.exoscale-cdn.com/catalog/1/a/0/9/1a094e649594cf47b8b6c7709717f36e872d2d5d_Aussenansicht.jpg'}];2026-01-19T12:01:34+01:00
28229e32-7d34-4c2c-9d1e-04fca65f7279;Teehaus LIU;Das Teehaus LIU in Bad Ragaz bietet Tees von kleinen, lokalen Herstellern, zubereitet mit frischem Quellwasser. Es ist ein Ort der Ruhe und Harmonie, ideal für Paare, Familien und Gruppen.;Um täglich eine perfekte Tasse Tee geniessen zu können, ist für uns ausschlaggebend, den Ursprung und den Entstehungsprozess des Tees zu kennen.

Vom traditionellen Anbau, übers sorgfältige Pflücken, hochwertige Verarbeiten bis hin zur passenden Verpackung und anschliessenden Versand gilt für uns nur die höchste Qualität.

Wir vertrauen den Teebauern und unterstützen sie partnerschaftlich. Unser gemeinsames Streben ist, dass Tee nicht nur durch den Wert der Teeblätter selbst, sondern auch durch die Hingabe und das Engagement der Menschen, die diesen Prozess begleiten, dem Tee eine spirituelle Erfahrung und nachhaltig positive Bedeutung mitgeben.

Jeder Teegarten und jeder Mensch, der mit Tee in Berührung kommt, verdient es, geschätzt zu werden.

Was wir weitergeben, ist die Legende des Tees, das Geschenk der Natur, aber auch die Teekultur und die Wahrheit, Güte und Schönheit der Menschen.

Unsere Tees stammen von kleinen, lokal tätigen Herstellern und werden grösstenteils von Hand hergestellt. Dazu zählen beispielsweise die Teehändler von Fēngfù (豐傅) oder die Teegärten von Wuyishan, die zu unseren zuverlässigen Partnern gehören.;9.502216;47.0029044;Maienfelderstrasse 5;7310;Bad Ragaz;+41 81 304 22 87;info@teehausliu.com;https://teehausliu.com/;[{'@type': 'ImageObject', 'contentUrl': 'https://hltpimtsoch.sos-ch-dk-2.exoscale-cdn.com/catalog/1/6/0/a/160ae215d2f0e3869e12ebce2d1425b5278931af_Teehaus_Liu.jpg'}];2026-08-02T12:11:40+02:00
283c7634-7eef-429d-8f2a-10a9531cd7f2;Swiss Heidi Hotel;Das Swiss Heidi Hotel in Maienfeld bietet ein reichhaltiges Frühstück im Panorama Restaurant mit einzigartiger 360° Rundsicht. Eine sonnige Terrasse und der grosszügige Garten mit Spielplatz sorgen für Entspannung und Abwechslung. Im Bistro geniessen Gäste Pizza, Flammkuchen, regionale Snacks und gesellige Momente.;Im malerischen Maienfeld, in Heidis Heimat und mitten in den Rebbergen der Bündner Herrschaft, lädt das Swiss Heidi Hotel zum Ankommen und Wohlfühlen ein. Das unkomplizierte Haus verbindet herzliche Gastfreundschaft mit moderner Infrastruktur und ist ideal für Geschäftsreisen, Seminare, Ferien oder einen Zwischenstopp auf der Reise. Dank der Nähe zu den beliebten Skigebieten der Region – allen voran dem Pizol, dem Flumserberg und Grüsch Danusa – ist das Hotel zudem ein perfekter Ausgangspunkt für winterliche Bergerlebnisse.

Die 81 hellen Zimmer und 4 Junior Suiten bieten Ruhe, Komfort und einen wunderschönen Blick auf die Bergwelt. Hier beginnt Erholung vom ersten Moment an – ob allein, zu zweit oder mit der ganzen Familie.

Kulinarisch verwöhnt das lichtdurchflutete Bistro mit regionalen Spezialitäten, Pizza, Flammkuchen und erlesenen Weinen. Besonders beliebt sind die sonnige Terrasse mit Blick auf die Maienfelder Berge sowie der weitläufige Garten mit Relax-Zonen und Spielplatz, wo Gross und Klein gleichermassen auf ihre Kosten kommen.

Ein besonderes Highlight ist der Panoramasaal 360°, in dem morgens das reichhaltige Frühstücksbuffet serviert wird. Jeden ersten Sonntag im Monat (ausser Juli und August) verwandelt er sich zudem in den schönsten Brunch-Ort der Region – mit allem, was Geniesser lieben.

Auch für besondere Momente bietet das Swiss Heidi Hotel den perfekten Rahmen. Das Leben ist voller Jubiläen, geschäftlicher Erfolge, persönlicher Meilensteine oder einfach Freude am Hier und Jetzt. Mit der ruhigen Kulisse der Bündner Herrschaft und modernen, stilvollen Seminarräumen wird daraus eine bleibende Erinnerung – sei es bei Tagungen, Workshops, Feiern oder Incentives.

Ob für aktive Wintertage auf den nahegelegenen Pisten, für Wanderungen in den Weinbergen oder inspirierende Begegnungen – das Swiss Heidi Hotel ist der ideale Ausgangspunkt im Heidiland.;9.526555841737892;47.00351465;Werkhofstrasse 1;7304;Maienfeld;+41 81 303 88 88;info@swissheidihotel.ch;http://www.swissheidihotel.ch;[{'@type': 'ImageObject', 'contentUrl': 'https://hltpimtsoch.sos-ch-dk-2.exoscale-cdn.com/catalog/3/a/a/3/3aa3a03e48952f0dd1ff21239a71983c3a668850_SwissHeidiHotel_Winter_2022_Print_0558__2.jpg'}];2026-04-28T22:23:16+02:00
296ef3a0-8118-420f-8759-4c3faef3bacb;Restaurant Tertianum Blumenaupark;Das Restaurant Tertianum Blumenaupark in Unterterzen bietet eine Auswahl an liebevoll angerichteten Speisen und Desserts. Gäste können auch verschiedene Kaffees, erfrischende Getränke und kleine Snacks geniessen. Es ist für Paare, Familien, Gruppen und Singles geeignet.;In unserem öffentlichen Restaurant werden Sie von unserem Küchenteam mit liebevoll angerichteten Speisen und Dessertkreationen verwöhnt. Neben verschiedenen Kaffeevarianten erhalten Sie bei uns auch erfrischende Getränke oder einen kleinen Snack für zwischendurch. Auch Angehörige und Freunde unserer Gäste sind herzlich willkommen.;9.253684737470934;47.11229805;Vorbachstrasse 7;8882;Unterterzen;+41 81 544 45 45;blumenaupark@tertianum.ch;https://www.tertianum.ch/wohn-pflegezentrum/tertianum-blumenaupark#gastronomie;[{'@type': 'ImageObject', 'contentUrl': 'https://hltpimtsoch.sos-ch-dk-2.exoscale-cdn.com/catalog/6/c/1/a/6c1af96ee705b4e334d478e0d26b0f6bf499faca_Titelbild_Blumenaupark.jpg'}];2026-09-04T08:51:22+02:00
29d73c12-db5a-48d5-a3e4-9714fc47e4dd;Ferienwohnung Mätz (Whg. Tautscher);Die Ferienwohnung Mätz, erbaut 2022, liegt zentral in Flumserberg Tannenheim, nur 5 Gehminuten von der Talstation Prodalp-Express entfernt. Sie bietet eine schöne Aussicht auf die Berge und beherbergt das Restaurant mätz dine.;Die im Jahr 2022 erbaute und neue Ferienwohnung Mätz liegt mitten im Zentrum Flumserberg Tannenheim, 5 Gehminuten von der Haustüre bis zur Talstation Prodalp-Express und bietet eine schöne Aussicht auf die Berge. Im gleichen Gebäude finden Sie das einzigartige Restaurant mätz dine. Einkaufsmöglichkeiten sind 5 Minuten zu Fuss entfernt.;9.30443825;47.09053425;Flumserbergstrasse 41;8897;Flumserberg Tannenheim;+41 79 643 94 90;sabi.tautscher@bluemail.ch;[{'@type': 'ImageObject', 'contentUrl': 'https://hltpimtsoch.sos-ch-dk-2.exoscale-cdn.com/catalog/f/c/e/8/fce89c01a81e1aeedd440981123621980ba1de4f_Essbereich_Fewo_M__tz_3.jpeg'}];2026-04-21T13:00:01+02:00
29fe4bb6-2356-4e6e-880c-bad803766ca1;BnB Undergass;Das BnB Undergass in Heiligkreuz (Mels) bietet eine Sauna, einen privaten Garten und einen Fitnessraum. Es ist ideal für Paare und Familien mit kleinen Kindern und liegt nur 10 Minuten von den Pizolbahnen entfernt.;Unser stilvolles Bijou eignet sich für Paare oder Familien mit kleinen Kindern.
Sauna, privater Garten und Fitnessraum, Waschmaschine und Tumbler auf Anfrage nutzbar.

Für Actionliebhaber bietet unsere Region zahlreiche Möglichkeiten von Skifahren über Biken und Wandern bis zu rasanten Rodelfahrten.
Sie sind 3 min von der Bushaltestelle und 5 min vom Banhof Mels entfernt. Die Flumserberge lassen sich mit dem Auto oder Skibus in 20 min erreichen.;9.416962265968325;47.056375163360684;Untergasse;8888;Heiligkreuz (Mels);+41794600980;Claudia.gassner@bluewin.ch;[{'@type': 'ImageObject', 'contentUrl': 'https://hltpimtsoch.sos-ch-dk-2.exoscale-cdn.com/catalog/8/d/2/f/8d2f8143cfb2d514672d49e46dec48d0bfb62df1_Kingsize_Bett.jpeg'}];2026-05-14T15:48:50+02:00
2a731480-73b8-4ed7-8d95-ec6e9fbfaa84;Restaurant Schloss Sargans;Das Restaurant Schloss Sargans bietet ein kulinarisches Erlebnis in den historischen Mauern des Schlosses. Regionale Köstlichkeiten und eine einladende Atmosphäre erwarten Besuchende. Geeignet für Paare, Familien, Gruppen und Singles.;HERZLICH WILLKOMMEN IM SCHLOSS SARGANS!
Wir heissen Sie herzlich willkommen und freuen uns darauf, in unserem Restaurant begrüssen zu dürfen.

Unser Restaurant, eingebettet in die historischen Gemäuer des Schlosses Sargans, lädt Sie zu einem unvergesslichen kulinarischen Erlebnis ein. Entdecken Sie die Vielfalt regionaler Köstlichkeiten, die mit Liebe zum Detail zubereitet werden und unsere Verbundenheit zur Umgebung widerspiegeln. Erleben Sie bei uns nicht nur exzellente Speisen, sondern auch eine Atmosphäre, die den Charme der Region ausdrückt– regional, herzlich, einladend.;9.437401316477047;47.05020255964923;Hinterschlossweg 1;7320;Sargans;+41 81 723 13 13;info@schloss-sargans.com;https://www.schloss-sargans.com/;[{'@type': 'ImageObject', 'contentUrl': 'https://hltpimtsoch.sos-ch-dk-2.exoscale-cdn.com/catalog/9/8/2/a/982a8b69e6ffb6b870613cd90a154b92a2a3a8cb_Schloss_Sargans_03_1024x658.jpg'}];2026-06-22T14:32:27+02:00
2a77a924-b43d-4a99-a7ee-e5f55d9a1172;Kräuter-Pfarrer Künzle Museum;Das Kräuter-Pfarrer Künzle Museum in Vilters zeigt das Leben des Kräuterpfarrers, der elf Jahre in Wangs-Vilters tätig war. Geöffnet an jedem ersten und dritten Sonntag im Monat.;<p>Hoch &uuml;ber Vilters, im ehemaligen Pfarrhaus, &ouml;ffnete am 10. November 2019 das &laquo;Kr&auml;uter-Pfarrer K&uuml;nzle&raquo; Museum seine T&uuml;ren. Die Dauerausstellung zeigt das Leben und Wirken des Kr&auml;uterpfarrers, der w&auml;hrend elf Jahren in Wangs-Vilters als Pfarrer t&auml;tig war und dort auch 1945 begraben wurde. Ge&ouml;ffnet ist das Museum jeweils jeden ersten und dritten Sonntag im Monat, von 10 - 12 und 13-16 Uhr.</p><p>Flyer mit Daten <a href="https://pfarrerkuenzle.ch/wp-content/uploads/2026/01/Flyer-2026.pdf">https://pfarrerkuenzle.ch/wp-content/uploads/2026/01/Flyer-2026.pdf</a></p>;9.448006153106691;47.02292944947706;Sonnenbergstr. 32;7324;Vilters;+41 79 616 35 38;info@pfarrerkuenzle.ch;https://pfarrerkuenzle.ch/;[{'@type': 'ImageObject', 'contentUrl': 'https://hltpimtsoch.sos-ch-dk-2.exoscale-cdn.com/catalog/e/3/b/f/e3bf5f3e558ac11f81bbfc735b44dde0bee2c7a0_Museum_mit_Kirche.jpg'}];2026-08-07T20:39:58+02:00
2c4dc733-ec18-4dee-a57a-4fa5459041a1;Hotel Restaurant Seehof;Das Hotel Restaurant Seehof in Walenstadt bietet seit 1910 Unterkünfte direkt am Walensee. Es verfügt über kostenloses Internet, ein Restaurant mit Seeblick und einen Shuttleservice zur Unterterzen Seilbahn.;Das Hotel Seehof kann auf eine lange Tradition zurückblicken. Seit 1910 bietet es in Walenstadt, direkt am Ufer des Walensee gelegen, Unterkunft für Gäste. Heutzutage ist das Hotel mit kostenlosem Internet-Zugang ausgestattet. Alle Zimmer sind mit Fernseher und Haartrockner eingerichtet, einige haben sogar einen Balkon. Grosser Parkplatz vorhanden.

Das Restaurant mit grosser Gartenterrasse und Seeblick bietet eine gepflegte Küche sowie eine kompetente und freundliche Bedienung. 
Im Winter wird Käse-Fondue à discrétion nach Wunsch im überdachten Garten bei heimeligem Kerzenlicht serviert. Schaffell, Wärmeflasche und Wolldecke sorgen ebenfalls für Wohlfühlatmosphäre.

Mitglied der "Schweizerischen Gilde etablierter Gastronomen" und der "Tafelgesellschaft zum Goldenen Fisch".

Nutzen Sie im Winter den Shuttleservice des Hotels Restaurant Seehof zur  Seilbahn Unterterzen, die Sie in das Skigebiet Tannenbodenalp-Flumserberg bringt.;9.303253;47.127306;Seestrasse 104;8880;Walenstadt;+41 81 735 12 45;info@seehof-walenstadt.ch;http://www.seehof-walenstadt.ch;[{'@type': 'ImageObject', 'contentUrl': 'https://hltpimtsoch.sos-ch-dk-2.exoscale-cdn.com/catalog/a/9/1/6/a916f5179303c75db13cfa92ded0253a47d74d3b_tkv_hotelseehof_250_DJI_0902_HDR.jpg'}];2026-08-28T22:11:23+02:00
2c4e38f7-8d1f-45b9-a701-78637e23a43f;Lattmann's Bar & Lounge GmbH;Lattmann's Bar & Lounge in Bad Ragaz bietet eine Zigarren-Lounge mit Humidor, saisonale Küche und eine Auswahl an erlesenen Weinen und Whiskys. Die Bar ist sowohl drinnen als auch draussen geöffnet und eignet sich für Paare, Gruppen und Singles.;Willkommen in der Lattmann’s Bar & Lounge – dein Treffpunkt für feine Drinks, gute Gespräche und besondere Abende. 

Bei uns gibt’s alles zum Anstossen: von Bier über Wein bis hin zu guten Drinks. Dazu eine Zigarre oder etwas Feines aus der Küche. Einfach das, worauf du gerade Lust hast.

Hier sollst du dich wohlfühlen und den Abend so geniessen, wie er für dich passt. Mit Freunden oder einfach für dich selbst. Zusätzlich veranstalten wir regelmässig Live-Musik und abwechslungsreiche Events.

Schau bei uns rein – wir freuen uns auf dich!;9.5004767;47.0022523;Am Platz 10;7310;Bad Ragaz;+41 81 330 76 12;info@lattmanns.ch;https://www.lattmanns.ch/;[{'@type': 'ImageObject', 'contentUrl': 'https://hltpimtsoch.sos-ch-dk-2.exoscale-cdn.com/catalog/5/e/f/c/5efc5c74bd2996c59386680a0fb98dd17f2d097a_IMG_2638__2.jpeg'}];2026-06-22T11:08:21+02:00
2c98d299-11e7-4aa2-a29c-33ed634a72b6;Restaurant Grotto Fläscher Bad;Das Grotto Fläscher Bad in Fläsch bietet lokale, marktfrische und vegetarische Küche in einem historischen Gebäude. Es ist familienfreundlich, haustierfreundlich und bietet sowohl Innen- als auch Aussenbereiche.;Das Grotto Fläscher Bad ist einfach ein Mü anders. 
Hier steht alles unter dem Motto «bewusst geniessen»: Beim respektvollen Umgang mit der Natur und unseren Ressourcen oder bei der Wertschätzung und Entlöhnung unserer Mitarbeitenden und Partner - wir mögen es lokal, sorgfältig und nachhaltig. 
Wir möchten Deine Gedanken und Deinen Gaumen in die Ferien schicken, denn eins wissen wir: Genuss ist vergänglich, nicht aber die Erinnerung daran. Deshalb möchten wir die Freude daran unbedingt mit dir teilen. 

Wir wünschen Dir ganz viele bleibende Eindrücke und einen Moment «zum Abschalte» bei uns.;9.4946418;47.0365098;Badguot 2;7306;Fläsch;+41 81 756 11 22;geniessen@das-grotto.ch;http://www.das-grotto.ch;[{'@type': 'ImageObject', 'contentUrl': 'https://hltpimtsoch.sos-ch-dk-2.exoscale-cdn.com/catalog/1/3/d/1/13d19cd54757b2d5a4f80ea8b1c21ad25a4798a5_Sonnenuntergang.png'}];2026-08-03T04:03:44+02:00
2d522e24-9b6d-4278-bf2e-d9a8a7eddff7;Wein Bar & Café Sternen;Das Wein Bar & Café Sternen in Malans bietet eine entspannte Atmosphäre mit lokalen Weinen, einfachen Speisen und einem Kulturprogramm. Es ist ein idealer Ort für Familien, Paare und Gruppen, um sich zu treffen und zu verweilen.;Gemütliches Verweilen im Café, ein Glas Wein an lauen Abenden, auf dem Weg nach Hause auf dem Platz Leute treffen und doch noch ein bisschen länger bleiben, ein Konzert oder eine Lesung bei uns besuchen... Wir freuen uns auf Ihren Besuch!;9.5761389;46.9820344;Dorfplatz 8;7208;Malans;+41 76 407 72 08;mail@sternen.cafe;https://www.sternen.cafe/;[{'@type': 'ImageObject', 'contentUrl': 'https://hltpimtsoch.sos-ch-dk-2.exoscale-cdn.com/catalog/0/3/c/9/03c9fbb9ad6a1d46f75c1334bfe6f28668895f20_IMG_6500.jpeg'}];2026-07-26T09:28:52+02:00
2db8748e-2dd8-448b-a955-c356b0acaade;Pauschale: BikerSpass am Flumserberg;Erlebe zwei Tage puren Bike-Spass am BikerBerg Flumserberg mit vier flowigen Trails und übernachte in zertifizierten Bikehotels. Inklusive 2-Tageskarte für den Biketransport. Buchbar während der Sommersaison.;<p><strong>Top-Angebot am BikerBerg: W&auml;hrend 2 Tagen die mega flowigen Biketrails erkunden und 2 N&auml;chte lang den Service eines zertifizierten Bikehotels geniessen. </strong></p><p>Nur knapp eine Stunde von Z&uuml;rich und St. Gallen entfernt, erlebst du am BikerBerg Flumserberg puren Bike-Spass. Geniesse zwei Tage auf den 4 flowigen Bike-Trails. In diesem Angebot ist neben zwei &Uuml;bernachtungen im Bikehotel am Flumserberg, in Unterterzen, Quarten, Mols oder in Bad Ragaz eine 2-Tageskarte inkl. Biketransport am BikerBerg inklusive.</p><p><strong>Inkludierte Leistungen:&nbsp;</strong></p><ul><li>Div. zertifizierte Bikehotels stehen dir zur Verf&uuml;gung</li><li>2 &Uuml;bernachtungen (inkl. Fr&uuml;hst&uuml;ck) in der gew&auml;hlten Zimmerkategorie im Hotel deiner Wahl</li><li>2-Tageskarte Bike</li><li>allf&auml;llige Taxen</li></ul><p><strong>Konditionen:</strong></p><ul><li>buchbar w&auml;hrend der ganzen Sommersaison (ab Juni bis Oktober)</li><li>bis 1 Tag vor Anreise buchbar</li><li>g&uuml;ltig nach Verf&uuml;gbarkeit</li><li>die 2-Tageskarte Bike erh&auml;ltst du an der Talstation in Unterterzen (Seejet), Flumserberg Tannenheim oder Flumserberg Tannenbodenalp gegen Vorweisen deines Vouchers (bitte mitbringen)</li></ul>;[{'@type': 'ImageObject', 'contentUrl': 'https://hltpimtsoch.sos-ch-dk-2.exoscale-cdn.com/catalog/0/5/0/d/050d6a068e32ad2c731bd2764765d3e0d72b910f_large__BikerBerg_Flumserberg.jpg', 'caption': {'de': 'BikerBerg Flumserberg'}}];2026-04-21T14:22:46+02:00
2e0f4a1f-7c6c-4636-818c-3d2b4fbc6322;Walensee Schifffahrt;Die Walensee Schifffahrt bietet Rundfahrten von Frühling bis Herbst an. Highlights sind das autofreie Weindörfchen Quinten und die Seerenbachfälle. Eventschiffe verbinden Genuss und Freizeit in einem besonderen Rahmen.;Erkunden Sie den Walensee während der Saison von Frühling bis Herbst auf einer Rundfahrt und lassen Sie den Alltag hinter sich. Beliebte Highlights sind ein Besuch des autofreien Weindörfchens Quinten oder ein Abstecher zu den Seerenbachfällen, die sich knapp 600 Meter in die Tiefe stürzen und zu den höchsten Wasserfällen Europas gehören. 

Die Eventschiffe sind die perfekte Wahl für alle, die Genuss und Freizeit in einem aussergewöhnlichen Rahmen verbinden möchten. Ob ein romantisches Abendessen oder eine stimmige Themenfahrt – das vielseitige Angebot sorgt dafür, dass keine Wünsche offenbleiben.

Für besondere Anlässe steht Ihnen die private Schiffsmiete zur Verfügung. Feiern Sie  Geburtstage, Familienfeste oder Hochzeiten in einem exklusiven Ambiente. Auch Unternehmen können die Walensee-Schiffe für Seminare, Business-Apéros oder Weihnachtsessen nutzen und so ihre Veranstaltung in bester Aussicht geniessen. 

Die Region ist verkehrstechnisch perfekt erschlossen. Der glasklare See ist eines der tiefsten Gewässer der Schweiz. Die imposanten Felswände der Churfirsten ragen beinahe senkrecht vom Ufer nach oben. Die Landschaft erinnert stark an einen norwegischen Fjord, besticht gleichzeitig aber auch mit einem milden, beinahe mediterranen, Klima. Der Walensee – das Paradies für Menschen von nah und fern.;9.253957020923561;47.11426285;Gostenstrasse 11;8882;Unterterzen;+41 81 720 34 34;info@walenseeschiff.ch;https://www.walenseeschiff.ch/;[{'@type': 'ImageObject', 'contentUrl': 'https://hltpimtsoch.sos-ch-dk-2.exoscale-cdn.com/catalog/a/c/4/6/ac461a5af8abe5fd7ae610b12bcd3ed86a82061d_Walensee_Schiff_MS_Churfirsten.jpg', 'caption': {'de': 'Walenseeschiff'}}];2026-05-06T12:44:07+02:00
2e167736-dc78-4262-878d-80929bc94753;Restaurant Schifflände;Das Restaurant Schifflände in Quinten bietet eine exzellente Küche direkt am Walensee. Gäste können lokale Spezialitäten und vegane Optionen geniessen, während sie die malerische Aussicht auf den See bewundern.;&quot;Willkommen im Restaurant Schifflände Quinten. Genießen Sie unsere exzellente Küche, während Sie sich von der sanften Brise des Sees verwöhnen lassen. Tauchen Sie ein in eine Welt voller Gaumenfreuden und lassen Sie sich von unserer erstklassigen Küche und dem einzigartigen Ambiente verzaubern. Erleben Sie unvergessliche Momente, und bewundern Sie die malerische Landschaft des Sees.;9.215732216835024;47.128984199829;Dörfli 800;8878;Quinten;+41 81 738 14 60;cr@schifflaende.eu;https://www.schifflaende.eu/;[{'@type': 'ImageObject', 'contentUrl': 'https://hltpimtsoch.sos-ch-dk-2.exoscale-cdn.com/catalog/8/6/a/a/86aa7c0cfcd6aa785483d6474a8a5260e1036eb5_IMG_0038__2.jpg'}];2026-06-22T11:10:55+02:00
2f583a77-65cb-4ced-b468-24d26a60796d;SPAR Supermarkt Murg;Der SPAR in Murg ist ein Supermarkt mit einem vielseitigen Sortiment an Lebensmitteln, Frischeprodukten und Artikeln für den täglichen Bedarf.;<div><p>Der SPAR Supermarkt in Murg bietet eine praktische Einkaufsm&ouml;glichkeit f&uuml;r den t&auml;glichen Bedarf. Das Sortiment umfasst frische Lebensmittel, Backwaren, Getr&auml;nke sowie Produkte f&uuml;r Haushalt und Alltag und richtet sich sowohl an Einheimische als auch an G&auml;ste.</p><p>Dank der gut erreichbaren Lage eignet sich der SPAR ideal f&uuml;r den schnellen Einkauf zwischendurch oder f&uuml;r die Selbstversorgung w&auml;hrend eines Aufenthalts in der Region. SPAR steht f&uuml;r N&auml;he, &Uuml;bersichtlichkeit und ein ausgewogenes Angebot mit Fokus auf Qualit&auml;t und Regionalit&auml;t.</p></div>;9.2141071;47.1127297;Alte Staatstrasse 22;8877;Murg;+41 81 720 31 33;murg@spar.ch;https://www.spar.ch/standorte/detail/oess-otto?;[{'@type': 'ImageObject', 'contentUrl': 'https://hltpimtsoch.sos-ch-dk-2.exoscale-cdn.com/catalog/f/c/f/9/fcf93496e60697531fb55f2720514e7f8c5f3c61_Einkaufen_Piktogramm_HLT.png'}];2026-04-26T05:01:12+02:00
2f71932d-5846-4799-acb4-8267f8c931cd;Haus Steinbock;Das Haus Steinbock liegt zentral am Tannenboden auf dem Flumserberg, nur 150 Meter von Skipisten und Liften entfernt. Es bietet komfortable Zimmer und ist ideal für Ruhesuchende, Aktive und Geniesser.;Das Haus Steinbock befindet sich eingebettet im Zentrum vom Tannenboden am Flumserberg. Nur 150 Meter von den nächsten Skipisten und Skiliften entfernt. Ebenfalls liegen Wanderwege, Bikerstrecken und Einkaufsmöglichkeiten in unmittelbarer Nähe. So ist das Haus Steinbock für Ruhesuchende, Aktive und Geniesser der ideale Ausgangsort für ein paar Tage Urlaub. Im Steinbock finden Sie komfortable Zimmer mit Bad oder Dusche/WC, Haarfön, Fernseher und Radio. Das Haus ist mit einem Lift ausgestattet. Diverse Zimmer sind zudem mit ausziehbarer Couch eingerichtet, welche als Zusatzbett für 1-2 Personen verwendet werden kann.

BIKEHOTEL HEIDILAND: Das Haus Steinbock ist mit dem Gütesiegel «Bikehotel Heidiland» ausgezeichnet. Radfahrer profitieren hier von einem abschliessbaren Abstellraum, einer zweckmässig eingerichteten Werkstatt, einem Waschplatz, einem Wäscheservice und weiteren Dienstleistungen.;9.287109895179386;47.092780399999995;Flumserbergstrasse 182;8898;Flumserberg Tannenboden;+41 81 733 11 22;info@tannenboden.ch;https://tannenboden.ch/;[{'@type': 'ImageObject', 'contentUrl': 'https://hltpimtsoch.sos-ch-dk-2.exoscale-cdn.com/catalog/6/e/c/4/6ec4e3bcf9ffa373c98e9dd590f92720855057ce_Haus_Steinbock_Sommer_1.jpg'}];2026-08-31T23:13:40+02:00
30681761-d9ce-489c-a14c-9d9b4978f5f2;Waldhaus Panorama Home (CharmingStay);Grosszügige 4-Zimmer-Ferienwohnung (120 m²) für bis zu 6 Personen mit zwei Terrassen, Balkon mit Aussicht und nur 10 Gehminuten zum Lift Tannenboden.;<p>Diese grossz&uuml;gige 4-Zimmer-Ferienwohnung mit 120 m&sup2; ist komfortabel f&uuml;r bis zu 6 Personen geeignet. Die grosse, voll ausgestattete K&uuml;che l&auml;dt zum gemeinsamen Kochen und Essen ein. Wohnzimmer und Essbereich mit zwei Terrassen erg&auml;nzen sich harmonisch und schaffen ideale Voraussetzungen f&uuml;r gem&uuml;tliche Abende.</p><p>Die Raumaufteilung ist besonders gut f&uuml;r Familien oder kleinere Gruppen geeignet, die Wert auf Komfort und gen&uuml;gend Platz legen. Die Wohnung &uuml;berzeugt mit zwei Terrassen zum Innenbereich mit grosser Wiese sowie einem grossen Balkon mit traumhafter Aussicht. Die Lage ist praktisch: ca. 10 Gehminuten vom Lift Tannenboden entfernt mit Zugang zu allen Pisten am Flumserberg. Bitte beachten Sie, dass nur ein Parkplatz zur Verf&uuml;gung steht.</p><p>Zimmer mit eigenem Balkon und herrlicher Aussicht auf die Churfirsten. Das Zimmer bietet Schlafgelegenheit f&uuml;r 2 Personen im Doppelbett und verf&uuml;gt &uuml;ber einen direkten Zugang zu eigener Dusche/WC.</p>;9.2878351;47.0939962;Schwendistrasse 30;8898;Flumserberg Tannenbodenalp;+41 79 504 90 45;contact@charmingstay.ch;http://www.charmingstay.ch;[{'@type': 'ImageObject', 'contentUrl': 'https://hltpimtsoch.sos-ch-dk-2.exoscale-cdn.com/catalog/5/f/f/9/5ff9364cf3cc2e2712df4eeaf558cd3545435142_Balkon_Aussicht.jpeg'}];2026-07-03T16:38:01+02:00
30b9c5d2-3d69-4228-ae16-2c8d3dd3dbbf;Memories;Das Restaurant Memories in Bad Ragaz bietet ein einzigartiges kulinarisches Erlebnis mit 3 Michelin-Sternen und 18 Gault-Millau-Punkten. Es vereint Innovation, Saisonalität und Naturverbundenheit in der Schweizer Alpenküche.;3 Michelin-Sterne &amp; 1 Grüner Michelin-Stern | 18 Gault-Millau-Punkte
Produktebewusstsein, Innovation und Saisonalität sind in Sven Wassmers Philosophie tief verankert. Im Memories, seinem Signature-Restaurant, setzt er dies konsequent um – klar und reduziert interpretiert er die Schweizer Alpine Küche zu einem authentischen und naturverbundenen Gesamterlebnis.
Seine Kreationen richten sich nach den Jahreszeiten und wandeln sich mit ihrem Verlauf. Hier geniessen Sie anstatt eines à la Carte Menüs, ein Surprise Degustationserlebnis mit mehreren Geschmackserinnerungen. Das Memories ist ein Wohlfühlort, der zurückkehrt zum Ursprung der Gastlichkeit. Ein bewusster Ruhepol, der kompromisslose Qualität, Stil und Natur vereint.;9.5039179;47.000046;Bernhard-Simonstrasse;7310;Bad Ragaz;+41 81 303 30 35;info@memories.ch;http://www.memories.ch;[{'@type': 'ImageObject', 'contentUrl': 'https://hltpimtsoch.sos-ch-dk-2.exoscale-cdn.com/catalog/f/a/d/b/fadbe99f94c988de4f3a92e49c14d47601da0d9a_GRBR_Kulinarik_Memories_Restaurant_Essbereich_V2.jpg'}];2026-06-22T14:32:29+02:00
328e9e38-b6dd-4096-9ffa-a86b3d1591e7;Lucky Star Bikes GmbH;Lucky Star Bikes GmbH in Sargans bietet die Möglichkeit, E-Mountainbikes und E-Trekkingvelos für Tages- oder Mehrtagesmieten zu leihen. Die Verleihstation ist sowohl für Indoor- als auch Outdoor-Aktivitäten geeignet.;Tages- oder Mehrtagesmiete von E-Mountainbike oder E-Trekkingvelo möglich.;9.440764188766481;47.05081940777587;St. Gallerstrasse 112;7320;Sargans;+41 81 710 43 85;team@luckystarbikes.ch;https://www.luckystarbikes.ch/;[{'@type': 'ImageObject', 'contentUrl': 'https://hltpimtsoch.sos-ch-dk-2.exoscale-cdn.com/catalog/a/a/f/d/aafd6d25c1670f22c3411b9b523dab9680b935a3_DSC_0241.jpg'}];2026-05-18T08:35:06+02:00
32b5ebfb-07dd-4c10-8336-3630c9bb2230;lofthotel am Walensee;Das lofthotel am Walensee in Murg bietet eine beeindruckende Aussicht auf den Walensee und die Churfirsten. Es verfügt über einzigartige Übernachtungsmöglichkeiten, darunter eine grosse Loftsuite und umgebaute SBB-Güterwagen. Freizeitaktivitäten wie E-Bikes und eine Sauna am See stehen zur Verfügung.;Mit herrlicher Aussicht über den Walensee und die Churfirsten empfängt Sie das helle und luftige 3-Sterne-Superior-Hotel in der komplett umgebauten ehemaligen Spinnerei Murg. Reuse, Repurpose, Recycle.

Das lofthotel bietet neben den Standardzimmern viele spezielle Übernachtungsmöglichkeiten, von der spektakulären 330m2 grossen loftsuite für bis zu 10 Personen über zwei Bikerlofts, die Platz für die Fahrer*innen sowie die Motorräder im Zimmer bieten bis hin zum umgebauten SBB-Güterwagon, der nun als Hotelzimmer für bis zu 8 Personen dient.

Darüber hinaus punktet das Erlebnishotel mit diversen tollen Freizeitaktivitäten. Den Gästen stehen hauseigene E-Bikes, eine Indoor-Tennishalle, SUPs, ein Private Spa sowie eine holzbefeuerte Sauna direkt am See zur Verfügung.

Für Businesskunden bietet das lofthotel 10 grosszügige und modern ausgestattete Seminar- und Meetingräume, eine Eventhalle sowie spannende Rahmenprogramme.;9.217261;47.1124535;Alte Spinnerei 12;8877;Murg;+41 81 720 35 75;info@azibene.ch;https://www.lofthotel.ch;[{'@type': 'ImageObject', 'contentUrl': 'https://hltpimtsoch.sos-ch-dk-2.exoscale-cdn.com/catalog/5/7/9/e/579e2ec10e512cb18990fd89c1a4a44e07e50b30_lofthotel_Aussenansicht.jpg'}];2026-08-31T11:19:36+02:00
32bb0094-bcfe-40b5-9f8a-6c990670c33b;Hotel Waldegg;Das Hotel Waldegg in Flumserberg Tannenboden bietet eine ruhige Lage mit schöner Aussicht. Es ist familienfreundlich und verfügt über eine grosse Sonnenterrasse, Spielplatz und Spielraum. Im Winter kann direkt zum Hotel hinuntergefahren werden.;Ruhige Lage mit schöner Aussicht. Familienfreundliches Hotel mit schönen Zimmern. Im Sommer mit einer grossen Sonnenterrasse und Grill. Liegewiese, Spielplatz sowie ein Spielraum stehen zur Verfügung. Mit den Skiern kann direkt zum Hotel hinuntergefahren werden. Schulungs- und Konferenzraum, Freies WLAN.;9.283258593496619;47.0960986;Schwendistrasse 39;8898;Flumserberg Tannenboden;+41 81 733 18 85;info@hotelwaldegg.ch;http://www.hotelwaldegg.ch;[{'@type': 'ImageObject', 'contentUrl': 'https://hltpimtsoch.sos-ch-dk-2.exoscale-cdn.com/catalog/0/4/6/2/04624bc163564704c777869591ea1e2cf7327620_Waldegg1.jpg'}];2026-08-28T22:06:33+02:00
33aae776-d09f-4254-866a-51f698044ab2;Hotel Restaurant Schiffahrt;Das Hotel Restaurant Schiffahrt in Mols bietet komfortable Zimmer und ein gepflegtes Restaurant. Es liegt nur zwei Minuten vom Walensee entfernt und bietet im Sommer eine Gartenterrasse. Spezielle Gruppenpauschalen sind verfügbar.;Unser Hotel liegt mitten im idyllischen Heidiland, einer der schönsten Urlaubsdestinationen der Schweiz. Nicht ohne Grund ist der Name der beliebten Tourismusregion an Johanna Spyri‘s weltberühmte Heidi-Geschichte angelehnt, denn die sagenumwobene Naturidylle ist fast zu schön, um wahr zu sein.
Hier treffen majestätische Berge auf malerische Dörfer, tiefblaue Seen auf sonnenverwöhnte Rebhänge. Die fantastische Kulisse erstreckt sich vom Walensee und den imposanten Churfirsten über die Sommer- und Wintersportgebiete Flumserberg und Pizol bis hin zur Weinregion der Bündner Herrschaft.
Das Freizeit-Paradies im Osten der Schweiz ist das ganze Jahr über ein lohnenswertes Ziel für eine erholsame Kurzreise.

Die Zimmer sind alle im urchigen Landhausstil eingerichtet mit Massivholzbetten, und einem Kräuterschlafkissen-Menu. Alle Zimmer haben ein eigenes Bad mit Dusche/WC und Haartrockner, einen Schreibtisch, Balkon oder Terrasse, TV und WLAN. Einige bieten eine herrliche Aussicht auf den Walensee und die imposante Bergkette Churfirsten, andere sind mit Blick auf die umliegenden Berge.;9.278622;47.1124527;Schulhausstrasse 1;8885;Mols;+41 81 738 12 25;info@schiffahrt-mols.ch;http://www.schiffahrt-mols.ch;[{'@type': 'ImageObject', 'contentUrl': 'https://hltpimtsoch.sos-ch-dk-2.exoscale-cdn.com/catalog/b/1/2/3/b123e90584c635d7216c1b41876dd10afbecd6a8_IMG_20210814_WA0000.jpg'}];2026-09-01T22:02:42+02:00
33e43646-f9ae-4d9e-aa86-e9e2bdf98f94;Knobelboden Hotel und Restaurant;Das Knobelboden Hotel und Restaurant in Oberterzen bietet saisonale Gerichte im Landhausstil und eine Terrasse. Im Sommer laden Liegewiese und Pool ein, im Winter die Sauna. Die Seilbahnstation Flumserberg ist in der Nähe.;<p>Im reizvollen Dorf Oberterzen hoch &uuml;ber dem Walensee begr&uuml;sst Sie das seit 3 Generationen familiengef&uuml;hrte Knobelboden Hotel und Restaurant. Geniessen Sie K&ouml;stlichkeiten (saisonale Gerichte) in unserem Restaurant im Landhausstil oder bei gutem Wetter auch auf unserer Terrasse. Freuen Sie sich im Sommer auf eine Liegewiese, einen Aussenpool und einen Whirlpool. Im Winter l&auml;dt die Sauna zum Entspannen ein. Von der nahegelegenen Seilbahnstation aus erreichen Sie bequem das Ski- und Wandergebiet Flumserberg oder den See.</p>;9.260249562895584;47.103670949999994;Chnobelbodenstrasse 1;8884;Oberterzen;+41 81 738 12 29;info@knobelboden.ch;http://www.knobelboden.ch;[{'@type': 'ImageObject', 'contentUrl': 'https://hltpimtsoch.sos-ch-dk-2.exoscale-cdn.com/catalog/b/4/f/2/b4f29955fb048d38e33cbacca7927a9cc6d43241_unnamed__2_.jpg'}];2026-08-28T22:06:38+02:00
33f3d505-b3e9-4761-b91b-6963ae262ff0;Weingut Möhr-Niggli;Das Weingut Möhr-Niggli in Maienfeld bewirtschaftet rund 4 Hektar Rebfläche und konzentriert sich auf die Burgundersorte Pinot Noir. Besuche und Weinverkauf sind nur nach Anmeldung möglich.;Auf rund 4 Hektaren in Maienfeld und auf 0.6 Hektaren in Maisprach – Basellandschaft – wird Weinbau betrieben. Der Fokus liegt dabei auf der ursprünglichen Burgundersorte Pinot Noir. Daraus entstehen nebst dem „PILGRIM“, ein Pinot Noir aus den bevorzugtesten Lagen um die Stadt Maienfeld, noch weitere Crus aus Einzellagen auf 3 sehr unterschiedlichen Terroirs. 

Das ganzheitliche Arbeiten liegt uns am Herzen. Sei dies das Bewirtschaften der Rebberge, das Pflegen und Begleiten der noch jungen Weine im Keller, oder der persönliche Kontakt zu unseren Privatkunden, Gastronomen sowie Weinfachhändlern.;9.5301356;47.0100865;Steigstrasse 22a;7304;Maienfeld;+41813301083;info@moehr-niggli.ch;https://www.moehr-niggli.ch/;[{'@type': 'ImageObject', 'contentUrl': 'https://hltpimtsoch.sos-ch-dk-2.exoscale-cdn.com/catalog/4/5/5/3/45533d34311c6918260ad1261990b15161e8e681_Fasskeller.jpg'}];2026-05-17T08:39:43+02:00
344dca39-2ea6-4f08-9399-0f364de1b67c;Naturfieber, Team - Event, Natur - Event, Axtwerfen, Armbrust, Turniere;Naturfieber in Bad Ragaz bietet Teamevents und Naturerlebnisse. Aktivitäten wie Axtwerfen, Sagenwanderungen und Survival-Kurse machen jeden Anlass zu einem besonderen Erlebnis. Individuelle Touren bieten Einblicke in die Geschichte und Geheimnisse der Schweiz.;Teamevent, Naturerlebnis, Tourguide mit dem Outdoor und Reiseveranstalter Naturfieber in Bad Ragaz, Heidiland.
Team - Event, Polterabend, Firmenausflug, Geburtstag oder Vereinsausflug. Unsere Turniere mit Axtwerfen, Mausfallenlotto, Armbrust, Wettmelken und vielen weiteren spannenden und lustigen Spielen machen Euer Teamanlass zum besonderen Erlebnis. 
Das Naturprogramm von Naturfieber mit Draussen schlafen, Sagenwanderung, Magic Places of Bad Ragaz, Survival for Beginner, Sternenabend die einmalige Gelegenheit der Natur sehr nahe zu sein. Natur macht glücklich.
Bei Local Guide planen wir individuell und auf Euch zugeschnitten. Geschichte der Schweiz, Römer im Rheinthal, Die wildesten Bergbahnen, Geheime Plätze und neu unsere Expat -Tour Switzerland mit viel Hintergrundinformationen über die Geschichte, Bräuche und Gepflogenheiten der Schweiz. Wir freuen uns auf Euch. Naturfieber Bad Ragaz, Schweiz;9.48300361633301;46.99670250325893;Grillstelle Rafigen Bad Ragaz / Valens;7310;Bad Ragaz;+41 79 242 17 16;naturfieber@gmx.ch;https://www.naturfieber.ch/;[{'@type': 'ImageObject', 'contentUrl': 'https://hltpimtsoch.sos-ch-dk-2.exoscale-cdn.com/catalog/a/3/e/e/a3ee74af21428e7ec88886f7eae2d7ed65587089_10.jpg'}];2026-05-04T12:00:44+02:00
34e7e8e5-4266-4597-9e99-f17135521c31;juhui Flumserberg;Das juhui Flumserberg liegt 300 m von der Talstation Flumserberg entfernt in Flumserberg - Tannenbodenalp. Es bietet geräumige Zimmer, eine hauseigene Bar, Spielzimmer und kostenfreie Parkplätze. Skifahren, Radfahren und Wandern sind in der Umgebung möglich.;Das juhui Flumserberg ist 300 m von der Talstation Flumserberg entfernt und liegt an wunderschöner Lager in Flumserberg - Tannenbodenalp. Der Ausblick über die Berge ist beeindruckend. Das Ferienhaus bietet Zimmer in unterschiedlichen Komfortkategorien. 
Das Haus ist sehr geräumig eingerichtet, mit Spielzimmer, einer hauseigene Bar und Aufenthaltsräumen sowie 2 Speisesälen.
 Die Privatparkplätze vor der Unterkunft stehen Ihnen kostenfrei zur Verfügung. Die Garage (kostenpflichtig) bietet Platz für 12 Autos. 

In der Umgebung erholen Sie sich bei zahlreichen Aktivitäten, wie Skifahren, Fahrradfahren und Wandern. Vom juhui Flumserberg erreichen Sie nach jeweils 500 m die Talstation Maschgenkamm oder Chrüz. Vom nächstgelegenen Flughafen Zürich trennen Sie im juhui Flumserberg 67 km.;9.338378906250002;46.694509175082324;Schwendistrasse 11;8898;Flumserberg Tannenbodenalp;079 204 6552;juhui@unterkunft.ch;https://unterkunft.ch/haeuser/flumserberg;[{'@type': 'ImageObject', 'contentUrl': 'https://hltpimtsoch.sos-ch-dk-2.exoscale-cdn.com/catalog/e/d/d/f/eddf3b2299ca9e2ebd7b2104b7f757379d7ccbf8_Front.jpg'}];2026-05-15T20:10:09+02:00
34faf7fc-f991-4428-905e-684149ed7814;Casino Bad Ragaz;Das Casino Bad Ragaz bietet über 120 Slot-Automaten und sechs Spieltische. Die Golden Wave Bar lockt mit über 100 Gin-Sorten. Es ist Teil des Grand Resort Bad Ragaz und an 364 Tagen im Jahr geöffnet.;Das Casino Bad Ragaz ist eingebettet in das vielfältige Angebot des Grand Resort Bad Ragaz und hat an 365 Tagen im Jahr für Sie geöffnet. Über 120 Slot Automaten und 6 Spieltische versprechen Nervenkitzel pur. An unserer Golden Wave Bar finden Sie ausserdem das grösste Gin-Angebot der Region mit über 70 Sorten Gin aus Nah und Fern.;9.503628388527744;46.9984946;Hans Albrecht-Strasse 5;7310;Bad Ragaz;+41 81 303 39 39;casino@casinoragaz.ch;https://www.casinoragaz.ch/;[{'@type': 'ImageObject', 'contentUrl': 'https://hltpimtsoch.sos-ch-dk-2.exoscale-cdn.com/catalog/5/d/9/0/5d901a6d54eff499a9b9fb9b74661cca8516bebb_2025_01_casino_ragaz_interieur_0039_srgb_web.jpg'}];2026-08-06T09:55:19+02:00
37a72b67-dee9-496a-bf1f-9be82bd947b9;Bad Ragaz Tours;Bad Ragaz Tours bietet spannende Dorf- und Kunstführungen an. Entdecke die Geschichte von Bad Ragaz, die Entstehung der heissen Quelle und die Skulpturenausstellung. Ein Erlebnis für Kulturbegeisterte in den Jahreszeiten Frühling, Sommer und Herbst.;Auch zwischen den Jahren der Bad RagARTz bleibt es für Kulturbegeisterte in Bad Ragaz interessant.
Quellenhof, altes Dorfbad, Taminaschlucht - Ist eine Zeitreise durch die Entstehungsgeschichte von Bad Ragaz das Richtige für Sie?
Möchten Sie erfahren, wie die Entdeckung der heissen Quelle das Dorf Ragaz geprägt hat?
Oder möchten Sie während den Ausstellungsjahren einen Spaziergang durch die Skulpturenausstellung? Lassen Sie sich von unseren spannenden Dorf- und Kunsttouren begeistern.;9.5006681;47.002411;Grossfeldstr. 5;7310;Bad Ragaz;079 779 18 27;info@badragaztours.ch;https://badragaztours.ch/;[{'@type': 'ImageObject', 'contentUrl': 'https://hltpimtsoch.sos-ch-dk-2.exoscale-cdn.com/catalog/d/e/2/a/de2a2ca66a8ea5d8b4c2c34634d40af8ee243260_Kunstgang_Frontbild_Guardians.jpg'}];2026-05-04T12:00:43+02:00
37d62a43-7b2d-41e6-b8d5-281ee71f0d5a;Ferienwohnung Resort Walensee  Nr. 73;Die Ferienwohnung Resort Walensee Nr. 73 bietet eine 3,5-Zimmerwohnung mit 130 m2 und Terrasse direkt am Walensee. In der Nähe befinden sich das Restaurant Marina Walensee, eine Strandbar und Einkaufsmöglichkeiten.;Die 3.5-Zimmerwohnung beim Resort Walensee mit 130m2 inkl. Terrasse befindet sich am schönen Walensee in der Ferienregion Heidiland. In nur 2 Minuten zu Fuss erreichen Sie das Restaurant Marina Walensee, sowie die Strandbar. Zum Schiffssteg sind es 3 Minuten zu Fuss, geniessen Sie eine Schifffahrt auf dem fjordähnlichen Walensee unterhalb der Churfirstenkette. Einkaufsmöglichkeiten sind 5 Minuten zu Fuss entfernt.;9.258455250456695;47.115617650000004;Gostenstr. 33;8882;Unterterzen;+41 79 296 87 49;mueller.nicole.n@bluewin.ch;[{'@type': 'ImageObject', 'contentUrl': 'https://hltpimtsoch.sos-ch-dk-2.exoscale-cdn.com/catalog/7/0/d/8/70d833c0d4bb49b451cc4f75ca4e5c20c382a58a_Aussenansicht.jpg'}];2026-05-16T08:43:26+02:00
38f98cfd-d7a1-4f55-b663-d35c72d325a3;Alpenresidenz (CharmingStay);Die Alpenresidenz (CharmingStay) bietet eine moderne 4,5-Zimmer Dachwohnung im Zentrum von Flumserberg Tannenboden. In wenigen Minuten erreichst Du den Dorfladen, die Skischule, Restaurants und die Bergbahn. Ein Garagen- und ein Aussenparkplatz sind vorhanden.;Die moderne und helle 4.5-Zimmer Dachwohnung befindet sich im Zentrum von Flumserberg Tannenboden. Innerhalb von wenigen Gehminuten erreichen Sie den Dorfladen, die Skischule, verschiedene Restaurants und die Bergbahn. Zur Wohnung gehört ein Garagenparkplatz sowie ein Aussenparkplatz. ;9.287738984771416;47.09317115;Tannenbodenwiesenstrasse 3;8898;Flumserberg Tannenboden;+41 79 504 90 45;contact@charmingstay.ch;https://www.charmingstay.ch;[{'@type': 'ImageObject', 'contentUrl': 'https://hltpimtsoch.sos-ch-dk-2.exoscale-cdn.com/catalog/6/a/f/f/6aff1bae71769f7d683249ddc7e395bd5caef932_Alpenresidenz__6_.JPG'}];2026-01-19T12:01:34+01:00
38fc028b-ca2f-409a-8429-1fd2dc9d75a4;Anlegestelle Hafen Walenstadt;Schiff Ahoi, ab Walenstadt durch den Schweizer "Fjord".;<p>Erforschen Sie die tiefblaue Mitte der Region und geniessen Sie die atemberaubende Bergkulisse auf dem Walensee. Lassen Sie sich von den majest&auml;tischen Churfirsten, der wild romantischen Natur, dem glasklaren Wasser und den fantastischen Stimmungen am Walensee verzaubern. Der Walensee, das Paradies f&uuml;r nah und fern. Die Schiffsbetrieb Walensee AG verbindet Orte, Angebote und Aktivit&auml;ten in idealer Weise. Die Verbindung nach Quinten ist auch im Winter durchgehend in Betrieb.</p><h3>Zugangsinformationen</h3><div class="rte"><ul><li>Stufenloser Zugang</li><li>Ein- und Ausstieg durch Personalhilfestellung</li><li>Gruppen ab 10 Personen und Rollst&uuml;hle m&uuml;ssen im Voraus angemeldet werden.</li><li>Kein taktiles Leitsystem vorhanden</li></ul></div>;9.30146098136902;47.12757423628905;8880;Walenstadt;+41 81 720 34 34;info@walenseeschiff.ch;https://walenseeschiff.ch/de/fahrplan/anlegestellen/walenstadt.html;[{'@type': 'ImageObject', 'contentUrl': 'https://hltpimtsoch.sos-ch-dk-2.exoscale-cdn.com/catalog/e/9/e/4/e9e4080f5b32fc3edbb2b9cdd67ee87e459a6d0f_Anlegestelle_Hafen_Piktogramm_HLT.png'}];2026-04-22T04:15:01+02:00
39f4348c-0333-4760-84ee-16a3fdac5c75;Seilbahn Schönhalden;Seit 1976 bringt unsere Bartholet-Seilbahn Gäste von Flums-Saxli direkt zur Schönhalden.;<p>Unsere Seilbahn ist seit 1976 in Betrieb und wurde von der einheimischen Firma Bartholet AG erbaut. Die Pendelbahn mit je zwei gekoppelten 4er-Kabinen kann pro Stunde 40 Personen bef&ouml;rdern. Die Talstation in Flums Saxli liegt auf 640m &uuml;.M. von wo die Seilbahn auf einer L&auml;nge von 2'407m direkt bis zum Berghotel Sch&ouml;nhalden auf 1494m &uuml;.M. f&auml;hrt.</p>;9.3498915;47.078528;Saxlirank;8894;Flumserberg Saxli;+41 81 733 11 96;flury@schoenhalden.ch;https://www.schoenhalden.ch/seilbahn/;[{'@type': 'ImageObject', 'contentUrl': 'https://hltpimtsoch.sos-ch-dk-2.exoscale-cdn.com/catalog/8/7/a/d/87ad1d3fac1dc267a647330e60fd14c4ce82013b_Sch__nhalden_Sommer__1_.jpg'}];2026-06-20T08:31:45+02:00
3abdf12a-7658-4df7-bd79-e3366dfe8983;Feuerstelle Unterterzen;Feuerstelle direkt am Walensee mit Tischen, Sitzgelegenheiten, WC und Abfalleimer.;<div>Die Feuerstelle verf&uuml;gt &uuml;ber Tische und Sitzgelegenheiten und ist gut f&uuml;r eine gem&uuml;tliche Grillpause geeignet. Toiletten sowie Abfalleimer sind vor Ort vorhanden. Die Grillstelle wird vom Touristikverein Quarten Walensee unterhalten.</div>;9.248873591423036;47.11327670990599;8882;Unterterzen;+41 81 720 18 18;flumserberg@heidiland.com;https://www.heidiland.com;[{'@type': 'ImageObject', 'contentUrl': 'https://hltpimtsoch.sos-ch-dk-2.exoscale-cdn.com/catalog/8/8/9/0/88906317df347bd1ea9c1464fc4d395b5607314a_Feuerstelle_Piktogramm_HLT.png'}];2026-06-13T02:32:13+02:00
3b30c9b2-bf7d-46b5-9beb-10f1c8a0068f;Bergkäserei Mädris;In der Bergkäserei Mädris wird silofreie Bergmilch zu hochwertigen Produkten veredelt. Besuchende können an Führungen teilnehmen und die einzigartigen Melser Bergkäse probieren. Ein Ausflug in die umliegende Natur bietet sich an.;In der Bergkäserei Mädris wird die silofreie Bergmilch, die naturbelassene Rohmilch der Kühe von fünf Bergbauernfamilien, zu hochwertigen Milchprodukten veredelt. Im Käsekeller und im Kühlraum reifen die unverfälschten Melser Bergkäse und weitere Spezialitäten heran. 
Einzigartig ist ihr Geschmack, den das duftende Bergheu in den Wintermonaten und die saftigen Kräuter im Frühjahr in die Milchprodukte bringen. Unsere Bergheimet und Maiensässe liegen an der Bergflanke am Melser Hinterberg von 800-1200m Höhe. In diesem Lebensraum ist auch das Naturschutzgebiet Chapfensee eingebettet.

Käsereibesuch für Gruppen (Winter)
Für Gruppen offerieren wir eine unvergessliche Besichtigung unserer Bergkäserei. 
Angebot von Mitte Oktober bis Ende Mai (übrige Zeit nur ohne Käseherstellung).
- Begrüssung durch einen der drei Eigentümer der Bergkäserei Mädris
- Rundgang Milchannahme und Käserei
- Einblick in unseren Reifekeller
- Käsedegustation mit den Melser Bergkäsen mild / würzig / rezent, Chapfä-Mutschli, Bergträumli, Degustation der Mädriser Jogurt
- Gelegenheit zum Käsekauf direkt ab Käsekeller
Eine Anmeldung ist erforderlich.

Verbinden Sie einen Käsereibesuch bei uns mit einem Ausflug in die Natur. Bei bester Aussicht erlebt man die Wildheit des Melser Hinterbergs bei einem sanften Spaziergang durch das botanisch wertvolle Naturschutzgebiet Chapfensee. Lohnenswert im Sommer oder im Winter ist auch ein Abstecher ins wildromantische Weisstannental.
Der Bergweiler Mädris und die dazugehörigen Maiensässe liegen an einer Bergflanke hoch über dem Seeztal. Ein bezauberndes Eldorado für Wanderer und Biker. Von kleinen Rundwanderungen bis hin zu mehrtägigen Bergtouren bieten sich unzählige Möglichkeiten:
- Rundwanderung durch geschützte Moorlandschaften am Chapfensee
- Rundwanderung vom Chapfensee zur Sonnenterrasse Vermol
- Themenpfad Melser Geoweg
- Erdpyramiden und Wasserkraft: Wanderung ins Seeztobel
- Bergwanderung Vermol - Alp Tamons - Hüenerchopf
- Panoramaweg Chapfensee - Schwarzenberg - Berghotel Schönhalden
- WALSA-Höhenweg, Bad Ragaz - Amden
- Skitour oder Schneeschuhlaufen Vermol - Tamons - Hüeneri
- Bergtalwanderung Vermol - Schwendi - Weisstannen;9.392086458162218;47.05219913986842;Meilenstrasse 16;8886;Mädris-Vermol;+41 81 710 09 93;bergkaeserei@maedris.ch;http://www.maedris.ch;[{'@type': 'ImageObject', 'contentUrl': 'https://hltpimtsoch.sos-ch-dk-2.exoscale-cdn.com/catalog/e/f/6/a/ef6a9d82db5d84b0d58513dd641d9387b737ecf7_Bergk__serei_M__dris_6.jpg'}];2025-12-04T09:21:22+01:00
3b756448-6511-4cd1-a26b-54b3e6c146cc;Berghotel Schönhalden;Das Berghotel Schönhalden auf 1500 m ü.M. bietet eine atemberaubende Aussicht auf die Churfirsten und die Alvier Bergkette. Es ist ideal für Erholungssuchende, die dem Massentourismus entfliehen möchten, und bietet zahlreiche Aktivitäten für Wanderer, Biker und Wintersportler.;Das Berghotel Schönhalden liegt auf 1500 M ü/M. auf dem Flumser Kleinberg. Das Hotel ist mit der Pendel Gondelbahn direkt erreichbar. In allen Räumen ist „Rauchen verboten"! Von der Terrasse aus hat man eine traumhafte Aussicht auf die Churfirsten und auf die Alvier Bergkette sowie auf das Sarganserland. Der Kleinberg ist speziell bei Erholungssuchenden beliebt, die den Massentourismus meiden wollen. Es gibt dennoch ein attraktives Angebot für Wanderer, Biker, Gleitschirmflieger, Schneeschuhläufer, Ski-Tourenfahrer und Winterwanderer.

Das Hotel verfügt über 13 Doppelzimmer und einem Vierbettzimmer plus 10 Zustellbetten und kann bis zu 40 Gäste beherbergen.
Die Zimmer sind geschmackvoll und mit einer persönlichen Note eingerichtet, die das Gefühl zur Entspannung und Wärme ausstrahlen. Einige Zimmer sind Behinderten gerecht und rollstuhlgängig.

Im neuen und gemütlichen Restaurant mit gut bürgerlicher Küche und Panoramasicht finden bis zu 80 Personen Platz. Auf der gemütlichen Sonnenterrasse kann man den Ausblick geniessen. Für die kleinen Gäste gibt es einen Aussen-Spielplatz und ein Spielzimmer.;9.3310109;47.0627408;Talstation Bergbahn Schönhalden;8894;Flumserberg Saxli;+41 81 733 11 96;flury@schoenhalden.ch;http://www.schoenhalden.ch;[{'@type': 'ImageObject', 'contentUrl': 'https://hltpimtsoch.sos-ch-dk-2.exoscale-cdn.com/catalog/c/b/d/5/cbd510d5f50fd72a763bfd5861b30cde1bd0d02e_Berghotel_Sch__nhalden_Sommer.png'}];2026-09-01T00:47:33+02:00
3c04ecfb-d9dd-4137-a4fc-4295339cf91a;Asien Restaurant Rama-Rama;Das Asien Restaurant Rama-Rama in Landquart bietet asiatische Spezialitäten aus Hong Kong-China, Malaysia und Thailand. Gäste können die Gerichte im Restaurant oder auf der grossen Terrasse geniessen.;Rama-Rama ist malaysisch und bedeutet soviel wie Schmetterling. Rama-Rama ist aber auch ein Asiatisches Restaurant mit Spezialitäten aus Hong Kong-China, Malaysia und Thailand.
Geniessen Sie unsere Spezialitäten entweder im Restaurant mittags und abends gemütlich und gedigen oder in den Sommermonaten auf der grossen Terrasse.;9.560419226747708;46.96788395;Bahnhofstrasse 42;7302;Landquart;+41 81 322 59 69;info@rama-rama.ch;http://www.rama-rama.ch;[{'@type': 'ImageObject', 'contentUrl': 'https://hltpimtsoch.sos-ch-dk-2.exoscale-cdn.com/catalog/e/9/0/5/e90518b74403fe1b4a02849ff62efa6d9b40db11_2016_10_12.jpg'}];2026-05-20T22:08:22+02:00
3c4fe053-0eb2-4204-9fe5-8bcec667baec;gladys;Das Restaurant gladys im Clubhaus des Golf Club Bad Ragaz bietet innovative Küche und eine grosszügige Sonnenterrasse. Es wurde mehrfach als bestes Golf Restaurant der Schweiz ausgezeichnet und lädt mit einer Smoking Lounge zum Verweilen ein.;Das «gladys» befindet sich im modernen Clubhaus des Golf Club Bad Ragaz und ist ein Treffpunkt sowohl für Golfer als auch für Kulinarik-Begeisterte. Das innovative Küchenteam interpretiert bewährte Clubhaus-Klassiker immer wieder neu. Sonnenterrasse und Smokers Lounge laden zum gemütlichen Verweilen ein. Beim Swiss Golf Award 2018, 2020, 2021 und 2022 wurde das gladys als «Bestes Golf Restaurant der Schweiz» gekürt und erhielt beim Falstaff Restaurantguide 87 Punkte. Das mehrfach ausgezeichnete Restaurant besticht neben seinem stilvollen Innenausbau mit einer grosszügigen Sonnenterrasse. Die Smoking Lounge mit einer breiten Zigarrenauswahl und erlesenen Spirituosen lädt Golfer und Kulinarikbegeisterte zum Verweilen ein.;9.5048934;46.9989934;Hans-Albrecht Strasse 1;7310;Bad Ragaz;+41 81 303 37 20;gladys@resortragaz.ch;https://www.golfclubragaz.ch/gladys.html;[{'@type': 'ImageObject', 'contentUrl': 'https://hltpimtsoch.sos-ch-dk-2.exoscale-cdn.com/catalog/f/c/5/0/fc50880663e34f5ecb93044d4c7780b466bfecb0_gladys_Golf_Restaurant.jpg'}];2026-06-22T14:32:39+02:00
3dc6b5d7-e7e3-4e6c-a928-60ab75583220;Rent a Bike AG;Miete ein E-Bike am Bahnhof Sargans für eine abenteuerliche Radtour durch die Ferienregion Heidiland. Entdecke die vielseitige Landschaft zu jeder Jahreszeit und erlebe Bewegung und Natur hautnah.;Miete jetzt dein E-Bike für eine abenteuerliche Radtour durch die Ferienregion Heidiland.;9.4453692;47.0453859;SBB Bahnhofplatz;7320;Sargans;info@rentabike.ch;https://www.rentabike.ch/home;[{'@type': 'ImageObject', 'contentUrl': 'https://hltpimtsoch.sos-ch-dk-2.exoscale-cdn.com/catalog/2/1/3/5/21350e33b28c60bfc2fb26e768a21cacdc9b7526_eine_vielseitige_landschaft_rund_um_den.jpg'}];2026-05-15T18:33:59+02:00
3e328c39-0147-4bf0-9650-cd244ca0431c;Thomas Marugg Weingut;Das Thomas Marugg Weingut in Fläsch bietet Weindegustationen für Gruppen von fünf bis 50 Personen nach telefonischer Voranmeldung an. Es ist bekannt für seine lokale und einfache Küche in einer rauchfreien Umgebung.;Gerne empfangen wir Gruppen von 5 - 50 Personen für Weindegustationen auf telefonische Voranmeldung.;9.513280902915838;47.026143399999995;Ausserdorfstrasse 32;7306;Fläsch;+41 81 302 14 43;th.marugg@marugg-weine.ch;http://www.marugg-weine.ch;[{'@type': 'ImageObject', 'contentUrl': 'https://hltpimtsoch.sos-ch-dk-2.exoscale-cdn.com/catalog/f/8/b/0/f8b0baae12aaf130b68631e648f218ed7b353433_Thomas_Marugg_2.jpg'}];2026-08-03T12:29:59+02:00
3ee82a8e-f87d-433c-a9de-2abaa1a0e540;Restaurant Morgenstern;Das Restaurant Morgenstern in Mels bietet ganzjährig gut-bürgerliche Küche und einen wundervollen Ausblick. In den Herbstmonaten werden Wildspezialitäten serviert. Es ist für Paare, Familien, Gruppen und Singles geeignet.;In den Herbstmonaten laden wir Sie herzlichst zu unseren Wildspezialitäten ein.;9.411385150460994;47.03582555;Weissrannerstrasse 73;8887;Mels;+41 81 723 15 92;kontakt@restaurant-morgenstern.ch;https://www.restaurant-morgenstern.ch/;[{'@type': 'ImageObject', 'contentUrl': 'https://hltpimtsoch.sos-ch-dk-2.exoscale-cdn.com/catalog/7/f/1/9/7f1900a86acf5ed6a2d7053726edd040acb5a37c_20160505_112919_480x360.jpg', 'caption': {'de': 'Restaurant Morgenstern'}}];2026-05-14T15:29:11+02:00
3f941a9c-5f69-425f-8735-466099dfb694;Restaurant Pinot;Das Restaurant Pinot in Fläsch bietet eine kulinarische Insel mit saisonalen Gerichten von Sternekoch Roland Schmid. Geniesse regionale und internationale Küche auf der einzigartigen Terrasse. Ausgezeichnet mit Bib Gourmand und 90 Falstaff-Punkten.;Das Pinot ergänzt das Ensemble der Klinik Gut in Fläsch als Insel der Kulinarik, der Genusses bei passendem Ambiente und einzigartiger Terrasse im schönen Garten.
Geniessen sie beim bekannten Sternekoch, Sebastian Titz, das täglich wechselnde saisonale Tagesangebot zum Lunch. Am Nachmittag unser hausgemachter Kuchen, Hausgemachte Glacespezialitäten, ein PINOT - Plättli oder ein Cervelatsalat mit einem Glas Wein. Unser Wochen Highlight ist der Gourmetabend jeweils Donnerstags ab 18 Uhr
Gekocht wird frisch, zeitgemäss und im Takt der vier Jahreszeiten. Mal mit regionalen Akzenten, mal international. Immer mit Liebe und Leidenschaft, einfach, ehrlich und vollendet im Geschmack. In den Kreationen vermählt sich Neues mit Traditionellem. Gerne spürt Sebastian Titz dafür die besten Lebensmittel lokaler Produzenten auf. Auch ein gutes Glas Wein wird optimal auf das Gericht abgestimmt. Lassen Sie sich begeistern.
Das Restaurant Pinot wurde mit der Auszeichnung "Bib Gourmand" MICHELIN Schweiz, das heisst bestes Preis-Leistungs-Verhältnis gekürt sowie mit 90 Punkte bei "Falstaff" ausgezeichnet.;9.514217442187299;47.0240965;Steigstrasse 12;7306;Fläsch;+41 81 595 55 57;reservation@restaurant-pinot.ch;http://www.restaurant-pinot.ch;[{'@type': 'ImageObject', 'contentUrl': 'https://hltpimtsoch.sos-ch-dk-2.exoscale-cdn.com/catalog/9/6/c/a/96caf93ba0ec4346b0708757290764d5284125b3_Titelbild.jpg'}];2026-05-17T08:32:29+02:00
3fad9a65-5fc1-4b1a-a05c-0283c1bfea5c;Rathauskeller Mels - Weinkellerei;Weinkellerei im historischen Gewölbe;<p class="MsoNoSpacing"><span lang="DE-CH">Seit der Gründung im Jahre 1938 ist die Weinbaugenossenschaft im Rathauskeller Mels am Dorfplatz zuhause, keltert ihre Weine nach neusten Methoden und lässt sie im historischen Gewölbekeller zu edlen Tropfen reifen.</span></p><p class="MsoNoSpacing"><span lang="DE-CH">Zwischen Sargans und Heiligkreuz, in steilen Südlagen mit optimaler Sonneneinstrahlung, pflegen über 50 Winzerinnen und Winzer im Nebenerwerb jeden einzelnen Rebstock mit unermüdlicher Arbeit, Hingabe und Leidenschaft. Ihre Qualitätstrauben bilden die Grundlage für charaktervolle, qualitativ hochwertige und einzigartige Weine.</span></p><p class="MsoNoSpacing"><span lang="DE-CH">Seit Generationen erfolgt die Kelterung und Lagerung eines umfangreichen Sortiments an Weiss- und Rotweinen im historischen Gewölbekeller des Rathauses Mels. Wir sind stolz auf unsere grosse Vielfalt an Rebsorten. Diese reicht von Klassikern wie Pinot Noir, Riesling-Sylvaner und Chardonnay bis zu Spezialitäten wie Kerner, Pinot Gris oder Souvignier Gris. </span></p><p class="MsoNoSpacing"><span lang="DE-CH"> </span></p><p class="MsoNoSpacing"><span lang="DE-CH">Die Arbeit unseres Kellermeister Toni Bardellini sowie der Winzerinnen und Winzer ist von Leidenschaft, Handwerk und Innovationskraft geprägt. Mit viel Herzblut sorgen sie dafür, dass die regionale Weintradition lebendig bleibt und als einzigartiges Kulturgut in die Zukunft getragen wird.</span></p><p class="MsoNoSpacing"><strong><span lang="DE-CH" style="font-size: 12.0pt;">Weingenuss für Zuhause – unsere Vinothek</span></strong></p><p class="MsoNoSpacing"><span lang="DE-CH" style="mso-bidi-font-size: 10.0pt;">In unserer Vinothek trifft Genuss auf Kompetenz und Leidenschaft. Für eine persönliche Weinberatung besuchen Sie uns doch in unserer Vinothek oder bestellen Sie erlesene Weine, Edelbrände oder unseren alkoholfreien Trubetau direkt im Online-Shop.</span><span lang="DE-CH" style="mso-bidi-font-size: 10.0pt;"> </span></p><p class="MsoNoSpacing"><strong><span lang="DE-CH" style="font-size: 12.0pt;">Weinlokal im historischen Gewölbe</span></strong></p><p class="MsoNoSpacing"><span lang="DE-CH" style="mso-bidi-font-size: 10.0pt;">Verweilen Sie in unserem charmanten Gewölbekeller im Herzen von Mels. Kommen Sie vorbei – entdecken, geniessen und verweilen Sie! Wir freuen uns auf Ihren Besuch.</span></p>;9.419257;47.0466979;Platz 2;8887;Mels;+41 81 723 52 49;info@rathauskellermels.ch;https://www.rathauskellermels.ch/;[{'@type': 'ImageObject', 'contentUrl': 'https://hltpimtsoch.sos-ch-dk-2.exoscale-cdn.com/catalog/8/b/f/d/8bfdb1a19188673db64c72a2fdfdc5599877c87f_Trauben_Kerner.jpg'}];2026-08-01T16:30:15+02:00
3fe2012c-a346-4a1a-9b0a-362b22bd0cb2;Thermalbad Valens;Das Thermalbad Valens nutzt natürliches Thermalwasser aus der Taminaschlucht, das bei 36,5 °C über eine Pipeline ins Becken gelangt. Entspannung bieten Sprudelliegen, Massagedüsen und Nackendüsen. Kinder sind willkommen.;Das natürliche Thermalwasser aus der bekannten Quelle in der Taminaschlucht gibt dem Körper Auftrieb. Es tritt mit 36,5˚ Grad aus den Tiefen der Erde ans Licht und gelangt über eine Pipeline nach Valens, wo es ins Thermalbadbecken eingespeist wird. Entspannen Sie im Thermalwasser – auf Sprudelliegen, einer Sitzbank, an Massagedüsen und Nackendüsen. Kinder jeden Alters sind herzlich willkommen.;9.48225259780884;46.969271779259;Taminaplatz 1;7317;Valens;+41 58 511 11 11;info@kliniken-valens.ch;https://www.thermalbad-valens.ch/;[{'@type': 'ImageObject', 'contentUrl': 'https://hltpimtsoch.sos-ch-dk-2.exoscale-cdn.com/catalog/5/e/0/3/5e03ddf671d466d6b4fa048ca7438c6ee84de3e8_DSC07055_Kopie.jpg'}];2026-08-10T14:56:34+02:00
403958b7-4a63-41ed-8c11-3416d6f7ddbe;Hotel Cristal Flumserberg;Das Hotel Cristal Flumserberg liegt zentral in Tannenboden, nahe der Seilbahn Maschgenkamm. Es bietet 29 Zimmer, drei Restaurants und einen Wellnessbereich mit Dampfbad und Sauna. Die Skipiste befindet sich direkt neben dem Hotel.;Das umfangreich und aufwändig renovierte Hotel Cristal liegt zentral in Tannenboden auf dem Flumserberg, nur wenige Gehminuten von der Seilbahn Maschgenkamm und der Luftseilbahn LUFAG entfernt. Die Skipiste und der erste Lift liegen direkt neben dem Hotel. 

Das Hotel verfügt über 29 Zimmer, die Restaurants Churfirstenstube, Chäs-Stübli und Arvenstübli mit Kamin-Lounge sowie einen Wellnessbereich mit Dampfbad und Sauna. Die geschmackvolle Einrichtung und die gemütliche Atmosphäre im ganzen Hotel laden zum Geniessen und Entspannen ein.;9.282386599999999;47.0931453;Tannenbodenalpstr.3;8898;Flumserberg Tannenboden;+41 81 720 16 16;info@cristal-flumserberg.ch;https://cristal-flumserberg.ch/de/;[{'@type': 'ImageObject', 'contentUrl': 'https://hltpimtsoch.sos-ch-dk-2.exoscale-cdn.com/catalog/c/e/f/e/cefe1cbf6249152aa6276c9a60cc07d2776bf0a6_1Hausfront_Strasse.jpg'}];2026-08-31T23:22:49+02:00
41b32024-8801-4f31-9b48-13238a644ac7;Hotel Alpenhof;Das Hotel Alpenhof in Weisstannen ist ein charmantes, historisches Berghotel mit antik möblierten, einfachen Zimmern. Es bietet eine sonnige Gartenterrasse und ist der ideale Ausgangspunkt für Wanderungen in die UNESCO-Weltnaturerbe Tektonikarena Sardona.;Das Hotel Alpenhof im Weisstannental ist seit 1874 ein historisches Hotel im Dörfchen Weisstannen mit stilvollem Ambiente. Geniessen Sie die Gastfreundschaft in nostalgischen Zimmern, einer gemütlichen Gaststube und einem Biedermeierstübli mit Lesezimmer. Während der Sommersaison bietet der Speisesaal ein festliches Ambiente auch für Feiern, Seminare und Kulturanlässe. Bei sonnigem Wetter geniesst der Gast die angenehme Frische auf der Gartenterrasse mit Schatten spendenden Bäumen. Die Biedermeierzimmer sind antik möbliert und die Belle-Epoque Zimmer sind mit historischen Möbeln aus dem Hotelbestand ausgestattet. Für Hotelgäste bereiten wir dem Gast ein feines 3-Gang-Menü aus meist regionalen Produkten zu. Das Hotel Alpenhof ist der ideale Ausgangspunkt für Wanderungen zur Wasserfallarena Batöni und Etappenort entlang der Via Alpina und des Sardona Welterbeweg ins UNESCO-Weltnaturerbe Tektonikarena Sardona. Bei guten Schnee-Verhältnissen lassen sich im Winter auch einige Skitouren und Schneeschuhwanderungen erleben.;9.344299927902512;46.98883385;Oberdörflistrasse 16;7326;Weisstannen;+41 81 723 17 63;alpenhof.weisstannen@gmail.com;http://www.alpenhof-weisstannen.ch;[{'@type': 'ImageObject', 'contentUrl': 'https://hltpimtsoch.sos-ch-dk-2.exoscale-cdn.com/catalog/8/d/4/f/8d4f1cef0a7e0b57f73d4c06600605ec7b67b4e5_Hotel_Alpenhof1_IMG_3426.JPG'}];2026-08-31T23:13:14+02:00
423148bc-a9d5-4d03-b872-863c3fbd4668;Hotel Restaurant Churfirsten;Das Hotel Restaurant Churfirsten in Walenstadt bietet eine zentrale Lage nahe dem Bahnhof und dem Walensee. Es verfügt über kostenloses WLAN, eine gutbürgerliche Küche mit italienischen Spezialitäten und eine grosse Gartenterrasse im Sommer.;Der heimelige, gemütliche Churfirsten liegt beim Bahnhof Walenstadt und verfügt über einen grossen Parkplatz. Zum Walensee benötigen Sie nur 10 Minuten zu Fuß. Freuen Sie sich auf kostenloses WLAN.

Die Zimmer im Hotel Churfirsten sind mit einem Kabel-TV, einem Safe, einem Schreibtisch und einem Haartrockner ausgerüstet.

Die leistungsfähige, gutbürgerliche Küche mit italienischen Spezialitäten und den feinen Holzofen-Pizzas wird bei Einheimischen und Gästen sehr geschätzt. 
Im Sommter grosse Gartenterrasse. Die vielfältigen Räumlichkeiten bieten ideale Verhältnisse für Familienfeiern, Hochzeiten, Seminare, Tagungen etc.;9.312775133232773;47.1203077;Bahnhofstrasse 41;8880;Walenstadt;+41 81 736 44 44;info@hotelchurfirsten.ch;http://www.hotelchurfirsten.ch;[{'@type': 'ImageObject', 'contentUrl': 'https://hltpimtsoch.sos-ch-dk-2.exoscale-cdn.com/catalog/e/5/e/7/e5e7321b8a158e63709483317bb897de63d5c63f_Hotel_Churfirsten_Restaurant_Pizzeria_Walenstadt_Titelbild2.jpg'}];2026-08-28T22:06:20+02:00
42378a51-b72b-4202-a82e-eb20456c8c1a;Haus Alpenblick A5 (CharmingStay);Haus Alpenblick A5 bietet eine moderne 2,5-Zimmerwohnung am Flumserberg. Zentral gelegen, nur zwei Gehminuten vom Hallenbad und der Skipiste entfernt, mit Einkaufsmöglichkeiten in direkter Nähe.;Die moderne 2.5 Zimmerwohnung liegt sehr zentral am Flumserberg. Zwei Gehminuten zum Hallenbad sowie zur Skipiste. Einkaufsmöglichkeiten gibt es in direkter Nähe.;9.297766606774918;47.0907134;Tobelbachstr. 8;8897;Flumserberg Tannenheim;+41 79 504 90 45;contact@charmingstay.ch;https://www.charmingstay.ch;[{'@type': 'ImageObject', 'contentUrl': 'https://hltpimtsoch.sos-ch-dk-2.exoscale-cdn.com/catalog/d/2/3/0/d230ae05f62febe68ddb5ed7b8422586d3e6488f_AlpenblickA5_18.jpg'}];2026-08-26T05:02:14+02:00
424d7866-deae-46c2-baea-b1fd163598b1;MaschgeLuggä;Das Bergrestaurant Maschgenlücke bietet eine grosse südlich ausgerichtete Terrasse mit Panoramablick und viel Sonne. Im Winter geniessen Besuchende den Blick auf verschneite Gipfel, im Sommer auf Alpweiden und Murmeltiere.;Grosse südlich ausgerichtete Terrasse (120 Plätze im Sommer / bis zu 300 Plätze im Winter) mit herrlicher Panoramasicht und viel Sonne von früh bis spät. Gemütliches Restaurant für ca. 70 Personen.

Geniessen Sie im Winter wunderschöne Ausblicke auf das verschneite Panorama von Ringelspitz über Piz Sardona bis Spitzmeilen und Magerrain. 

Geniessen Sie im Sommer den herrlichen Ausblick über Alpweiden und Bergspitzen und beobachten Sie die Murmeltiere von unserer Terrasse aus!;9.256376516014837;47.0687943;Dachenweid Postfach 114;8898;Flumserberg Tannenbodenalp;+41 81 733 11 81;bartholet.lugge@bluewin.ch;http://www.lugge-flumserberg.ch;[{'@type': 'ImageObject', 'contentUrl': 'https://hltpimtsoch.sos-ch-dk-2.exoscale-cdn.com/catalog/f/6/e/0/f6e05b52d23893760ecbeadc5f0e47ed19bb1a74_1000007339.jpg'}];2026-05-15T08:34:21+02:00
42ebf9a2-5fdc-4285-963f-9d98b736d25d;Hotel Post;Das Hotel Post in Sargans bietet schallisolierte Zimmer mit TV und kostenfreiem WLAN. Ein Restaurant serviert Schweizer Küche und eine grosse Auswahl an Weinen. Die Seilbahn ins Skigebiet Wangs-Pizol ist in drei Minuten erreichbar.;Das familiengeführte Hotel Post begrüsst Sie in Sargans und liegt nur 5 Gehminuten vom Bahnhof entfernt. Eine 3-minütige Fahrt bringt Sie zur Seilbahn ins Skigebiet Wangs-Pizol.

Alle Zimmer sind schallisoliert und verfügen über einen TV sowie über ein Bad mit einer Dusche oder Badewanne. Freuen Sie sich auf kostenfreies WLAN.

Gemütliches Restaurant mit heimeliger Atmosphäre sowie Schweizer Küche mit Spezialitäten für Feinschmecker und einer grossen Auswahl an Weinen. Ideale Räumlichkeiten für Ihre diversen persönlichen und geschäftlichen Anlässe, wie Familienfeiern, Firmenessen, Vereine, Busse und Bankette.;9.4408779;47.0479524;Bahnhofstrasse 1;7320;Sargans;+41 81 720 47 47;info@hotelpost-sargans.ch;http://www.hotelpost-sargans.ch;[{'@type': 'ImageObject', 'contentUrl': 'https://hltpimtsoch.sos-ch-dk-2.exoscale-cdn.com/catalog/8/4/5/8/845818d5f795e03fd9a918941ae9dd62c173c541_Post_Sargans_Aussenaufnahme_1.jpg'}];2026-08-31T23:11:32+02:00
43a9715b-ad9c-4927-a3b7-d070d79b3ab0;Aparthotel Restaurant Edy Bruggmann;Das Aparthotel Edy Bruggmann am Flumserberg bietet haustierfreundliche Unterkünfte mit kostenfreien Privatparkplätzen. Geniesse lokale Spezialitäten im rustikalen Speiserestaurant oder im Panoramarestaurant. Der Prodalp-Express ist nur 100 m entfernt.;Das Aparthotel Edy Bruggmann begrüsst Sie mit einer wunderschönen Sonnenterrasse und bietet Ihnen haustierfreundliche Unterkünfte am Flumserberg. Die Privatparkplätze an der Unterkunft stehen Ihnen kostenlos zur Verfügung. Ein TV sorgt für Unterhaltung und die Gemeinschaftslounge der Unterkunft lädt zum Verweilen ein.

In unserem rustikalen Speiserestaurant *Pfnille" und Panoramarestaurant geniesst man einheimische Spezialitäten. Neben den beiden Restaurants kann man im Fonduestübli "Gadä" ein feines Käse- oder Fondue Chinoise geniessen. 

Den Skilift Schwammkopf erreichen Sie vom Aparthotel Edy Bruggmann nach 1,5 km und den Prodalp-Express nach 100 m.;9.303433011508352;47.0895725;Flumserbergstrasse 151;8897;Flumserberg Tannenheim;+41 81 733 24 24;info@hotelbruggmann.ch;http://www.hotelbruggmann.ch;[{'@type': 'ImageObject', 'contentUrl': 'https://hltpimtsoch.sos-ch-dk-2.exoscale-cdn.com/catalog/f/0/c/a/f0ca25c61b38f0ec7cd6b0e10138987734e225e7_DSC_0017.JPG'}];2026-07-03T20:17:25+02:00
4455c475-d9de-4c39-8ab2-2d01720cb5c0;Kiosk Chapfensee;Gemütlicher Kiosk am Chapfensee mit Snacks, Getränken und Verkauf von Fischerpatenten. Beliebter Halt für Wandernde, Biker und Familien.;<div>Der Kiosk Chapfensee l&auml;dt Wandernde, Biker, Fischer und Familien zu einer gem&uuml;tlichen Pause ein. Direkt am See gelegen, bietet er Getr&auml;nke, Snacks und kleine Verpflegungen. Zudem k&ouml;nnen hier Fischerpatente bezogen werden.</div>;9.3774965;47.0489958;Chapfenseestrasse 20;8886;Mädris-Vermol;+41 77 403 30 09;[{'@type': 'ImageObject', 'contentUrl': 'https://hltpimtsoch.sos-ch-dk-2.exoscale-cdn.com/catalog/a/b/1/f/ab1f9ab149efd5781949f35eedc145f291cda7d2_Kiosk_am_Chapfensee2.jpg'}];2026-09-02T15:27:52+02:00
45005140-0670-434e-9b87-02580f1e128b;Lipp Weingut & Destillerie;Das Lipp Weingut & Destillerie in Maienfeld bietet eine einzigartige Kombination aus Wein- und Schnapsproduktion. Besuchende können die Produkte direkt vor Ort degustieren und einen Blick in die Brennerei werfen.;Ein Paar - zwei Leidenschaften. Er ist Schnapsbrenner, sie ist Winzerin. Gemeinsam verbindet sie der Anspruch nach aussergewöhnlichen Produkten. 

Die Bündner Herrschaft und die nähere Region sind unser Garten für die Trauben, Früchte, Beeren und Kräuter für unsere Weine und Destillate. 
Im Laden direkt auf dem Hof können die Produkte degustiert werden, auch ein Blick in die Brennerei ist möglich.;9.52925443239499;47.009072950000004;Fläscherstrasse 2;7304;Maienfeld;+41 81 330 15 55;info@lipp-destillerie.ch;https://www.lipp-destillerie.ch;[{'@type': 'ImageObject', 'contentUrl': 'https://hltpimtsoch.sos-ch-dk-2.exoscale-cdn.com/catalog/4/2/c/5/42c523c0a31e57de2120233d6d8bb8f837c1091f_20151030__MG_0641.jpg'}];2026-07-25T13:03:08+02:00
4583ebef-8192-4636-ae91-774cbbf432ab;Bio Pasta Bonetti ;Bio Pasta Bonetti in Bad Ragaz bietet handgefertigte Bio-Teigwaren und Kochkurse an. Die Produkte entsprechen strengen Qualitätskriterien und die Kurse lehren die traditionelle Herstellung von Pasta.;Unsere Teigwaren werden überwiegend von Hand verarbeitet, um alles Wertvolle, welches die Zutaten in sich tragen, zu erhalten. So entstehen kleine Kostbarkeiten die zu 100% unseren strengen Qualitätskriterien entsprechen.
Neben dem Kauf von Bio-Produkten bieten wir ebenfalls verschiedene Kochkurse an, bei welchen man die "Pasta tradizionale fatta a mano" erlernen kann.;9.506086707115175;47.011275126535345;Elestastrasse 8;7310;Bad Ragaz;+41 81 302 76 01;info@biopastabonetti.ch;https://www.biopastabonetti.ch/de/;[{'@type': 'ImageObject', 'contentUrl': 'https://hltpimtsoch.sos-ch-dk-2.exoscale-cdn.com/catalog/3/4/4/7/3447fa8a18753a911b6e43be27fa7b247967c0eb_5.JPG'}];2026-08-07T12:54:18+02:00
468094a2-9419-4e26-a3c2-752021147a08;Restaurant Central;Das Restaurant Central in Bad Ragaz bietet gutbürgerliche Schweizer Küche mit Einflüssen aus Amerika und Italien. Es ist familienfreundlich, akzeptiert Kreditkarten und verfügt über eine Garten-Terrasse sowie kostenloses WLAN.;Lassen sie es sich richtig gut gehen – saisonal und frisch aus der Region.
Unsere frisch zubereitete Schweizer Küche vereint in Bad Ragaz - das Beste aus der Schweizer und italienischen Küche – saisonal inspiriert und voller Geschmack.;9.5001409;47.0022417;Am Platz 6;7310;Bad Ragaz;081 302 26 26;reservation@centralragaz.ch;https://www.centralragaz.ch/;[{'@type': 'ImageObject', 'contentUrl': 'https://hltpimtsoch.sos-ch-dk-2.exoscale-cdn.com/catalog/3/4/e/c/34ecc869c8a7b530b1cc27a3185dbfa648e4d2af_IMG_20230509_WA0009_1000x889.jpg', 'caption': {'de': 'Restaurant Central'}}];2026-07-10T04:13:16+02:00
4683b517-49e8-47f4-879b-00e788ab2962;Ferienwohnung & Skifahren am Flumserberg;Buche 2–7 Nächte in einer von 32 ausgewählten Ferienwohnungen und erhalte den Skipass für den Flumserberg inklusive – exklusiv bei Heidiland Tourismus.;<p><span class="Apple-style-span"><strong>Top-Angebot und nur &uuml;ber Heidiland Tourismus buchbar:</strong> w&auml;hrend der ganzen Wintersaison ist bei einem Aufenthalt ab 2 - 7 N&auml;chten der Skipass inklusive.</span><br><br>Nur knapp eine Stunde von Z&uuml;rich und St. Gallen entfernt, erlebst du am Flumserberg Winter pur. Geniesse ein paar Tage im vielseitigen Wintersportgebiet mit 17 Anlagen und 65 km Pisten. In Verbindung mit zwei bis sieben &Uuml;bernachtungen direkt im Skigebiet ist der Skipass inbegriffen.<br><br><span class="Apple-style-span">Inkludierte Leistungen:<br></span></p><ul><li>32 speziell ausgew&auml;hlte Ferienwohnungen stehen dir zur Verf&uuml;gung</li><li>2 - 7 &Uuml;bernachtungen in der Ferienwohnung deiner Wahl</li><li>Beste Buchungschance: 3 - 7 N&auml;chte, bei 7 N&auml;chten Sa. - Sa.</li><li>2 - 7 Tage Skipass f&uuml;r das Skigebiet Flumserberg (g&uuml;ltig an gleich vielen Tagen wie N&auml;chte gebucht)</li><li>allf&auml;llige Taxen</li></ul><p><br><span class="Apple-style-span">Konditionen:</span></p><ul><li>buchbar w&auml;hrend der ganzen Wintersaison&nbsp;</li><li>bis 1 Tag vor Anreise buchbar</li><li>g&uuml;ltig nach Verf&uuml;gbarkeit (beste Buchungschance: 3 - 7 N&auml;chte, bei 7 N&auml;chten Sa. - Sa.)</li><li>das Skiticket erh&auml;ltst du an der Talstation in Unterterzen (SeeJet), Flumserberg Tannenheim oder Flumserberg Tannenbodenalp gegen Vorweisen deines Vouchers (bitte mitbringen)</li></ul>;[{'@type': 'ImageObject', 'contentUrl': 'https://hltpimtsoch.sos-ch-dk-2.exoscale-cdn.com/catalog/c/e/3/c/ce3c89c244e6046d63216241ec26259173942a48_large_Flumserberg_Skipauschale.jpg', 'caption': {'de': 'Pauschale: Ferienwohnung & Skifahren am Flumserberg', 'en': 'Package: Holiday Apartment & Skiing at Flumserberg'}}];2025-10-29T15:50:32+01:00
46a9151a-e2ad-4306-a170-df585a18fc07;Hallenbad & Sauna Flumserberg;Ganzjähriger Badespass im 25 m-Sportbecken, separatem Kinderbecken mit Rutschbahn, Tarzan-Klettergerüst, finnischer Sauna und Dampfbad – ideal für Familien, Paare, Gruppen und Trainingslager.;<div>Das Hallenbad &amp; Sauna Flumserberg verbindet sportliche Aktivit&auml;t mit entspannender Erholung. Im 25 m-Sportbecken (4 Bahnen, Wassertiefe 1,30&ndash;2,30 m, ca. 28,5 &deg;C) erwarten dich Schwimmm&ouml;glichkeiten f&uuml;r SportlerInnen.</div><div>&nbsp;</div><div>Das separate Kinderbecken (10 &times; 6 m, 0,80&ndash;1,30 m, ca. 29 &deg;C) mit Rutschbahn und Tarzan-Kletterger&uuml;st bietet Spiel und Abenteuer f&uuml;r die Kleinen. Abgerundet wird das Angebot durch Tischfussball und einen gem&uuml;tlichen Snackbereich mit Liegest&uuml;hlen.&nbsp;</div><div>&nbsp;</div><div>In der warmen Jahreszeit l&auml;dt die Liegewiese mit Panoramaausblick zur Entspannung im Freien ein. Danach entspannst du dich in der gemischten finnischen Sauna (ca. 80 &deg;C) oder im Dampfbad (ca. 41 &deg;C) mit Duschen und Kaltwasserbecken.</div><div>&nbsp;</div><div>Jahreskarten gelten nur f&uuml;rs Bad &ndash; der Saunabesuch wird separat verrechnet.</div>;9.29644342968039;47.08968865;Flumserbergstrasse 167;8897;Flumserberg Tannenheim;+41 81 733 29 69;badbetrieb@hallenbad-flumserberg.ch;https://hallenbad-flumserberg.ch;[{'@type': 'ImageObject', 'contentUrl': 'https://hltpimtsoch.sos-ch-dk-2.exoscale-cdn.com/catalog/4/c/8/a/4c8af4e1d092ac01b61c8ce355b2572cfe7030c5_2016_12_24.jpg'}];2026-05-29T04:14:16+02:00
46ba4279-90dc-48bf-8e09-788a8bce9f32;Garni Hotel Torkelbündte;Das Garni Hotel Torkelbündte in Bad Ragaz bietet geschmackvoll eingerichtete Zimmer mit Balkon, Dusche/WC, Kaffeemaschine und kostenlosem WLAN. Es ist ideal für Aktivitäten wie Mountainbiken, Golfen und Skifahren. Die Tamina Therme und das Casino sind in der Nähe.;Unsere Zimmer sind alle geschmackvoll eingerichtet  mit Balkon, Dusche/WC, Kaffeemaschine, TV und Safe. WLAN und die Parkmöglichkeiten nutzen Sie kostenfrei. Zwei Zimmer verfügen zusätzlich über ein Zustellbett.
Es ist der richtige Ausgangspunkt für die Taminaschlucht oder zum Mountainbiken, Golfen, Wandern, Tennisspielen und im Winter zum Skifahren, Langlaufen, Schlitteln oder Eislaufen. Die berühmte Tamina Therme, die Golfanlagen, das Casino  sind ein Katzensprung entfernt.;9.503753094845685;47.00497265;Fläscherstrasse 21a;7310;Bad Ragaz;+41 81 300 44 66;info@torkelbuendte.ch;https://www.torkelbuendte.ch;[{'@type': 'ImageObject', 'contentUrl': 'https://hltpimtsoch.sos-ch-dk-2.exoscale-cdn.com/catalog/3/e/5/b/3e5b51ea110c8bc55781bb0794179415bcb27c24_Aussen_Abendstimmung_Hotel_Garni_Torkelbuendte__2.jpg'}];2026-05-14T23:40:11+02:00
46c15614-1a24-4f4f-92dd-9dcc850c51bb;Rocki Docki Kulturbühne;Das Rocki Docki in Flums bietet eine vielseitige Gastronomie in einem historischen Gebäude. Es ist ideal für Partys, Gruppenevents oder einen entspannten Abend mit Freunden. Geniesse amerikanische, vegetarische und BBQ-Küche.;Das alte Hause am Bahnhof Flums hat vieles schon erlebt .. und das Haus hat immernoch einiges zu bieten! Entdecke eine andere Welt und geniesse unser vielseitiges Angebot. Let&#039;s rock!

Das Rocki Docki ist perfekt für Deine Party, für Gruppenevents oder einen guten Abend unter Freunden! Für alle ist was dabei - schreibe auch Du die Geschichte weiter und das Haus wird zu einer unsterblichen Legende!;9.348019250597167;47.096143121098;Bahnhofstrasse 2;8890;Flums;+41 81 733 28 28;chris@rockidocki.ch;http://www.rockidocki.ch/;[{'@type': 'ImageObject', 'contentUrl': 'https://hltpimtsoch.sos-ch-dk-2.exoscale-cdn.com/catalog/d/1/1/3/d1136c37cc002bf0542313b497abe21ab4981117_RockiDocki01.jpg'}];2026-04-28T08:26:16+02:00
470491d1-7e6a-43e3-9bad-4ac098a27704;Tamina Health Center;Individuelle Medizin für Ihre Gesundheit: Unser interdisziplinäres Team begleitet Sie kompetent – von Diagnostik bis TCM und Gesundheitsvorsorge.;Im Tamina Health Center des Grand Resort Bad Ragaz erwartet Sie ein umfassendes Angebot an medizinischen, therapeutischen und präventiven Leistungen – von Physiotherapie, Ernährungsberatung und Personal Training bis hin zu Kuraufenthalten, moderner Diagnostik und Longevity. Unser interdisziplinäres Expertenteam begleitet Sie persönlich und auf höchstem Niveau – für mehr Gesundheit, neue Energie und spürbare Lebensqualität.;9.5031579;46.9994873;Hans Albrecht-Strasse 6;7310;Bad Ragaz;+41 81 303 38 38;medizin@resortragaz.ch;https://www.resortragaz.ch/de/tamina-health;[{'@type': 'ImageObject', 'contentUrl': 'https://hltpimtsoch.sos-ch-dk-2.exoscale-cdn.com/catalog/d/7/9/b/d79be05281e054b98417c3ba5b008839f170a121_Health_Check_Up_Program_Tamina_Health_Center_Grand_Resort_Bad_Ragaz__3.jpg'}];2026-08-08T04:15:44+02:00
473d7015-be91-4781-8073-a26ac5244fee;Adanks kleine Farm;Adanks kleine Farm in Fläsch bietet eine Vielfalt an Demeter-Produkten. Schottische Hochlandrinder und Bruderhähne werden gehalten, während Safran, Polentamais und Knoblauch auf den Feldern gedeihen. Der Hofladen bietet diese wertvollen Produkte an.;Demeter-Bauernhof mit viel Flair für das Aussergewöhnliche. 
Wir halten schottische Hochlandrinder und Bruderhähne. Auf unseren Feldern wächst Safran, Polentamais, Knoblauch und natürlich Gras für unsere Rinder
Die wertvollen Produkte werden im schönen Hofladen angeboten. 
Der Hof liegt am Fuss des Fläscherbergs 1 km nach der Rheinbrücke nach Fläsch.;9.505635589917608;47.031034;Neugüter 251;7306;Fläsch;+41 79 364 53 32;juerg@adankskleinefarm.ch;http://adankskleinefarm.ch/#home;[{'@type': 'ImageObject', 'contentUrl': 'https://hltpimtsoch.sos-ch-dk-2.exoscale-cdn.com/catalog/3/1/f/0/31f0c997b4804b2be599aa1df05f1580957cb697_FC939D07_0EA8_4B2D_BD14_86FF81EBB5A0.jpeg'}];2026-06-22T11:21:54+02:00
473f8492-2a35-40fe-bcb9-a36b737c92cf;Glamping Hotel Schloss Ragaz;Das Glamping Hotel Schloss Ragaz bietet ein Naturerlebnis mit Komfort im Schlosspark von Bad Ragaz. Die gemütlichen Glampinglodges bieten Zugang zum Hotelangebot und einige verfügen über einen eigenen Whirlpool.;<p>Naturerlebnis mit Komfort - Geniessen Sie ein einzigartiges Glamping-Erlebnis im Schlosspark! In den gemütlichen Glampinglodges mit Zugang zum Hotelangebot kommt ein unkompliziertes und individuelles Wohngefühl auf. Einige Lodges verfügen über einen eigenen Whirlpool.</p>;9.5084785;46.9974325;Schloss-Strasse 1;7310;Bad Ragaz;+41 81 303 77 77;info@hotelschlossragaz.ch;https://www.hotelschlossragaz.ch/de/;[{'@type': 'ImageObject', 'contentUrl': 'https://hltpimtsoch.sos-ch-dk-2.exoscale-cdn.com/catalog/6/a/2/2/6a228591417a949e1a6cc0c94cd2df3d0ff72a93_Bild2.jpg'}];2026-08-05T11:52:09+02:00
479545b4-6a07-4be2-b99e-90327e41c7b9;Sarganserländer Maskenmuseum Flums;Das Sarganserländer Maskenmuseum in Flums zeigt rund 200 historische und zeitgenössische Holzmasken. Die Ausstellung ist in drei Räume unterteilt und bietet Einblicke in die regionale Maskenschnitzkunst.;Im Sarganserland gelten Flums, Mels und Walenstadt als die Hochburgen der Maskenschnitzer. Doch auch in anderen Gemeinden der Region wird dieser über 200 Jahre alte Brauch heute noch gepflegt. Rund 200 historische und zeitgenössische Holzmasken sind im Museum zu sehen und präsentieren das typische Brauchtum der Region. 
 
Das Sarganserländer Maskenmuseum wurde im Rahmen des 50-Jahr-Jubiläums der Talgemeinschaft Sarganserland Walensee 2006 in den Kellerräumlichkeiten des Flumser Rathauses realisiert. Die Ausstellung ist in drei Räume aufgeteilt. Der Raum der Region enthält typische Masken aus allen acht Sarganserländer Gemeinden. Hier erzählt eine Videoschau über die Entstehung einer einzelnen Holzmaske. Im Raum der Maskengeschichte sind historische Masken und wertvolle Raritäten sowie die zur Herstellung benötigten Schnitzwerkzeuge zu sehen. Der dritte Raum, der Raum der Masken, ist schliesslich den neueren Masken von zeitgenössischen Schnitzern gewidmet.;9.343642234774673;47.090096599999995;Marktstrasse 25;8890;Flums;+41792213132;bruno.bless@outlook.com;https://www.flums.ch/sehenswuerdigkeiten/8451;[{'@type': 'ImageObject', 'contentUrl': 'https://hltpimtsoch.sos-ch-dk-2.exoscale-cdn.com/catalog/0/7/9/b/079b61ba8b39c3b4b3a929dceb12b2b34eaa63e7_Sarganserl__nder_Maskenmuseum_5.jpg'}];2026-08-08T02:36:00+02:00
485acae9-1a89-4ee7-a902-9b6904befdba;Lueg ins Land;Das Studio Lueg ins Land in Mels bietet eine tolle Aussicht auf die Berglandschaft und verfügt über einen Gartensitzplatz mit Grillmöglichkeit. Ein Parkplatz und ein zusätzlicher Abstellraum sind ebenfalls vorhanden.;Das komplett möblierte Studio im Parterre von Lueg ins Land befindet sich oberhalb vom schönen Mels in der Ferienregion Heidiland. Tolle Aussicht auf die umliegende Berglandschaft. Zur Wohnung gehört ein Gartensitzplatz mit Grillmöglichkeit sowie ein zusätzlicher Abstellraum und ein Parkplatz ist vorhanden.;9.415213465690615;47.038135565140756;Butzerstrasse 130;8887;Mels;+41 77 424 65 53;ignazhobi@bluewin.ch;[{'@type': 'ImageObject', 'contentUrl': 'https://hltpimtsoch.sos-ch-dk-2.exoscale-cdn.com/catalog/f/9/0/0/f900eca8e347c79df9238e2da09b450d20d9abcb_IMG_6535.JPG'}];2026-01-19T12:01:34+01:00
49a12ad1-99a7-483e-b2b6-1dc01d83e799;Restaurant & Hotel Weiss Kreuz;Das Restaurant & Hotel Weiss Kreuz in Malans bietet eine vielfältige Küche mit französischen, italienischen und regionalen Spezialitäten. Gäste können in einem familienfreundlichen Ambiente mit Garten-Terrasse und rollstuhlgerechtem Zugang entspannen.;Das Restaurant & Hotel Weiss Kreuz in Malans zählt wohl berechtigterweise zu einem der schönsten Betriebe in der Bündner Herrschaft. Doch schön sein allein reicht ja bekanntlich noch nicht. Wir können Sie beruhigen, in unserem Restaurant, mit seinem vielfältigen Raumangebot ist es nicht «nur» wahnsinnig schön. Zusammen mit unserem sympathisch-herzlichen Service sorgen wir auch für das perfekte kulinarische Wohl unserer Gäste.

Geniessen Sie einen Abend mit einem ausgewählten Viergänger, eine feines Plättli nach einem tollen Wandertag, oder lassen Sie sich ganz einfach von unserer Karte inspirieren. Sie haben die Wahl. Gerne servieren wir Ihnen auch ein Glas Wein aus der Region – als Begleitung zum Essen, oder auch einfach so. Dazu wartet in unseren eigenen Weinkellern ein vielfältiges Weinangebot auf Sie. Und noch etwas: In unserem Restaurant verwöhnen wir Sie bereits am Mittag mit leckeren Speisen aus unserer Küche.;9.576131725657891;46.982555950000005;Dorfplatz 1;7208;Malans GR;+41 81 735 25 00;info@weisskreuzmalans.ch;http://www.weisskreuzmalans.ch;[{'@type': 'ImageObject', 'contentUrl': 'https://hltpimtsoch.sos-ch-dk-2.exoscale-cdn.com/catalog/2/f/2/b/2f2bffea0d8d212c4ad136c4ecb7fd9b8970a227_Weiss_Kreuz_Hauptbild.jpg'}];2026-09-01T22:02:36+02:00
49b944f9-225a-4d72-a79c-dc0a023358ca;Restaurant Sternen;Das Restaurant Sternen in Flums bietet bürgerliche Küche mit frischen, saisonalen Zutaten. Es ist zentral gelegen und eignet sich für Paare, Familien, Gruppen und Singles.;Bürgerliche Küche mit frischen saisonalen Zutaten.;9.342348256360681;47.09090522720556;Eisenherren Strasse 1;8890;Flums;+41 81 733 12 18;info@sternenflums.ch;https://sternenflums.ch/;[{'@type': 'ImageObject', 'contentUrl': 'https://hltpimtsoch.sos-ch-dk-2.exoscale-cdn.com/catalog/e/e/d/c/eedccf81ac2590d4cbd4b48038257c6b578198df_Sternen_Flums_Restaurant.jpg'}];2026-05-28T08:33:27+02:00
49c29246-bb8c-4679-9579-b410ef0d41f7;Gauencenter EG (CharmingStay);Die 2,5-Zimmerwohnung im Gauencenter liegt zentral in Flumserberg Tannenheim. Die Gondelbahn Prodalp-Express ist in der Nähe und führt direkt ins Wander- und Skigebiet Flumserberg. Restaurants, Dorfladen und Hallenbad sind in wenigen Gehminuten erreichbar.;Die 2.5-Zimmerwohnung im Gauencenter befindet sich direkt im Zentrum vom Flumserberg Tannenheim. Die Gondelbahn Prodalp-Express ist in unmittelbarer Nähe und führt direkt in das Wander- und Skigebiet Flumserberg. Nur in wenigen Gehminuten befinden sich Restaurants, der Dorfladen und das Hallenbad Flumserberg.;9.298958655716081;47.0901013;Flumserbergstrasse 152;8897;Flumserberg-Tannenheim;+41 79 504 90 45;contact@charmingstay.ch;https://www.charmingstay.ch;[{'@type': 'ImageObject', 'contentUrl': 'https://hltpimtsoch.sos-ch-dk-2.exoscale-cdn.com/catalog/c/b/8/f/cb8f24c402d8319800bf6337be22b0338210cc67_Gauencenter_EG__6_.jpg'}];2026-01-19T12:01:34+01:00
4a5e8ad9-280b-4e51-a6aa-f609148c8e3f;Einkaufszentrum Pizolpark;Der Pizolpark Mels bietet unbeschwertes Einkaufen in zahlreichen Geschäften direkt an der Autobahnausfahrt Mels-Sargans. Ein Kinderparadies sorgt für die Betreuung der Kleinen.;Einkaufserlebnis für die ganze Familie: zahlreiche Geschäfte, Kinderbetreuung und mehr. Praktisch für alles!;9.431283311961572;47.04203835;Grossfeldstrasse 56;8887;Mels/Sargans;+41 58 712 90 00;info@pizolpark.ch;https://www.pizolpark.ch/;[{'@type': 'ImageObject', 'contentUrl': 'https://hltpimtsoch.sos-ch-dk-2.exoscale-cdn.com/catalog/2/6/c/d/26cde747b7acb2e3346d76fcdcff54100c49d748_GMOS_Mels_Pizolpark_010.jpg'}];2026-08-07T12:52:03+02:00
4ad82b3e-5a69-4efb-86bd-029ffc28a92b;BikerShop Flumserberg;Der BikerShop Flumserberg bietet eine moderne Verleihstation direkt an der Talstation im Tannenheim. Hier können Interessierte Enduro-, Downhill- und Kinderbikes der Marken BiXS und NS Bikes mieten und Reparaturen durchführen lassen.;Ihr Sportfachgeschäft direkt am BikerBerg Flumserberg
Direkt an der Talstation im Tannenheim am Flumserberg erwartet Sie neben einem breiten Verkaufssortiment, die topmoderne Verleihstation. Der BikerShop Flumserberg vermietet die Bikemodelle aus den Bereichen Enduro, Downhill und Kids und führt zudem Reparaturarbeiten durch. Ebenfalls rüstet er Sie mit den gewünschten iXS Protektoren und weiterer notwendiger Ausrüstung aus, damit einer rasanten Abfahrt auf den BikerTrails nichts mehr im Wege steht.;9.302447680513392;47.08949005;Tannenheim;8897;Flumserberg;+41 81 720 16 02;info@bikershop-flumserberg.ch;http://www.bikershop-flumserberg.ch;[{'@type': 'ImageObject', 'contentUrl': 'https://hltpimtsoch.sos-ch-dk-2.exoscale-cdn.com/catalog/f/6/d/e/f6dead071bdc27cae8c12ab5bd34f45b067abe3d_tkv_bbf_isn_ut_0112__O5A6715.jpg'}];2026-06-10T09:46:31+02:00
4b037231-a607-4f9c-bfbe-ceea37dbcf6b;Bikerouten;Ob gemütliche E-Bike-Tour oder anspruchsvolle Trailrunde: Im Outdoor-Portal findest du die schönsten Bikerouten durch die abwechslungsreiche Landschaft von Heidiland.;<p data-start="498" data-end="729">Heidiland bietet dir unz&auml;hlige M&ouml;glichkeiten, die Region mit dem Velo oder E-Bike zu entdecken. Von genussvollen Talfahrten bis zu sportlichen Mountainbike-Strecken findest du im Outdoor-Portal die passende Tour f&uuml;r jedes Niveau.</p>
<p data-start="731" data-end="1048">Alle Bikerouten sind &uuml;bersichtlich beschrieben und beinhalten Infos zu L&auml;nge, H&ouml;henmetern, Untergrund, Schwierigkeitsgrad und Highlights entlang der Strecke. Viele Touren f&uuml;hren durch malerische Landschaften, vorbei an Bergseen, Alpen und Aussichtspunkten &ndash; ideal f&uuml;r alle, die Natur und Bewegung verbinden m&ouml;chten.</p>
<p data-start="1050" data-end="1261">Ob du auf genussvolle Kilometer aus bist oder deine Technik auf Singletrails testen willst &ndash; hier findest du deine n&auml;chste Tour. Lade dir die GPX-Daten direkt herunter und starte dein Bikeabenteuer in Heidiland!</p>;Heidiland;[{'@type': 'ImageObject', 'contentUrl': 'https://hltpimtsoch.sos-ch-dk-2.exoscale-cdn.com/catalog/c/9/1/9/c9198076098b012516816eb5b80cc3f929f74055_PIM_Bild_Bikerouten.png'}];2026-04-16T17:07:40+02:00
4b40c314-ff35-4391-a2dd-e7303190498b;Militärmuseum St.Luzisteig;Das Militärmuseum St. Luzisteig in Maienfeld bietet Einblicke in die Geschichte der Festung, die bis ins 15. Jahrhundert zurückreicht. Neben der Ausstellung wird ein Kurzfilm über die Luzisteig gezeigt.;40 Jahre lang war die Festung auf der St.Luzisteig Heimat der Trainrekrutenschulen und -truppen. Die bewegte Vorgeschichte und Geschichte der Luzisteig geht jedoch bis ins 15. Jahrhundert zurück.
Heute befindet sich auf der Passhöhe St.Luzisteig (zwischen Maienfeld und Balzers) im alten Arsenal ein sehenswertes Militärmuseum. Erleben Sie dort ein spannendes und bedeutendes Stück Zeitgeschichte. Nebst der Ausstellung wird dem Besucher ein Kurzfilm über die Geschichte rund um die St.Luzisteig vorgeführt. 

Eintrittspreise: 
Erwachsene CHF 10.00
Kinder (6-16 Jahre) CHF 5.00
Militär (uniformiert) CHF 3.00

Für Gruppen ab 10 Personen:
Erwachsene CHF 5.00
Kinder (6-16 Jahre) CHF 3.00
Militär (uniformiert) CHF 3.00

Das General-Stübli kann für diverse Anlässe und Bewirtungen auf Anfrage gebucht werden und bietet Platz bis zu 45 Personen.;9.529239535331728;47.02959419495996;Am Platz 1;7304;Maienfeld;079 367 81 56;info@luzisteig.ch;https://www.luzisteig.ch/home/;[{'@type': 'ImageObject', 'contentUrl': 'https://hltpimtsoch.sos-ch-dk-2.exoscale-cdn.com/catalog/0/1/9/8/0198ded5211d87c50a5546f0dab536c3cea444f5_Luzisteig_Milit__rmuseum.jpg'}];2026-08-29T16:30:14+02:00
4c03a852-eb3d-4802-85b4-7dc15f54748c;Hotel Restaurant Rössli;Das 3-Sterne-Hotel Rössli in Bad Ragaz bietet gehobene Küche und ist nur wenige Schritte vom Thermalbad Tamina entfernt. Es verfügt über kostenfreies WLAN und geschmackvoll eingerichtete Nichtraucherzimmer mit modernen Annehmlichkeiten.;<p>Das <strong>3-Sterne-Hotel R&ouml;ssli</strong> begr&uuml;sst Sie mit gehobener K&uuml;che im Herzen von Bad Ragaz, nur wenige Schritte vom Thermalbad Tamina entfernt. Kostenfreies WLAN steht zur Verf&uuml;gung. Die geschmackvoll eingerichteten Nichtraucherzimmer verf&uuml;gen &uuml;ber einen Flachbild-TV, ein Radio f&uuml;r Ihren iPod und eine L&uuml;ftungsanlage, die Pollen filtert. Obst, Mineralwasser und Tee stehen auf jeder Etage bereit.</p><p><strong>Ueli Kellenbergers K&uuml;che</strong> ist erfinderisch, saisongerecht und marktfrisch. Das Gem&uuml;se kommt aus der Umgebung, das Fleisch aus der Metzgerei des Bruders. Das R&ouml;ssli ist ein gediegen elegantes Restaurant, bewertet von <strong>Gault Millau mit 16 Punkten</strong> und vom Feinschmecker mit drei FFF.</p><p><strong>Die Karte f&uuml;hrt Weine aus &uuml;ber 500 Provenienzen</strong>. Weitherum gesch&auml;tzt ist das R&ouml;ssli auch f&uuml;r seine preiswerten, aber mit Meisterliebe bereiteten Men&uuml;s &uuml;ber Mittag. F&uuml;r Kaffee oder Aperitif gibt es bei gutem Wetter Platz auf einer kleinen Terrasse.</p>;9.501746918563985;47.003353149999995;Freihofweg 3;7310;Bad Ragaz;+41 81 302 32 32;info@roessliragaz.ch;https://www.roessliragaz.ch;[{'@type': 'ImageObject', 'contentUrl': 'https://hltpimtsoch.sos-ch-dk-2.exoscale-cdn.com/catalog/e/5/0/d/e50dcc0edf17022fcbe98a00c962a9a61484fda7_r__ssli_ragaz_007.jpg'}];2026-08-28T22:06:30+02:00
4c05ffaf-e859-4ed1-a367-3a48ba031ecc;Verrucano;Das Kultur- und Kongresshaus Verrucano in Mels bietet einen stilvollen Rahmen für Veranstaltungen, Meetings und Seminare. Es ist auch ein Ort für öffentliche Events und bietet ein hochwertiges Cateringangebot.;Das Kultur- und Kongresshaus Verrucano Mels bietet den stilvollen Rahmen und umfassende moderne Serviceleistungen für die professionelle Durchführung einer Veranstaltung, fokussierter Meetings und produktiver Seminare. Das Verrucano Kultur- und Kongresshaus ist nicht nur Durchführungsort Ihres Banketts oder Seminars, sondern bei uns finden auch regelmässig öffentliche Events statt. Verrucano steht auch für ein qualitativ hochstehendes gastronomisches Angebot. In diesem Bereich verlassen wir uns auf externe Profis. Dadurch kommen Sie in den Genuss eines hochstehende und flexiblen Cateringangebots, stets frisch und überzeugend.;9.4201443;47.0465914;Platz 4;8887;Mels;+41 58 228 31 20;welcome@verrucano.ch;https://www.verrucano.ch/;[{'@type': 'ImageObject', 'contentUrl': 'https://hltpimtsoch.sos-ch-dk-2.exoscale-cdn.com/catalog/4/f/6/3/4f63f05c1da43fe6c4dc7d79228a93effe2956cd_200722_RAU2001_0492_Var2_rf.jpg'}];2026-03-21T07:37:25+01:00
4ced3130-f829-4a0f-80e6-38aedec88f05;Haus Panorama B (Whg. Weibel);Das 1,5-Zimmer-Studio im Haus Panorama B in Flumserberg Tannenheim bietet moderne Einrichtung und eine Gartenterrasse mit Cheminée. In der Nähe befinden sich Skipisten, Biketrails und die Gondelbahn Prodalp-Express.;Das gemütliche 1.5-Zimmer-Studio befindet sich im Haus Panorama B in Flumserberg Tannenheim und ist zweckmässig - modern eingerichtet. Es liegt in unmittelbarer Nähe zu Skipiste, Biketrails und Wandergebiet. Die zur UNESCO-Welterbe Tektonikarena Sardona führende Gondelbahn &quot;Prodalp-Express&quot; sowie Bushaltestelle und Restaurants sind in Gehdistanz. Zur Wohnung gehört eine Gartenterrasse inkl. Cheminée mit Morgen- &amp; Abendsonne und herrlicher Aussicht auf die Churfirsten-Bergkette und das restliche Ostschweizer Bergpanorama des Sarganserlandes. In der Region befinden sich der fjordähnliche Walensee mit dem malerischen, autofreien Ausflugsort Quinten, sowie der mondäne Kurort Bad Ragaz.;9.304023100000002;47.0898412;Panoramastrasse 14;8897;Flumserberg Tannenheim;+41 71 720 02 17;daniel.weibel1@gmail.com;[{'@type': 'ImageObject', 'contentUrl': 'https://hltpimtsoch.sos-ch-dk-2.exoscale-cdn.com/catalog/d/0/9/3/d0936b3e1dd758aced1352dc3fbc88f946113e2b_Haus_Panorama_Hauptbild.jpeg'}];2026-01-19T12:01:34+01:00
4d3b3fad-9695-47a7-8154-8a035d453638;Mittleres Waldwiesli;Das Mittleres Waldwiesli liegt in ruhiger Lage am Flumserberg, nur zehn Minuten zu Fuss von der Bergbahn Prodalp-Express entfernt. Einkaufsmöglichkeiten, Sportgeschäfte und Restaurants sind ebenfalls in der Nähe. Im Sommer steht ein kostenloser Parkplatz zur Verfügung, im Winter ist die Zufahrt eingeschränkt.;In der Nähe (ca. 10 Minuten Gehdistanz) befinden sich die Bergbahn (Prodalp-Express), Einkaufsmöglichkeiten, Sportgeschäfte und diverse Restaurants. Kostenloser Parkplatz im Sommer in der Nähe der Ferienwohnung vorhanden, im Winter ist die Zufahrt sowie das Parkieren eingeschränkt.;9.30191795;47.09263715;Waldwieslistrasse 2;8897;Flumserberg Tannenheim;+41 79 323 81 58;info@waldwiesli.ch;http://www.waldwiesli.ch;[{'@type': 'ImageObject', 'contentUrl': 'https://hltpimtsoch.sos-ch-dk-2.exoscale-cdn.com/catalog/2/6/b/1/26b19672724e2af450318a91ee5bee244a7920db_TDS00020012541219224_sized_800_0.jpg'}];2026-01-19T12:01:34+01:00
4d5a3b88-a660-441d-ab31-25927a3018fa;Hotel Hirschen Maienfeld;Das zentral gelegene Hotel Hirschen Maienfeld bietet renovierte Zimmer mit Bergblick, eine Sonnenterrasse und kostenfreies WLAN. Gäste können Übernachtung mit Frühstück geniessen, während das Restaurant geschlossen bleibt.;In der wunderschönen Bündner Herrschaft, mitten in &quot;Heidis&quot; Dörfchen befindet sich das zentral gelegene B&amp;B Hirschen.
Mit einer schönen Sonnenterasse, gratis Wireless Netz sowie renovierten hellen und gemütlichen Zimmern und auch einem grossen Appartement würden wir Sie herzlich willkommen heissen.

Die Zimmer und Apartments im Hotel Hirschen bieten Bergblick, Holzböden und einen Flachbild-Sat-TV. Die Badezimmer sind privat oder Gemeinschaftsbäder.

Wir bieten unseren Gästen Übernachtung und Frühstück an, ansonsten bleibt das Restaurant geschlossen.;9.5290319;47.0045654;Bahnhofstrasse 16;7304;Maienfeld;+41 81 302 19 00;info.magastro@gmail.com;https://www.hirschen7304.ch/;[{'@type': 'ImageObject', 'contentUrl': 'https://hltpimtsoch.sos-ch-dk-2.exoscale-cdn.com/catalog/9/6/d/f/96df506513aef8517bc4d10161bdd7cefcb78947_Aussenansicht_2.jpg'}];2026-08-31T23:30:45+02:00
4dce7276-2933-4f85-810a-5c21a16d5a0e;Hotel Schloss Ragaz;Das Hotel Schloss Ragaz liegt in einem romantischen Schlosspark in Bad Ragaz. Es bietet traditionelle Schlosszimmer, moderne Pavillons und luxuriöse Glamping-Zimmer. In der Nähe befinden sich Golfplätze und die Tamina Therme.;<p data-start="56" data-end="459"><strong data-start="56" data-end="100">Der Wald im R&uuml;cken &ndash; die Berge im Blick.</strong><br data-start="100" data-end="103">Am Stadtrand von Bad Ragaz, umgeben von einem 60'000m&sup2; grossen Schlosspark, erwartet Sie das Naturpark Hotel Schloss Ragaz &ndash; ein R&uuml;ckzugsort zwischen Natur, Genuss und Entspannung. Direkt neben zwei Golfpl&auml;tzen gelegen und nur wenige Schritte von der Tamina Therme entfernt, verbindet das Hotel Ruhe mit idealer Ausgangslage f&uuml;r Erlebnisse in der Region.</p><p data-start="461" data-end="642">Die <strong data-start="465" data-end="479">Relax.Oase</strong> auf 300m&sup2; bietet Sauna, Dampfbad, Sprudelwannen, stilvolle Ruher&auml;ume und einen Aussenpool (Mai&ndash;September). Auch wohltuende Massagen sind direkt vor Ort buchbar.</p><p data-start="644" data-end="683"><strong data-start="644" data-end="681">Vier Wohnwelten f&uuml;r Ihre Auszeit:</strong></p><ul data-start="684" data-end="1145"><li data-start="684" data-end="756"><p data-start="686" data-end="756"><strong data-start="686" data-end="704">Schlosszimmer:</strong> klassisch-elegante Zimmer im historischen Geb&auml;ude</p></li><li data-start="757" data-end="914"><p data-start="759" data-end="914"><strong data-start="759" data-end="784">Residenz Sonderegger:</strong> praktisch eingerichtet mit eigener Kochnische in der nahegelegenen Residenz &ndash; perfekt f&uuml;r Kochliebhaber und l&auml;ngere Aufenthalte</p></li><li data-start="915" data-end="1003"><p data-start="917" data-end="1003"><strong data-start="917" data-end="937">Gartenpavillons:</strong> lichtdurchflutete Zimmer mit direktem Zugang zur Parklandschaft</p></li><li data-start="1004" data-end="1145"><p data-start="1006" data-end="1145"><strong data-start="1006" data-end="1026">Glamping Lodges:</strong> individuell gestaltete Lodges mit Terrasse, teilweise mit Whirlpool &ndash; einzigartiges Glamping-Erlebnis im Schlosspark</p></li></ul><p data-start="1147" data-end="1410">Kulinarisch erwarten Sie im <strong data-start="1175" data-end="1197">Restaurant Chutnee</strong> europ&auml;ische Spezialit&auml;ten und authentische indische K&uuml;che. Die <strong data-start="1261" data-end="1283">Bar Spirit of 7310</strong> l&auml;dt zu entspannten Abenden in besonderer Atmosph&auml;re ein. Jeden Morgen starten Sie mit einem reichhaltigen Fr&uuml;hst&uuml;cksbuffet.</p><p data-start="1412" data-end="1661">Die Umgebung bietet vielf&auml;ltige M&ouml;glichkeiten: Wanderungen durch die Taminaschlucht, Radtouren am Walensee, Golf direkt vor der T&uuml;r oder Ausfl&uuml;ge in die nahe Weinregion der B&uuml;ndner Herrschaft. Fahrr&auml;der und E-Bikes k&ouml;nnen im Hotel gemietet werden.</p><p data-start="1663" data-end="1776">Ein Ort zum Abschalten, Entdecken und Geniessen &ndash; f&uuml;r Ruhesuchende, Aktive, Golfer und Familien gleichermassen.</p>;9.50841584974839;46.99744825;Schloss-Strasse 1;7310;Bad Ragaz;+41 81 303 77 77;info@hotelschlossragaz.ch;http://www.hotelschlossragaz.ch;[{'@type': 'ImageObject', 'contentUrl': 'https://hltpimtsoch.sos-ch-dk-2.exoscale-cdn.com/catalog/6/7/6/0/6760312c62be43cd8bb027096e2ce3862d08e96a_AUFTRAG_HOTEL_DJI_20250611133657_0103_D__2.jpg'}];2026-08-27T14:33:45+02:00
4df62995-40ba-419e-bb9c-0fdc93afe8a3;Sauna am Walensee;Die Sauna am Walensee bietet von Oktober bis April ein klimaneutrales Saunaerlebnis mit spektakulärem Seeblick. Geeignet für bis zu sechs Personen, lädt sie zur Entspannung in einer einzigartigen Umgebung ein.;Von Oktober bis April ladet die Sauna am See im sagiareal zur Erholung in bester Kulisse ein. 

Die kleine aber feine Outdoor-Sauna mit spektakulärem Seeblick eignet sich für eine, zwei (liegend) oder max. sechs Personen (sitzend). Das zweistündige Saunaerlebnis ist klimaneutral, denn es wird mit Murger Holz aus dem hauseigenen Wald befeuert.

Zwischen den Saunagängen kann man sich im See oder auf der privaten Terrasse abkühlen.
Ein Ruhezelt steht nebenan bereit.

Legen Sie die Holzscheiten ein und geniessen Sie diese einzigartige Wellness-Attraktion am Walensee.;9.219401478767397;47.113203668939285;Alte Staatsstrasse 6;8877;Murg;+41 81 720 35 75;info@lofthotel.ch;https://lofthotel.ch/wellness/;[{'@type': 'ImageObject', 'contentUrl': 'https://hltpimtsoch.sos-ch-dk-2.exoscale-cdn.com/catalog/7/b/c/4/7bc4ab57d27ebf43c38ca04ee95e7e7745baa7cd_2022_Lofthotel_Outdoor_Sauna.jpg'}];2026-08-31T11:22:55+02:00
4e1c97f9-16ef-4428-af9b-b4af2f85c143;INTERSPORT Network Flumserberg Filiale Tannenboden;Die INTERSPORT Network Filiale Tannenboden am Flumserberg bietet ein umfangreiches Verleihangebot für Wintersportausrüstung und ist ideal gelegen neben der Talstation der BergJet Gondelbahn.;Neben einer attraktiven Bekleidungsabteilung bietet die Filiale Tannenboden ein breites Verleihangebot an. Von aktueller Ski- und Snowboardausrüstung bis hin zu passendem Zubehör – hier finden Wintersportler:innen alles, was sie für einen perfekten Tag im Schnee benötigen. Mit dem Standort direkt bei der Talstation der 8er-Gondelbahn BergJet, ist die Filiale Tannenboden der ideale Ausgangspunkt für Ihre Wintersporterlebnisse am Flumserberg.

Unser Angebot im Winter
•	Verkauf: Ski, Textil, Accessoires & Zubehör
•	Verleih: Ski & Snowboard inkl. Schuhe, Langlaufausrüstung, Winterbekleidung, Schneeschuhe, Helme, LVS & Skidepot
•	Dienstleistungen: Ski- & Snowboard-Service (Annahmestelle), Wachsen, BFU-Bindungskontrolle, Kantentuning & Kleinreparaturen;9.2805527;47.0922871;Molseralpstrasse 9;8898;Flumserberg;+41 81 720 16 03;tannenboden@intersport-network.ch;https://www.intersport-network.ch/filialen/tannenboden/;[{'@type': 'ImageObject', 'contentUrl': 'https://hltpimtsoch.sos-ch-dk-2.exoscale-cdn.com/catalog/b/a/2/1/ba21ea55bf02999cbdd0082e9a9f1cb57643db5a_Tannenboden.jpg'}];2026-06-10T09:10:52+02:00
4e71388e-b091-4829-8a0c-7e1ec0096dcb;Garni Hotel Schweizerhof;Das Garni Hotel Schweizerhof in Mels bietet Zimmer im alpenländischen Stil mit kostenfreiem WLAN, Bar und Kabel-TV. Es liegt ideal zwischen den Ski- und Wandergebieten Pizol und Flumserberge.;Im Dorf Mels in der Region Heidiland Sarganserland, inmitten der Ski- und Wandergebiete Pizol und Flumserberge, heißt Sie das Hotel Schweizerhof willkommen. Freuen Sie sich auf eine Bar und kostenfreies WLAN.

Die Zimmer in elegantem alpenländischen Stil sind mit Holzmöbeln und -böden ausgestattet. Sie verfügen über Kabel-TV, eine Minibar und ein Badezimmer. Haartrockner erhalten Sie auf Anfrage.;9.420163123443903;47.04707234999999;Kirchgasse 4;8887;Mels;+41 81 723 12 44;info@schweizerhof-mels.ch;http://www.schweizerhof-mels.ch;[{'@type': 'ImageObject', 'contentUrl': 'https://hltpimtsoch.sos-ch-dk-2.exoscale-cdn.com/catalog/0/1/4/c/014c9891eba157b27618bbd2b023e6d3befe2755_Doppelzimmer_superior_1.jpg'}];2026-09-04T21:05:57+02:00
4ec20e36-1a42-4472-be1d-a9d151a23082;Restaurant «IGNIV by Andreas Caminada»;Das Restaurant «IGNIV by Andreas Caminada» in Bad Ragaz bietet eine Fine-Dining-Sharing-Erfahrung mit zwei Michelin-Sternen und 17 Gault-Millau-Punkten. Küchenchef Joël Ellenberger kreiert innovative Sharing-Gänge, begleitet von passenden Weinen.;2 Michelin-Sterne | 17 Gault-Millau-Punkte | 96 Falstaff-Punkte
Zwischen Gourmet-Küche und Gemütlichkeit. Im Restaurant IGNIV trifft Innovation auf geteilten Genuss. Moderne auf Fine-Dining. Und 2 Michelin-Sterne auf 17 Gault-Millau-Punkte. Küchenchef Joël Ellenberger verzichtet auf eine klassische Menüabfolge. Stattdessen zaubert er verschiedene Sharing-Gänge. Dazu serviert Restaurantleiterin Susanne Schneider  die passende Weinbegleitung. Das Restaurantkonzept «IGNIV by Andreas Caminada», des Graubündner Spitzenkochs, steht für Behaglichkeit und bewusstes Teilen.
Ein Ort der Sinne, an dem das Teilen von Kulinarik, Genuss und Zeit im Mittelpunkt steht.;9.5021119;47.0004111;Bernhard-Simonstrasse;7310;Bad Ragaz;+41 81 303 30 35;reservation@igniv.com;https://www.resortragaz.ch/de/kulinarik/igniv;[{'@type': 'ImageObject', 'contentUrl': 'https://hltpimtsoch.sos-ch-dk-2.exoscale-cdn.com/catalog/c/2/c/4/c2c403a2f144434558a0ddca7f45a41a41d7dc18_GRBR_06_22_IGNIV_1869_600x400.jpg'}];2026-09-04T09:21:07+02:00
4f8acd95-d8b3-4525-9eed-e7de2662b6c1;Restaurant Schlüssel, Mels;Das Restaurant Schlüssel Mels im historischen Patrizierhaus von 1811 bietet eine kreative Küche, die französische Klassik, Schweizer Tradition und moderne Elemente vereint. Ausgezeichnet mit 17 Gault Millau Punkten und einem Michelin-Stern.;Im historischen, wunderschönen Patrizierhaus aus dem Jahr 1811 hat Sohn Roger nach Wanderjahren durch renommierte Gastbetriebe das Zepter in der Küche übernommen und bereichert die Küche mit seinen erfrischenden und kreativen Ideen. Er verbindet geschickt französische Klassik, Schweizer Tradition und moderne Elemente miteinander. 

In der edel eingedeckten Nidbergstube wird der Fokus auf die Feinschmecker-Menus gesetzt, in der Schlüsselstube findet der Gast in heiterer Atmosphäre Speisen für jeden Tag.  Dazu eine grandiose Weinkarte mit auserwählten Weinen. Für eine charmante und liebevolle Note im Service sorgt Marianne Blum mit ihrem Team. 

Das Restaurant Schlüssel ist mit 17 Gault Millau Punkten ausgezeichnet und hat einen Stern im Guide Michelin.;9.4173788;47.0452746;Oberdorfstrasse 5;8887;Mels;+41 81 723 12 38;info@schluesselmels.ch;http://www.schluesselmels.ch;[{'@type': 'ImageObject', 'contentUrl': 'https://hltpimtsoch.sos-ch-dk-2.exoscale-cdn.com/catalog/d/3/4/f/d34f4c0be4c3f84f17b1354cbf4fa00b4663cd6f_Schl__sselstube_gedeckt.JPG'}];2026-08-04T14:33:30+02:00
4fe8b52d-18c2-4a18-a5de-4472e41f2623;Hotel-Restaurant-Ferienhaus ALTE SEKTION;Das Hotel-Restaurant-Ferienhaus ALTE SEKTION bietet 98 Betten in Massenlagern und 40 Betten in rustikalen Zimmern. Es liegt auf 1270 m ü. M. direkt an der Skipiste und bietet einfache, lokale Küche.;Die Unterkunft bietet 98 Betten in verschiedenen Massenlagern mit Etagenduschen/WC und 40 Betten in einfachen, rustikalen 2er - 6er-Zimmer mit WC/Dusche an. Ebenfalls verfügt die Unterkunft über eine 2.5-Zimmerwohnung, welche zusätzlich gemietet werden kann.

Wir verwöhnen Sie gerne mit unserer einfachen, aber währschaften Küche.
Kommen Sie vorbei und lassen Sie sich inspirieren.;9.298367942684013;47.08959025;Flumserbergstrasse 161/158;8897;Flumserberg Tannenheim;+41 79 912 50 05;info@altesektion.ch;http://www.altesektion.ch;[{'@type': 'ImageObject', 'contentUrl': 'https://hltpimtsoch.sos-ch-dk-2.exoscale-cdn.com/catalog/5/4/5/7/5457e9dd12277aee90f44319bfc97353b65658c3_Aussen_Winter.jpg'}];2026-05-15T08:43:18+02:00
516ac091-958c-43ad-bb9a-197bb7bcbd16;Weinstube Fläsch;Die Weinstube in Fläsch bietet regionale Küche mit saisonalen Zutaten. Gäste können in einem gemütlichen 17. Jahrhundert Haus mit zwei Gaststuben und einer Terrasse speisen. Es gibt keine gedruckte Speisekarte, die Gerichte werden auf Schiefertafeln präsentiert.;Weinstube Fläsch – Wo Wein, Genuss und Geselligkeit zuhause sind


Hier dreht sich alles um das gemütliche Zusammensein, den Genuss erlesener Weine und das besondere Flair der Bündner Herrschaft. In unserer stimmungsvollen Stube geniessen Sie regionale Tropfen, sorgfältig ausgewählte Spezialitäten und die entspannte Atmosphäre, die eine echte Weinstube ausmacht.

Wein im Mittelpunkt – Genuss rundherum
Wir servieren Ihnen durchgehend von 11:00 bis 20:00 Uhr kleine, feine Köstlichkeiten, die perfekt zu einem guten Glas Wein passen.

• hausgemachte Strudl – süss oder salzig
• traditionelles Bündner Plättli
• steirische Klassiker wie die herzhaft-beliebte Brettljause
und noch vieles mehr

Wir freuen uns auf Ihren Besuch!
Eva und Martijn van der Linden;9.513068164590647;47.025845849999996;Ausserdorf 28;7306;Fläsch;+41 81 302 48 48;info@weinstube-flaesch.ch;https://www.landhaus-flaesch.ch/;[{'@type': 'ImageObject', 'contentUrl': 'https://hltpimtsoch.sos-ch-dk-2.exoscale-cdn.com/catalog/a/2/f/7/a2f752199a186afc06d2d4c15acc4f1cc2820190_IMG_0128__2.jpeg'}];2026-09-04T09:23:08+02:00
5174356a-1a0e-4ce2-8d5a-119b9ca0d241;Seilbahn Vättnerberg;Die Seilbahn Vättnerberg fährt seit 1932 von Vättis auf 1065 m Länge und 625 m Höhe zum Vättnerberg – modernisiert 1972 und 2000.;<p>Die Seilbahn V&auml;ttnerberg, betrieben von der V&auml;ttnerberg Korporation, verbindet V&auml;ttis/Taminatal mit dem V&auml;ttnerberg (ca. 1600&ndash;1800 m &uuml;.M.). Die Bahn wurde urspr&uuml;nglich 1932 errichtet, 1972 elektrifiziert und 2000 umgebaut. Sie spannt sich &uuml;ber eine Seill&auml;nge von 1 065 m bei 625 m H&ouml;hendifferenz.</p>;9.4560546;46.9219972;7315;Vättis;+41 79 448 38 51;info@vättnerberg.ch;https://www.vättnerberg.ch/seilbahn/;[{'@type': 'ImageObject', 'contentUrl': 'https://hltpimtsoch.sos-ch-dk-2.exoscale-cdn.com/catalog/a/1/5/a/a15ad92d2d5042d1b9060c924961b682c2d7d4a6_Muntaluna_V__ttnerberg.jpg'}];2026-04-17T23:21:59+02:00
51dc1f90-f2ec-4b7d-a226-e2b3d5735af0;Naturpfad Bad Ragaz;Lehrpfad mit Edi Eichelhäher im Giessenpark– entdecken, verstehen und schützen. Der digitale Pfad zeigt Natur, Vielfalt und Herausforderungen.;<p>Der ber&uuml;hmte Edi Eichelh&auml;her nimmt dich mit auf eine Tour. Er zeigt dir, wie wichtig verschiedene Baumarten sind, welche Tiere im Mehrfamilienhaus "Baum" wohnen und wie sie mit D&uuml;ften sprechen.</p>;[{'@type': 'ImageObject', 'contentUrl': 'https://hltpimtsoch.sos-ch-dk-2.exoscale-cdn.com/catalog/0/5/a/3/05a3412fc01fa738d8ab8e0ffe36742c147af33d_batch_Waldlehrpfad_Start.jpg'}];2026-08-10T11:56:33+02:00
51e8ac04-7c9a-4a21-a588-7b4f5291eb45;Hotel Restaurant Heidihof;Das Hotel Restaurant Heidihof in Maienfeld bietet Zimmer mit TV und Internet, moderne Seminarräume und einen Bankettsaal. Im À-la-carte-Restaurant werden regionale Spezialitäten serviert. Eine grosse Terrasse bietet Aussicht auf die Bündner Herrschaft.;Unser Hotel liegt in bester Lage mit traumhaftem Blick auf die Berge. Wir verfügen über 15 komfortable Zimmer mit Bad/Dusche, WC. TV, Radio und WLAN, die bis zu 27 Gästen Platz bieten. 
Unsere Küche vereint internationale Spezialitäten, Schweizer Klassiker und regionale Gerichte, die Sie auch auf unserer grossen Sonnenterrasse oder in Restaurant geniessen können. 
Für Feiern, Bankette oder Seminare steht Ihnen ein Eventsaal für bis zu 100 Personen oder ein kleineres Seminarraum mit moderner Technik zur Verfügung. 
Es würde uns sehr freuen, Sie bei uns willkommen heißen und verwöhnen zu dürfen.;9.54429770467971;47.017297;Bovelweg 16;7304;Maienfeld;+41 81 300 47 47;info@heidihof.ch;http://www.heidihof.ch;[{'@type': 'ImageObject', 'contentUrl': 'https://hltpimtsoch.sos-ch-dk-2.exoscale-cdn.com/catalog/b/c/f/e/bcfea43999666811f7fed8992e311aaa2c875f61_IMG_7064__1_.JPG'}];2026-08-26T14:33:43+02:00
52075ba5-2e24-4647-ae65-0da209ac48e8;Jürg Obrecht Weine Jenins;Jürg Obrecht Weine in Jenins bietet einen gemütlichen Torkel für bis zu 80 Personen. Der Degustationsraum lädt zum Verweilen und Philosophieren über die Weine ein. Degustationen und Kellerführungen sind telefonisch oder per E-Mail buchbar.;Unser heimeliger Torkel bietet Platz für rund 80 Personen. Unser spezieller Degustationsraum lädt darüber hinaus zum Verweilen, zum Degustieren und zum Philosophieren über Gott und die Welt und natürlich auch über unsere Weine. Degustationen, Kellerführungen nehmen wir gerne telefonisch oder per E-Mail entgegen. Haben Sie Fragen zu unseren Weinen, zum Torkel usw.; wir stehen Ihnen jederzeit gerne zur Verfügung.
"Soll's etwas besonderes sein, gönn dir einen Jürg Obrecht Wein";9.55450826002879;47.00193125;Ausserdorfstrasse 14;7307;Jenins;+41 81 302 26 80;info@obrechtweine.ch;http://www.obrechtweine.ch;[{'@type': 'ImageObject', 'contentUrl': 'https://hltpimtsoch.sos-ch-dk-2.exoscale-cdn.com/catalog/d/a/7/3/da73856e55a9a8916647082f7238d8916d2638af_2018_10_28.jpg'}];2026-08-04T12:31:36+02:00
54271edc-f9eb-4db2-877c-6f994ca95767;Quadernpark (9 Wohnungen);Die Quadernpark Apartments im Zentrum von Valens bieten eine ruhige Lage mit Blick auf eine grosszügige Parkumgebung. Einkaufsmöglichkeiten und Postautohaltestellen sind direkt vor der Tür. Ideal für Ausflüge in die umliegende Bergwelt.;Die Quadernpark Apartments befinden sich im Dorfzentrum von Valens, in unmittelbarer Nähe zur Reha-Klinik. Von den ruhig gelegenen Mehrfamilienhäusern haben sie Blick in eine grosszügige Umgebung mit Park. Die Ferienwohnungen befinden sich in drei Gebäuden mit Eigentumswohnungen integriert. In einem der Häuser befindet sich ein Einkaufsladen mit regionalen Produkten sowie Postautohaltestellen direkt vor der Türe.

Durch die hervorragende Erreichbarkeit ab Bad Ragaz über die grösste Bogenbrücke der Schweiz ist Valens zu jeder Jahreszeit attraktiv. Umgeben von beeindruckender Bergwelt erholen Sie sich am Ausgangspunkt für Ausflüge zum Wandern, Biken, Schwimmen und vielem mehr.;9.4824363;46.9696093;Quadernstrasse 2/4/6;7317;Valens;+41 81 911 30 34;info@i-s-p.ch;https://www.quadernpark.ch;[{'@type': 'ImageObject', 'contentUrl': 'https://hltpimtsoch.sos-ch-dk-2.exoscale-cdn.com/catalog/d/9/4/e/d94eb0d6d140df3c2ad04ab479b5db50084d5a2d_Bild1.jpg'}];2026-05-03T04:56:49+02:00
550df831-f6b1-421f-bee5-90bf78433741;COLORS - Restaurant und Bar;Das COLORS - Restaurant und Bar am Flumserberg bietet eine moderne Selbstbedienung mit 146 Innen- und 140 Terrassenplätzen im Winter. Die Bar serviert Frühstück und Snacks mit einem bunten Getränkeangebot.;Die bediente COLORS Bar verfügt über 56 Innenplätze. Neben einem kunterbunten Getränkeangebot, werden am Morgen Frühstück und am Nachmittag trendige Snacks angeboten.
Das COLORS Restaurant, welches nur während der Wintersaison geöffnet ist,  ist ein modernes Selbstbedienungsrestaurant mit 146 Innen- und 140 Terrassen-Plätzen. Die Küche bietet ein Angebot für jeden Geschmack. Erfrischend und abwechslungsreich werden neben regionalen Gerichten auch internationale Speisen gekocht.;9.2807483;47.0919796;Molseralpstrasse 9;8898;Flumserberg;+41 81 720 15 60;info@colors-flumserberg.ch;http://www.colors-flumserberg.ch;[{'@type': 'ImageObject', 'contentUrl': 'https://hltpimtsoch.sos-ch-dk-2.exoscale-cdn.com/catalog/d/5/4/2/d542b177253f561e588b3154d55be8e07186ae4f_tkv_bbf_kulinarikwander_444_8A2A8278.JPG'}];2026-05-22T20:33:01+02:00
551e7686-0043-4e4d-a57e-e1253bca3dc8;Kneippanlage Sargans mit Kräutergarten;Die Kneippanlage Sargans mit Kräutergarten bietet Kneippanwendungen und Kräuterkunde unterhalb des Schlosses mit Blick auf Liechtenstein und die Bündner Herrschaft. Ideal zur Entspannung nach einer Wanderung.;In Sargans liegt die Wassertret- und Armbadanlage des Kneippvereins Sarganserland unterhalb des Schlosses direkt bei der Spleekapelle mit schönem Rundumblick Richtung Fürstentum Liechtenstein und Bündner Herrschaft. Instruktionstafeln leiten die Besucher an und zeigen, was es beim Kneippen zu beachten gilt. Ein gepflegter Garten mit beschrifteten Kräutern bereichert die schöne Anlage, welche sich ideal zur Entspannung und Erfrischung nach einer Wanderung anbietet.;9.439567532638982;47.048750150000004;Grünfläche Spleekapelle St. Sebastian;7320;Sargans;+41 76 526 67 96;sarganserland@kneipp.ch;https://www.kneipp.ch;[{'@type': 'ImageObject', 'contentUrl': 'https://hltpimtsoch.sos-ch-dk-2.exoscale-cdn.com/catalog/7/8/8/2/7882146f7d0fafeeefc8190358bb775a280264e7_DSC00225__3___2.jpg'}];2026-06-22T11:26:06+02:00
555b474e-e921-4834-b464-e6e67cf8f9d5;Ferienhaus Falknis;Das Ferienhaus Falknis in Bad Ragaz bietet eine moderne und gemütliche Unterkunft mit sonnigem Gartensitzplatz. Einkaufsmöglichkeiten, Bahnhof und Thermalbad sind in wenigen Gehminuten erreichbar. Ideal für Paare, Familien und Singles.;Das charmante 2 ½ Zimmer Maisonette-Eckhaus liegt an ruhiger Lage im Dorfzentrum. Einkaufsmöglichkeiten befinden sich in unmittelbarer Nähe (ca. 2 Gehminuten). Bis zum Bahnhof und zum Thermalbad sind es ca. 5 - 10 Gehminuten. Zur Wohnung gehört ein sonniger Gartensitzplatz sowie ein Keller mit Waschmaschine und Tumbler.

Das Ferienhaus ist modern und gemütlich eingerichtet. Der Wohn-/Essbereich verfügt über einen Plattenboden, die Schlafzimmer über einen Parkettboden. Im Erdgeschoss befindet sich eine Wendeltreppe ins Obergeschoss (nicht geeignet für kleine Kinder).;9.50253735;47.00353655;Pestalozziweg 5;7310;Bad Ragaz;+41 61 481 34 57;ros.lang@bluewin.ch;[{'@type': 'ImageObject', 'contentUrl': 'https://hltpimtsoch.sos-ch-dk-2.exoscale-cdn.com/catalog/b/a/9/a/ba9a74829a0431b6d7017f6f64ee801a12a2bfc1_Ferienhaus_Falknis_1.jpg'}];2026-02-09T15:44:43+01:00
55cc4c34-f88c-485b-af98-bb714a725ee8;Chalet Tännli (CharmingStay);Das Chalet Tännli bietet zwei 3,5-Zimmerwohnungen am Flumserberg Tannenboden. Die Bergstation, Einkaufsmöglichkeiten und Restaurants sind in wenigen Gehminuten erreichbar. Pro Wohnung steht ein Parkplatz zur Verfügung.;Das Chalet Tännli verfügt über zwei 3.5-Zimmerwohnungen direkt am Flumserberg Tannenboden.  Die Bergstation Tannenboden, Einkaufsmöglichkeiten und Restaurants befinden sich nur wenige Gehminuten von der Unterkunft entfernt. Vor dem Haus stehen pro Wohnung je ein Parkplatz zur Verfügung. ;9.285302000000001;47.09648525;Schwendistrasse 44;8898;Flumserberg Tannenboden;+41 79 504 90 45;contact@charmingstay.ch;https://www.charmingstay.ch;[{'@type': 'ImageObject', 'contentUrl': 'https://hltpimtsoch.sos-ch-dk-2.exoscale-cdn.com/catalog/3/2/6/6/3266565e0e6e08f817c92599315e1bd0e01a9b0f_Chalet_T__nnli1.jpg'}];2026-01-19T12:01:34+01:00
560f4a01-b3e8-4ced-9574-f97fe4825fea;Haus Zanaiblick;Haus Zanaiblick in Valens bietet zwei helle 2-Bett-Studios im Parterre. Die Studios sind gemütlich eingerichtet und verfügen über einen offenen Wohn-/Schlafraum mit Kochecke. Ein kostenfreier Parkplatz ist vorhanden.;Das Ferienhaus verfügt über zwei 2-Bett-Studios und liegt im schönen Valens. Ein kostenfreier Parkplatz gehört zu den Studios.

Details der einzelnen Ferienwohnungen
- 2x 2-Bett-Studio im Parterre

Die beiden hellen und gemütlich eingerichteten Studios verfügen beide über einen offenen Wohn-/Schlafraum mit zwei Betten, Sofa und Essbereich. In der kleinen Kochecke findet man alles was man braucht.;9.478308357082327;46.968177334268745;Duonigstrasse 17;7317;Valens;+41 81 302 41 58;kurt.wyrsch@bluewin.ch;[{'@type': 'ImageObject', 'contentUrl': 'https://hltpimtsoch.sos-ch-dk-2.exoscale-cdn.com/catalog/a/9/8/2/a982d9b2482ce53f9c64ccb24680854f53bf6c89_Haus_Zanaiblick_1.jpg'}];2026-02-09T16:35:53+01:00
5624ca77-f03a-4159-b394-b309a87724ba;Ferienwohnung Steinröschen;Die Ferienwohnung Steinröschen liegt zentral in Flumserberg Tannenbodenalp, nahe Skilift und Einkaufsmöglichkeiten. Sie bietet kostenfreien Parkplatz, gemütliche Einrichtung und Zugang zu einem Wintergarten.;Die 3.5-Zimmerwohnung befindet sich mitten im Zentrum von Flumserberg Tannenbodenalp, gleich bei der Postautohaltestelle und in der Nähe des Skilifts und Einkaufsmöglichkeiten. Zur Wohnung gehört ein kostenfreier Parkplatz.

Die helle Wohnung ist gemütlich und komfortabel eingerichtet. Der Wohnraum sowie ein Schlafzimmer verfügen über einen Holzboden. Vom Wohnzimmer aus hat man Zugang zum möblierten Wintergarten.;9.284847590473282;47.0935765;Flumserbergstrasse 190;8898;Flumserberg Tannenbodenalp;+41 78 779 55 78;els.steinemann@gmail.com;https://steinroeschen.ch/;[{'@type': 'ImageObject', 'contentUrl': 'https://hltpimtsoch.sos-ch-dk-2.exoscale-cdn.com/catalog/a/2/5/9/a2592e6dfa82608051d75da8198e063f1d5eec62_Steinr__schen_6.jpg'}];2026-03-11T14:19:08+01:00
56f7aaf2-41a5-4821-ab3d-7394651f2d50;Walensee;Fjordähnlicher See zwischen den Kantonen St. Gallen und Glarus im Heidiland. Direkt mit der Bahn erreichbar (u. a. Unterterzen/Walenstadt); Schiffe verbinden die Uferorte. Highlights: autofreies Quinten, Seerenbachfälle und die steilen Churfirstenflanken.;<p><strong>Eingerahmt von den steilen Churfirsten und charmanten Uferorten ist der Walensee das alpine Fjord des Heidiland &ndash; ideal f&uuml;r spontane Badetage und aktive Ausfl&uuml;ge. </strong></p>
<p>Am Wasser warten Strandb&auml;der, Liegewiesen und stille Buchten; SUP‑ und Kajakverleih, Segeln, Surfen sowie gem&uuml;tliche Schiffsrundfahrten bringen G&auml;ste mitten ins Geschehen. An Land f&uuml;hren der Walensee‑Rundweg und aussichtsreiche H&ouml;henwege zu Klassikern wie den Seerenbachf&auml;llen/Betlis und ins autofreie Quinten mit Rebh&auml;ngen, Feigenb&auml;umen und sonnenverw&ouml;hnten Terrassen.</p>
<p>Familien finden Spielpl&auml;tze, kinderwagentaugliche Uferabschnitte und kurze Rundwege; Geniesser freuen sich auf frischen Fisch und regionale Weine mit Seeblick.</p>
<p><strong>Unterterzen ist das Tor zum Flumserberg</strong></p>
<p>Per SeeJet‑Gondel geht&rsquo;s in Minuten in die Bergwelt &ndash; im Sommer mit Wanderwegen, Bike‑Trails, Sommerrodeln und Kletterangeboten, im Winter zu Pisten, Winterwanderungen und Schlittelspass.</p>
<p>Dank dichter &Ouml;V‑Anbindung (Bahnh&ouml;fe direkt am See) und Schiffsverbindungen lassen sich Wasser‑ und Bergerlebnisse flexibel kombinieren &ndash; vom entspannten Spaziergang bis zum aktiven Tag am und auf dem See.&nbsp;</p>;9.219882;47.1255429;[{'@type': 'ImageObject', 'contentUrl': 'https://hltpimtsoch.sos-ch-dk-2.exoscale-cdn.com/catalog/a/7/4/3/a743eb72e58b2e89c1ba8a6849c4513fcc8ac722_Badestr__nde_Walensee_Murg.jpg', 'caption': {'de': 'Walensee', 'en': 'Walensee'}}];2026-04-17T13:40:37+02:00
5732e5a5-3e88-4e89-b6c6-ea76d3e512bf;Stellplatz Mapraggsee;Der Stellplatz Mapraggsee liegt am Waldrand und bietet 6-7 Stellplätze für Wohnmobile, Vans oder Zelte. Er verfügt über ein WC, eine Grillstelle und ist ideal für Wanderungen in der Umgebung.;Der Platz liegt am Waldrand und am Läuibach. Er verfügt über 6-7 Stellplätze für Wohnmobile, Wohnwagen, Vans oder Zelte. Er ist mit Schotter befestigt, verfügt über ein WC und eine Grillstelle mit Sitzmöglichkeiten. Vom Stellplatz aus führen Wanderwege am See entlang, Richtung Valens/Vasön und auf den Vättnerberg. Der Dorfladen in Vasön ist nur 1 km entfernt und zu Fuss in ca. 10 Minuten und mit dem Auto in 2 Minuten erreichbar.

Wir empfehlen den Stellplatz erst vor Ort zu bezahlen, da wir auch Barzahlung und Twint akzeptieren. Es kann vorab keine Garantie für die Verfügbarkeit der Plätze gegeben werden, da diese nicht einzeln markiert sind. Wir bitten um Verständnis.;9.479066133499147;46.946666040688434;Mapraggstausee;7317;Vasön;0791045567;valens.tourismus@gmail.com;https://valens-tourismus.ch/camping;[{'@type': 'ImageObject', 'contentUrl': 'https://hltpimtsoch.sos-ch-dk-2.exoscale-cdn.com/catalog/c/d/c/3/cdc3585c3d04ae5b28737e0fd0250a9ccf007adf_DSC_7212.jpg'}];2026-08-06T17:21:35+02:00
57883285-3525-402d-a6a2-5c2842db061d;Chalet Good ;Das Chalet Good in Flumserberg Tannenheim bietet zwei Ferienwohnungen, nur fünf Gehminuten von Postautohaltestelle, Einkaufsmöglichkeiten und Seilbahn entfernt. Im Winter direkt an der Skipiste, im Sommer an Wanderwegen gelegen. Kostenloser Parkplatz inklusive.;Das Chalet mit zwei Wohnungen befindet sich in Flumserberg Tannheim nur ca. 5 Gehminuten von der Postautohaltestelle, Einkaufsmöglichkeiten, Seilbahn, Minigolf und Tennisplatz entfernt. Im Winter direkt an der Skipiste und im Sommer an den Wanderwegen. Ein kostenloser Parkplatz gehört zum Chalet dazu.

Details der einzelnen Ferienwohnungen
- 1x 3.5-Zimmerwohnung im ersten Stock
- 1x 2.5-Zimmerwohnung im Parterre

Die Wohnungen verfügen beide über eine Wohnküche mit grossem Esstisch, Eckbank und Stühlen. Die Küche ist ausgestattet mit Kochherd, Backofen, Kühlschrank, Kaffeemaschine, Toaster und Racletteofen. Badezimmer mit Dusche/WC.;9.30025019013009;47.08918175;Cafridastrasse 4;8897;Flumserberg Tannenheim;+41 81 733 44 04;hotelalpenblick@bluewin.ch;[{'@type': 'ImageObject', 'contentUrl': 'https://hltpimtsoch.sos-ch-dk-2.exoscale-cdn.com/catalog/2/4/8/7/24878c5746a7810c56677e9170239b33974f813b_Sommer_Ansicht.jpg'}];2026-03-11T13:55:25+01:00
58d2abf4-ab13-4c17-93cf-91c462476920;Ferienwohnung Resort Walensee Nr. 99;Die 3,5-Zimmerwohnung im Resort Walensee bietet 99 m2 Wohnfläche direkt am Walensee in der Ferienregion Heidiland. In wenigen Minuten zu Fuss erreichbar sind das Restaurant Marina Walensee, die Strandbar und der Schiffssteg.;Die 3.5-Zimmerwohnung beim Resort Walensee mit 99m2 befindet sich am schönen Walensee in der Ferienregion Heidiland. In nur 2 Minuten zu Fuss erreichen Sie das Restaurant Marina Walensee, sowie die Strandbar. Zum Schiffssteg sind es 3 Minuten zu Fuss, geniessen Sie eine Schifffahrt auf dem fjordähnlichen Walensee unterhalb der Churfirstenkette. Einkaufsmöglichkeiten sind 5 Minuten zu Fuss entfernt.;9.256038013380152;47.11484435;Gostenstrasse 26;8882;Unterterzen;+41 79 376 83 66;maja.spiess@gmx.ch;[{'@type': 'ImageObject', 'contentUrl': 'https://hltpimtsoch.sos-ch-dk-2.exoscale-cdn.com/catalog/5/2/f/4/52f461d60b7ebfea0c1b0ad43d85bfc4385a0348_TDS00020012438967025_sized_800_0.jpg'}];2026-04-21T17:11:07+02:00
5a51b0aa-4289-4144-bb64-69c269f28551;Club Siesta Ferienwohnung/Studio;Club Siesta bietet neu sanierte Ferienwohnungen und Studios in Flumserberg Tannenheim. Die Unterkünfte sind modern eingerichtet und liegen in der Nähe der Prodalpbahn. Parkplätze und eine Spielwiese mit Grill sind vorhanden.;Zwei neu sanierte und möbilierte 3-Zimmer-Wohnung mit 5 Betten (2+3), und ein ebenso neu saniertes Studio mit 2 Betten.

Eigene Parkplätze mit ganzjähriger Zufahrt für PWs und Kleinbusse vor dem Haus. Spiel- und Liegewiese mit Aussengrill (Sommer). In Schrittnähe zur Prodalpbahn (Gondel), den Dorfläden.;9.305129390625002;47.08853685;Mätzwiesenstrasse 25;8897;Flumserberg Tannenheim;+41 44 382 44 44;info@siesta.swiss;https://siesta.ch/;[{'@type': 'ImageObject', 'contentUrl': 'https://hltpimtsoch.sos-ch-dk-2.exoscale-cdn.com/catalog/4/f/f/e/4ffe1de7f4fae08f8a0e4e4db70bfcb3d1a1c7af_2Schlafzimmer_Studio.JPG'}];2026-01-19T12:01:35+01:00
5b96134c-9941-4f84-9663-90aff289343e;Bergrestaurant Laufbodenstübli;Das Bergrestaurant Laufbodenstübli auf 2222 m ü.M. bietet eine beeindruckende Rundsicht auf die Berglandschaft des St. Galler Oberlandes und das Rheintal bis zum Bodensee. Es ist das höchstgelegene Restaurant im Ski- und Wandergebiet Pizol.;Das gemütliche Bergrestaurant Laufbodenstübli befindet sich auf 2222m.ü.M. neben dem Laufböden Sessellift.
Es ist das höchstgelegene Bergrestaurant im Ski und Wandergebiet Pizol.
Geniessen Sie die herrliche Rundsicht der Berglandschaft des St. Galler Oberlandes sowie des Rheintals bis zum Bodensee.
Richtung Südosten bewundern Sie die markanten schneebedeckten Berge des Bündnerlandes und vieles mehr….;9.4363562;46.9796659;Pardiel;7310;Bad Ragaz;+41 79 415 54 56;andrea.schlegel@rsnweb.ch;https://pizol.com/planen-buchen/gastronomie?lang=de_CH;[{'@type': 'ImageObject', 'contentUrl': 'https://hltpimtsoch.sos-ch-dk-2.exoscale-cdn.com/catalog/4/9/c/2/49c227f435347861eaf4e539112f04e42bec59c7_Laufbodenst__bli.jpg'}];2026-07-21T14:54:53+02:00
5c0ac627-1a08-4afe-a086-59abb72ed3f4;Weingut Wegelin;Das Scadenagut in Malans bietet seit 1957 Weinverkostungen und Kellerführungen für Gruppen von sechs bis 30 Personen an. Der moderne Torkel und die Sonnenterrasse bieten einen beeindruckenden Blick auf die Bündner Herrschaft.;Seit 2019 führen Rafael Hug und seine Frau, die Önologin Mathilde Hug Pédeutour, das Weingut Wegelin. 
Sie vinifizieren ihre Topweine konsequent nach Einzellagen, wodurch das Sortiment zusätzliche Tiefe gewinnt und der Lagenausdruck deutlich spürbar wird. 
Neben verschiedenen Weissweinen schlägt ihr Herz insbesondere für den Pinot Noir.
Die Qualität eines Weines wird von seiner Herkunft geprägt. Das Verständnis für Ihre grandiosen Lagen begleitet Ihre tägliche Arbeit im Weingarten: 
Sie pflegen jeden einzelnen Rebstock mit Hingabe und wissen, dass große Weine auf dieser Arbeit beruhen. Sie geben dem Rebstock das, was er braucht, damit charaktervolle und authentische Trauben reifen — die Natur ist Ihr größtes Kapital. Sie arbeiten nach biologischen und biodynamischen Richtlinien und mit größter Rücksicht auf Boden und Umwelt.;9.575073298434237;46.98428125;Scadenaweg 1;7208;Malans GR;+41 81 322 11 64;info@weingutwegelin.ch;https://weingutwegelin.ch/;[{'@type': 'ImageObject', 'contentUrl': 'https://hltpimtsoch.sos-ch-dk-2.exoscale-cdn.com/catalog/f/d/2/f/fd2ffe50a011f43da872d94d723bfab80becf679_Keller.jpg'}];2026-04-28T07:48:53+02:00
5c338e6d-7dae-424d-ac39-20c137ea7e44;Promenade Walentstadt;Direkt am idyllischen Walensee gelegen, präsentiert sich die Promenade Walenstadt als stilvoll umgenutztes Gebäude der Schweizer Armee mit besonderem Charme. Die Promenade wurde liebevoll eingerichtet und zu einem modernen Streetfood-Restaurant umgestaltet.;<p>Das Ergebnis ist eine gelungene Verbindung aus Tradition, rustikalem Flair und urbaner Streetfood-Kultur. Die K&uuml;che bietet eine weltoffene Auswahl an Gerichten mit Fokus auf TexMex, BBQ, Asado und weiteren internationalen Streetfood-Klassikern &ndash; frisch zubereitet, kreativ interpretiert und regional abgestimmt. Ideal f&uuml;r alle, die unkompliziert, aber hochwertig essen m&ouml;chten &ndash; ob beim gem&uuml;tlichen Essen auf der Sonnenterrasse direkt am Seeufer oder in den stilvoll eingerichteten Innenr&auml;umen. Die Promenade Walenstadt ist nicht nur ein Restaurant, sondern ein lebendiger Treffpunkt mit entspannter Atmosph&auml;re, kulinarischer Vielfalt und einem Hauch von Festivalgef&uuml;hl &ndash; perfekt f&uuml;r Paare, Familien, Gruppen und Genussmenschen.</p>;9.3031243;47.1267952;Seestr. 101;8880;Walenstadt;+41 81 735 30 30;info@promenade-walenstadt.ch;https://www.promenade-walenstadt.ch/;[{'@type': 'ImageObject', 'contentUrl': 'https://hltpimtsoch.sos-ch-dk-2.exoscale-cdn.com/catalog/e/b/3/1/eb311396e25b5ef642d7a3eed2d41e191db9e144_Bildschirmfoto_2025_09_09_um_12.02.49.png'}];2026-09-04T10:02:49+02:00
5c4274d3-729b-485b-bd38-ad975924e408;Ferienwohnung Chriesilöser;Die Ferienwohnung Chriesilöser in Bad Ragaz bietet eine stilvolle 3,5-Zimmerwohnung an sonniger Lage. Geschäfte, Restaurants, Thermalbad und Freibad sind in wenigen Gehminuten erreichbar.;Die gemütliche und stilvoll eingerichtete 3.5-Zimmerwohnung liegt an sonniger Lage im historischen Kurort Bad Ragaz. Das Ortszentrum mit Geschäften und Restaurants sowie das Thermalbad, der Giessenpark und das Freibad sind in wenigen Gehminuten erreichbar.;9.502314413377373;47.0124255;Chriesilöserstr. 13;7310;Bad Ragaz;brigit.danuser@gmail.com;[{'@type': 'ImageObject', 'contentUrl': 'https://hltpimtsoch.sos-ch-dk-2.exoscale-cdn.com/catalog/c/7/d/d/c7dd452a4c76182c25d72ea53b0e212ba0405bc0_Ferienwohnung_Chriesil__ser__1_.jpeg'}];2026-08-11T13:07:09+02:00
5c779a59-ab38-4a30-b901-b926aab511e1;Gonzen Sport & Mode;Gonzen Sport & Mode in Sargans bietet spezialisierte Outdoor-Ausrüstung und individuelle Beratung. Das Geschäft ist bekannt für Schuhfitting und massgefertigte Einlagesohlen. Im Sommer und Winter gibt es eine breite Auswahl an Sportartikeln und modischer Kleidung.;Herzlich willkommen bei Gonzen Sport & Mode im Tiefriet in Sargans.
Wir sind ein spezialisiertes Outdoor Sportfachgeschäft mit erfahrenen, kompetenten und enthusiastischen Mitarbeiter/innen. 

Wenn der Schuh drückt, ob Bergschuh, Ski- oder Tourenschuh sind Sie bei uns an der richtigen Adresse. Druckstellen an Ihren Füssen haben bei unserem erfahrenen Schuhfitting -Team keine Chance. Zusätzlich stellen wir Ihnen 100% fussangepasste Einlagesohlen her, welche Ihnen einen hohen Tragekomfort und mehr Leistung garantieren.
Unser fachkundiges Personal berät Sie gerne individuell und ohne Zeitdruck. Einen Gratisparkplatz ist Ihnen bei uns auch garantiert. 

Unsere Leidenschaften im Sommer:
Hochtouren-, Trekking-, Wander- und Klettersport, Running- und Bikesport sowie Campingartikel, sowie trendiges und modisches Textil. 

Unsere Leidenschaften im Winter: 
Skitouren- Alpin- Schneeschuhsport, Trailrunning. Hochfunktionelles und modisches Textil von Kopf bis Fuss für alle Schneesportarten.

Wir leben Outdoor und garantieren Ihnen, dass Sie bei uns all Ihr passendes Equipment finden.
Zusätzlich können Sie von unserem Service- und Dienstleistungsangebot profitieren.
Wir vermieten Ski- und Snowboardausrüstungen und geben Ihrem Ski und/oder Snowboard wieder den nötigen Kantenschliff für unvergessliche Schneetage.;9.4490804;47.0487657;Tiefriet, Langgrabenweg;7320;Sargans;+41 81 723 78 38;info@gonzensport.ch;http://www.gonzensport.ch;[{'@type': 'ImageObject', 'contentUrl': 'https://hltpimtsoch.sos-ch-dk-2.exoscale-cdn.com/catalog/a/c/7/2/ac72bb19f8407cd3b7fef2bcd83f7c463e07913f_20160220_123431.jpg'}];2026-05-14T08:43:45+02:00
5ca5d52f-ce15-4e7d-b050-20b1d00cff99;Saunafass;Entspannung pur im Saunafass des Hotel Schiffahrt Mols – mit Panoramablick auf die Berge, privater Nutzung & nordischem Flair.;<p data-start="762" data-end="1081">Unser Saunafass ist ein St&uuml;ck nordische Lebenskunst. Das massive Echtholzfass bietet einen gem&uuml;tlichen Kokon aus W&auml;rme und Wohlbefinden &ndash; mit traumhaftem Panoramablick auf die umliegende Bergwelt. Saunieren bedeutet pure Erholung: Man tut sich selbst etwas Gutes, f&ouml;rdert die Gesundheit und findet Abstand vom Alltag.</p>
<p data-start="1089" data-end="1342">In unserem Saunafass finden 2 Personen (liegend) bis zu 6 Personen (sitzend) Platz. Die Nutzung ist t&auml;glich auf Voranmeldung m&ouml;glich. Bitte melden Sie sich mindestens eine Stunde vorher an der R&eacute;ception, damit wir die Sauna f&uuml;r Sie vorbereiten k&ouml;nnen.</p>;9.278622;47.1124527;Schulhausstr. 1;8885;Quarten;+41 81 738 12 25;info@schiffahrt-mols.ch;https://www.schiffahrt-mols.ch/;[{'@type': 'ImageObject', 'contentUrl': 'https://hltpimtsoch.sos-ch-dk-2.exoscale-cdn.com/catalog/e/4/1/5/e4159d141821a578cd5e571248699433d6e15c32_IMG_20221225_WA0000__002_.jpg'}];2026-04-26T04:50:34+02:00
5ca68094-b48f-4927-ac3a-1fbf059c418d;GEISS - Café - Treffpunkt - Kultur;Das Café GEISS in der Altstadt von Sargans bietet einen Treffpunkt für Kultur und Begegnung. Der Quartierverein Treffpunkt Obergass betreibt das gemütliche Lokal mit vielfältigem Angebot und Kinderecke.;Der Quartierverein «Treffpunkt Obergass» betreibt das kleine gemütliche Lokal «GEISS» als Ort der Begegnung und Kultur. “GEISS” ist die Abkürzung für "Gemeinsam Im Städtli Sargans”. Der regelmässige Kaffeebetrieb bildet das Herzstück und trägt zur Belebung der Altstadt Sargans bei. Ob einfach zum Plaudern vorbeikommen, einen wärmenden Tee trinken, Feste feiern, gemeinsam Essen, beim Spielturnier Taktik oder Glück walten lassen, ein kreatives Projekt umsetzen, Tipps zur Handhabung der Nähmaschine austauschen, lokales Bier degustieren, sich musikalisch entfalten oder spannende Kino Abende – hier gibt es Raum. Das Angebot ist vielfältig, lebt und verändert sich durch die Menschen welche den Ort mitgestalten. Für die kleinen Gäste bietet das Lokal eine Kinderecke.;9.436103097971923;47.050304600000004;Städtchenstrasse 52;7320;Sargans;+41 77 478 50 47;info@geiss-sargans.ch;https://www.geiss-sargans.ch;[{'@type': 'ImageObject', 'contentUrl': 'https://hltpimtsoch.sos-ch-dk-2.exoscale-cdn.com/catalog/9/d/1/a/9d1a6d4ad4d2ed6ea65b526910aa654d3552be10_80066f50_12ec_49e8_b8e5_af0e452bd387.jpg'}];2026-04-28T07:51:22+02:00
5d24d900-6d53-4191-b392-4d3adff63e6b;Haus Linaria (CharmingStay);Haus Linaria in Flumserberg-Mittenwald bietet eine gepflegte 3,5-Zimmerwohnung mit grossem Gartensitzplatz. Die Wohnung wurde 1974 gebaut und kürzlich renoviert. Sie liegt in unmittelbarer Nähe zur Talstation Mittenwald.;Gepflegte 3.5 Zimmerwohnung in Flumserberg-Mittenwald mit sehr grossem Gartensitzplatz. Gebaut wurde die Wohnung im Jahre 1974, wurde aber kürzlich renoviert und hat 55m2. In unmittelbarer Nähe zur Talstation Mittenwald. Virtueller 3D-Rundgang https://my.matterport.com/show/?m=3h4DvrLkh97  ;9.295494319019138;47.0903293;Sonnmattstr. 4;8898;Flumserberg Tannenboden;+41 79 504 90 45;contact@charmingstay.ch;https://www.charmingstay.ch;[{'@type': 'ImageObject', 'contentUrl': 'https://hltpimtsoch.sos-ch-dk-2.exoscale-cdn.com/catalog/b/b/f/9/bbf957b758b11c548fba8057f91ec102a94fc50d_Haus_Linaria1.jpg'}];2026-02-09T16:30:58+01:00
5f12c2e9-71ad-42ea-acfc-b9e10c99c010;Landquart Fashion Outlet;Das Landquart Fashion Outlet bietet über 170 Marken in mehr als 100 Geschäften zu günstigen Preisen. Besucherinnen und Besucher können durch das Chalet-Style Shopping-Village schlendern und die Atmosphäre sowie die gastronomischen Angebote geniessen.;<p>Inmitten der malerischen Kulisse der B&uuml;ndner Berge erwartet Sie das Landquart Fashion Outlet. Nur 60 min von Z&uuml;rich und 50 min von St. Gallen entfernt. Mehr als 170 Marken in &uuml;ber 100 Stores zu luxuri&ouml;s g&uuml;nstigen Preisen: Mode, Accessoires, Home- und Lifestyle-Produkte sowie eine faszinierende Auswahl an Outdoor- und Sportartikeln. Bummeln Sie durch das Shopping-Village im Chalet-Style, geniessen Sie die bezaubernde Atmosph&auml;re und lassen Sie sich in unseren vielf&auml;ltigen Restaurants, Caf&egrave;s und Bistros verw&ouml;hnen.</p><p>Auch sonntags ge&ouml;ffnet.</p><p>Attraktionen:</p><p>- Werden Sie Mitglied im Landquart Fashion Club. Laden Sie die Fashion Club App noch heute herunter (iOS und Android) und sparen Sie nochmals.</p><p>- Geniessen Sie Snacks an unseren Foodst&auml;nden oder feine Speisen und Drinks in unseren Restaurants, Caf&eacute;s und Bistros.</p><p>- Verbinden Sie Ihren Shopping-Ausflug mit einer Tour zu den Winzern der B&uuml;ndner Herrschaft und / oder einer Degustation (Informationen erhalten Sie telefonisch 081-300 02 22).</p><p><span style="mso-ascii-font-family: Aptos; mso-hansi-font-family: Aptos;">- Die Guest Services beim Nord- und S&uuml;deingang bietet Ihnen praktische Dienstleistungen an, darunter sofortige Steuerer&uuml;ckerstattung f&uuml;r ausl&auml;ndische Besucher und Besucherinnen.&nbsp;</span></p><p><!-- [if !supportLists]--><span style="mso-ascii-font-family: Aptos; mso-hansi-font-family: Aptos;">- Mit der j&uuml;ngsten Erweiterung pr&auml;sentiert sich das Village als noch attraktivere Shopping- und Lifestyle-Destination mit spannenden neuen Marken und Erlebnissen.</span></p>;9.552645672518366;46.96516814879244;Alpenblick 5;7302;Landquart;+41 81 300 02 22;info@landquartfashionoutlet.ch;http://www.landquartfashionoutlet.ch;[{'@type': 'ImageObject', 'contentUrl': 'https://hltpimtsoch.sos-ch-dk-2.exoscale-cdn.com/catalog/5/4/c/7/54c779fdd7e8d9941f879100fdf1ebc4fac36f32_Hauptbild_Landquart_Fashion_Outlet.jpg'}];2026-08-07T13:17:06+02:00
5f53692e-d66b-4c02-9b04-6ce4e1e1a190;Tennisplätze Zizers;Die Tennisplätze und das Clubhaus des Tennisclubs Zizers befinden sich am oberen Dorfrand von Zizers im Churer Rheintal. Sie bieten eine ruhige Umgebung und eine schöne Aussicht, ideal für eine entspannte Pause.;Die Plätze und das Clubhaus des Tennisclubs Zizers liegen an einem der schönsten Flecken im Churer Rheintal: Das «Stöckli» liegt am oberen Dorfrand von Zizers. Ein Besuch lohnt sich, selbst wenn man nicht Tennis spielen will. Einfach da sitzen, für einen kurzen Augenblick innehalten, die Ruhe und die schöne Aussicht geniessen, das tut gut. So oder so!;9.569778442382814;46.93203706901796;Im Stöckli;7205;Zizers;+41 81 322 51 88;info@tczizers.ch;http://www.tczizers.ch;[{'@type': 'ImageObject', 'contentUrl': 'https://hltpimtsoch.sos-ch-dk-2.exoscale-cdn.com/catalog/7/9/7/9/79790fe0898cdf1d807c98ea853d93aebedccf32_IMG_1466.jpeg'}];2026-07-21T14:20:12+02:00
5f750e48-f329-4e74-8577-6bcad85dbbf0;Chalet Köbi;Idyllisch gelegenes Ferienhaus mit traumhafter Bergsicht in Flumserberg Tannenheim;<p>Das 4,5 -Zimmer Ferienhaus liegt an einer ausgesprochen ruhigen und idyllischen Lage in Flumserberg Tannenheim. Es bietet eine atemberaubende Aussicht auf die gegen&uuml;berliegende Bergkette sowie das Tal, das sich bis nach Sargans erstreckt. Ein Aussen-Parkplatz und ein Garagen-Parkplatz stehen zur Verf&uuml;gung. Die Talstation der Prodalp-Gondelbahn Tannenheim ist ca. 900 Meter entfernt.</p>;9.3077706;47.0833686;Untere Anggetlinstrasse 10;8897;Flumserberg Tannenheim;+41 78 844 00 04;maja@augustin-baer.ch;[{'@type': 'ImageObject', 'contentUrl': 'https://hltpimtsoch.sos-ch-dk-2.exoscale-cdn.com/catalog/5/0/4/7/5047950b84918c3313baf4fe37dbdfe84dd2e307_Chalet_Koebi_Sommer.jpg'}];2026-09-04T12:13:40+02:00
604e1b98-2123-4136-9f82-8dbf165f8dc7;Taste;Atmosphäre, die gut tut. Genuss, der in Erinnerung bleibt.;<p>Dich erwartet ein Ort f&uuml;r Mittagspausen, die Ruhe bringen, Mittagspausen, die neue Energie schenken. Abende, die der Seele gut tun und einen Drink, wann immer dein Leben eine Pause braucht. Unser Versprechen ist zwar nur zwei Worte lang, aber dennoch voller Bedeutung: mood &amp; food. Wir wollen mehr als satt machen: Mit dem Schritt durch die T&uuml;r soll sich dein Besuch besonders anf&uuml;hlen.&nbsp;</p>;9.56289043463173;46.9698635;Karlihofstrasse 2;7208;Malans GR;+41 81 322 40 61;info@taste-restaurant.ch;https://taste-restaurant.ch/;[{'@type': 'ImageObject', 'contentUrl': 'https://hltpimtsoch.sos-ch-dk-2.exoscale-cdn.com/catalog/4/f/2/e/4f2e7b34fae80c52886b58584077c0591e528aa2_head_taste_mood_food.webp'}];2026-09-04T12:02:40+02:00
6057b1e5-ffc5-41ec-bb0c-a38d37ebd0ee;Pizzeria Trattoria Mamma Rosa;Die Pizzeria Trattoria Mamma Rosa in Landquart bietet italienische Küche und lokale Spezialitäten. Gäste können auf der Terrasse die Sonne geniessen. Das Restaurant ist familienfreundlich und rollstuhlgerecht.;Sehr gerne verwöhnen wir Sie in der Pizzeria Trattoria Mamma Rosa in Landquart. Geniessen Sie die cucina italiana und verbringen Sie einen gemütlichen Abend mit Ihren Freunden oder Ihrer Familie.

Wir servieren Ihnen leckere Pizze, typische Italienische Gerichte wie Spaghetti, Risotto und Gnocchi oder auch einheimische Spezialitäten aus der Region Landquart / Graubünden oder aus der Schweiz.

Bei schönem Wetter haben wir unsere Terrasse geöffnet. Tanken Sie ein wenig Sonne, während Sie bei uns einkehren und den Hunger stillen.;9.566379390715284;46.95350895;Kantonsstrasse 12;7302;Landquart;+41 81 322 91 55;info@mammarosa.ch;https://www.mammarosa.ch/;[{'@type': 'ImageObject', 'contentUrl': 'https://hltpimtsoch.sos-ch-dk-2.exoscale-cdn.com/catalog/c/1/7/4/c174a72f1aeb4b7e73c7e589a7b4b2e999cffcb8_IMG_0176.jpeg'}];2026-07-21T14:54:53+02:00
6283eeb7-6bad-480e-888d-1dce28d1e05c;Haus DOMO;Haus DOMO bietet unvergessliche Bergferien am Flumserberg. Die zentral gelegene Ferienwohnung ist ideal für Skifahren, Biken und Wandern. Sie bietet eine sonnige Lage, Panoramablick und ist nur 3 Gehminuten von Seilbahnstationen entfernt.;<p><strong><span class="Apple-style-span">DOMO - Ihre Wohlf&uuml;hloase in den Alpen, direkt am Flumserberg</span></strong></p>
<p>Erleben Sie unvergessliche Bergferien - ob verschneite Wintertage oder sonnige Sommerwochen - in der charmanten Ferienwohnung DOMO, direkt am Flumserberg. Hier trifft alpiner Lifestyle auf gem&uuml;tliches Ambiente und atemberaubende Natur.</p>
<p><strong><span class="Apple-style-span">Aktivurlaub oder pure Entspannung? Bei uns geht beides.</span></strong><br>Skifahren, Snowboarden, Biken, E-Biken, Wandern oder einfach die Seele baumeln lassen - all das beginnt praktisch vor der Haust&uuml;r. Die Seilbahnstationen sind nur ca. 3 Gehminuten entfernt und bringen Sie entweder auf &uuml;ber 2.000 Meter H&ouml;he oder hinunter zum malerischen Walensee, flankiert von den imposanten sieben Churfirsten.</p>
<p><span class="Apple-style-span">Details zu den einzelnen Ferienwohnungen</span></p>
<ul>
<li>1x 3.5-Zimmerwohnung im Erdgeschoss mit Dusche/Terrasse, 4 Personen, 82m2</li>
<li>1x 4.5-Zimmerwohnung im Obergeschoss mit Dusche/Balkon, 4 ( bis 6) Personen, 60m2</li>
</ul>
<p><strong><span class="Apple-style-span">Wohnen mit Stil und Aussicht</span></strong><br>Die beiden Wohnungen des Hauses DOMO &uuml;berzeugen mit hellen R&auml;umen, stilvollen Vintage-M&ouml;beln und warmem Holzambiente. Geniessen Sie den einzigartigen Panoramablick auf die umliegenden Berge - ob vom gem&uuml;tlichen Wohnzimmer oder von der sonnigen Terrasse oder dem Balkon.</p>
<p>Die Wohnungen bieten Raum f&uuml;r bis zu 4 (6) Personen und sind ideal f&uuml;r Paare, Familien oder Freunde, die gemeinsam Natur, Sport und Erholung geniessen m&ouml;chten.</p>
<p>F&uuml;r Biker steht ein grosser, &uuml;berdachter Stellplatz zur Verf&uuml;gung und f&uuml;r E-Bike-Enthusiasten zudem gen&uuml;gend leicht zug&auml;ngliche Ansteckm&ouml;glichkeiten.<br>Die Wintersportbegeisterten wiederum haben einen abschliessbaren Skiraum und einen leistungsstarken Skischuhtrockner zur freien Verf&uuml;gung.</p>
<p><strong><span class="Apple-style-span">Technische Einrichtung</span></strong><br>TV und WLAN stehen in beiden Wohnungen kostenlos zur Verf&uuml;gung.</p>;9.282718592111657;47.093954749999995;Tannenbodenalpstrasse 10;8898;Flumserberg Tannenbodenalp;+41 79 730 50 01;HausDOMO@bluewin.ch;[{'@type': 'ImageObject', 'contentUrl': 'https://hltpimtsoch.sos-ch-dk-2.exoscale-cdn.com/catalog/e/6/6/2/e6623e0f58b34707bdda74d38259caa0384d36f5_3_IMG_8769k.jpg', 'caption': {'de': 'Haus DOMO (Obergeschoss)', 'en': 'House DOMO (upper floor)'}}];2026-08-07T10:30:36+02:00
635e0604-01ba-4371-b6d2-ac1f24ab59e4;Hotel Tannenboden;Das Hotel Tannenboden liegt zentral am Flumserberg, nur 150 Meter von Skipisten und Skiliften entfernt. Es bietet Zugang zu Wanderwegen, Bikerstrecken und Einkaufsmöglichkeiten, ideal für Ruhesuchende, Aktive und Geniesser.;Das Hotel Tannenboden befindet sich eingebettet im Zentrum vom Tannenboden am Flumserberg. Nur 150 Meter von den nächsten Skipisten und Skiliften entfernt. Ebenfalls liegen Wanderwege, Bikerstrecken und Einkaufsmöglichkeiten in unmittelbarer Nähe. So ist das Hotel Tannenboden für Ruhesuchende, Aktive und Geniesser der ideale Ausgangsort für ein paar Tage Urlaub.;9.286605903128759;47.09299215;Flumserbergstrasse 184;8898;Flumserberg Tannenbodenalp;+41 81 733 11 22;info@tannenboden.ch;http://www.tannenboden.ch;[{'@type': 'ImageObject', 'contentUrl': 'https://hltpimtsoch.sos-ch-dk-2.exoscale-cdn.com/catalog/6/c/0/9/6c09b7d3eb1d67d7a035615044c3aa851ae6278f_IMG_1229.jpg'}];2026-08-28T22:06:12+02:00
638e1245-980d-4efe-96b6-a6f6ec824a6d;Waldcamping Landquart AG;Waldcamping Landquart AG bietet idyllisches Camping im Föhrenwald mit Stellplätzen und Mietunterkünften. Ein Bistro, ein Kinderspielplatz und ein Restaurant in der Nähe sorgen für einen entspannten Aufenthalt. Ideal für Fahrrad- und Biketouren.;Idyllisches Camping in einem Föhrenwald, mit Stellplätzen sowie Mietunterkünften ausgestattet. Es erwartet Sie ein gemütliches Bistro, ein heimeliger TV/Aufenthaltsraum, ein cooler Kinderspielplatz mit Wasserspiel, Tischtennis, Trampolin, Gartenschach, ein kleiner Shop direkt neben dem Platz und ein gutes Restaurant "Sandplatz" in unmittelbarer Nähe. Alles, was Sie für einen entspannenden Aufenthalt benötigen.

Nützliche Gästehinweise
In der Nähe befindet sich das Heididorf oberhalb von Maienfeld, die Ortschaft Bad Ragaz mit Tamina Therme, zwei erstklassige Golfplätze, das Wander- und Schneesportgebiet Pizol oder die Taminaschlucht. Der Platz ist zudem ein idealer Ausgangspunkt für schöne Fahrrad- und Biketouren. Die Gegend gilt als Gleitschirmparadies und ist ideal zum Inlineskaten, Klettern und Wandern. Als Hauptort der Rhätischen Bahn ist der Waldcamping Landquart bei Eisenbahnfans ein wichtiger Ausgangspunkt.;9.59385395050049;46.970691710268156;Ganda 21;7302;Landquart;+41 79 482 65 95;info@waldcamping.ch;http://www.waldcamping.ch/;[{'@type': 'ImageObject', 'contentUrl': 'https://hltpimtsoch.sos-ch-dk-2.exoscale-cdn.com/catalog/5/f/d/f/5fdf219ce9688039bc5af229c8256d107271d707_20190818_084837__3.jpg'}];2026-08-28T22:06:09+02:00
63959f90-5175-4d4a-ab85-73a0baea3297;Chalet Iris;Das Chalet Iris in Flumserberg Tannenheim bietet eine 4-Zimmerwohnung mit Blick auf die Churfirsten. Die Talstation Tannenheim ist 700 m entfernt. Zwei kostenlose Parkplätze und eine grosse Terrasse sind vorhanden.;Die 4-Zimmerwohnung befindet sich an sonniger Lage in Flumserberg Tannenheim im Quartier Anggetlin, mit herrlicher Aussicht auf die Churfirsten. Die Talstation Tannenheim ist nur 700 m entfernt. Vor dem Haus stehen zwei kostenlose Parkplätze zur Verfügung.

Die Ferienwohnung ist gemütlich eingerichtet und auf zwei Etagen eingeteilt. Die Wände in der ganzen Wohnung sind getäfelt. Zur Wohnung gehört eine grosse Terrasse mit Liegestuhl.;9.3075603;47.0835366;Unteres Anggetlin 15;8897;Flumserberg Tannenheim;+41 44 840 22 85;petra@oeschdruck.ch;[{'@type': 'ImageObject', 'contentUrl': 'https://hltpimtsoch.sos-ch-dk-2.exoscale-cdn.com/catalog/3/5/5/f/355f85795d70cf8c51b6c2b06e45d6b045cce5ae_Iris_Aussen_top__2_.JPG'}];2026-03-11T14:02:58+01:00
63b350b4-e38f-4b0a-92ba-67be9f47b5c9;Ferienwohnung Tobelbachstr. 11;Die Ferienwohnung Tobelbachstr. 11 in Flumserberg Tannenheim bietet eine ruhige Lage mit Bergblick, nahe Skilift und Hallenbad. Sie wurde 2021 renoviert und bietet modernen Komfort mit kostenlosem Parkplatz.;Die moderne, heimelige 4.5-Zimmerwohnung in Flumserberg Tannenheim, wurde 2021 umfangreich saniert und neu eingerichtet. Die Wohnung befindet sich in unmittelbarer Nähe zu Skilift und Hallenbad (3 Gehminuten) an ruhiger Lage mit einmaliger Aussicht auf die Berge. Ein kostenloser Parkplatz steht zur Verfügung.;9.2978742;47.09113455;Tobelbachstrasse 11;8897;Flumserberg Tannenheim;+41 79 444 41 93;daniel.zehnder@ibg.ch;[{'@type': 'ImageObject', 'contentUrl': 'https://hltpimtsoch.sos-ch-dk-2.exoscale-cdn.com/catalog/e/8/7/5/e875b23ec5628a52761a70659bb332eed1ef9f6c_Aussenansicht.jpg'}];2026-05-16T08:44:22+02:00
63f490ec-c7d6-4942-9669-c43fe5a43e59;Hof Eggenberger;Hof Eggenberger in Jenins bietet einen Landwirtschaftsbetrieb mit integriertem Hofladen und SCHLAFF-FASS. Der 2-Generationenhof liegt in der sonnigen Bündner Herrschaft und ist täglich von 06:00 bis 21:00 Uhr geöffnet.;Unsere 2-Generationenhof liegt inmitten der sonnigen Bündner Herrschaft im Herzen des Weinbaudorfes Jenins. Zusammen bewirtschaften wir mit viel Begeisterung und Elan unseren Landwirtschaftsbetrieb mit integrierten Hofladen und SCHLAFF-FASS.;9.558609724044802;46.99974157452924;Unterdorf 14;7307;Jenins;+41 79 543 87 93;eggenberger-roffler@bluewin.ch;https://www.hofeggenberger.ch;[{'@type': 'ImageObject', 'contentUrl': 'https://hltpimtsoch.sos-ch-dk-2.exoscale-cdn.com/catalog/d/c/6/8/dc688be87cfd613f2cf07a84934469413df5a376_a60bfd5416bb90b0ff51e1c6e4d6ac96e3c0d441_image_28_02_22_09_35_1.jpeg'}];2026-06-22T11:29:50+02:00
640c2715-7005-4119-8431-662afeba67a3;Haus zur Tanne (CharmingStay);Die 2,5-Zimmerwohnung im Haus zur Tanne liegt zentral in Tannenboden, ideal für Skifahren, Biken und Wandern. In weniger als fünf Minuten erreicht man den Skilift. Ein grosser Gartensitzplatz bietet im Sommer eine schöne Aussicht auf die Berge.;Die schöne 2.5-Zimmerwohnung im Haus zur Tanne befindet sich im Zentrum von Tannenboden an einer top Lage und als Ausgangsstandort für Skifahren, Biken und Wandern. In nur weniger als 5 Gehminuten zum Skilift und Sammelplatz der Skischule. Die Ferienwohnung hat einen eigenen grossen Gartensitzplatz mit Mobiliar im Sommer und bietet eine wunderschöne Aussicht auf die Bergketten. ;9.287063300000003;47.091816300000005;Obere Abendweidstrasse 3;8898;Flumserberg Tannenboden;+41 79 504 90 45;contact@charmingstay.ch;https://www.charmingstay.ch;[{'@type': 'ImageObject', 'contentUrl': 'https://hltpimtsoch.sos-ch-dk-2.exoscale-cdn.com/catalog/e/8/2/0/e820eedbc73db356326a4f016982135669d0a2a3_06_Badezimmer.jpg'}];2026-01-19T12:01:35+01:00
64c77d21-4d61-4597-b69e-5c00248b2b99;Terrassenwohnung im Städeli;Die 3 1/2-Zimmer-Terrassenwohnung in Valens bietet eine ruhige Lage mit Panoramablick auf das Taminatal. Sie ist modern eingerichtet und verfügt über eine grosse Sonnenterrasse, eine voll ausgestattete Küche und kostenfreies WLAN.;<p>Modern, sonnig und naturnah – diese 3½-Zimmer-Ferienwohnung (68 m²) mit grosser Südterrasse (24 m²) bietet alles, was das Herz von Erholungssuchenden und Naturliebhabern begehrt.</p><p>Die ruhige Lage mit traumhafter unverbaubarer Aussicht auf das Taminatal und den Calanda, der Komfort einer modernen Ausstattung und die Nähe zum Ski- und Wandergebiet Pizol machen diese Wohnung zur perfekten Ferienadresse – nur 75 Autominuten von Zürich entfernt!</p>

<p>Highlights auf einen Blick: 
* Helles Wohnzimmer mit Panoramafenstern
* Essbereich mit ausziehbarem Glastisch für 4 Personen 
* Voll ausgestattete Küche
* 2 Schlafzimmer (1x offen)
* Modernes Bad mit Dusche 
* Sonnenterrasse mit Gartenmöbeln 
* Gratis WLAN
* Gratis Tiefgaragenplatz, Skiraum, Lift ab Garage 
* Waschküche im Haus (gegen Gebühr) 
* 1-2 Hunde (je nach Grösse) willkommen (bitte Hunderegeln beachten)</p>

<p>Lage & Umgebung: Die Wohnung liegt in Valens, einem idyllischen Kurort oberhalb von Bad Ragaz. Nur wenige Minuten entfernt befindet sich die renommierte Rehaklinik Valens – ideal für Begleitpersonen oder Kuraufenthalte. Das Skigebiet Pizol ist in nur 15 Minuten erreichbar.</p>

<p>Nahegelegene Skigebiete: 
* Pizol: 15 Minuten * Flumserberg: 34 Minuten * Lenzerheide: 45 Minuten * Laax/Flims: 50 Minuten Folgende Winteraktivitäten warten auf Euch: -Skifahren und Snowboarden -Airborden -Schlitteln -Eislaufen -Eisstockschiessen -Langlaufen -Schneeschuhlaufen -Fitness und verschiedene Kursangebote und vieles mehr. <p>Im Sommer lädt die Region zum Wandern, Biken, Golfen, Schwimmen oder einfach Geniessen ein. Die Ferienregion Heidiland bietet das ganze Jahr hindurch ein breites Freizeitangebot wie: -Wandern -Mountainbiking -Inlineskating am Rhein -Boccia -Minigolf -Golf -Schwimmen -Tennis und vieles mehr.</p>

<p>Besonderheiten: 
Die Nichtraucherwohnung (Rauchen auf der Terrasse erlaubt) bietet ein entspanntes Umfeld für Paare, Familien sowie Begleitpersonen von Kurgästen. Check-in ist ab 15:00 Uhr, Check-out bis 10:00 Uhr; in Valens gibt es keinen Lebensmittelladen, daher wird der Einkauf in Bad Ragaz empfohlen.</p>

<p>Ob für aktive Bergferien, entspannte Wellness-Tage oder als ruhiger Rückzugsort – diese stilvolle Ferienwohnung in Valens bietet Ihnen Bergfeeling pur.</p>

<p>📅 Jetzt buchen & unvergessliche Tage in den Schweizer Alpen erleben!</p>;9.475316405296327;46.965958647877;Städelistrasse 5;7317;Valens;+41 79 391 20 32;info@gbimmobilien.ch;[{'@type': 'ImageObject', 'contentUrl': 'https://hltpimtsoch.sos-ch-dk-2.exoscale-cdn.com/catalog/f/0/7/4/f074e2a217faf970a55456c4d670f33eebaa5572_IMG_8124.jpeg'}];2026-08-03T12:42:39+02:00
65b3464d-7ea0-4a1a-a8a4-27f5bc7bd105;Haus Meierhüsli - Ferienwohnung;Das Haus Meierhüsli in Malans bietet ein modernes Studio mit eigenem Eingang und Sitzplatz. Ein abschliessbarer Raum für Sportgeräte steht zur Verfügung. Die zentrale Lage ermöglicht eine ruhige Umgebung.;Das moderne Studio befindet sich mitten im Dorfkern von Malans an ruhiger Lage. Zum Studio steht ein abschliessbarer Raum für Velos, Skis oder andere Sportgeräte zur Verfügung.

Das kleine, feine Studio (Baujahr 2012) ist liebevoll und sehr modern eingerichtet. Es verfügt über einen eigenen Eingang sowie einen Sitzplatz mit Gartenstühlen und einen Tisch. und einem abschliessbarem Raum für Sportgeräte;9.576165530670995;46.981429399999996;Löwengasse 6;7208;Malans GR;+41 79 857 58 83;zimmer@bnb-meierhuesli.ch;http://www.bnb-meierhuesli.ch;[{'@type': 'ImageObject', 'contentUrl': 'https://hltpimtsoch.sos-ch-dk-2.exoscale-cdn.com/catalog/a/6/4/0/a6406f664d63e1707aba1ef2dd205cc2521cf5ef_Haus_Meierh__sli__9_.jpg'}];2026-08-28T22:06:30+02:00
66ea4a83-3d8b-44dd-b753-934ff3c956e6;Chalet Tobeleck (CharmingStay);Das Chalet Tobeleck in Flumserberg Tannenheim bietet eine schöne Aussicht auf die Churfirsten und die Alvierkette. Es ist als 3,5-Zimmerwohnung oder 4,5-Zimmer-Maisonette-Wohnung mietbar und verfügt über eine Sauna.;Das Chalet befindet sich in Flumserberg Tannenheim mit schöner Aussicht auf die Churfirsten und die Alvierkette. Es ist als 3.5-Zimmerwohnung oder 4.5-Zimmer-Maisonette-Wohnung (ganzes Chalet) mietbar. Unterhalb des Chalets stehen zwei Parkplätze kostenlos zur Verfügung.

Details der einzelnen Ferienwohnungen
- 1x 3.5-Zimmerwohnung im Obergeschoss
- 1x 4.5-Zimmer-Maisonette-Wohnung (ganzes Chalet)

Beide Ferienwohnungen sind komfortabel und zeitgemäss eingerichtet und verfügen über ein gemütliches, offenes Wohnzimmer mit zwei Sofas, Lesesessel und Flachbild-TV sowie einen Essbereich mit Esstisch, Eckbank und Stühlen. Eine moderne Küche mit Kochherd, Backofen, Kühlschrank, Geschirrspüler, Kaffee-/Wasserkocher, Toaster. Badezimmer mit Dusche/WC.;9.303805232048036;47.083887260394604;Obere Anggetlinstrasse 14;8897;Flumserberg Tannenheim;+41 79 504 90 45;contact@charmingstay.ch;https://www.charmingstay.ch;[{'@type': 'ImageObject', 'contentUrl': 'https://hltpimtsoch.sos-ch-dk-2.exoscale-cdn.com/catalog/a/e/f/a/aefa1d6e35633f80f8fa28bdad0c5fc6e731e758_image00007.jpeg'}];2026-01-19T12:01:35+01:00
675e3d05-7cbb-4103-b2c4-f0c745791ddf;Milchzentrale Bad Ragaz;Die Milchzentrale Bad Ragaz bietet hausgemachtes Fondue, ausgezeichnet als bestes der Ostschweiz, sowie bekannte Glace und weitere Spezialitäten. Ein kulinarisches Erlebnis für Gourmets in jeder Jahreszeit.;Die Milchzentrale stellt einmalige Produkte selbst her, das hausgemachte Fondue, ausgezeichnet als bestes Fondue der Ostschweiz, die weitherum bekannte Glace und viele andere Spezialitäten aus der Milchzentrale lassen das Herz jedes Gourmets höher schlagen.;9.502025842666628;47.00303666086313;Maienfelderstrasse 3;7310;Bad Ragaz;+41813021152;info@milchzentrale.ch;https://www.milchzentrale.ch;[{'@type': 'ImageObject', 'contentUrl': 'https://hltpimtsoch.sos-ch-dk-2.exoscale-cdn.com/catalog/7/7/6/e/776e77d815c536db8b8ce11b2a743ea51fe8da26_ff_024.jpg'}];2025-12-15T09:11:04+01:00
678802ba-14f0-48d0-83d6-ab84ba894d99;Gästezimmer Cantunada;Das Gästezimmer Cantunada in Maienfeld bietet ein romantisches Zimmer mit Doppelbett in einem 300-jährigen Herrschaftshaus. Das Badezimmer zur alleinigen Nutzung befindet sich ausserhalb des Zimmers.;Das Heidi Romantik-Zimmer im Weingut Cantunada, ausgestattet mit einem herrlichen Doppelbett, finden Sie in einem 300-jährigen Herrschaftshaus inmitten des Städtchens Maienfeld. Das Gewölbe verleiht dem Zimmer viel Charme und speziellen Charakter. Das Badezimmer mit Dusche/WC befindet sich ausserhalb des Zimmers, ist aber zur alleinigen Nutzung.;9.531193904743692;47.0084622;Eckgasse 2;7304;Maienfeld;+41 78 638 22 66;heidi.steiner@cantunada.ch;[{'@type': 'ImageObject', 'contentUrl': 'https://hltpimtsoch.sos-ch-dk-2.exoscale-cdn.com/catalog/f/2/d/d/f2dde83dc336c3ec5941cb9948d0703d3c67cbed_IMG_4671.jpg'}];2026-01-19T12:01:35+01:00
68ba02d3-cccd-448e-98d9-7f1665542611;Gondelbar Pizol;Die Gondelbar Pizol in Bad Ragaz bietet im Winter ein rustikales Ambiente für Après-Ski und im Sommer erfrischende Glacés im Aussenbereich. Ein idealer Treffpunkt für Freundeskreise und Familien.;Im Winter ist die Gondelbar der ideale Ort, um einen gelungenen Skitag ausklingen zu lassen! Geniesse das rustikale Ambiente und ein vielseitiges Angebot an Drinks, Shots, Bier, Café und Tee, Limo’s, Snacks und vielem mehr...

Im Sommer bieten sich erfrischende Glacés im gemütlichen Aussenbereich sowie Spielmöglichkeiten (Rolltoys) für Kinder. Die Gondelbar an der Talstation der Pizolbahnen in Bad Ragaz, ist im Sommer als auch im Winter der Ideale Treffpunkt mit Freunden und Bekannten - oder einfacher, ein Platz zum geniessen!;9.473363757133486;47.0174567937065;Loisstrasse 50;7310;Bad Ragaz;+41 79 564 99 82;info@gondelbar-pizol.ch;https://www.gondelbar-pizol.ch;[{'@type': 'ImageObject', 'contentUrl': 'https://hltpimtsoch.sos-ch-dk-2.exoscale-cdn.com/catalog/a/5/f/7/a5f7f12e817607bc949bde8e35e8a9710022f711_IMG_20220512_gondelbar_sommer_cr_carmen_schulz.jpg'}];2026-06-22T14:33:12+02:00
68ecbd97-0664-4a57-b8de-0a8feb4db384;Ferienwohnung Andrea;Die Ferienwohnung Andrea liegt ruhig am Waldrand in Mels, nur 800 m vom Dorfzentrum entfernt. Sie bietet modernen Komfort mit kostenlosem Parkplatz und ist ideal für Wander- und Fahrradtouren.;Die 2 ½ Zimmerwohnung liegt ruhig am Waldrand, nur ca. 800 m vom Dorfzentrum Mels entfernt. Wander- und Fahrradwege liegen in unmittelbarer Nähe und bis zum Ski- und Wandergebiet Pizol sind es nur wenige Fahrminuten. Ein Parkplatz steht kostenfrei zur Verfügung.

Die Wohnung liegt im Parterre und ist modern und komfortabel eingerichtet. Das Wohnzimmer und das Schlafzimmer verfügen über einen Parkettboden.;9.41401166008065;47.052833199999995;Bachstrasse 77;8887;Mels;+41 81 723 61 78;p.walther@gmx.ch;[{'@type': 'ImageObject', 'contentUrl': 'https://hltpimtsoch.sos-ch-dk-2.exoscale-cdn.com/catalog/5/2/2/0/5220bcab1d2d50dd21fabd78f958cda55493fa11_Ferienwohnung_Andrea__1_.jpg'}];2026-01-19T12:01:35+01:00
68ff6816-75cc-46b4-a6ae-142656ac56f6;Haus Margrithli, Furt;Das Chalet Margrithli in Wangs-Pizol bietet eine 3-Zimmer-Wohnung für bis zu fünf Personen. Es liegt direkt an der Seilbahnstation und bietet im Winter Zugang zu einem schneesicheren Skigebiet und im Sommer zu einem gut ausgebauten Wandergebiet mit Blick ins Rheintal und auf die Churfirsten.;Hausteil direkt bei Ski-/ Sessellift und Bahn-Bergstation. Sonnenterrasse mit Ausblick ins Rheintal, Churfirsten. Im Sommer Parkplatz. SAT-TV.
Komplette Küche mit grossem Kühlschrank, 3 Kochplatten, Backofen, Mikrowelle und genügend Schränken.;9.424209594726564;47.004831632997345;[{'@type': 'ImageObject', 'contentUrl': 'https://hltpimtsoch.sos-ch-dk-2.exoscale-cdn.com/catalog/0/8/e/1/08e122dbf56d4e5441ca970d1290f25bdd8f8f98_Bilder_2010_008.jpg'}];2026-08-01T08:11:18+02:00
697c04d5-cc19-4b57-ab49-585587d1c5ff;Tschudiboden (3 Wohnungen);Das Ferienhaus Tschudiboden in Flumserberg Tannenheim bietet drei gemütlich eingerichtete Wohnungen mit traumhafter Aussicht auf die Churfirsten und Alvierkette. Kostenlose Parkplätze sind vorhanden.;Das Ferienhaus befindet sich an ruhiger Lage in Flumserberg Tannenheim mit traumhafter Aussicht auf die Churfirsten und die Alvierkette. Kostenlose Parkplätze befinden sich vor dem Haus.

Details der einzelnen Ferienwohnungen
- 1x 2 Zimmerwohnung im Parterre
- 1x 3.5 Zimmerwohnung im Obergeschoss
- 1x 4 Zimmerwohnung im Mittelgeschoss

Alle drei Ferienwohnungen sind gemütlich eingerichtet und verfügen über ein Wohnzimmer mit Sofa, Schlafgelegenheit und Flachbild-TV, ein Essbereich mit Esstisch, Bank und Stühlen sowie eine kleine Küche mit allem was man braucht. Badezimmer mit WC, Badewanne oder Dusche.;9.297269618489583;47.09376955;Tschudiwiesenstrasse 37;8897;Flumserberg Tannenheim;+41 79 485 75 09;swildhaber@bluemail.ch;[{'@type': 'ImageObject', 'contentUrl': 'https://hltpimtsoch.sos-ch-dk-2.exoscale-cdn.com/catalog/f/8/c/d/f8cd701c581f3d0265f9c24adf25e54492f11f59_20241221_101245.jpg'}];2026-05-15T08:43:19+02:00
6ac24ebb-5922-4166-aab0-1a068457159c;Slalom Bar Flumserberg;Die Slalom Bar Flumserberg ist ein Treffpunkt für Gäste jeden Alters. Bei Live-Musik von Spitzenformationen aus Europa herrscht eine lebhafte Atmosphäre. Die Bar bietet ein rustikales Ambiente und ist ideal für einen unterhaltsamen Abend.;In der Slalom Bar treffen sich Gäste jeden Alters, ob einheimisch, Feriengast oder ganz einfach nur Musikfreund.

Bei Live-Musik ist Top-Stimmung garantiert. Erleben Sie selbst einen grossartigen Abend in rustikalem Ambiente bis zur späten Stunde. Das Slalom Bar Team heisst Sie herzlichst willkommen. 

Reservationen nehmen wir gerne unter Tel. 081 733 11 22 entgegen. Die reservierten Plätze müssen bis 21.00 Uhr belegt sein.

Öffnungszeiten (ab 12. Dezember 2025): Freitag und Samstag ab 20.30 Uhr;9.2861663;47.0930688;Flumserbergstrasse 186;8898;Flumserberg Tannenbodenalp;+41 81 733 11 22;info@tannenboden.ch;https://tannenboden.ch/slalom-bar/;[{'@type': 'ImageObject', 'contentUrl': 'https://hltpimtsoch.sos-ch-dk-2.exoscale-cdn.com/catalog/b/f/a/0/bfa08ec2e7e2b684231c8606153ee39c461d7ea8_2017_02_24.jpg'}];2026-05-15T08:34:21+02:00
6b33a4cb-ea2c-4a43-b489-c0b121c15d44;Chalet Marlies Tannenboden;Das Chalet Marlies Tannenboden liegt in Flumserberg Tannenbodenalp und bietet eine schöne Aussicht auf die Berge. Die Busstation, Bergbahnen und Einkaufsmöglichkeiten sind zu Fuss erreichbar. Die Wohnung ist zweckmässig eingerichtet mit Wohnbereich, Kochgelegenheit und Bad.;Das Holzchalet befindet sich an sonniger Lage in Flumserberg Tannenbodenalp, mit schöner Aussicht auf die Berge. Die Busstation, Bergbahnen, Skilift und Einkaufsmöglichkeiten sind zu Fuss erreichbar. Zum Haus gehört ein Aussenparkplatz.

Die Wohnung ist zweckmässig eingerichtet und verfügt über einen Wohnbereich mit Sofa und eine Kochgelegenheit. Bad mit Dusche und WC.;9.295423296060036;47.0913222;Oberbergstrasse 4/6;8898;Flumserberg Tannenbodenalp;+41 56 664 18 76;info@hwt-treuhand.ch;[{'@type': 'ImageObject', 'contentUrl': 'https://hltpimtsoch.sos-ch-dk-2.exoscale-cdn.com/catalog/d/4/8/7/d487a4706f278303c7af3f51934f0926209cd5e4_Chalet_Marlies_2.jpg'}];2026-08-09T08:44:04+02:00
6be4b35b-090d-42f1-a202-afcd3580677f;Hotel & Skifahren am Pizol;Pauschale: Buche 2–7 Nächte in einem von 10 ausgewählten Hotels am Pizol und erhalte den Skipass inklusive – exklusiv bei Heidiland Tourismus.;<p><span class="Apple-style-span"><strong>Top-Angebot und nur &uuml;ber Heidiland Tourismus buchbar:</strong>&nbsp;w&auml;hrend der ganzen Wintersaison ist bei einem Aufenthalt ab 2 - 7 N&auml;chten der Skipass inklusive.</span><br><br>Nur knapp eine Stunde von Z&uuml;rich und St. Gallen entfernt, erlebst du am Pizol Winter pur. Geniesse ein paar Tage im vielseitigen Wintersportgebiet mit 12 Anlagen und 50 km Pisten. In Verbindung mit zwei bis sieben &Uuml;bernachtungen direkt im Skigebiet oder in Bad Ragaz und Umgebung ist der Skipass inbegriffen.<br><br><span class="Apple-style-span">Inkludierte Leistungen:</span></p><ul><li>10 speziell ausgew&auml;hlte Hotels stehen dir zur Verf&uuml;gung</li><li>2 - 7 &Uuml;bernachtungen (inkl. Fr&uuml;hst&uuml;ck*) in der gew&auml;hlten Zimmerkategorie im Hotel deiner Wahl</li><li>2 - 7 Tage Skipass f&uuml;r das Skigebiet Pizol (g&uuml;ltig an gleich vielen Tagen wie N&auml;chte gebucht)</li><li>allf&auml;llige Taxen</li></ul><p>* Berghotel Gaffia und Zanuz inkl. Halbpension</p><p><span class="Apple-style-span">Konditionen:</span></p><ul><li>buchbar w&auml;hrend der ganzen Wintersaison&nbsp;</li><li>bis 1 Tag vor Anreise buchbar</li><li>g&uuml;ltig nach Verf&uuml;gbarkeit</li><li>das Skiticket erh&auml;ltst du an der Talstation Wangs oder Bad Ragaz gegen Vorweisen deines Vouchers (bitte mitbringen)</li></ul>;[{'@type': 'ImageObject', 'contentUrl': 'https://hltpimtsoch.sos-ch-dk-2.exoscale-cdn.com/catalog/c/1/d/d/c1dd7c8d482f1427c880bdfc681b08b2a7efaed2_large__Winter_Pizolbahnen_2023__5___1_.jpg', 'caption': {'de': 'Pauschale: Hotel & Skifahren am Pizol', 'en': 'Package: Hotel & Skiing at Pizol'}}];2025-10-29T15:51:55+01:00
6d36b0b7-e698-4153-a38e-f27a91f4fd1f;Bahnhof Murg;Bahnhof Murg nahe am Walensee mit P+Rail‑Parkplätzen als idealer Ausgangspunkt für Ausflüge und Spaziergänge entlang des Seeuferwegs.;<div>Der Bahnhof Murg liegt in unmittelbarer N&auml;he des Walensees und dient als praktischer Ankunfts- und Ausgangspunkt für Ausflüge in die Region sowie entlang des Seeuferwegs Walensee. Der Bahnhof ist übersichtlich und gut angebunden. Wer mit dem Auto anreist, findet beim Bahnhof 15 Parkpl&auml;tze (P+Rail Murg). Von hier aus lassen sich Spazierg&auml;nge, Badepl&auml;tze und das Murgtal bequem erreichen.</div>;9.214890003204347;47.11332056556371;8877;Murg;https://www.sbb.ch/de/reiseinformationen/bahnhoefe/bahnhof-finden/bahnhof.9417.murg.html;[{'@type': 'ImageObject', 'contentUrl': 'https://hltpimtsoch.sos-ch-dk-2.exoscale-cdn.com/catalog/5/d/e/0/5de0a7674dc9319ca9e79fa02c798c835c31ac95_Bahnhof_Piktogramm_HLT.png'}];2026-04-23T04:14:43+02:00
6e3d9576-d52e-480b-bf31-84628f5c907c;E-Bike Station Bad Ragaz;Die E-Bike Station Bad Ragaz mit Bikeverleih bietet eine moderne Mietflotte an Trek E-Bikes und E-Scootern. Sie ist ideal für Tipps zu Touren in der Region Heidiland, Buchungen von Guides und Fahrtechnikkursen. Betrieb von Mai bis Oktober.;<p>Betrieben vom Zweiradfachgeschäft Suso Bike aus Walenstadt bietet die Station eine topmoderne Mietflotte an Trek E-Bikes und E-Scooter. Wer Tipps für Touren mit dem E-Bike in der Region Heidiland braucht, einen Guide oder einen Fahrtechnikkurs buchen möchte, ist bei der E-Bike Station Bad Ragaz an der richtigen Adresse. - Trek E-Mountainbikes, Diamant City-E-Bikes und E-Scooter - Tipps, Infos und Kontakte zum Radfahren in der Region Heidiland - Buchung von Kulinarik-Touren und weitere Angebote der E-Bike Station Bad Ragaz - Geführte Touren mit Guide und Fahrtechnikkurse Gruppen haben die Möglichkeit, die E-Bikes an einen bestimmten Ausgangspunkt liefern zu lassen oder sie dort abzuholen. Preis auf Anfrage. Betrieb: Mai - Oktober</p>;9.505157;46.9997676;Hans Albrecht-Strasse;7310;Bad Ragaz;+41 81 735 32 70;badragaz@susobike.ch;https://www.ebikestation.ch/;[{'@type': 'ImageObject', 'contentUrl': 'https://hltpimtsoch.sos-ch-dk-2.exoscale-cdn.com/catalog/5/f/5/3/5f534af471e9326d8cd042382bfd57f3cae314e5_E_Bike_Station_Bad_Ragaz_Suso_Bike_lgmedia_20240526_1__2.jpg'}];2026-08-07T09:30:26+02:00
6e82fcae-1d81-424e-8f20-fca3df605443;Krimi-Trail Sargans: Mord in Sargans - der "Apothekerfall";Der Krimi-Trail Sargans bietet ein spannendes Outdoor-Erlebnis für Gruppen. Teilnehmende können in die Rolle von Ermittlerinnen und Ermittlern schlüpfen und einen mysteriösen Kriminalfall lösen. Der Trail ist ohne Voranmeldung zugänglich und kostet CHF 40 pro Gruppe.;<p>Wer teilnehmen will, kann sich den Krimi-Trail auf www.krimi-trails.ch kaufen. Der K&auml;ufer erh&auml;lt dann Haftbefehl-Code sowie die &laquo;Krimi-Akte&raquo; des Falls. Dabei handelt es sich um die Beschreibung des Kriminalfalls, des Auftrags sowie der in Frage kommenden Tatverd&auml;chtigen und die &Uuml;bersicht der am Tatort gefundenen Beweismittel. Anschliessend besuchen die Ermittler den Tatort und in einer selbst festzulegenden Reihenfolge die Wohn-, Arbeits- und Freizeitorte der verd&auml;chtigen Personen. Mittels Zusatzhinweisen, welche die Ermittler an diesen Orten erhalten, gelingt es den Ermittlern schliesslich, Verd&auml;chtige auszuschliessen resp. den T&auml;ter oder die T&auml;terin ausfindig zu machen und schliesslich mittels Erstellung eines Haftbefehls den T&auml;ter zu &uuml;berf&uuml;hren. Der Fall: Mord in Sargans &ndash; der Apothekerfall Andreas Kohler, wird Opfer einer Messerattacke. Er wird erstochen. Das Opfer tr&auml;gt einen Rucksack, in welchem auch sein mit Geld gef&uuml;lltes Portemonnaie steckt. Der T&auml;ter war offenbar nicht aufs Geld aus. Eine &Uuml;berwachungskamera zeigt, wie Andreas, bevor er ermordet wurde, mit einem Mann, ein Gesch&auml;ft abgeschlossen und etwas ausgetauscht hat &ndash; ein Drogengesch&auml;ft? Der Mann konnte identifiziert werden, er heisst Mirko Eggenschwiler. Im Rucksack des Ermordeten findet die Spurensicherung einen leeren Rezeptblock eines Arztes. Das letzte SMS, welches Andreas Kohler auf dem Handy erhielt, war ein r&auml;tselhafter Abholcode f&uuml;r ein Medikament. Outdoor-Gruppenerlebnis ohne Voranmeldung. Die Krimi-Trails sind ein Outdoor-Gruppenerlebnis f&uuml;r Paare, Schulen und Firmenausfl&uuml;ge. Eine Voranmeldung ist nicht m&ouml;glich. Die Krimi-Trails kostet CHF 40.00/Gruppe.</p>;9.441532902796338;47.0434164;Pizolstr. 15;7320;Sargans;+41 31 381 11 66;info@krimi-trails.ch;https://www.krimi-trails.ch/;[{'@type': 'ImageObject', 'contentUrl': 'https://hltpimtsoch.sos-ch-dk-2.exoscale-cdn.com/catalog/5/7/1/7/571725d3bb1965563a0c69518972b28fb37d39f7_WINTERTRAIL_FOTOS_2.jpg'}];2026-07-28T09:02:43+02:00
6eafe152-c2b9-48d9-a643-c529b1e13860;Wirtschaft zum Gemsli;Die Wirtschaft zum Gemsli in Mels begeistert mit regionaler Küche, herzlicher Gastfreundschaft und einer grossen Weinauswahl. Perfekt für gemütliche Abende, Feiern und Feste in authentischem Ambiente.;<p data-start="75" data-end="348">Die Wirtschaft zum Gemsli in Mels ist ein liebevoll gef&uuml;hrtes Restaurant, das f&uuml;r seine gem&uuml;tliche, rustikale Atmosph&auml;re gesch&auml;tzt wird. Das Lokal befindet sich an der Oberdorfstrasse 28 und ist sowohl bei Einheimischen als auch bei G&auml;sten aus der Region beliebt.</p><p data-start="350" data-end="747">Die Speisekarte umfasst eine Auswahl an Zwischenmahlzeiten wie den beliebten Gemsli-Toast, Sandwiches, Salsiz oder das traditionell &ouml;sterreichische Grammelschmalz-Brot, die mit frischen Zutaten aus der Region zubereitet werden. Besonders hervorzuheben ist die grosse Weinauswahl. Im jahrhundertealten Weinkeller lagern neben einheimischen Tropfen auch erlesene Weine aus der ganzen Welt.</p><p data-start="749" data-end="1188">Das Gemsli ist auch ein Ort f&uuml;r gesellige Anl&auml;sse wie Alpabfahrten, Fasnachtsfeiern oder lokale Feste, die regelm&auml;ssig organisiert werden. Auch ausserhalb der &Ouml;ffnungszeiten kann das Gemsli f&uuml;r eine Vielzahl von Anl&auml;ssen reserviert werden. Ob Geburtstagspartys, Hochzeitsap&eacute;ros, Polterabende, Konzerte &ndash; alles hat Platz im Gemsli. Das freundliche und herzliche Personal sorgt daf&uuml;r, dass sich die G&auml;ste rundum wohlf&uuml;hlen.</p><p data-start="1190" data-end="1317">Mit kostenlosen Parkpl&auml;tzen direkt vor dem Haus und einer guten Erreichbarkeit ist das Restaurant ideal f&uuml;r spontane Besuche.</p>;9.417428970336916;47.0452049697649;Oberdorfstrasse 28;8887;Mels;+41 79 800 81 63;rosi.lendi@hotmail.com;https://gemsli-mels.com/;[{'@type': 'ImageObject', 'contentUrl': 'https://hltpimtsoch.sos-ch-dk-2.exoscale-cdn.com/catalog/1/b/d/a/1bda53b56038cfa8edbefb0f05f63c9b439c8d51_Wirtschaft_zum_Gemsli.jpg'}];2026-07-22T04:23:15+02:00
6f035391-5410-4097-ac10-eb426fd4f9cb;Bistro Golf Club Heidiland;Das Bistro Golf Club Heidiland in Bad Ragaz bietet eine grosszügige Terrasse für entspannte Mittagessen und Abende. Es serviert mediterrane und einfache Küche und ist familienfreundlich sowie rollstuhlgerecht.;Dieses schöne Fleckchen direkt bei den Golfplätzen des Golf Clubs Heidiland lädt mit seiner grosszügigen Terrasse zum Lunchen und Verweilen ein. Schmackhafte Gerichte, leichte Snacks oder einfach ein kühler Drink zum Feierabend? Das Küchenteam im Golfbistro freut sich auf Golfer und alle, die es in das grüne Panorama zieht.;9.516695028802676;46.9975241;Maienfelderstrasse 50;7310;Bad Ragaz;+41 81 303 37 00;gcheidiland@resortragaz.ch;https://www.grandresort.ch/experience-golf/golf/bistro-heidiland;[{'@type': 'ImageObject', 'contentUrl': 'https://hltpimtsoch.sos-ch-dk-2.exoscale-cdn.com/catalog/1/7/6/b/176b51da55b1842d46ff10de0ec592b2a216da84_2018_05_22.jpg'}];2026-09-04T11:23:48+02:00
6f68f44b-cd21-444b-90f0-5f0a69439641;Kiosk Strandbad Unterterzen;Der Kiosk im Strandbad Unterterzen am Walensee bietet im Sommer Snacks, kleine warme Gerichte, Getränke und Eis direkt am See.;<div><p>Der <strong>Kiosk im Strandbad Unterterzen</strong> an der Gostenstrasse 20 liegt direkt am Ufer des Walensees und versorgt Badeg&auml;ste w&auml;hrend der Sommersaison mit kleinen warmen Gerichten, Snacks, Getr&auml;nken und Eis. Zum Angebot z&auml;hlen klassische Badi‑Spezialit&auml;ten wie Hot Dogs, Hamburger sowie eine Auswahl an erfrischenden Getr&auml;nken.</p><p>Der Kiosk befindet sich auf dem <strong>kostenlos zug&auml;nglichen Gel&auml;nde des Resort Walensee</strong> mit Liegewiese, Kieselstrand und Grillstelle. Das Strandbad ist vom <strong>Bahnhof Unterterzen in wenigen Gehminuten erreichbar</strong> und eignet sich ideal f&uuml;r einen entspannten Badetag oder eine Pause am See.</p><p>Zur Infrastruktur vor Ort geh&ouml;ren zudem eine <strong>Beach Lounge</strong>, &ouml;ffentliche <strong>Toiletten und Duschen</strong>, ein <strong>Spielplatz</strong> sowie weitere gastronomische Angebote auf der Terrasse des Resort Walensee. F&uuml;r aktive G&auml;ste stehen im angrenzenden <strong>Intersport‑Verleih SUPs und Kajaks</strong> zur Verf&uuml;gung.</p><p>Der Kiosk Strandbad Unterterzen ist damit ein beliebter Treffpunkt f&uuml;r Badeg&auml;ste, Familien und Ausfl&uuml;gler, die den Sommer direkt am Walensee geniessen m&ouml;chten.</p></div>;9.254651069641115;47.11473699623163;Gostenstrasse 20;8882;Unterterzen;[{'@type': 'ImageObject', 'contentUrl': 'https://hltpimtsoch.sos-ch-dk-2.exoscale-cdn.com/catalog/9/8/5/c/985cfb78182a7be1c9e3fde63821b4a1a4150aad_Kiosk_Piktogramm_HLT.png'}];2026-04-22T20:35:39+02:00
6fa15ff9-ea7b-4733-9dd9-6d79c6f55cd0;E-Tandem-Miete für alle;Die E-Tandem-Miete in Landquart bietet eine barrierefreie Möglichkeit, die Heidiland Region zu erkunden. Mit elektrischer Unterstützung können Paare und Familien mühelos die Umgebung entdecken. Attraktive Mietbedingungen für Menschen mit Beeinträchtigung sind verfügbar.;- Erleben Sie unvergessliche Abenteuer auf unserem Moustache E-Tandem!
- Perfekt für Freunde, Paare und Familien, egal ob mit oder ohne Beeinträchtigung!
- losfahren, Spaß haben und geniessen!
- elektrische Unterstützung für müheloses Fahren auch am Berg!
- Geniessen Sie die Heidiland Region und erkunden Sie neue Orte!
- sehr attraktive Mietbedingungen für Menschen mit Handycap an unserem Standort in Landquart bei der Sportshop 41 AG!
- Buchen Sie jetzt und entdecken Sie die Freude am E-Tandemfahren!

Worauf warten Sie noch? Lernen Sie diese schöne Region auf eine einzigartige und barrierefreie Art und Weise kennen!
Planen Sie noch heute Ihr Tandem-Abenteuer. Wir freuen uns darauf, Ihnen ein unvergessliches Erlebnis zu bieten!

Schweizerischer Blinden- und Sehbehindertenverband, Sektion Graubünden;9.5571107;46.9675999;Bahnhofstrasse 18;7302;Landquart;+41 81 330 04 41;info@sportshop41.ch;https://www.anderssehen.ch/landquart;[{'@type': 'ImageObject', 'contentUrl': 'https://hltpimtsoch.sos-ch-dk-2.exoscale-cdn.com/catalog/3/c/7/f/3c7f23cb9afa84f7807412791fe05cf2f85ec526_20230709_Moustache_E_Tandem_2__3.jpg'}];2026-08-02T11:59:13+02:00
6fb7de46-dbbb-4881-91c4-a77383f4dc01;Haus Wiesengrün;Das Haus Wiesengrün liegt in ruhiger Lage mit Blick auf die Churfirsten, nur 10 Minuten von Bergbahnen und Geschäften entfernt. Es bietet moderne, familienfreundliche Ausstattung mit Garage und Abstellplatz.;Das Haus Wiesengrün liegt an sehr ruhiger Lage, mit traumhafter Aussicht auf die Churfirsten und nur 10 Gehminuten von den Bergbahnen, den Läden und der Pizzeria Tannenheim entfernt.
Das Haus Wiesengrün ist modern und familienfreundlich eingerichtet und verfügt über eine Garage, sowie einen Abstellplatz. Es ist ein Nichtraucher Ferienhaus. Im Winter empfehlt es sich Schneeketten dabei zu haben.

Im 2013 neu erstellten Obergeschoss hat es ein geräumiges Familienzimmer mit einem Doppelbett, einem Kajüttenbett und einem Einzelbett und zwei kleinere Zimmer mit je zwei Einzelbetten.
Im Erdgeschoss befindet sich ein weiteres Schlafzimmer mit einem Doppelbett. Es steht zudem ein Babybett zur Verfügung. Bettwäsche ist auf Wunsch vorhanden. Im Wohnzimmer gibt es einen Schwedenofen (Holz im Keller), ein Radio und ein Fernsehgerät. Die grosse Küche ist komplett ausgestattet (Fondue, Raclette, usw.) und verfügt über eine Geschirrspülmaschine, einen Kaffee-Vollautomaten und einen grossen Kühlschrank.;9.297662901888673;47.0935892;Tschudiwiesenstrasse 24;8897;Flumserberg Tannenheim;+41 44 780 15 18;info@wiesengruen.ch;http://www.wiesengruen.ch;[{'@type': 'ImageObject', 'contentUrl': 'https://hltpimtsoch.sos-ch-dk-2.exoscale-cdn.com/catalog/1/4/3/8/1438660bae68fab8301146ee5b66a802cf0aaeea_Haus_Wiesengr__n_1.jpg'}];2026-05-15T08:43:39+02:00
6ff4d970-c422-444d-8a7b-03d132e0f38b;SUP-Verleih in der sagilounge am See;Erlebe Wassersport am Walensee mit SUP-, Kanu- und Kajakverleih. Miete auch ein Motorboot für bis zu 10 Personen. Ideal für Gruppen und Einzelpersonen, die den See sportlich erkunden möchten.;Stand-up Paddling auf dem Walensee – ein wunderbares Erlebnis!

Unser Angebot: Stunden- oder tageweise Vermietung von SUPs und Riesen-SUPs (für Gruppen bis 10 Personen) inklusive Paddles, Schwimmwesten, Leashes & kurzer Einführung durch unser Personal.

---

Lust auf einen sportlichen Ausflug auf den See? Mieten Sie ein Kanu (für 2-3 Erwachsene oder 2 Erwachsene & 2 Kinder) oder Kajak (für eine erwachsene Person) und erleben Sie den See von seiner schönsten Seite.

Unser Angebot: Stunden- oder tageweise Vermietung von Kanus und Kajaks – nur auf Voranmeldung. Kanu-/Kajak-Erfahrung wünschenswert. Inklusive Paddles und Schwimmwesten sowie kurzer Einführung durch unser Personal.

---

Sie möchten den Walensee auf dem Motorboot entdecken?
Unser Angebot: Motorbootmiete für bis zu 10 Personen, mit oder ohne Kapitän – nur auf Voranmeldung. Die Ausgabe und Rücknahme des Boots findet bei der Anlegestelle im sagisteg statt.

Auf Anfrage können wir Ihnen auch Wakeboarding, Wasserski, etc. als Option anbieten. Bei der Nutzung des Boots für diese Aktivitäten ist die maximale Personenanzahl auf 6 beschränkt.;9.2191277;47.1131596;Alte Staatsstrasse 6;8877;Murg;+41 81 720 35 70;info@azibene.ch;https://www.sagibeiz.ch/;[{'@type': 'ImageObject', 'contentUrl': 'https://hltpimtsoch.sos-ch-dk-2.exoscale-cdn.com/catalog/f/b/0/7/fb073c80c47b5417813818e4074356322bd8d305_Wassersport_lofthotel_sagibeiz__1_.jpg'}];2026-06-22T11:45:36+02:00
6ff9664e-741a-4e74-aaa8-e807eb9899a0;Chalet am Tobelbach;Das Chalet am Tobelbach in Flumserberg Tannenheim bietet direkten Zugang zur Gondelbahn Tannenheim. Es verfügt über drei Schlafzimmer, eine voll ausgestattete Küche und einen grosszügigen Wohnbereich mit Blick auf die Alvierkette und Churfirsten.;Dank der genialen Lage des Hauses bleibt ihr Auto während des Aufenthaltes stehen. Mit den Skiern erreichen Sie die Talstation der Gondelbahn Tannenheim direkt vom Haus aus. Nach einem Skitag fahren Sie bequem wieder von der Piste zu Ihrem heimeligen Feriendomizil.  
Eine Strasse führt das ganze Jahr direkt zum Chalet, wo Ihnen drei bis max. 4 Parkplätze direkt beim Haus zur Verfügung stehen. Gemütlichkeit ist für Ihren Aufenthalt garantiert. 

Das Haus verfügt über 3 holzvertäfelte Schlafzimmer (zwei mit Doppelbett, eines mit Kajütenbetten), ein Badezimmer mit Dusche, Closomat und Doppellavabo sowie ein weiteres separates WC. In der geräumigen, voll eingerichtete Küche macht kochen sogar im Urlaub Spass und der grosse ausziehbare Esstisch mit gemütlicher Eckbank eignet sich bestens für gesellige Abende mit Familie und Freunden. Highlight ist der grosszügige und offene Wohnbereich mit herrlicher unverbauter Aussicht auf die Alivierkette, die Churfirsten und freiem Blick über das Sarganserland.;9.305036144322598;47.083694513636374;Obere Anggetlinstrasse 48;8897;Flumserberg Tannenheim;+41 78 849 00 81;sengetschwiler@bluewin.ch;[{'@type': 'ImageObject', 'contentUrl': 'https://hltpimtsoch.sos-ch-dk-2.exoscale-cdn.com/catalog/a/a/4/0/aa40bf06a0bb6a9f9b65f4d0492a98712cb17197_Chalet_am_Tobelbach_1.jpg'}];2026-02-09T15:33:50+01:00
72030e12-42cf-479b-ab74-ef8a8ed0a479;Ferienhaus Fisch;Das Ferienhaus Fisch in Bad Ragaz bietet eine ruhige Lage mit moderner Ausstattung, Kamin und Gartensitzplatz. Es liegt in Gehdistanz zum historischen Dorfzentrum und verfügt über einen eigenen Parkplatz.;Gemütliches 2.5-Zimmer-Ferienhaus im Kurort Bad Ragaz an sonniger und ruhiger Lage, mit Cheminée im Wohnzimmer. 

Die moderne Küche ist komplett ausgestattet und verfügt u.a. über einen Geschirrspüler. Das Badezimmer und ein separates WC mit Lavabo sind ebenfalls frisch renoviert. 

Das Ferienhaus befindet sich in Gehdistanz zum historischen Dorfzentrum und verfügt über einen Gartensitzplatz sowie einen eigenen Autoabstellplatz.;9.502379894256594;47.00372544437181;Pestalozziweg 3;7310;Bad Ragaz;+41 76 548 17 00;gay-lang@gmx.ch;[{'@type': 'ImageObject', 'contentUrl': 'https://hltpimtsoch.sos-ch-dk-2.exoscale-cdn.com/catalog/f/7/6/0/f7604f35acbf8bb0023880bb8e13d3f1e0795f54_IMG_6008a.JPG'}];2026-01-19T12:01:35+01:00
7253eb13-aa2c-4cb7-b1ec-f657676d1f92;Rathauskeller Mels - Weinlokal;Herzlich willkommen im Rathauskeller Mels – Ihr Weinlokal im historischen Gewölbe;<p class="MsoNoSpacing"><span lang="DE-CH" style="mso-bidi-font-size: 10.0pt;">Verweilen Sie in unserem charmanten Gewölbekeller mitten im Herzen von Mels – an einem Ort, an dem Geschichte, Gemütlichkeit und Genuss zusammenfinden. In entspannter Atmosphäre bei einem feinen Glas Melser Wein und kleinen, liebevoll zubereiteten kulinarischen Köstlichkeiten lässt sich dem Alltag wundervoll entfliehen.</span></p><p class="MsoNoSpacing"><span lang="DE-CH" style="mso-bidi-font-size: 10.0pt;">Kommen Sie vorbei – entdecken, geniessen und verweilen Sie! Wir freuen uns auf Ihren Besuch.</span></p><p class="MsoNoSpacing"><span lang="DE-CH" style="mso-bidi-font-size: 10.0pt;">Feiern Sie im besonderen Ambiente. Unsere Räume bieten Platz für bis zu 50 Personen. Ideal für Geburtstage, (Hochzeits-)Apéros oder einfach ein gutes Glas Wein mit Freunden. Ob ein gemütlicher Apéro oder ein genussvolles, mehrgängiges Menü – wir gehen gerne auf Ihre Wünsche ein und gestalten Ihr Fest ganz nach Ihren Vorstellungen mit ehrlicher und gutbürgerlicher Küche sowie viel Liebe zur Region.</span></p><p class="MsoNoSpacing"><strong><span lang="DE-CH" style="mso-bidi-font-size: 10.0pt;">Weingenuss für Zuhause – unsere Vinothek</span></strong></p><p class="MsoNoSpacing"><span lang="DE-CH" style="mso-bidi-font-size: 10.0pt;">In unserer Vinothek trifft Genuss auf Kompetenz und Leidenschaft. Für eine persönliche Weinberatung besuchen Sie uns doch in unserer <u>Vinothek</u> oder bestellen Sie erlesene Weine, Edelbrände oder unseren alkoholfreien Trubetau direkt im Online-Shop.</span></p>;9.419257;47.0466979;Platz 2;8887;Mels;+41 81 710 50 75;gastro@rathauskellermels.ch;https://www.rathauskellermels.ch/;[{'@type': 'ImageObject', 'contentUrl': 'https://hltpimtsoch.sos-ch-dk-2.exoscale-cdn.com/catalog/e/5/3/a/e53a20e7965e88bc7e0c449b450d778a89571990_image__2_.jpg'}];2026-08-10T08:33:31+02:00
736d74dd-b29e-43d9-a41a-0e865e3672ef;Suso Bike GmbH, Walenstadt;Ihr Partner für alles rund ums Fahrrad: kompetente Beratung, erstklassige Werkstatt, hochwertige Bekleidung und Zubehör – für unvergessliche Radmomente!;<p>Wir sind Ihr erster Ansprechpartner rund um ihre Radmomente. Es ist uns wichtig das passende f&uuml;r ihre Bed&uuml;rfnisse zu finden, wir beraten sie kompetent, sind zuverl&auml;ssig und geben unser best M&ouml;gliches ihre W&uuml;nsche zu erf&uuml;llen.</p><p>Wir bieten ihnen beste Qualit&auml;t und Leistungen f&uuml;r Ihr Fahrrad vom Verkauf bis zur Reparatur in unserer professionellen Werkstatt mit ausgebildeten Fachkr&auml;ften, bei uns ist ihr Zweirad in den richtigen H&auml;nden, auch nach dem Kauf sind wir f&uuml;r sie da.</p><p>Zudem f&uuml;hren wir Bike Bekleidung vieler Marken, von der Socke bis zum Helm! Auch f&uuml;r alles rund herum sind wir ausgestattet von der Bikekarte, &uuml;ber den Einkaufskorb f&uuml;r ihr Velo bis hin zur Beleuchtung!</p>;9.314852618499426;47.12321125;Burgstrasse 11;8880;Walenstadt;+41 81 735 32 70;info@susobike.ch;http://www.susobike.ch;[{'@type': 'ImageObject', 'contentUrl': 'https://hltpimtsoch.sos-ch-dk-2.exoscale-cdn.com/catalog/8/8/2/a/882aaefc8b0807211ac4e282cda7932e7170a0a2__DSC0215_1.jpg'}];2026-04-26T04:50:34+02:00
7441b9ad-515d-4d1e-af39-fa8ae5370649;Metzgerei Kalberer;Metzgerei Kalberer – seit über 80 Jahren für regionale Fleisch- und Wurstspezialitäten bekannt. Frisch, hochwertig und mit Tradition.;<p data-start="152" data-end="472">Die Metzgerei Kalberer AG in Wangs steht seit mehr als acht Jahrzehnten f&uuml;r erstklassige Fleisch- und Wurstspezialit&auml;ten. In Familienbesitz gearbeitet, legt das Unternehmen grossen Wert auf Regionalit&auml;t: die Tiere stammen von einheimischen Lieferanten, und die Herstellung erfolgt m&ouml;glichst ohne unn&ouml;tige Zusatzstoffe.</p><p data-start="474" data-end="861">Neben dem Verkaufsladen in Wangs betreibt Kalberer eine Produktionshalle in Vilters. Wer auch ausserhalb der Ladenzeiten hochwertiges Fleisch w&uuml;nscht, profitiert vom Fleischautomaten neben dem Laden &ndash; rund um die Uhr mit Barzahlung nutzbar. Mit etwa 15 Mitarbeitenden bietet die Metzgerei pers&ouml;nlichen Service, Frische und Verl&auml;sslichkeit f&uuml;r alle, die Wert auf echte Metzgerkunst legen.</p>;9.431564;47.0322727;Dorfstr. 26;7323;Wangs;+41 81 723 13 69;info@metzgerei-kalberer.ch;https://www.metzgerei-kalberer.ch/;[{'@type': 'ImageObject', 'contentUrl': 'https://hltpimtsoch.sos-ch-dk-2.exoscale-cdn.com/catalog/9/4/d/7/94d7f6fd6a6677c4bc6e24b35af08fcad7069caa_laden_panorama_scaled.jpg'}];2026-05-15T02:39:35+02:00
74a4f83b-28b2-4846-a580-43d93845bdad;Schweizer Skischule Bad Ragaz-Wangs-Pizol;Die Schweizer Skischule Bad Ragaz-Wangs-Pizol bietet Privat- und Gruppenunterricht für Skifahrer und Snowboarder aller Könnerstufen. Der Unterricht wird individuell auf die Bedürfnisse der Teilnehmenden abgestimmt, um den besten Lernerfolg zu erzielen.;<p>Privat- sowie Gruppenunterricht</p><p>Bester Lernerfolg! Ihr Schneesportlehrer richtet den Unterricht auf Ihre Bedürfnisse und Wünsche aus. Für Kinder und Erwachsene, für Skifahrer und Snowboarder aller Könnerstufen.</p>;9.4641886;46.9894085;[{'@type': 'ImageObject', 'contentUrl': 'https://hltpimtsoch.sos-ch-dk-2.exoscale-cdn.com/catalog/0/e/6/4/0e64efbed22c7efc7163f172a22c1153bdbcbf87_Hauptseite_0.jpg'}];2025-12-17T14:54:40+01:00
74cd3364-abba-430a-a6f0-f567a0c3eb80;Hertihof Besenbeiz;Der Hertihof Besenbeiz im Bündner Rheintal bietet ehrliche Gastronomie mit Produkten vom eigenen Hof. Gäste können in einem stilvollen Ambiente traditionelle Gerichte geniessen. Der Aussenbereich ist kinderfreundlich und Hunde sind willkommen.;Der Bauernhof mit Besenbeiz im Bündner Rheintal steht für fadengrad ehrliche Gastronomie. Nix schnick, nix schnack: einfaches, stilvolles Ambiente. Gute Produkte. Und Menschen die gerne Menschen haben. Unter dem Motto vom «Schwänzli bis zum Schnörrli» kommen hochwertige Produkte vorwiegend vom eigenen Hof/Feld auf den Tisch. Aus Respekt vor dem Tier landen nicht nur die edlen Stücke auf dem Teller der Gäste, sondern gut und gerne auch mal ein Voressen, Siedfleisch oder Haxen. Herrlicher Aussenbereich mit viel Platz zum Sein, auch für Kinder. Hunde sind gerne gesehen, wenn sie keine Angst dafür aber Respekt vor unseren Tieren haben.;9.5478175;46.9243919;Baltschinweg 1;7204;Untervaz;+41 76 366 01 32;info@hertihof.ch;https://www.hertihof.ch/;[{'@type': 'ImageObject', 'contentUrl': 'https://hltpimtsoch.sos-ch-dk-2.exoscale-cdn.com/catalog/d/9/b/f/d9bf2c8e06713f6dc7c28715f237f62dc713f77f_Hertihof_Besenbeiz_7.jpg'}];2026-04-27T14:16:03+02:00
753c734e-963f-4b8b-ae3a-21fd0ae8bbc7;Weingut Schloss Salenegg;Das Weingut Schloss Salenegg in Maienfeld ist das älteste Weingut Europas. Seit 1068 wird hier Wein angebaut. Neben Wein werden auch Destillate, Delikat Essig und kaltgepresstes Öl produziert.;Schloss Salenegg, das älteste Weingut Europas

Seit 1068 wird auf Schloss Salenegg Wein angebaut und seit 1654 ist Schloss Salenegg im Besitz der Familie Gugelberg von Moos. Von Generation zu Generation wurde mit Mut und Weitsicht Wissen und Erfahrung weitergeben, zusammen mit einem tiefen Respekt für die Natur. Alle Erzeugnisse von Schloss Salenegg - der Wein, die Destillate, der Delikat Essig und das kaltgepresste Öl - werden mit Liebe, Fleiss und Können naturnah an- und ausgebaut.

Im Jahr 2020 wurde von Helene von Gugelberg die grösste Umstrukturierung des Weinbaus seit 1906 in die Wege geleitet. Neben Blauburgunder und Chardonnay wurden im Frühjahr 2021 die pilzwiderstandsfähigen Sorten, Sauvignac und Cabernet blanc gepflanzt. Die neu angelegten Rebberge sind so gestaltet, dass sie eine grösstmögliche Biodiversität erlauben und die maschinellen Arbeiten zu einem späteren Zeitpunkt durch autonome Fahrzeuge ausgeführt werden können. Das Weingut wurde per 2025 an Markus von Gugelberg übergeben. Auch der Sohn von Helene von Gugelberg führt die lange Tradition auf Schloss Salenegg, dem ältesten Weingut Europas, weiter mit dem Ziel der steten Ausrichtung auf den neusten Stand der Nachhaltigkeit.;9.52847515363829;47.01073565;Steigstrasse 21;7304;Maienfeld;+41 81 302 11 51;info@schloss-salenegg.ch;http://www.schloss-salenegg.ch/;[{'@type': 'ImageObject', 'contentUrl': 'https://hltpimtsoch.sos-ch-dk-2.exoscale-cdn.com/catalog/a/7/5/4/a754e72934e37b459fe59a3559fb307a19765679_Weingut_Schloss_Salenegg_Front__2.jpg'}];2026-03-31T10:53:16+02:00
75cf4e58-21d1-472c-8aa6-9e3aaf604dde;Haus Mezzaselva (CharmingStay);Haus Mezzaselva in Flumserberg Tannenheim bietet eine moderne 2-Zimmerwohnung mit Fussbodenheizung und Panoramaaussicht auf die Churfirsten. Einkaufsmöglichkeiten, Skilift und Wanderwege sind in unmittelbarer Nähe.;Die 2-Zimmerwohnung befindet sich in einem 2007 erbauten Mehrfamilienhaus an ruhiger aber zentraler Lage und fantastischer Aussicht auf die Churfirsten. Einkaufsmöglichkeiten, Skilift, Schlittenbahn, Hallenbad und Wanderwege befinden sich in direkter Umgebung. Zur Wohnung gehört ein kostenloser Tiefgaragenplatz.

Die Wohnung ist modern und komfortabel eingerichtet. Die ganze Wohnung ist mit einem Plattenboden ausgestattet. Die Fussbodenheizung sorgt für ein angenehmes Raumklima. Zur Wohnung gehört eine möblierte Terrasse mit herrlicher Panoramaaussicht.;9.297152550000007;47.089659749999996;Mittenwaldstrasse 3887;8897;Flumserberg Tannenheim;+41 79 504 90 45;contact@charmingstay.ch;https://www.charmingstay.ch;[{'@type': 'ImageObject', 'contentUrl': 'https://hltpimtsoch.sos-ch-dk-2.exoscale-cdn.com/catalog/6/d/e/a/6deae09fd00512684b616268df209b30e31461a0_Haus_Mezzaselva_Wohn_Essbereich.JPG'}];2026-04-09T13:53:28+02:00
76381e05-743d-49f1-8335-97be6557af91;Kletterturm CLiiMBER;Der Kletterturm CLiiMBER auf der Prodalp bietet über 100 Kletterstationen auf drei Etagen. Mit flexiblen Routen und unterschiedlichen Schwierigkeitsgraden ist er ideal für Familien und Gruppen. Der MiniCLiiMBER und flyingCLiiMBER bieten zusätzliche Erlebnisse.;Kletterturm CLiiMBER – das heisst für dich abwechslungsreicher Kletterspass mit über 100 Kletterstationen kompakt eingebettet auf 3 Etagen im kristallförmigen Turm auf der Hochebene Prodalp.

Jede Etage bietet 30 verschiedene, originell ausgearbeitete Kletterstationen mit unterschiedlichem Design und Schwierigkeitsgrad.

Durch die flexible Parcoursreihenfolge entscheidest du selber, welche Route du nimmst und erhöhst deinen Schwierigkeitsgrad hinauf zur 3. Etage auf luftige 15 Meter Höhe nach eigenem Ermessen.

miniCLiiMBER
Der exklusive MiniCLiiMBER ermöglicht gar Kids ab 4 Jahren oder bis 1.40 m erste Kraxeltouren.

flyingCLiiMBER
Lass dich ab den oberen Etagen vom Kletterturm in die Weite tragen und schwebe mit dem flyingCLiiMBER auf 6 verschiedenen Linien, auf über 15 Meter Höhe und 700 m Länge. Spüre den Wind und geniesse die herrliche Aussicht. Dieses Erlebnis ist nur für Personen die grösser als 1.40 m sind erlaubt. 

CLiiMBERwall
Deine Geschicklichkeit ist gefragt. Klettere auf 5 Kletterrouten auf eine Höhe von 6 Metern. Versuche dich in dieser faszinierenden Sportart und trainiere deine Kraft in Händen und Armen. Kinder ab 4 Jahren dürfen die CLiiMBERwall benützen. Das Selbstsicherungssytem bringt alle Kletternden sicher wieder auf den Boden.;9.288795590400698;47.080727680903;Prodalp;8897;Flumserberg Tannenheim;+41 81 720 15 15;info@flumserbergbahnen.ch;https://www.flumserberg.ch/kletterberg;[{'@type': 'ImageObject', 'contentUrl': 'https://hltpimtsoch.sos-ch-dk-2.exoscale-cdn.com/catalog/5/e/e/8/5ee87047c97ca7e3d64f763547560e034b989cdf_Kletterturm_CLiiMBER.jpg'}];2026-06-24T12:18:51+02:00
765f21fc-739d-42e7-a514-92317ce958c8;Haus Edelweiss;Das Haus Edelweiss liegt im Ski- und Wandergebiet Pizol auf Pardiel, direkt neben der Bergstation der Gondelbahn Bad Ragaz. Es bietet moderne Ferienwohnungen und ist ein idealer Ausgangspunkt für Wanderungen und Erlebnisse.;Das Haus Edelweiss befindet sich im Ski- und Wandergebiet Pizol auf Pardiel. Direkt neben der Bergstation der Gondelbahn Bad Ragaz, mit direktem Zugang von der 8er Gondelbahn liegt das Haus auf 1&#039;630m ü. M. Im Sommer/Herbst ein herrlicher Ausgangspunkt zu vielen Wanderungen und Erlebnissen am Pizol. Im Winter direkt an 43 Pistenkilometern gelegen. Die drei Ferienwohnungen sind modern und gemütlich eingerichtet.;9.46451783180237;46.98960617968337;Pardiel;7310;Bad Ragaz;+41 81 300 48 30;info@pizol.com;http://www.pizol.com;[{'@type': 'ImageObject', 'contentUrl': 'https://hltpimtsoch.sos-ch-dk-2.exoscale-cdn.com/catalog/0/f/e/7/0fe79218da2bbafedca7a0eb98d0ceca2c79b209_Ferienwohnungen_Haus_Edelweiss_Alpenr__sli_cr_Riccardo_G__tz__2_.jpg'}];2026-07-21T14:24:27+02:00
7663e752-ce38-49ed-9597-6fc839771c7a;Ferienwohnung Casa Riposo;Die Ferienwohnung Casa Riposo liegt zentral und ruhig am Waldrand in Flumserberg Tannenheim. In fünf Minuten sind Talstation, Bushaltestelle, Einkaufsmöglichkeiten und Restaurants erreichbar. Die moderne Wohnung bietet Platz für bis zu zwölf Personen.;Die 6.5-Zimmerwohnung steht sehr zentral und doch ruhig am Waldrand in Flumserberg Tannenheim. Die Talstation Prodalp-Express, Bushaltestelle, Einkaufsmöglichkeiten und Restaurants sind in 5 Gehminuten erreichbar. Die Wohnung liegt im ersten Stock und ist über eine Aussentreppe erreichbar. Zur Wohnung gehören 2  Aussenparkplätze. Weitere Parkplätze befinden sich bei den Bergbahnen Tannenheim, welche kostenpflichtig sind.

Die Ferienwohnung ist sehr gemütlich, komfortabel und modern eingerichtet. Der Wohn- und Schlafbereich ist mit einem schönen Holzboden ausgestattet. Zur Wohnung gehört zudem ein Balkon.
Zur Wohnung gehören 2 Parkplätze die restlichen Autos können bei den Bergbahnen Parkiert werden auf kosten der Mieter,;9.300026492074048;47.0912043;Tschudiwiesenstrasse 11;8897;Flumserberg Tannenheim;+49793831621;c.rupf@gmx.ch;http://www.casa-riposo.ch/;[{'@type': 'ImageObject', 'contentUrl': 'https://hltpimtsoch.sos-ch-dk-2.exoscale-cdn.com/catalog/8/1/7/a/817ace9a42fcc1a2d9f7923d731b8357df0cc5b8_Wohnzimmer.jpg'}];2026-08-26T04:57:45+02:00
76daeeca-59a0-46ec-8212-82859e4c33b6;Haus Gimpel;Haus Gimpel bietet eine 3,5-Zimmerwohnung in ruhiger Lage in Flumserberg Tannenheim. Die Wohnung ist mit viel Holz eingerichtet und verfügt über einen Schwedenofen. Ein kostenloser Parkplatz ist vorhanden, und die Prodalp-Gondelbahn ist etwa 900 m entfernt.;Die 3.5 Zimmerwohnung befindet sich an ruhiger Lage in Flumserberg Tannenheim mit herrlicher Aussicht. Bis zur Talstation der Prodalp-Gondelbahn, Restaurants und Einkaufsmöglichkeiten sind es ca. 900 m. Zur Wohnung gehört ein kostenloser Parkplatz. Vom Parkplatz führt eine längere Treppe abwärts zum Haus.

Die Wohnung ist heimelig mit viel Holz eingerichtet. Der Schwedenofen im Wohnbereich macht den Aufenthalt sehr gemütlich. Die ganze Wohnung verfügt über einen Teppichboden.;9.3083221;47.084048;Untere Anggetlinstrasse 25;8897;Flumserberg Tannenheim;+41 44 935 18 82;moscheuner@sunrise.ch;[{'@type': 'ImageObject', 'contentUrl': 'https://hltpimtsoch.sos-ch-dk-2.exoscale-cdn.com/catalog/6/f/d/8/6fd8ee986d7e87e5f55c7297a9523a9be4d00d61_Haus_Gimpel_1.jpg'}];2026-02-09T16:28:08+01:00
77017b65-a7c8-4873-b21f-7c1e97cbd7f2;Casa Mia Pardiel;Gemütliche Unterkunft im Skigebiet Pizol auf 1'633 m ü. M., direkt an der Schwammpiste, bequem erreichbar ab Bad Ragaz und ideal für Ferien mit der ganzen Familie.;<p>Die Unterkunft befindet sich im Herzen vom Skigebiet Pizol, direkt neben der Schwammpiste auf der H&ouml;he von 1'633 m.&uuml;.M. Der Weg ins Casamia beginnt am Parkplatz der Pizolbahn Bad Ragaz. Von dort aus geht es mit der bequemen 8er Gondel hoch zur Mittelstation. Von hier sind es zu Fuss (im Winter mit Schneeschuhen) nur noch wenige Gehminuten. Das Haus bietet einen sehr hohen Qualit&auml;tsstandard mit Platz f&uuml;r bis zu sechs Personen. Ideal f&uuml;r Ferien mit der ganzen Familie.</p>;9.461942911148073;46.99073977678801;Pardiel;7310;Bad Ragaz;+41 79 480 30 11;casamia.pardiel@gmail.com;https://casamiapardiel.ch/;[{'@type': 'ImageObject', 'contentUrl': 'https://hltpimtsoch.sos-ch-dk-2.exoscale-cdn.com/catalog/9/7/8/b/978b23dbe7d34d145a8740c253f7b55169558cb8_Wohnbereich.jpg'}];2026-08-31T08:57:38+02:00
77a2324d-00a4-4f32-8c3e-433cd2d6e51b;Weingut Donatsch & Winzerstube "zum Ochsen";Das Weingut Donatsch in Malans bietet eine Auswahl an Eigenbau-Weinen und regionalen Spezialitäten. Die Winzerstube zum Ochsen lädt zum Verweilen ein, mit einer Vinothek voller erlesener Weine aus der Bündner Herrschaft.;Ein Besuch in der historischen Arvenstube der «Winzerstube zum Ochsen» in Malans ist ein bleibendes Erlebnis für alle Sinne.
In stilvoller Atmosphäre geniessen Sie regionale Spezialitäten, begleitet von erlesenen Weinen aus dem eigenen Weingut Donatsch.

Die Donatsch-Weine können in der Winzerstube auch nach eigener Auswahl als Degustationsbrett zur individuellen Weinverkostung bestellt werden.

Die kleine, feine Speisekarte setzt bewusst auf Qualität statt Quantität:
Hausgemachte Gerstensuppe, eine währschafte Wurst, Bündnerplatte mit luftgetrockneten Fleischspezialitäten und ein gut gereifter Käse.

Die 1926 erbaute Bündnerstube mit ihrem berühmten blauen Kachelofen lädt besonders im Winter zum Verweilen ein.
An sonnigen Tagen geniessen Sie auf dem Balkon den Blick über die Dächer von Malans bis in die Bündner Berge.

Für Weinbegeisterte erwartet Sie in der Vinothek eine aussergewöhnliche Auswahl an Spitzenweinen:
Jahrgänge aus dem Weingut Donatsch, Weine ausgewählter Winzer aus der Bündner Herrschaft sowie grosse Klassiker aus Bordeaux, Burgund und weiteren europäischen Regionen.
Über 200 Positionen liegen zur Auswahl bereit, darunter gesuchte Raritäten.

Weinkenner sind hier im Paradies – und haben die Qual der Wahl.;9.576973;46.9816203;Sternengasse 6;7208;Malans GR;+41 81 322 11 17;info@donatsch-malans.ch;http://www.donatsch-malans.ch;[{'@type': 'ImageObject', 'contentUrl': 'https://hltpimtsoch.sos-ch-dk-2.exoscale-cdn.com/catalog/c/5/3/b/c53b42f18dfe37e76e535ced79d3cfc87b732984_Winzerstube_zum_Ochsen_Malans__2.jpg'}];2026-04-27T14:31:25+02:00
78944b14-056f-4bcf-a8df-7cc72a3d9961;Haus Panorama Hak (CharmingStay);Die 4,5-Zimmerwohnung in Flumserberg Tannenheim bietet eine schöne Aussicht auf die Churfirsten und liegt nahe der Bergbahn Prodalp-Express. Sie verfügt über zwei Balkone und einen kostenlosen Garagenplatz.;Die 4.5-Zimmerwohnung befindet sich in Flumserberg Tannenheim, sehr nahe der Bergbahn Prodalp-Express und bietet eine schöne Aussicht auf die Churfirsten. Zur Wohnung gehört ein kostenloser Garagenplatz.  

Die grosszügige Wohnung im zweiten Stock ist zweckmässig eingerichtet. Schöne Landschaftsbilder zieren die Wände. Die Wohnung verfügt über zwei Balkone mit Morgen- und Abendsonne.;9.304051995277407;47.08981171315592;Panoramastrasse 14;8897;Flumserberg Tannenheim;+41 79 504 90 45;contact@charmingstay.ch;https://www.charmingstay.ch;[{'@type': 'ImageObject', 'contentUrl': 'https://hltpimtsoch.sos-ch-dk-2.exoscale-cdn.com/catalog/2/3/c/3/23c33307587e9a277a1f4d9dfa2cddd97df04c1d_Panorama_B___Woh._Hak__8_.jpg'}];2026-08-07T10:26:17+02:00
78f09ee3-1bf6-4d99-bd67-cdb12a127661;von Salis Vinothek;Unsere neue Vinothek verbindet modernes Design mit Weinkultur. Im Fokus: hochwertige Weine aus Graubünden und der Welt, übersichtlich und thematisch gegliedert für unvergessliche Genussmomente.;<p>Lichtdurchflutet, offen gestaltet und mit viel Liebe zum Detail: Unsere neue Vinothek vereint durchdachtes Design mit Weinkultur – ganz nach unserem Credo: der Wein im Mittelpunkt.</p><p>Entstanden ist ein Ort des Entdeckens und Geniessens, der Raum schafft für Austausch, Beratung und inspirierende Begegnungen. Ob beim Stöbern durch das sorgfältig kuratierte Sortiment oder bei einer Degustation. Unsere Weine sind international geprägt – mit Weinen aus der Schweiz, Italien, Frankreich, Spanien und Österreich. Im Fokus steht aber ganz klar unsere Weinheimat: Rund ein Viertel unseres Sortiments stammt aus der Bündner Herrschaft.</p><p>Beim Aufbau der Vinothek haben wir uns bewusst für ein modernes Konzept entschieden, dass nicht nach Ländern unterscheidet, sondern in Themenwelten unterteilt ist. Klar, einfach und intuitiv – denn Wein soll Freude und nicht Kopfzerbrechen bereiten. So gliedert sich die Vinothek in vier Themenwelten: «Unsere Heimat» für Weine aus Graubünden, «Familie & Freunde», «Anstossen & Feiern» und «Grosse Weine» für besondere Genussmomente.</p>;9.523730278015138;47.001158027583884;Industriestrasse 18;7304;Maienfeld;+41 81 302 50 57;info@vonsalis-wein.ch;https://www.vonsalis-wein.ch/;[{'@type': 'ImageObject', 'contentUrl': 'https://hltpimtsoch.sos-ch-dk-2.exoscale-cdn.com/catalog/1/9/6/9/196973bc32ae152aef9e78dbc640910ebcce8e31_von_salis_vinothek_maienfeld_k_1.jpeg'}];2026-08-07T04:14:06+02:00
791f3b4e-6af1-43c3-ace2-1f1598aefc5f;Boulderei GmbH;Die Boulderei GmbH in Flums bietet eine 220 m2 grosse Boulderhalle mit Routen für alle Schwierigkeitsgrade. Eine Lounge und eine Bar sorgen für Entspannung, während eine Kinderecke die kleinen Gäste willkommen heisst.;Wir bieten mit unserer Boulderhalle mit 220 m2 eine Vielzahl an Routen in allen möglichen Schwierigkeitsgraden an. Bei uns findet der Anfänger sowie der Profi eine geeignete Route, die seinen Ansprüchen gerecht wird.

Neben unserer Boulderwand bieten wir eine Lounge für die Erholung und betreiben eine kleine Bar, an der man den Durst löschen kann. 

Auch Kinder sind bei uns herzlich willkommen. Für unsere kleinen Besucher haben wir eine spezielle Kinderecke gebaut, in der sich die Begleiter von Mama und Papa ideal zurückziehen können.

Für Firmen, Schulen, Kindergeburtstage und grössere Gruppen ab 8 Personen besteht die Möglichkeit, die Boulderhalle auch ausserhalb der Öffnungszeiten zu mieten.;9.341082572937013;47.087936510281935;Bergstrasse 31c;8890;Flums;+41 78 741 24 17;info@boulderei.ch;http://www.boulderei.ch/;[{'@type': 'ImageObject', 'contentUrl': 'https://hltpimtsoch.sos-ch-dk-2.exoscale-cdn.com/catalog/9/b/9/c/9b9c40b7d94fb3a0299a0493c46a24c0f90e42b6_244591735_4817449338288107_8260655810413698918_n.jpg'}];2026-05-15T08:33:52+02:00
7944f9ad-ab6c-4fa4-a055-472e19a2ab69;Swiss Helicopter AG;Als führende Helikopterfirma bieten wir sichere, zuverlässige Dienstleistungen mit modernster Technik und einem engagierten Team – für Ihre Sicherheit und Zufriedenheit.;<p>Als führende Helikopterfirma bieten wir zuverlässige, sichere und professionelle Dienstleistungen. Unser erfahrenes Team nutzt moderne Technologien und engagiert sich für Nachhaltigkeit und kontinuierliche Verbesserung – für Ihre Zufriedenheit und eine sichere Zukunft.</p>;9.5511007;46.9131752;Polenlöserweg 30;7204;Untervaz;+41 81 322 57 57;untervaz@swisshelicopter.ch;[{'@type': 'ImageObject', 'contentUrl': 'https://hltpimtsoch.sos-ch-dk-2.exoscale-cdn.com/catalog/b/a/d/3/bad361c5ef3cee151a989b94cfdd854bb2a4b4b3__A859744.jpg'}];2026-01-14T00:30:26+01:00
79bb1f5e-0286-4c41-9539-f3e0f3c2df0c;Casa Terza (CharmingStay);Casa Terza bietet eine gemütliche 4,5-Zimmerwohnung in Top-Lage bei der Tannenbodenalp. In wenigen Gehminuten erreichst du die Talstation, Skischule, Restaurants und den Seejet. Zwei Aussenparkplätze sind inklusive.;Die wunderschöne und gemütliche 4.5-Zimmerwohnung befindet sich an Top-Lage bei der Tannenbodenalp. Innerhalb von wenigen Gehminuten erreichen Sie die Talstation Tannenbodenalp, die Skischule, Restaurants, Sportgeschäfte sowie den Seejet. Zur Wohnung gehören zwei Aussenparkplätze (im Winter ein Aussenparkplatz). ;9.281828953094703;47.0936342;Tannenbodenalpstrasse 16;8898;Flumserberg Tannenbodenalp;+41 79 504 90 45;contact@charmingstay.ch;https://www.charmingstay.ch;[{'@type': 'ImageObject', 'contentUrl': 'https://hltpimtsoch.sos-ch-dk-2.exoscale-cdn.com/catalog/a/5/b/c/a5bce863388d530852b3976b3ec1d9506e511f78_Casa_Terza_Essbereich.JPG'}];2026-08-26T04:45:41+02:00
7a0eba2d-e7f9-42a1-8545-505e95e9b997;Foto Fetzer;Foto Fetzer in Bad Ragaz bietet ein breites Spektrum an Fotodienstleistungen. Das Fachgeschäft zeichnet sich durch Kreativität, Zuverlässigkeit und Qualität aus und ist sowohl für Innen- als auch Aussenaufnahmen geeignet.;Kreativität, Zuverlässigkeit und Qualität sind Werte, die uns auszeichnen. Mit unserem spezialisierten und motivierten Team, das sich laufend weiterbildet, stehen wir Ihnen mit unserem Fachwissen jederzeit gerne zur Verfügung. Unsere Aufnahmen umschreiben wir als natürlich, lebendig und gefühlvoll.;9.500808119773867;47.00266071223961;Bartholoméplatz 11;7310;Bad Ragaz;+41 81 302 11 10;info@fetzer.ch;https://fetzer.ch/;[{'@type': 'ImageObject', 'contentUrl': 'https://hltpimtsoch.sos-ch-dk-2.exoscale-cdn.com/catalog/3/b/5/d/3b5dd081101f619b950eb130d0fdea6ab3078ade_FotoFetzer_004_Shop.jpg'}];2026-08-12T14:32:47+02:00
7ae30204-b35c-4cb2-b212-e5d27f57b440;Studio Brisblick (CharmingStay);Das Studio Brisblick in Tannenboden bietet eine ruhige Lage mit Blick auf die Churfirsten und Alvierkette. Es verfügt über eine Terrasse, kostenfreien Parkplatz und erlaubt Haustiere. Ideal für Paare und Singles.;Die 1.5-Zimmerwohnung liegt sehr ruhig in Tannenboden Dorf mit schöner Sicht auf die Churfirsten und die Alvierkette. Zur Wohnung gehört ein kostenfreier Parkplatz.

Das Studio im Parterre mit Terrasse ist einfach eingerichtet, mit allem, was man braucht.
Haustiere sind erlaubt.;9.287214050000003;47.092078900000004;Untere Abendweidstrasse 3;8898;Flumserberg Tannenbodenalp;+41 79 504 90 45;contact@charmingstay.ch;http://www.charmingstay.ch;[{'@type': 'ImageObject', 'contentUrl': 'https://hltpimtsoch.sos-ch-dk-2.exoscale-cdn.com/catalog/3/6/3/0/3630cd8b64e05dc1c4fb85aa6e975bfd30c43531_Brisiblick_Studio_3.jpg'}];2026-05-15T08:43:20+02:00
7b3b71e1-93fa-4968-9910-7f97c6099834;Altes Bad Pfäfers bei der Taminaschlucht;Das Alte Bad Pfäfers, das älteste erhaltene Barockbad der Schweiz, liegt am Eingang der Taminaschlucht. Es bietet historische Räume, Museen und ein Restaurant und ist bekannt für das 36,5 °C warme Thermalwasser.;Das Alte Bad Pfäfers ist das älteste erhaltene Barockbad der Schweiz. Heute ist das historische Gebäude eine Kultursehenswürdigkeit mit überregionaler Ausstrahlung. Das geschichtsträchtige Haus steht am Eingang der Taminaschlucht, wo das berühmte 36,5° C warme Thermalwasser entspringt.

Die Geschichte des Alten Bad Pfäfers beginnt im Jahr 1240, als zwei Jäger eine 36,5° C warme Quelle in der Taminaschlucht entdecken. In deren Wasser erkennen die Mönche des nahe gelegenen Benediktiner-Klosters eine heilende Wirkung. Im Laufe der Jahrhunderte wächst das Bad zu einer international renommierten Kurstätte heran. Gebadet wird in Bad Pfäfers heute jedoch schon lange nicht mehr. Zwischen 1983 und 1995 wurde es umfassend renoviert. Es beheimatet heute ein beliebtes Restaurant und ist immer wieder Schauplatz diverser kultureller Veranstaltungen.

Das Museum Badgeschichte vermittelt einen Einblick in die wechselvolle Geschichte des Bades und des Badens von den Ursprüngen bis in die Gegenwart.

Das Museum Kloster Pfäfers zeigt die enge Verbindung zur Geschichte des Bades und stellt das Benediktiner-Kloster als geistliches und kulturelles Zentrum des Sarganserlandes dar, von der Gründung um 730 bis zur Aufhebung im Jahr 1838.

Die Paracelsus-Gedenkstätte zeigt das Leben und Wirken des Paracelsus, der als erster Badearzt im Alten Bad Pfäfers wirkte. Aber auch die neugotische Badkapelle und die restaurierte alte Küche sind einen Besuch wert.

Die grosszügig gestaltete Mediathek lädt zum Verweilen ein. Über verschiedene Medien wird die Geschichte des Alten Bad Pfäfers vermittelt.
Ein neuer Audiowalk lädt auf einen virtuellen Spaziergang zur Blütezeit des Bad Pfäfers um 1833 ein.;9.487643;46.9739994;Taminaschlucht;7310;Pfäfers;+41 81 302 71 61;office@altes-bad-pfaefers.ch;http://www.altes-bad-pfaefers.ch;[{'@type': 'ImageObject', 'contentUrl': 'https://hltpimtsoch.sos-ch-dk-2.exoscale-cdn.com/catalog/c/1/f/8/c1f86574153c154cd4cceb2cf99dac333a97d66d_Bad_Pfaefers_Mai13.JPG'}];2026-08-11T20:13:07+02:00
7b4819e6-37ee-4d8b-848f-f73ee15ba1aa;Burgruine Gräpplang;Frei zugängliche Ruine hoch über dem Dorf Flums mit eindrucksvoller Aussicht aufs Sarganserland; ein bedeutendes Kulturgut, erschlossen durch ein modernes Treppensystem. Feuerstelle zum Grillieren. Eventraum für Anlässe.;<div>Die <strong>Burgruine Gr&auml;pplang</strong> thront hoch &uuml;ber Flums und bietet eine eindrucksvolle Aussicht auf das Sarganserland.</div><p>&nbsp;</p><p>Auf dem Burgh&uuml;gel steht die Ruine der im Mittelalter bekannt gewordenen Ritterburg, welche die Herren von Flums um 1220 auf der "crap long", dem "langen Felsen", errichteten. Nach mehreren Lehen-Besitzern f&auml;llt die Burg 1419 an Z&uuml;rich. 1440 wird sie durch Glarner und Schwyzer Truppen zerst&ouml;rt. Ludwig Tschudi kauft 1528 die Festung, die nach reger Baut&auml;tigkeit 1767 infolge finanzieller Probleme wieder ver&auml;ussert werden muss. Es folgen mehrere Besitzer, bis die Burg, verwahrlost, im Jahre 1804 zum Abbruch verkauft wird. 1923 erwirbt, renoviert und unterh&auml;lt die Gemeinde Flums die Ruine.</p><p>Dass nicht alle Burgherren gute Herren gewesen sind, zeigen die Legenden &bdquo;Schloss Gr&auml;pplang&ldquo; und &bdquo;Der b&ouml;se Burgherr&ldquo;. Beide berichten von einem Tyrannen, der seine Untertanen ausn&uuml;tzt. Betreten Sie die gut restaurierte Ruine und versetzen Sie sich in fr&uuml;here Zeiten. Die Mauern und eingezogenen Treppen vermitteln Ihnen ein gutes Bild der Burg. Geniessen Sie im oberen, grossen Raum die Aussicht. Hier finden Sie einen kraftvollen Ort, der sich von seiner Energiequalit&auml;t her als Kultplatz eignet. F&uuml;r die Bewohner der Burg ist der Platz sicherlich zu stark gewesen. Hat eventuell einer der b&ouml;sen Burgherren hier getafelt oder gar hier geschlafen, k&ouml;nnen wir uns seine Unausgeglichenheit, die sich zur Tyrannei entwickelt hat, gut vorstellen.</p><p>Bei der Feuerstelle im ehemaligen Burghof finden Sie nochmals einen Kraftplatz mit Kultplatzqualit&auml;ten. Die Intensit&auml;t seiner Energien ist bedeutend h&ouml;her als im Rest der Burg. Funde belegen, dass der Ort schon vor seiner Besiedelung, seit der Jungsteinzeit, von Menschen besucht worden ist.</p>;9.332059621810915;47.10285654399423;Gräpplangstrasse 32;8890;Flums;+41 79 555 49 64;ruinegraepplang@gmail.com;https://www.ruinegraepplang.ch/;[{'@type': 'ImageObject', 'contentUrl': 'https://hltpimtsoch.sos-ch-dk-2.exoscale-cdn.com/catalog/7/7/c/3/77c379b8c23700010eb5059c52f8519958d57db1_tkv_graepplang_DJI_0055_HDR.JPG', 'caption': {'de': 'Burgruine Gräpplang', 'en': 'Gräpplang Castle ruins'}}];2026-05-14T23:20:26+02:00
7b7874ad-6150-4387-a39f-8630e646ed28;Gleitschirm Tandemfliegen im Heidiland;Erlebe das Heidiland aus der Vogelperspektive bei einem Gleitschirm Tandemflug. Starte vom Pizol oder Flumserberg und geniesse die Aussicht. Keine Vorkenntnisse nötig, Ausrüstung wird gestellt. Ideal für Gruppen bis 20 Personen.;Du möchtest gern wie ein Vogel durch die Lüfte schweben und das schöne Heidiland von oben sehen? Ein Gleitschirm Tandemflug macht&#039;s möglich. Ivo Grünenfelder mit seinem Team von Chicken Wings Paragliding freut sich seine langjährigen Erfahrungen mit dir zu teilen. Ausgezeichnete Piloten bereiten Dir ein Erlebnis der Extra-Klasse.
Geflogen wird hauptsächlich vom Pizol, Flumserberg-Maschgenkamm-Prodkamm und Walenstadtberg-Schrina. Am herrlichen Pizol, der im Winter wie Sommer ein beliebtes Skigebiet/Wander und Gleitschirm Fluggebiet ist, hat man die Möglichkeit gleich mehrere Startplätze auszuwählen. Je nach Wind wird dein Pilot mit dir die Gondelbahn in Bad Ragaz nehmen und bis zur Bergstation Laufböden fahren. Oder ihr entschließt euch für den Wangserberg wo man dann von der Pizolhütte einen atemberaubenden Blick ins Heidiland hat. Nach nur wenigen Schritten kannst du dir ein herzerwärmendes Bild deiner Wohn-oder Ferienregion von oben machen. 

Vorkenntnisse sind keine nötig. Und da wir sanft ins Tal gleiten und nicht vom Berg springen ist auch Höhenangst absolut kein Hindernis.
Im Winter benötigst du lediglich eine Skihose, eine warme Jacke und gute Schuhe. Die restliche Ausrüstung wird dir von Chicken Wings gestellt. Somit steht deinem Abenteuer nichts mehr im Wege. Wir können Gruppen bis 20 Personen empfangen.

Das Chicken Wings Team freut sich auf Dich!;9.441555312303231;47.027426893364144;Vilterserstrasse;7323;Wangs;+41 79 457 15 76;info@chickenwings.ch;http://www.chickenwings.ch;[{'@type': 'ImageObject', 'contentUrl': 'https://hltpimtsoch.sos-ch-dk-2.exoscale-cdn.com/catalog/2/d/3/6/2d3618c8fda53b34b14167976a094a101d470952_220713_161729.JPG'}];2026-07-21T14:27:46+02:00
7b92714c-7c85-4781-8ba4-f19438de9ef7;Kraftwerk Mels;In der alten Textilfabrik in Mels trifft industrieller Charme auf moderne Gastronomie – genussvolle Momente vom Mittagessen bis zum Dinner.;<p>In der alten Textilfabrik in Mels verschmelzen Vergangenheit und Gegenwart auf einzigartige Weise. Die alten Generatoren erzählen Geschichten aus einer Zeit, in der hier Energie für den Textilfabrik erzeugt wurde – heute versprühen sie industriellen Charme und bilden den Rahmen für eine moderne Gastronomie.</p><p>Mit viel Herzblut und Liebe zum Detail verwöhnen wir unsere Gäste kulinarisch und schaffen einen Ort, an dem man sich rundum wohlfühlt. Ob für ein geselliges Mittagessen, ein elegantes Dinner oder einen gemütlichen Kaffee zwischendurch – bei uns erleben Sie Genuss in besonderer Atmosphäre.</p>;9.4154093;47.0432774;Im Stoffel 33;8887;Mels;+41 81 559 40 47;info@kraftwerk-mels.ch;https://kraftwerk-mels.ch/;[{'@type': 'ImageObject', 'contentUrl': 'https://hltpimtsoch.sos-ch-dk-2.exoscale-cdn.com/catalog/c/5/5/6/c556b913e833da8bb1e234cec37a3c8c83a8f92f_Kraftwerk_60_Kopie.jpg'}];2026-03-16T18:26:35+01:00
7bdb2c63-7137-4596-81d8-649248f58650;Ferienwohnungen Resort Walensee 129 & 130;Die Ferienwohnungen Resort Walensee 129 & 130 in Unterterzen bieten eine beeindruckende Aussicht auf den Walensee und die Churfirsten. Sie sind ideal für Wanderungen und Outdoor-Aktivitäten und verfügen über moderne Ausstattung und Sauna.;Die Ferienwohnungen Nr. 129 & 130 vom Haus A3 im Walensee Resort in Unterterzen haben eine wunderschöne Aussicht auf den Walensee und die umliegenden Churfirsten. Die Ferienwohnungen sind ein idealer Ausgangspunkt für Wanderausflüge sowie See- und weitere Outdooraktivitäten. Die ruhig gelegenen Wohnungen sind nur wenige Meter vom Bahnhof, den Bergbahnen sowie den nächsten Einkaufsmöglichkeiten entfernt.

Details der einzelnen Ferienwohnungen
- 1x 4.5-Zimmerwohnung Penthouse im 3. Stock
- 1x 4.5-Zimmerwohnung im 2. Stock

Die Wohnungen verfügen beide über einen geräumigen und gemütlichen Wohnraum. Die gesamte Wohnung ist sehr modern und mit pflegeleichtem Parkett eingerichtet. Beide Wohnungen verfügen über 3 Schlafzimmer sowie 2 separate Badezimmer mit Bad, Dusche, WC sowie einer Sauna.;9.257302298223717;47.115411699999996;Gosten;8882;Unterterzen;+41 78 226 56 47;paimae.gongas@hotmail.com;[{'@type': 'ImageObject', 'contentUrl': 'https://hltpimtsoch.sos-ch-dk-2.exoscale-cdn.com/catalog/a/f/9/b/af9b51baa7d6ddaa6ca6803bb30a77a16c7b0be0_14.jpg'}];2026-04-21T17:11:07+02:00
7ce911ac-e81e-4073-a676-0f6f5d7f2984;Appartmenthaus Quadern (A302);Das Appartmenthaus Quadern liegt im Zentrum von Valens, nahe der Reha-Klinik. Es bietet eine ruhige Umgebung und ist ideal für Ausflüge zum Wandern, Biken und Schwimmen. Einkaufsmöglichkeiten und Postautohaltestellen sind in der Nähe.;Das Appartementhaus Quadern befindet sich im Dorfzentrum von Valens, in unmittelbarer Nähe zur Reha-Klinik. Das ruhig gelegene Mehrfamilienhaus verfügt über eine grosszügige Umgebung. Die Ferienwohnung ist im Gebäude mit 32- Eigentumswohnungen integriert. Wenige Schritte vom Haus entfernt befinden sich Einkaufsmöglichkeiten sowie Postautohaltestellen. Durch die hervorragende Erreichbarkeit ab Bad Ragaz über die grösste Bogenbrücke der Schweiz ist Valens zu jeder Jahreszeit attraktiv. Umgeben von beeindruckender Bergwelt erholen Sie sich am Ausgangspunkt für Ausflüge zum Wandern, Biken, Schwimmen und vielem mehr.;9.4823745;46.9704527;Quadernstrasse;7317;Valens;+41 76 440 43 19;radadimartino@gmail.com;[{'@type': 'ImageObject', 'contentUrl': 'https://hltpimtsoch.sos-ch-dk-2.exoscale-cdn.com/catalog/2/3/6/c/236cb40480e5ec98e2e7d2fbd10670409477ccac_Quadern_A302_Hauptbild.jpg'}];2026-05-16T08:43:25+02:00
7d14c721-8330-4cb6-9f02-8e64b3cd5250;Bistro Hafen West;Das Bistro Hafen West am Walensee bietet eine Sonnenterrasse mit freiem Blick auf den See und die Churfirsten. Es ist ein Selbstbedienungs-Bistro mit einer Auswahl an lokalen und marktfrischen Gerichten.;Das im Mai 2023 neu eröffnete Bistro liegt direkt am Ufer des Walensees. Der freie Blick von der Sonnenterrasse auf den See und die Churfirsten ist atemberaubend.
Vielfältiger Genuss zeichnet unser Selbstbedienungs-Bistro aus: 
Geniessen sie einen erfrischenden Aperitif, den AngusBeefBurger mit knackigen Salaten, oder bei einem Glas Wein die fantastische Naturkulisse und mit etwas Glück einen spektakulären Sonnenuntergang.;9.285898174697886;47.113664299999996;Strandweg 2331;8885;Mols;+41 79 481 88 85;kontakt@bistrohafenwest.ch;https://www.bistrohafenwest.ch/;[{'@type': 'ImageObject', 'contentUrl': 'https://hltpimtsoch.sos-ch-dk-2.exoscale-cdn.com/catalog/d/c/b/6/dcb6c50f82bff202d4afa0149e05eafcc4514557_Sonnenterrasse_Bistro_Hafen_West.jpg'}];2026-04-26T04:39:07+02:00
7e1b3159-609e-4ef4-90fa-508b232347d0;Berg-Gipfel Patrick Keller Bergführer;Berg-Gipfel in Zizers bietet geführte Touren mit einem diplomierten Schweizer Bergführer. Ob abwechslungsreiche Wanderungen oder 4000er-Gipfel, im Sommer und Winter werden vielfältige Erlebnisse für Paare, Familien, Gruppen und Singles geboten.;Als Professioneller diplomierter Schweizer Bergführer, begleite ich sie auf deine Wunschtour. Sei es auf eine Abwechslungsreiche Wanderung oder auf einen 4000er im Sommer wie auch im Winter.;9.560852;46.9337738;Rosgartenstrasse 18 A;7205;Zizers;0788214688;patrick.keller@berg-gipfel.ch;https://berg-gipfel.ch/;[{'@type': 'ImageObject', 'contentUrl': 'https://hltpimtsoch.sos-ch-dk-2.exoscale-cdn.com/catalog/2/4/5/f/245f3e6b6755b3ef4a04c1f6175b37f4949857e7_20190827_075527.jpg'}];2026-05-04T12:00:42+02:00
7e759b10-9f0b-4d17-92eb-d05d9398a49c;Start Snowboarding - Snowboardschule;Die Snowboardschule 'Start Snowboarding' in Flumserberg bietet private Kurse für Anfänger an. In vier Lektionen lernen Teilnehmende die Grundlagen des Snowboardens, begleitet von einem Privatlehrer, der auf individuelle Bedürfnisse eingeht.;Snowboarden zu lernen ist keine Hexerei. Während den 4 Privatlektionen, aufgeteilt auf den Morgen und Nachmittag, lernst du endlich Snowboarden! In diesem privaten Snowboardkurs in Flumserberg für Beginner, gehen wir locker sämtliche Schritte bis zu den ersten Basic-Turns durch. Das heisst du wirst bereits die ersten Kurven lernen. Der Kurs richtet sich speziell an Anfänger, welche zum ersten Mal auf dem Snowboard stehen werden. Dank dem Privatlehrer steht dir bei jedem Schritt jemand zur Seite, welche auf deine Bedürfnisse und Fortschritte eingehen kann und dir in jeder Situation zur Seite steht. Falls du den Kurs mit einer Kollegin oder einem Kollegen besuchen willst, darf dieser Gratis teilnehmen.;9.278898239135744;47.090753870005436;Bahnhofstrasse 1;8890;Flums;+41 78 705 23 97;info@startsnowboarding.ch;https://www.startsnowboarding.ch;[{'@type': 'ImageObject', 'contentUrl': 'https://hltpimtsoch.sos-ch-dk-2.exoscale-cdn.com/catalog/2/7/e/d/27edb18484333ded28bb35850f5d4e0a3d933108_overview_5_DCzNU7SJQCnKJLvj3vtt3LiDstKQws76vOgg8n1g.jpg'}];2026-05-15T08:43:30+02:00
7f3b889f-6fbe-498d-a36e-5167bcb5e2cd;INTERSPORT Network Flumserberg Testcenter Prodalp;Das INTERSPORT Network Flumserberg Testcenter Prodalp bietet eine grosse Auswahl an Schneesportausrüstung zum Testen und Kaufen. Vor Ort können Skier und Snowboards getestet werden, inklusive Materialwechsel während der Mietdauer.;Das Testcenter Prodalp bleibt über die Sommersaison geschlossen. 

Auf Prodalp finden Sie das Testcenter des INTERSPORT Network Flumserberg. Es steht Ihnen eine grosse Auswahl an Schneesportausrüstung direkt vor Ort zum Testen wie zum Kaufen zur Verfügung. Des Weiteren haben Sie die Möglichkeit Ihren Skiern oder dem Snowboard den letzten Wachs- bzw. Kantenschlief zu verpassen.

Test & Buy
Sie möchten sich gerne ein neues Paar Ski oder ein neues Snowboard kaufen, sind sich aber noch nicht sicher welche Marke beziehungsweise welches Modell es sein soll? Im Testcenter Prodalp haben Sie die Möglichkeit Snowboards und Skier direkt vor Ort zu testen. Bei der Bezahlung des Testtarifes haben Sie die Möglichkeit eines uneingeschränkten Materialwechsels während der Mietdauer. Und zudem werden beim Kauf bis zu zwei Testtage an den Preis angerechnet.;9.288613724365861;47.08039230899453;Testcenter Prodalp;8897;Flumserberg;+41 81 720 16 04;prodalp@intersport-network.ch;https://www.intersport-network.ch/filialen/testcenter-prodalp/;[{'@type': 'ImageObject', 'contentUrl': 'https://hltpimtsoch.sos-ch-dk-2.exoscale-cdn.com/catalog/2/b/a/5/2ba5a8590a122056846e040f844ff65ff01e3f44_tkv_bbf_skigastro_0039__52_5696__2.jpg'}];2026-05-29T04:14:08+02:00
7f8a4bfc-6693-4ae7-9b77-b34dd329634d;Ferienhaus Tannegg;Das Ferienhaus Tannegg in Flumserberg Tannenheim bietet eine ruhige Lage, nur fünf Gehminuten von der Prodkammbahn entfernt. Es verfügt über vier Zimmer, kostenfreien Parkplatz und Garage. Renoviert im Jahr 2016.;Das im Jahre 2016 renovierte Ferienhaus mit 4 Zimmern befindet sich an ruhiger Lage in Flumserberg Tannenheim, nur ca. 5 Gehminuten von der Prodkammbahn Tannenheim und vom Dorfladen entfernt. Zum Haus gehört ein kostenfreier Parkplatz und eine Garage.

Die Ferienwohnung wurde im Jahre 2016 renoviert und ist gemütlich und zeitgemäss eingerichtet. Die Wohn- und Schlafräume verfügen über einen Holzboden. Der Hausteil hat einen separaten Eingang.;9.301205304854964;47.09072995;Tschudiwiesenstrasse 5;8897;Flumserberg Tannenheim;peterbigger@bluewin.ch;[{'@type': 'ImageObject', 'contentUrl': 'https://hltpimtsoch.sos-ch-dk-2.exoscale-cdn.com/catalog/4/0/f/a/40fa4c5206678098b711207c820b0312d862d019_Ferienhaus_Tannegg_1.jpg'}];2026-04-09T13:35:10+02:00
8047ccf4-5a3c-41f1-a9cf-dae1f6139c23;Boutique-Hotel Bellevue & Genusswerkstatt;Das Boutique-Hotel Bellevue & Genusswerkstatt liegt im Zentrum von Bad Ragaz, nahe dem Kurpark und der Tamina Therme. Es bietet frische, saisonale Gerichte und wurde 2019 renoviert.;<p>Das Hotel befindet sich im Zentrum von Bad Ragaz. In unmittelbarer N&auml;he finden Sie den Kurpark sowie das Thermalbad Tamina Therme. Das Boutique-Hotel wurde im Jahr 2019 renoviert und erstrahlt im neuen Glanz. In der Genusswerkstatt werden frische und saisonale Gerichte zubereitet. Das Angebot SALT INSPIRATIONS reicht von Salaten, Suppen und Pasta &uuml;ber Vorspeisen, sowohl f&uuml;r den kleinen als auch f&uuml;r den grossen Hunger bis hin zu den Spezialit&auml;ten der Woche und Abendangeboten. Mit der SWEET INSPIRATION sind Torten, W&auml;hen, Desserts sowie das hervorragende B&uuml;ndner Glace "Glatsch" im Angebot.</p>;9.500832227957103;47.00107525;Bernhard Simonstrasse 2;7310;Bad Ragaz;081 302 23 33;info@bellevue-genusswerkstatt.ch;http://www.bellevue-genusswerkstatt.ch;[{'@type': 'ImageObject', 'contentUrl': 'https://hltpimtsoch.sos-ch-dk-2.exoscale-cdn.com/catalog/f/f/a/b/ffab7578f5818235114db7fe79157c8b2179e057_TDS00020012274586694_sized_800_0.jpg'}];2026-09-04T21:06:36+02:00
80ad88f8-1b29-40c6-b9d2-706fc517d659;Haus Bernova;Haus Bernova bietet eine ruhig gelegene 2,5-Zimmerwohnung im Flumserberg Tannenbodenalp, nur zwei Gehminuten von der Skiliftanlage entfernt. Die funktional eingerichtete Ferienwohnung verfügt über kostenlose Parkplätze.;Die 2.5 Zimmerwohnung befindet sich im Parterre eines freistehenden Einfamilienhauses in Flumserberg Tannenbodenalp. Das Haus ist ruhig gelegen und nur ca. 2 Gehminuten von der Skiliftanlage entfernt. Parkplätze sind kostenlos vorhanden.

Die Ferienwohnung ist zweckmässig eingerichtet. Wohn- und Schlafräume verfügen über einen Plattenboden.;9.285433097139828;47.09269295;Abendweistrasse 11;8898;Flumserberg Tannenbodenalp;+41 55 210 15 13;bernova@bluewin.ch;http://homepage.bluewin.ch/bernova;[{'@type': 'ImageObject', 'contentUrl': 'https://hltpimtsoch.sos-ch-dk-2.exoscale-cdn.com/catalog/a/e/b/7/aeb71e5578db285332b8ca86309a58dbb9a83c1a_Haus_Bernova_1.jpg'}];2026-02-09T16:23:37+01:00
8180f7a5-2035-44fa-bc28-90b967125816;Haus zur Föhre (Whg. Lendi);Die 3-Zimmerwohnung im Haus zur Föhre in Flumserberg Tannenboden bietet Platz für bis zu fünf Personen. Sie liegt nur zwei Minuten vom Skilift entfernt und verfügt über zwei Balkone sowie einen kostenlosen Garagenplatz.;Die 3-Zimmerwohnung befindet sich in einem 6-Familienhaus in Flumserberg Tannenboden. Bis zum Skilift sind es nur ca. 2 Minuten. Zur Wohnung gehört ein kostenloser Garagenplatz.

Die Wohnung ist gemütlich, mit viel Holz eingerichtet und hat Platz für bis zu 5 Personen. Zur Ferienwohnung gehören zwei Balkone.;9.286522401042062;47.0918244;Abendweidstrasse 4;8898;Flumserberg Tannenbodenalp;+4975441569;vrenilendi@web.de;[{'@type': 'ImageObject', 'contentUrl': 'https://hltpimtsoch.sos-ch-dk-2.exoscale-cdn.com/catalog/a/9/5/6/a9560766413beb4d96be17f9ddbd778da64cd6a3_Haus_zur_F__hre_4.jpg'}];2026-02-09T16:39:01+01:00
81af0ace-bb54-4f54-8c5d-f5f21f062d35;Buchladen Bad Ragaz;Der Buchladen Bad Ragaz bietet eine sorgfältig ausgewählte Buchkollektion im Herzen von Bad Ragaz. Eine persönliche Beratung vor Ort ist selbstverständlich, um die passende Lektüre für jeden Geschmack zu finden.;Bücherliebhaber.   Bei unserer kleinen, aber feinen Auswahl an Büchern wird jeder fündig. Alle Titel sind persönlich ausgewählt und die Auswahl immer aktuell.  Eine persönliche Beratung vor Ort ist für uns selbstverständlich;9.501081705093384;47.00311805552805;Bartholoméplatz 3;7310;Bad Ragaz;+41 81 302 16 14;info@buchbadragaz.ch;https://buchbadragaz.ch/;[{'@type': 'ImageObject', 'contentUrl': 'https://hltpimtsoch.sos-ch-dk-2.exoscale-cdn.com/catalog/c/b/8/3/cb834baf10d7bac1f476c28e1f948e370758af6c_Buchladen_Bad_Ragaz_Buecherliebe_KaufLokal_1.png'}];2026-05-08T13:25:05+02:00
82ae06fb-bf9c-4634-b23a-275d0806d7b6;Bergrestaurant Prodalp;Das Bergrestaurant Prodalp bietet ein Selbstbedienungskonzept mit 400 Sitzplätzen und einer Terrasse für 250 weitere Gäste. Es ist ideal für Veranstaltungen und bietet flexible Nutzungsmöglichkeiten dank mobilem Mobiliar.;Das Bergrestaurant Prodalp ist ein klassisches Selbstbedienungsrestaurant, mit bis zu 400 Sitzplätzen. Die verschiedenen Räume sind mit mobilem Mobiliar ausgestattet, was einen flexiblen Einsatz ermöglicht. Die grosszügige Terrasse bietet weitere 250 Sitzplätze, wovon sich ein Teil im überdachten Sektor mit Windschutzverglasung befindet. Das Bergrestaurant Prodalp bietet idealen Raum für individuelle Anlässe von Firmen, Vereinen oder Gruppen sowie beste Voraussetzungen für Meetings, Seminare und grössere Veranstaltungen.

Das Prodissimo ist der ideale Ort für einen Zwischenhalt bei Ihrem Wintersporttag am Flumserberg. Wir bieten Ihnen neben einer grossen Auswahl an Getränken, leckere Snacks sowie Gebäck. Des Weiteren verkaufen wir bei uns die attraktiven Artikel aus dem Flumserberg FanShop. Das Prodissimo befindet sich direkt neben der CLiiMBER Ausgabestelle bei der Talstation der 8er-Sesselbahn Prodkamm.

Die moderne FahrBar besitzt eine abwechslungsreiche Getränkekarte mit warmen und kalten Drinks für jeden Geschmack. Die FahrBar ist der perfekte Ort für einen Zwischenstopp - sei es bei einem erlebnisreichen Wintersporttag oder einer atemberaubenden Winterwanderung am Flumserberg.;9.289385010844985;47.08064675;Prodalp;8897;Flumserberg Tannenheim;+41 81 733 27 23;info@prodalp.ch;http://www.prodalp.ch;[{'@type': 'ImageObject', 'contentUrl': 'https://hltpimtsoch.sos-ch-dk-2.exoscale-cdn.com/catalog/9/c/0/d/9c0d7d4e15aec9dd61b36eae9ac369ac8b1f44f5_Prodalp_Aussenansicht.jpg'}];2026-06-05T16:30:17+02:00
831134dd-4b85-4a3c-b444-cd46e79178ed;Rodelbahn FLOOMZER;Die Rodelbahn FLOOMZER am Flumserberg bietet eine 2 km lange Abfahrt durch Tunnel, über Brücken und Kurven. Dank wetterfester Fahrzeuge ist der Spass bei jeder Witterung möglich. Ein beliebtes Ziel für Familien und Gruppen.;Flitze auf der sicheren Rodelbahn 2 km und 250 Tiefenmeter durch Tunnel, über Brücken, Kurven, Wellen und Kreisel durch die atemberaubende Landschaft vom Chrüz bis nach Tannenboden. Mit dem attraktiven Early Bird-Angebot profitierst du täglich von unlimitierten Rodelfahrten von 10.00 bis 12.00 Uhr. Dank der wetterfesten Rodel-Fahrzeuge, kann der FLOOMZER-Spass bei jeder Witterung stattfinden. Die Rodelbahn FLOOMZER ist ein beliebtes Ausflugsziel für Familien, Gruppen, Vereine und Firmen.;9.2807483;47.0919796;Molseralpstrasse 9;8898;Flumserberg Tannenboden;+41 81 720 15 15;info@flumserbergbahnen.ch;https://www.flumserberg.ch/rodelberg;[{'@type': 'ImageObject', 'contentUrl': 'https://hltpimtsoch.sos-ch-dk-2.exoscale-cdn.com/catalog/0/d/f/a/0dfa7c4fa916fc8bfd1710e0ca9fd471d753d728_Rodelbahn_FLOOMZER_aussichtsreiche_Talfahrt.jpg'}];2026-06-24T14:42:51+02:00
831ca326-78a8-4a5e-827a-8cdb5e5e6ee0;St. Gallerhof Apartment;Die Ferienwohnung liegt zentral in Bad Ragaz, nahe der Tamina Therme und Einkaufsmöglichkeiten. Sie bietet einen Balkon, ist rollstuhlgerecht und verfügt über Waschmaschine und Trockner. Parkmöglichkeiten sind im nahegelegenen Parkhaus vorhanden.;<p>Das St. Gallerhof Apartment befindet sich mitten im Dorf von Bad Ragaz, nahe der Tamina Therme (ca. 10 min Fussweg) sowie allen Einkaufsm&ouml;glichkeiten (ca. 2 min Fussweg). Die Wohnung befindet sich in einem mehrst&ouml;ckigen Geb&auml;ude und bietet Zugang zu einem Balkon. Parkm&ouml;glichkeiten befindet sich im nahegelegenen Parkhaus im Dorf (kostenpflichtig). Die gesamte Wohneinheit ist rollstuhlgerecht und ist mit einem Fahrstuhl erreichbar. Eine Waschmaschine, ein W&auml;schetrockner und ein B&uuml;geleisen sind verf&uuml;gbar. Es ist eine Nichtraucherwohnung.</p>;9.5007894;47.0017573;Kronenplatz 1;7310;Bad Ragaz;+41 61 382 33 22;info@basel-rooms.ch;https://www.basel-rooms.ch/bad-ragaz-ferienwohnung/;[{'@type': 'ImageObject', 'contentUrl': 'https://hltpimtsoch.sos-ch-dk-2.exoscale-cdn.com/catalog/4/5/d/7/45d79611a3d644df78f73766402b13d751bb721e_Fewo_Krone_2.jpg'}];2026-08-26T04:44:34+02:00
83b8c2bc-7c30-48c1-8cda-b5f1610d5046;Ferienhaus Siesta;Das Ferienhaus Siesta liegt ruhig am Ende einer Quartierstrasse in Flumserberg Tannenbodenalp. Es bietet Platz für bis zu sieben Personen mit vier Zimmern, Terrasse, Cheminée und Liegewiese. Hunde sind auf Anfrage willkommen. Im Sommer wird das Haus nicht vermietet.;Ferienhaus an ruhiger Lage, am Ende einer Quartierstrasse, im Grünen gelegen, prächtige Aussicht. 4-Zimmer, max. 7 Personen, Terrasse, Cheminée, Liegewiese, Parkplatz. Hunde auf Anfrage. 

Im Sommer keine Vermietung.;9.280963;47.094247;Drachenweid 16;8898;Flumserberg Tannenbodenalp;+4179 4195171;schwalbenpark@bluewin.ch;[{'@type': 'ImageObject', 'contentUrl': 'https://hltpimtsoch.sos-ch-dk-2.exoscale-cdn.com/catalog/b/7/1/1/b711d38567a17c94607a30bfc0d3c166ea471203_Stube___Kamin_und_Sofa.jpg'}];2026-05-14T23:16:08+02:00
83cd51e2-4403-4b78-9cff-eed27d56dec8;Skihüttli Golerberg;Die Skihütte Golerberg bietet eine gemütliche Gaststube und eine sonnige Terrasse mit beeindruckender Aussicht. Sie befindet sich bei der Bergstation des Skilifts Tristeli und ist ideal für Sonnenanbeter am St. Margrethenberg.;Bescheidene Hütte mit heimeliger Gaststube und sonniger Terrasse mit herrlicher Aussicht.

Die Hütte steht bei der Bergstation des Skilift Tristeli.

Das Hüttli ist von St.Margrethenberg über den Winterwanderweg, von November bis März immer gut zu erreichen.;9.50096705084561;46.97508481906897;Golerberg 1;7313;St. Margrethenberg;+41 79 792 58 46  / +41 79 671 19 09;roger.stmberg@bluewin.ch;http://www.golerberg.ch;[{'@type': 'ImageObject', 'contentUrl': 'https://hltpimtsoch.sos-ch-dk-2.exoscale-cdn.com/catalog/e/5/a/6/e5a69a902e7ea949953d5df5f3ec7a95be2045ce_1000166665__2.jpg'}];2026-05-16T22:09:27+02:00
844f0c5a-f5e6-48eb-b718-1c5592e1872f;Casa Luna A (Whg. Riesen);Die 3,5-Zimmerwohnung Casa Luna A liegt zentral am Flumserberg Tannenboden, gegenüber dem Hotel Tannenboden. Sie bietet einen kostenlosen Tiefgaragenplatz sowie einen Skiraum und Veloraum, die von aussen zugänglich sind.;Die 3.5-Zimmerwohnung liegt zentral am Flumserberg Tannenboden gegenüber dem Hotel Tannenboden, unweit von der Bushaltestelle und einem kleinen Supermarkt entfernt. Zur Wohnung gehört ein kostenloser Tiefgaragenplatz. Zudem ist ein Skiraum und ein Veloraum von aussen zugänglich.;9.286226900000003;47.092718250000004;Flumserbergstrasse 187;8898;Flumserberg Tannenbodenalp;+41 79 634 24 81;casaluna.flumserberg@gmail.com;[{'@type': 'ImageObject', 'contentUrl': 'https://hltpimtsoch.sos-ch-dk-2.exoscale-cdn.com/catalog/a/e/4/f/ae4f8f4bdd807d11673c2d5b5577de731b5ea7b4_Flumsi.jpg'}];2026-01-19T12:01:39+01:00
845159ec-05e5-48ae-8f4d-8627c1d23dfa;Ferienhaus "The View";Das Ferienhaus The View liegt zentral in Flumserberg-Tannenboden, nur 10 Gehminuten von der Talstation Tannenboden entfernt. Es bietet eine schöne Aussicht auf die Churfirsten und Einkaufsmöglichkeiten sind in wenigen Minuten zu Fuss erreichbar.;Das 6-Zimmer-Ferienhaus befindet sich direkt im Zentrum von Flumserberg-Tannenboden, 10 Gehminuten von der Haustüre bis zur Talstation Tannenboden und bietet eine schöne Aussicht auf die Churfirsten. Einkaufsmöglichkeiten sind in wenigen Minuten zu Fuss erreichbar. ;9.286983526553339;47.09334135;Arvenstrasse 4;8898;Flumserberg Tannenbodenalp;+41 78 847 21 25;am.schuepbach@bluewin.ch;[{'@type': 'ImageObject', 'contentUrl': 'https://hltpimtsoch.sos-ch-dk-2.exoscale-cdn.com/catalog/1/7/7/5/1775064e14a89f8179265b423f95597d0ae8abbb_Aussenansicht.jpg'}];2026-01-19T12:01:39+01:00
84fe53c7-2246-4fb1-b78c-2c025109f3a7;Restaurant Sennästube;Das Restaurant Sennästube in Flumserberg Tannenbodenalp bietet gutbürgerliche Küche und Käsespezialitäten. Es ist ein idealer Ausgangspunkt für Langlauf und Hundeschlittentouren im Winter sowie Wanderungen im Sommer. Ein Kinderspielplatz und eine Gartenwirtschaft mit Bergblick sind vorhanden.;Heimelig, gemütliches Restaurant mit direkter Einsicht durch eine Glaswand in die Produktionsräume der Alpkäserei. Gut bürgerliche Küche, Käsespezialitäten und Kindermenus für die kleinen Gäste.  

Im Winter
Der ideale Ausgangspunkt zum Langlaufen sowie für die Hundeschlittentouren. Ausserdem beginnen hier mehrere idyllische Winterwanderwege.

Im Sommer
Ausgangspunkt für diverse Wanderwege ins Wanderparadies Flumserberg. Grosse Gartenwirtschaft mit Kinderspielplatz und wunderschöner Aussicht auf die imposante Bergwelt.;9.287814338148326;47.089852;Alp Tannenbodenstrasse 4;8898;Flumserberg Tannenbodenalp;+41 81 733 00 23;info@sennenstube.ch;https://www.sennenstube.ch;[{'@type': 'ImageObject', 'contentUrl': 'https://hltpimtsoch.sos-ch-dk-2.exoscale-cdn.com/catalog/8/5/0/9/8509aeff1a4f5c12f4e3d1db3e53702ead27b139_Sennastube.jpg'}];2026-08-16T08:32:24+02:00
85962953-0ef2-4570-84da-c6b891e05bc8;Ferienwohnung Gäumann - Kiener;Die Ferienwohnung Gäumann - Kiener in Bad Ragaz bietet eine gemütliche 3 1/2 Zimmer Duplex-Wohnung mit sonniger Terrasse und kostenfreiem Parkplatz. Sie ist ideal gelegen in der Nähe des Bahnhofs und bietet Internet sowie Kabel-TV.;Es erwartet Sie eine gemütliche 3 1/2 Zimmer Duplex-Wohnung, die ideal in der Nähe des Bahnhofes liegt. Der Autobus, der Sie bequem in die Ortsmitte zu den Einkaufsmöglichkeiten und den Thermalbädern führt, ist nur wenige Minuten entfernt.

Die Wohnung, 75m2 gross, liegt im ersten Stock eines Vierfamilienhauses. 
Auf der Eingangsetage erwartet Sie ein gemütlicher Wohnraum mit moderner offener Küche mit Esstisch, vier Stühlen, Stehbar, Sofa (Canapélit), zwei Sesseln, Kabel TV.
Die vollausgestattete Küche verfügt über Keramikkochfeld, Backofen, grossen Kühlschrank, Geschirrspülmaschine, Kaffeemaschinen, Wasserkocher, Toaster, Fondue- Raclette Set.
Weiter gibt es ein Badezimmer mit Badewanne und WC.
Vom Wohn- Essraum aus gelangen Sie direkt auf die grosse sonnige Terrasse (2021 renoviert) mit einem traumhaften Blick auf die Bergwelt und die Tamina Brücke. Sitzgelegenheiten wie Gartenlounge, Tische, Stühle sind vorhanden.

Im oberen Stockwerk finden Sie die Schlafzimmer. Ein Schlafraum ist ausgestattet mit zwei Betten und einem antiken Holzschrank, der andere, ein Giebelzimmer, verfügt über zwei Betten und ein Lavabo. Zudem ist ein separates WC auf dem Stockwerk.

Die Wohnung verfügt über Parkettböden (2022 unteres Stockwerk neu versiegelt).
Auch steht Ihnen ein kostenfreier Parkplatz zur Verfügung.
Internet, Kabel TV vorhanden.;9.506962608812813;47.009789549999994;Fläscherstrasse 73;7310;Bad Ragaz;+41794274588;renate.gaeumann@gmail.com;[{'@type': 'ImageObject', 'contentUrl': 'https://hltpimtsoch.sos-ch-dk-2.exoscale-cdn.com/catalog/4/0/7/4/40743a0598ed196d6ebf19e135a34db76743669e_Hauptbild_Wohnzimmer__2.jpg'}];2026-03-11T14:17:37+01:00
85fca628-9465-472a-8938-65009d583af3;Gauenpark (Whg. Zürcher);Das Gauenpark Apartment in Flumserberg Tannenheim bietet eine gemütliche 1 1/2 Zimmer Wohnung mit 2-4 Betten. Die Unterkunft ist familienfreundlich und bietet eine wunderschöne Aussicht auf die Churfirsten.;Küche mit Abwasch- und Nespresso- Kaffeemaschine, Mikrowelle, Toaster, Racletteöfeli, Fondue - Chinoise- Käse etc.
Wohnzimmer mit Fernseher, DVD, X-Box und Stereoanlage.
Wunderschöne Aussicht auf die Churfirsten.;9.298958655716081;47.0901013;Flumserbergstrasse 146;8897;Flumserberg Tannenheim;+41 71 891 54 25;heidi.zuercher61@bluewin.ch;[{'@type': 'ImageObject', 'contentUrl': 'https://hltpimtsoch.sos-ch-dk-2.exoscale-cdn.com/catalog/1/e/d/3/1ed30813fda265a330182c4b038c7eead8ba6fdb_Flumsi_15.6.14_016.JPG'}];2026-05-15T08:45:17+02:00
86cdf6c2-b02f-42f4-8972-fe35889ef0d3;Alprestaurant Panüöl;Das Alprestaurant Panüöl am Flumserberg bietet eine ruhige Atmosphäre mit einer gemütlichen Sonnenterrasse und beeindruckendem Bergblick. Es ist zu Fuss erreichbar und bietet Übernachtungsmöglichkeiten sowohl im Restaurant als auch in der Alphütte.;Stärken Sie sich für Ihren Tag auf den Ski bei einem Aufenthalt im Alprestaurant Panüöl. Die Inneneinrichtung aus viel Holz verspricht eine heimelige Atmosphäre und auch die gemütliche Sonnenterrasse lädt zum Verweilen ein. Der Blick auf die rundumliegende Bergwelt ist überwältigend.

Das Alprestaurant Panüöl ist auch zu Fuss erreichbar. Erleben Sie die Ruhe am Flumserberg bei einer gemütlichen Winterwanderung ab Prodalp oder besuchen Sie das Alprestaurant mit dem Panüöl-Sessel via Maschgenkamm.

Sowohl im Alprestaurant Panüöl wie auch in der Alphütte Panüöl werden Übernachtungsmöglichkeiten angeboten.;9.2581777;47.0630157;Panüöl;8898;Flumserberg;+41 81 710 12 47;info@alprestaurant-panuol.ch;http://www.alprestaurant-panuol.ch;[{'@type': 'ImageObject', 'contentUrl': 'https://hltpimtsoch.sos-ch-dk-2.exoscale-cdn.com/catalog/7/3/c/b/73cba293a9519b05503b829e51878a0583e7c8f3_Alprestaurant_Pan____l.jpg'}];2026-04-28T06:25:03+02:00
871568b2-ed4f-4f2f-abae-8c6aafe066bb;Kuppelwieser's Hofladen & Hofcafé;Kuppelwieser's Hofladen & Hofcafé in Bad Ragaz bietet frische Bio-Produkte direkt vom Hof. Geniesse regionale Köstlichkeiten und ein reichhaltiges Kuchen- und Tortenbuffet in gemütlicher Atmosphäre. Ideal für Paare, Familien und Gruppen.;Wo wäre es authentischer unsere Produkte zu verköstigen und zu verkaufen, als am gleichen Ort an dem unsere Bio-Produkte wachsen? Wir sind die Kupplis. Seit 1997 helfen wir unseren leckeren Bio Äpfeln und Beeren ihr natürliches Aroma bestens zu entfalten. Diese aromatischen und saftigen Früchte, weitere regionale Produkte, sowie unsere hofeigenen Getränke (z&#039;wilda Heidi) können Sie frisch in unserem Hofladen beziehen. Auch das leckere Kuchen- &amp; Tortenbuffet sollten Sie sich nicht entgehen lassen.;9.492037296295168;47.027692589035;Heulöserweg 2;7310;Bad Ragaz;+41 81 511 04 45;gruezi@kuppelwieser.bio;https://www.kuppelwieser.bio;[{'@type': 'ImageObject', 'contentUrl': 'https://hltpimtsoch.sos-ch-dk-2.exoscale-cdn.com/catalog/8/5/d/0/85d0125b8911fdbc168dcec210489c78d615c7a0_kuppelwieser_hofladen_hofcafe.jpg'}];2026-07-31T13:24:15+02:00
87dc73dc-5c2c-4325-b3de-6a84dda96e03;Chalet Gauschla (CharmingStay);Das Chalet Gauschla in Flumserberg Tannenheim bietet zwei gemütliche Ferienwohnungen mit moderner Ausstattung und Terrasse. Die ruhige Lage auf 1250 m ü. M. ermöglicht einen schnellen Zugang zum Dorfzentrum und zur Prodalp-Express-Bahn.;Das Chalet steht in Flumserberg Tannenheim im Quartier Angettlin, auf rund 1250 m ü. M. an ruhiger und sonniger Lage. Zum Dorfzentrum Tannenheim mit Restaurants, Einkaufsladen und Prodalp-Express-Bahn sind es nur ca. 7 Gehminuten. Zum Chalet gehört ein kostenloser Parkplatz. Es besteht eine ganzjährige Zufahrt.

Details der einzelnen Ferienwohnungen
- 1x 3.5 Maisonette-Zimmerwohnung im Parterre
- 1x 2.5-Zimmer-Wohnung im oberen Stock

Die Wohnungen verfügen beide über einen geräumigen und gemütlichen Wohnraum mit Sofa, TV, Radio und CD/DVD-Player sowie einem Essbereich mit grossem Holztisch, Eckbank und Stühlen. Bad mit Dusche/WC, Haarföhn und eine moderne Küche mit Induktionskochfeld, Backofen, Kühlschrank, Geschirrspüler, Kaffee-/Teekocher, Fondue- und Raclettegeschirr. Zu den Wohnungen gehört auch eine Terrasse mit grossartiger Aussicht.;9.3065867;47.0834836;Obere Angetlinstrasse 6;8897;Flumserberg Tannenheim;+41 79 504 90 45;contact@charmingstay.ch;https://www.charmingstay.ch;[{'@type': 'ImageObject', 'contentUrl': 'https://hltpimtsoch.sos-ch-dk-2.exoscale-cdn.com/catalog/0/5/1/4/0514436573ace72e4e384d41ef9ec1ce8e16edcd_Gauschla__6_.JPG'}];2026-01-19T12:01:39+01:00
8977ce24-4adc-4996-a934-4ba82331b345;Anlegestelle Hafen Betlis;Schiff Ahoi, ab Betlis durch den Schweizer "Fjord".;<p>Erforschen Sie die tiefblaue Mitte der Region und geniessen Sie die atemberaubende Bergkulisse auf dem Walensee. Lassen Sie sich von den majest&auml;tischen Churfirsten, der wild romantischen Natur, dem glasklaren Wasser und den fantastischen Stimmungen am Walensee verzaubern. Der Walensee, das Paradies f&uuml;r nah und fern. Die Schiffsbetrieb Walensee AG verbindet Orte, Angebote und Aktivit&auml;ten in idealer Weise. Die Verbindung nach Quinten ist auch im Winter durchgehend in Betrieb.</p><h3>Zugangsinformationen</h3><div class="rte"><ul><li>Stufenloser Zugang</li><li>Ein- und Ausstieg durch Personalhilfestellung</li><li>Gruppen ab 10 Personen und Rollst&uuml;hle m&uuml;ssen im Voraus angemeldet werden.</li><li>Kein taktiles Leitsystem vorhanden</li></ul></div>;9.1459512;47.1343466;8872;Betlis;+41 81 720 34 34;info@walenseeschiff.ch;https://walenseeschiff.ch/de/fahrplan/anlegestellen/betlis.html;[{'@type': 'ImageObject', 'contentUrl': 'https://hltpimtsoch.sos-ch-dk-2.exoscale-cdn.com/catalog/b/a/4/7/ba4755ef6117ca3a2957b129e0fd817cf5031410_Anlegestelle_Hafen_Piktogramm_HLT.png'}];2026-04-22T04:14:58+02:00
8a5a2ec0-710a-497f-9923-acff7195b22b;Ferienhaus Fäsch;Das Ferienhaus Fäsch in Flumserberg Bergheim bietet eine ruhige Lage mit Blick auf die Churfirsten. Es verfügt über einen Spielplatz, Sitzplatz, Cheminée und Kinderspielzeug, ideal für Familien und Gruppen.;Das 5-Zimmer-Ferienhaus befindet sich an ruhiger und sonniger Lage in Flumserberg Bergheim mit herrlicher Aussicht auf die Churfirsten. Das Haus hat viel Umschwung mit Spielwiese, Sitzplatz, Cheminée und Kinderspielzeug.

Das heimelige Ferienhaus ist gemütlich und komfortabel, mit viel Holz eingerichtet. Die Wände im Wohn- und Schlafzimmer sind getäfelt.;9.296197410935912;47.1034368;Oberfäschstrasse 3;8896;Flumserberg Bergheim;+41 78 807 92 84;faescherstallstobe@bluewin.ch;[{'@type': 'ImageObject', 'contentUrl': 'https://hltpimtsoch.sos-ch-dk-2.exoscale-cdn.com/catalog/f/1/f/4/f1f4d9320b51a485d5a8cb0e14bc5924022f0045_Ferienhaus_F__sch_1.jpg'}];2026-04-09T13:31:49+02:00
8b0ab76f-5739-411b-bfe9-fdf537b9715b;Ferienwohnung "Haus zur Arve";Die 3,5-Zimmerwohnung im Haus zur Arve bietet eine ideale Lage für Skifahren, Biken und Wandern. In wenigen Minuten erreichst Du Restaurants, Einkaufsmöglichkeiten und die Skischule. Der Balkon bietet eine Aussicht auf die Bergkette.;Die schöne im Chalet-Stil eingerichtete 3.5-Zimmerwohnung im "Haus zur Arve" befindet sich an einer top Lage als Ausgangsstandort für Skifahren, Biken und Wandern. In wenigen Gehminuten befinden sich Restaurants, Einkaufsmöglichkeiten und die Skischule. Die Ferienwohnung verfügt über einen Balkon mit Sicht auf die umliegende Bergkette. ;9.285433097139828;47.09269295;Abendweidstrasse 11;8898;Flumserberg Tannenboden;+41 79 683 12 31;nicole@familiebrunner.net;[{'@type': 'ImageObject', 'contentUrl': 'https://hltpimtsoch.sos-ch-dk-2.exoscale-cdn.com/catalog/6/5/5/6/6556e1c9d0858819b6a267a1811153d43f601395_Haus_zur_Arve__4_.jpeg'}];2026-01-19T12:01:39+01:00
8b2c1425-db3a-41f7-8f57-081ebb03e5ff;Ortsmuseum Walenstadt;Das Ortsmuseum Walenstadt widmet sich der Geschichte der Stadt. Es zeigt Urkunden, Bilder bedeutender Persönlichkeiten und Exponate wie die Originalmasken der Gemeinderölli. Der Verkehrsweg Sarganserland-Walensee und die Wasserkraftnutzung Widenbach werden anschaulich dargestellt.;Das Ortsmuseum widmet sich der Geschichte von Walenstadt. Neben Urkunden der Stadt werden Bilder bedeutender Persönlichkeiten präsentiert. Der Verkehrsweg Sarganserland-Walensee und die Wasserkraftnutzung Widenbach werden anschaulich dargestellt. Spezielle Exponate sind die Originalmasken der Gemeinderölli von Walenstadt und die Holzmasken von Berschis.

Öffnungszeiten: 1. Samstag jeden Monats: Von 10.00 - 11. 00 Uhr. Um 10.00 Uhr Führung durch das Ortsmuseum, bei Interessen mit Stadtrundgang.
Anmeldungen für Führungen ausserhalb dieses Termins sind per Mail möglich.;9.3148602;47.1242197;Rathausplatz 1;8880;Walenstadt;+41 00 000 00 00;ortsbuerger.walenstadt@bluewin.ch;https://www.ortsgemeinde-walenstadt.ch/oeffentlichkeit/ortsmuseum/;[{'@type': 'ImageObject', 'contentUrl': 'https://hltpimtsoch.sos-ch-dk-2.exoscale-cdn.com/catalog/c/7/9/d/c79da53115823a0e66a2854da11a25f1806d8d35_690_online_1_Altes_Rathaus_Walenstadt_Ortsmuseum.jpg'}];2026-08-01T16:30:15+02:00
8b40c0df-6ed0-498c-9202-e90530816ef2;Luzi Boner Bio-Weinbau und Brennerei;Boner & Rasi Weinbau und Brennerei in Malans GR bietet seit über 25 Jahren Bio-Weine und Edelbrände an. Der Familienbetrieb in sechster Generation zeichnet sich durch Vielfalt und eine familiäre Atmosphäre aus.;Bio ist bei uns nicht nur ein Trend! Seit über 25 Jahren dürfen wir unsere Produkte mit der Bio Suisse Knospe auszeichnen. Unser kleiner Familienbetrieb, inzwischen in der sechsten Generation, zeichnet sich durch Vielfältigkeit und familiärer Stimmung aus. Ohne Hype und Bluff produzieren wir mit grosser Sorgfalt und Hingabe diverse Weine und Edelbrände.;9.5753616;46.9819488;Herrengasse 7;7208;Malans GR;+41 81 322 19 54;info@boner-wein.ch;http://www.boner-wein.ch;[{'@type': 'ImageObject', 'contentUrl': 'https://hltpimtsoch.sos-ch-dk-2.exoscale-cdn.com/catalog/2/3/0/6/23066622dec24cdbcc294def64741c02895b306d_neu2.jpg'}];2026-05-14T08:14:37+02:00
8b4fc2de-c14c-4494-8dee-01e4a423e03e;Haus Heimetli (CharmingStay);Das Haus Heimetli (CharmingStay) ist ein modernes 4,5-Zimmer-Ferienhaus in ruhiger Lage nahe Tannenboden Dorf. Es bietet eine grosse Terrasse mit Kamin-Grill und ist ideal für Paare, Familien und Singles.;Das im Jahr 2016 neu gebaute 4.5-Zimmer-Haus befindet sich an sehr ruhiger Lage unweit von Tannenboden Dorf. Gondel- bzw. Sesselbahn für Wanderungen sind ca. 20 Gehminuten entfernt. Im Winter sind es zu den Skiliften rund 15 Gehminuten. Restaurants und Einkaufsmöglichkeiten sind in ca. 10 Minuten zu erreichen. Zum Ferienhaus gehört ein kostenloser Garagenplatz.

Die Wohnung ist sehr modern und komfortabel eingerichtet. Wohn- und Schlafräume verfügen über einen schönen Holzboden. Bilder und Schmuck verzieren Wände und Regale. Zum Haus gehört zudem eine grosse Terrasse, ca. 25m2 mit Kamin-Grill.;9.288912835240716;47.09376955865367;Ahorenstrasse 14;8898;Flumserberg Tannenbodenalp;+41 79 504 90 45;contact@charmingstay.ch;https://www.charmingstay.ch;[{'@type': 'ImageObject', 'contentUrl': 'https://hltpimtsoch.sos-ch-dk-2.exoscale-cdn.com/catalog/0/6/4/2/064242405cb1c5a59f45a9562db0d3481a99ae9e_1.1_new_.jpg'}];2026-06-03T05:23:50+02:00
8b8a3914-85a0-4311-81bd-91a0af51da6d;Haus zur Föhre (Whg. Selzam);Die 3,5-Zimmerwohnung im Haus zur Föhre bietet eine zentrale Lage in Flumserberg Tannenboden mit Blick auf die Churfirsten. Sie ist modern eingerichtet und verfügt über einen Gartensitzplatz und Balkon. Haustiere sind auf Anfrage erlaubt.;Die 3.5 Zimmerwohnung befindet sich in einem 6-Familienhaus an ruhiger Lage, zentral gelegen in Flumserberg Tannenboden mit sehr schöner Aussicht auf die Churfirsten. Die Lifte und der Sammelplatz der Ski- und Snowboardschule sind ca. 250m entfernt. Zur Wohnung gehört ein kostenloser Garagenplatz. Haustiere auf Anfrage.

Die helle, frisch renovierte Wohnung ist gemütlich und modern eingerichtet. Wohn- und Schlafräume sind mit Vinylböden ausgerüstet. Zur Wohnung gehören ein Gartensitzplatz und ein Balkon. Im Wohnzimmer befindet sich ein TV, WLAN ist nicht vorhanden.;9.286522401042062;47.0918244;Abendweidstrasse 4;8898;Flumserberg Tannenbodenalp;+41 52 335 18 16;r.selzam@bluewin.ch;[{'@type': 'ImageObject', 'contentUrl': 'https://hltpimtsoch.sos-ch-dk-2.exoscale-cdn.com/catalog/3/e/6/8/3e68a43e6f7edbe7c46c1ccf4a7ce5d6e421ef0b_Haus_zur_F__hre_6.jpg'}];2026-05-08T10:02:22+02:00
8be2c482-c60b-4950-9fef-1ef302edd52f;Raststätte Walensee;Die Raststätte Walensee an der A3 bei Unterterzen bietet eine beeindruckende Aussicht auf das Churfirstenmassiv. Das Panoramarestaurant ist mit dem Gütesiegel Best of Swiss Gastro ausgezeichnet und bietet saisonale, gutbürgerliche Küche.;Die Raststätte Walensee liegt an der A3 bei Unterterzen und besticht durch die wunderschöne Aussicht auf das Churfirstenmassiv. Die Raststätte kann von beiden Fahrtrichtungen erreicht werden. Ein kurzer Fussmarsch (14 Min.) verbindet die beiden Raststätten. Den Walensee und seine Umgebung aus einer erhöhten Perspektive zu betrachten und dazu ein feines Essen im Panoramarestaurant geniessen ist ein Highlight und Erholung pur.

Das Panoramarestaurant ist mit dem Gütesiegel Best of Swiss Gastro ausgezeichnet. Für die kleinen Gäste gibt es einen Spielplatz gleich neben dem Panoramarestaurant. Die Schirmbar überzeugt mit gemütlicher Atmosphäre.

Die Raststätte ist behindertengerecht eingerichtet.

Die moderne Tankstelle ist 24 h für Sie geöffnet. Tanksäulen mit Notenautomaten (CHF oder Euro) zur Selbstbedienung stehen stets zur Verfügung.;9.266331174697704;47.1127102;Bergsboden A3;8882;Unterterzen;+41817381212;walensee@gruppe-thurau.ch;http://www.gruppe-thurau.ch/walensee_raststaette.html;[{'@type': 'ImageObject', 'contentUrl': 'https://hltpimtsoch.sos-ch-dk-2.exoscale-cdn.com/catalog/e/6/5/6/e6562aba64e88bb58966e819da10696bf46f4284_Rastst__tte___bersicht.jpg'}];2026-04-23T20:33:38+02:00
8d942e32-50a0-4956-b517-02d47599afc0;Burganlage Neu-Aspermont;Die Burganlage Neu-Aspermont in Jenins stammt aus dem 13. Jahrhundert und ist ganzjährig zugänglich. Sie wurde nach dem Schwabenkrieg 1499 wieder aufgebaut und bietet eine Wendeltreppe im Turm.;Die Burg Neu-Aspermont stammt aus dem 13. Jahrhundert. In den Urkunden wird im Jahr 1120 ein Ritter Aspermont, Vice-Domenicus des Bischofs von Chur, erwähnt. Die Burg blieb über Generationen in dessen Familie. Die Grafen von Aspermont hatten auch bei Thorenbüren, dem heutigen Dornbirn, verschiedene Besitztümer. Ulrich XI übersiedelte 1376 auf einen Sitz innerhalb der dortigen Ländereien und nahm den Namen Rauenberg an, was so viel wie Aspermont bedeuten könnte. 

Während des so genannten Schwabenkriegs 1499 wurde Neu-Aspermont zerstört. Adelsmann Dietpold von Schlandersberg liess die Burg wieder aufbauen und den Turm um zwei Geschosse aufstocken. Um 1538 übernahm zwischenzeitlich der Grüscher Peter von Finer, seines Zeichens Landvogt zu Castels, die Burg. Der legendäre Ritter von Molina war im Jahr 1630 einer der letzten Bewohner von Neu-Aspermont. 

1863 konnte Hauptmann Ernst Rhomberg aus Dornbirn die Burg von drei Jeninser Bürgern erwerben. Von 1999-2025 wurden durch den Verein und die Stiftung Burg Neu-Aspermont umfassende Konservierungsarbeiten durchgeführt. 2014 gelangte die Burg in den Besitz des Vereins und 2017 wurde sie der Stiftung Burg Neu-Aspermont übertragen. Die Burg ist öffentlich zugänglich mit einer Wendeltreppe im Innern des Turms.;9.5652261;47.0032475;Alpweg;7307;Jenins;+79 681 29 30;info@neu-aspermont.ch;https://www.neu-aspermont.ch/;[{'@type': 'ImageObject', 'contentUrl': 'https://hltpimtsoch.sos-ch-dk-2.exoscale-cdn.com/catalog/3/d/0/f/3d0f600c310421e6514a5a5c236ca974bd2df1b5_Aspermont_Turm.jpg'}];2026-06-24T14:42:53+02:00
8e5cb257-acad-4639-896d-94e4057d5f6a;Ferienhaus Chalet Guggerli;Das Ferienhaus Chalet Guggerli in Flumserberg Tannenheim bietet eine ruhige Lage mit freiem Blick auf die Alvierkette und die Bündner Herrschaft. Die Talstation der Bergbahn ist nur 700 m entfernt. Ein kostenfreier Autoeinstellplatz ist vorhanden.;<p>Das alleinstehende nicht online buchbare 4.5-Zimmer-Chalet befindet sich an ruhiger Lage in Flumserberg Tannenheim mit unverbauter Rundumsicht auf Alvierkette, Sarganserland bis in die &ouml;sterreichischen Alpen und die B&uuml;ndner Herrschaft. Die Talstation der Bergbahn ist nur ca. 700m entfernt. Zum Chalet geh&ouml;rt ein kostenfreier Autoeinstellplatz. Die Wohnung ist sehr liebevoll und mit viel Holz eingerichtet. Das Wohnzimmer verf&uuml;gt &uuml;ber einen Schwedenofen, was den Aufenthalt sehr gem&uuml;tlich macht. Wohn- und Schlafzimmer verf&uuml;gen &uuml;ber einen Holzboden. Vom Wohnzimmer aus gelangt man auf den sonnigen Balkon.</p>;9.305726;47.0834726;Obere Anggetlinstrasse 5;8897;Flumserberg Tannenheim;+41 79 232 73 82;auo@bluewin.ch;http://www.chalet-flumserberg.ch;[{'@type': 'ImageObject', 'contentUrl': 'https://hltpimtsoch.sos-ch-dk-2.exoscale-cdn.com/catalog/5/5/8/d/558d3ce90515d9cd5c74a0ddb0ca6d9cd527fa6c_Guggerli_Ansicht.JPG'}];2026-07-21T18:04:20+02:00
8efc11d3-ac26-4a45-8956-3dd9b1f6106f;Restaurant Altes Bad Pfäfers;Das Restaurant Altes Bad Pfäfers bietet gutbürgerliche Küche in einem historischen Ambiente. Besuchende können in der einladenden Gaststube oder im festlichen Saal Köstlichkeiten geniessen. Ein Selbstbedienungskiosk bietet Erfrischungen für Familien und Gruppen, die im Freien genossen werden können.;Bad Pfäfers dient seit jeher dem Wohl der Menschen, einst als Heilbad, heute als Ort der Erholung und Gastlichkeit. Lassen Sie sich von Küche, Keller und Service in bester Tradition verwöhnen.

In der einladenden Gaststube und dem festlichen Saal verwöhnt das Restaurant des Alten Bad Pfäfers die Besucher mit Köstlichkeiten aus Küche und Keller sowie mit einem aufmerksamen Service in bester Badtradition. 

Für kleinere Erfrischungen steht für Familien, Schulen und Wandergruppen ein Selbstbedienungskiosk mit Imbissen, Getränken und Naschereien offen. Diese können unmittelbar nebendem Thermalwasserbrunnen im Freien genossen werden.;9.48792985186627;46.9739092;Taminaschlucht;7310;Bad Ragaz;+41 81 302 71 61;info@altes-bad-pfaefers.ch;http://www.altes-bad-pfaefers.ch;[{'@type': 'ImageObject', 'contentUrl': 'https://hltpimtsoch.sos-ch-dk-2.exoscale-cdn.com/catalog/f/0/e/0/f0e01af92550145ddba64ba921006b935d7535d5_Alte_Kueche01.jpg'}];2026-05-05T11:03:10+02:00
8f612329-bbe7-4d90-8547-00017d89f8ad;Heididorf Maienfeld;Das Heididorf in Maienfeld ist der Originalschauplatz der weltbekannten Heidi-Geschichte. Besuchende können das Original Heidihaus, Heidis Alphütte und die Dorfschule von 1880 erkunden. Im Dorfladen gibt es Souvenirs und die kleinste Poststelle der Schweiz.;<p>Besuchen Sie das Heididorf in Maienfeld, den Originalschauplatz der weltbekannten Heidi-Geschichte.</p><p>Der friedliche Weiler beherbergt das Original Heidihaus, das Wohnhaus mit der Einrichtung wie zu Heidis Zeiten, Heidis Alph&uuml;tte, die Nachbildung vom liebevollen Zuhause von Alp&ouml;hi, die Ausstellung Johanna Spyris Heidiwelt sowie die Dorfschule von Heidi aus dem Jahr 1880. Im D&ouml;rfli warten bereits Heidis Tiere und im Dorfladen mit Souvenirs befindet sich die kleinste Poststelle der Schweiz mit dem Heididorf-Sonderstempel.</p><p>Im Heididorf lebt auch alles, zum Teil fast vergessenes Handwerk wieder auf. Heidi begeistert seit Jahrzehnten Kinder in aller Welt und l&auml;sst auch Erwachsenenherzen h&ouml;herschlagen. Trotz internationalen Auftritten in B&uuml;chern, Musicals, Zeichentrickserien und Filmen hat unser Heidi seine Wurzeln nicht vergessen. Denn nirgends auf der Welt ist Heidis Aura und Pers&ouml;nlichkeit sp&uuml;rbarer als im Heididorf - dem Original Spielort der weltber&uuml;hmten Heidi-Geschichte. Entdecken Sie die weltbekannte Geschichte &bdquo;Heidi&ldquo; von Johanna Spyri im authentischen Heididorf, inmitten einer imposanten Bergwelt.</p><p>Im Heididorf oberhalb von Maienfeld erleben Sie eine emotionale Zeitreise zur&uuml;ck in die Schweizer Bergwelt des sp&auml;ten 19. Jahrhundert und erfahren Sie wie Heidi lebte. Heidi - Ein Kind bewegt die Welt.</p>;9.5451067;47.0132367;Postfach;7304;Maienfeld;+41 81 330 19 12;heididorf@heididorf.ch;http://www.heididorf.ch;[{'@type': 'ImageObject', 'contentUrl': 'https://hltpimtsoch.sos-ch-dk-2.exoscale-cdn.com/catalog/8/9/3/d/893de8544c356eada2be97056291479fea346dd6_Fotopoint_Heidihaus_Rolf_Mutzner.jpg'}];2026-05-29T07:46:11+02:00
907ec4a4-9c87-417d-bb37-64d7684e38a8;Bahnhof Ziegelbrücke;Der Bahnhof Ziegelbrücke bietet umfangreiche Mobilitäts‑ und Serviceangebote mit Schliessfächern, überdachtem Veloparking und P+Rail‑Parkplätzen.;<div><p>Der <strong>Bahnhof Ziegelbr&uuml;cke</strong> verf&uuml;gt &uuml;ber eine gut ausgebaute Infrastruktur f&uuml;r Reisende und Pendlerinnen sowie Pendler. Zur Ausstattung geh&ouml;ren <strong>Schliessf&auml;cher auf Stadtebene</strong> in verschiedenen Gr&ouml;ssen f&uuml;r die sichere Aufbewahrung von Gep&auml;ck. Die Schliessf&auml;cher stehen in den Gr&ouml;ssen S und M zur Verf&uuml;gung und k&ouml;nnen je nach Saison und Mietdauer genutzt werden.</p><p>F&uuml;r die umweltfreundliche Anreise mit dem Fahrrad stehen <strong>72 &uuml;berdachte Veloparkpl&auml;tze</strong> zur Verf&uuml;gung. Zudem bietet das <strong>P+Rail‑Angebot in Ziegelbr&uuml;cke 105 Parkpl&auml;tze</strong>, die eine komfortable Kombination von Auto und Bahn erm&ouml;glichen.</p><p>Dank dieser Ausstattung eignet sich der Bahnhof Ziegelbr&uuml;cke ideal als Umsteige‑ und Ausgangspunkt f&uuml;r Reisen in die Region sowie f&uuml;r den t&auml;glichen Pendlerverkehr.</p></div>;9.0599519;47.1361374;8866;Ziegelbrücke;https://www.sbb.ch/de/reiseinformationen/bahnhoefe/bahnhof-finden/bahnhof.3225.ziegelbruecke.html;[{'@type': 'ImageObject', 'contentUrl': 'https://hltpimtsoch.sos-ch-dk-2.exoscale-cdn.com/catalog/6/4/0/c/640c6c83a381055f3b0c6e7cefda2ba0a0b2ae58_Bahnhof_Piktogramm_HLT.png'}];2026-04-26T04:38:24+02:00
9093baaf-8279-4aba-b9f5-b44ad0c6c558;Restaurant Adler;Das Restaurant Adler in Fläsch ist ein Gourmetrestaurant mit gemütlichen Gaststuben und einem aussergewöhnlichen Weinkeller. Es bietet eine internationale Küche und ist ein Treffpunkt für Gourmets und Weinliebhaber.;Das Gourmetrestaurant Adler in Fläsch mit seinen gemütlichen Gaststuben ist ein bezauberndes Haus mit zeitlosem Charme und der Treffpunkt von Gourmets und Weinliebhabern aus der ganzen Welt. 
Siggi Tschurtschenthaler und sein Team sorgen mit herzlichem Service und feinen Köstlichkeiten aus der Küche dafür, dass Sie sich wohlfühlen. Darüber hinaus begeistert Sie Melanie mit edlen Tropfen aus einem der wohl aussergewöhnlichsten Weinkeller der Region.;9.5132443;47.0266975;Krüzgass 2;7306;Fläsch;+41 81 302 61 64;info@adlerflaesch.ch;https://www.adlerflaesch.ch;[{'@type': 'ImageObject', 'contentUrl': 'https://hltpimtsoch.sos-ch-dk-2.exoscale-cdn.com/catalog/f/8/c/2/f8c285e889f72332f29a28617018c72c1feea777_IMG_6999_Restaurant.jpg'}];2026-08-17T16:30:15+02:00
91104eaa-c668-4d79-b848-74bd514628c6;Feuerstelle Mols;Die Feuerstelle in Mols liegt direkt am Strand und ist ideal zum Grillieren und Baden am Walensee. Spielplatz, Bistro, Fotopoint, WC und kostenpflichtige Parkplätze befinden sich in der Nähe.;<p>Die Feuerstelle in Mols liegt direkt am Strand und eignet sich ideal zum Grillieren und Baden am Walensee. In unmittelbarer N&auml;he befinden sich ein Spielplatz vom Spielerlebnis Walensee, das Bistro Hafen West, eine beliebte Strandschaukel als Fotopoint sowie eine &ouml;ffentliche Toilette. Kostenpflichtige Parkpl&auml;tze sind ebenfalls vorhanden.</p>;9.284627437591555;47.113590678624234;8885;Mols;+41 81 720 18 18;flumserberg@heidiland.com;https://www.heidiland.com;[{'@type': 'ImageObject', 'contentUrl': 'https://hltpimtsoch.sos-ch-dk-2.exoscale-cdn.com/catalog/0/0/5/8/00583c31fc00ca1151f7c4d3f3e194427ae653a4_Feuerstelle_Piktogramm_HLT.png'}];2026-04-30T17:59:10+02:00
92c38ce8-3c54-4f95-80c4-15a5610aa6bc;Steinbruch Lochezen;Erlebe den stillgelegten Steinbruch Lochezen mit Stollen, Kavernen und Relikten – eine spannende Zeitreise am Walensee. Führungen auf Anfrage.;<p>Das Areal Lochezen bei Walenstadt umfasst 217'800 m² mit Gebäuden, Wohnungen, Naturflächen und einem ehemaligen Steinbruch. Die Geobrugg AG testet dort moderne Steinschlagnetze. Die Ortsgemeinde hat die historische Bedeutung des Steinbruchs aufgearbeitet und bietet spannende Führungen an. Besucher erleben Stollen, Kavernen und Relikte des ehemaligen Kalk- und Zementabbaus sowie ein unterirdisches Militärspital aus dem Zweiten Weltkrieg. Die Führungen dauern rund 2,5 bis 3 Stunden, erfordern festes Schuhwerk und warme Kleidung, und kosten ab CHF 300.– pro Gruppe.</p>;9.292452;47.1287912;Lochezen;8880;Walenstadt;+41 00 000 00 00;ortsbuerger.walenstadt@bluewin.ch;https://www.ortsgemeinde-walenstadt.ch/oeffentlichkeit/steinbruch-lochezen/;[{'@type': 'ImageObject', 'contentUrl': 'https://hltpimtsoch.sos-ch-dk-2.exoscale-cdn.com/catalog/4/f/3/e/4f3e7941f3f34c82fc22960fdaf8b166d6095ffc_import_249.JPG'}];2026-04-16T17:08:49+02:00
94d59c6a-d334-468b-bfe4-1918a4e55532;Pizolbahnen AG;Pizolbahnen AG bietet über 120 km Wanderwege, Trails für Trailrunner und Mountainbiker sowie idyllische Bergseen. Familien können den Heidipfad, den Wasserwald oder den MounTeens Detektiv-Weg erkunden.;Über 120 Kilometer Wanderwege, Trails für Trailrunner und Mountainbiker, idyllische Bergseen für Wanderer und Sportfischer, der Klettergarten Twärchamm und Startplätze für Gleitschirm-Piloten. Für Familien bietet sich besonders der Heidipfad, der Wasserwald oder der MounTeens Detektiv-Weg an.;9.4736441;47.0171423;Loisstrasse 50;7310;Bad Ragaz;+41 81 300 48 30;info@pizol.com;https://pizol.com/;[{'@type': 'ImageObject', 'contentUrl': 'https://hltpimtsoch.sos-ch-dk-2.exoscale-cdn.com/catalog/3/d/2/4/3d241dfd9eae3b759b22c2f51478de8b720c214a_Heidipfad_Pizol__1_.jpg'}];2026-07-21T14:29:56+02:00
95d39dc6-6067-49a2-a5c2-f0005f33d388;Bergbahnen Flumserberg;Flumserberg ist das grösste Wintersportgebiet zwischen Zürich und Chur und begeistert im Winter mit bestens präparierten Pisten, modernen Anlagen und vielfältigen Erlebnissen im Schnee. Auch im Sommer lockt die Region mit abwechslungsreichen Angeboten – von Wander- und Bikewegen über Familienabenteuer bis hin zu einzigartigen Naturerlebnissen.;Am Flumserberg stehen im Winter 65 Pistenkilometer mit 17 bequemen Liftanlagen, eine 3 km lange mittelschwere Schlittelpiste, 35 km Winterwanderwege sowie 20 Loipenkilometer zur Verfügung. Für Abwechslung auf den Pisten sorgen die Abfahrtsroute HäxäWäldli sowie der SnowPark, der FamilyRun und die CrossPiste Flumserberg. 

Während der schneefreien Zeit lässt der Flumserberg mit über 150 Wanderkilometer, der Rodelbahn FLOOMZER, dem Kletterturm CLiiMBER und den 13 km flowigen BikerTrails die Herzen der Gäste höher schlagen. Während dieser Zeit sind 6 Bahnanlagen in Betrieb.;9.280577301979067;47.092138187784;Molseralpstrasse 9;8898;Flumserberg;+41 81 720 15 15;info@flumserbergbahnen.ch;https://www.flumserberg.ch/de;[{'@type': 'ImageObject', 'contentUrl': 'https://hltpimtsoch.sos-ch-dk-2.exoscale-cdn.com/catalog/0/9/1/8/09180e2bc5f2b7f8d20db5d0e42f5535f3d1a77a_Gondelbahn_BergJet__2.jpg'}];2026-07-21T14:37:17+02:00
9605cf4e-626c-415f-9d47-acb9de0741c7;Anlegestelle Hafen Mühlehorn;Schiff Ahoi, ab Mühlehorn durch den Schweizer "Fjord".;<p>Erforschen Sie die tiefblaue Mitte der Region und geniessen Sie die atemberaubende Bergkulisse auf dem Walensee. Lassen Sie sich von den majest&auml;tischen Churfirsten, der wild romantischen Natur, dem glasklaren Wasser und den fantastischen Stimmungen am Walensee verzaubern. Der Walensee, das Paradies f&uuml;r nah und fern. Die Schiffsbetrieb Walensee AG verbindet Orte, Angebote und Aktivit&auml;ten in idealer Weise. Die Verbindung nach Quinten ist auch im Winter durchgehend in Betrieb.</p><h3>Zugangsinformationen</h3><div class="rte"><ul><li>Stufenloser Zugang</li><li>Ein- und Ausstieg durch Personalhilfestellung</li><li>Gruppen ab 10 Personen und Rollst&uuml;hle m&uuml;ssen im Voraus angemeldet werden.</li><li>Kein taktiles Leitsystem vorhanden</li></ul></div>;9.17436718940735;47.11828529119371;8874;Mühlehorn;+41 81 720 34 34;info@walenseeschiff.ch;https://walenseeschiff.ch/de/fahrplan/anlegestellen/muehlehorn.html;[{'@type': 'ImageObject', 'contentUrl': 'https://hltpimtsoch.sos-ch-dk-2.exoscale-cdn.com/catalog/c/8/3/2/c832f9e8e209c8362da2eb6557b643fe6779a2e8_Anlegestelle_Hafen_Piktogramm_HLT.png'}];2026-04-28T22:02:09+02:00
975300f6-61a8-4f19-9466-e6bdcc66bb80;Mätzwiesen Höckli (CharmingStay);Ruhiges 5-Zimmer-Haus für bis zu 6 Personen mit vier Schlafzimmern, zwei Bädern und Wohnküche, nahe Prodalp-Gondelbahn, ideal für entspannte Bergferien.;<div>Dieses liebevoll eingerichtete 5-Zimmer-Haus ist ideal f&uuml;r entspannte Ferientage mit Familie oder Freunden. Vier Schlafzimmer, zwei Badezimmer sowie ein offener Wohn- und Essbereich mit voll ausgestatteter K&uuml;che bieten Platz f&uuml;r bis zu 6 Personen und schaffen ein wohnliches Zuhause-Gef&uuml;hl. Der gem&uuml;tliche Wohnbereich l&auml;dt nach aktiven Tagen zum gemeinsamen Kochen, Essen und Entspannen ein. Ruhig gelegen und dennoch zentral: Das Zentrum von Tannheim sowie die Prodalp-Express-Gondelbahn sind in 7&ndash;10 Gehminuten erreichbar. Ankommen, durchatmen und echte Bergferien geniessen.</div>;9.3052434;47.0893134;Mätzwiesenstrase 12;8897;Flumserberg Tannenheim;+41 79 504 90 45;contact@charmingstay.ch;https://www.charmingstay.ch;[{'@type': 'ImageObject', 'contentUrl': 'https://hltpimtsoch.sos-ch-dk-2.exoscale-cdn.com/catalog/3/b/2/1/3b21e309423f48b0e259a22f7dae20e93df0d6b3_batch_Essbereich_2.jpg'}];2026-07-03T16:39:15+02:00
98f13aaf-10f3-4c86-8de8-814bbf29f330;Chalet Gina;Das Chalet Gina liegt zentral in Flumserberg Tannenheim, nur 10 Gehminuten von der Talstation Prodalp-Express entfernt. Es bietet eine schöne Aussicht auf die Churfirsten und Einkaufsmöglichkeiten sind in 5 Minuten zu Fuss erreichbar.;Das gepflegte 3.5-Zimmer-Chalet liegt mitten im Zentrum Flumserberg Tannenheim, 10 Gehminuten von der Haustüre bis zur Talstation Prodalp-Express und bietet eine schöne Aussicht auf die Churfirsten. Einkaufsmöglichkeiten sind 5 Minuten zu Fuss entfernt.;9.3054735660553;47.08938828216;Mätzwiesenstrasse 11;8897;Flumserberg Tannenheim;+41 79 317 57 87;pbitter@bluewin.ch;[{'@type': 'ImageObject', 'contentUrl': 'https://hltpimtsoch.sos-ch-dk-2.exoscale-cdn.com/catalog/5/b/5/8/5b582af891a1c53c5f02967e6a2091273e353a48_Chalet_Gina__Flumserberg__1_.JPG'}];2026-01-27T13:07:44+01:00
99b1d7f9-e485-43ea-b5aa-255f73cb7e37;Haus Wogesa (CharmingStay);Haus Wogesa bietet geräumige Ferienwohnungen in Flumserberg Tannenbodenalp. Die Lage ist ideal, nahe der Prodalpbahn und den Pisten, und eignet sich für Paare, Familien und Singles.;Geräumige Ferienwohnungen im Haus Wogesa. Schön gelegen und in der Nähe von Prodalpbahn und Pisten.;9.29493613505944;47.090991;Oberbergstrasse 24;8898;Flumserberg Tannenbodenalp;+41 79 504 90 45;contact@charmingstay.ch;https://www.charmingstay.ch;[{'@type': 'ImageObject', 'contentUrl': 'https://hltpimtsoch.sos-ch-dk-2.exoscale-cdn.com/catalog/8/c/9/7/8c97705eda5ea05a8facfe8cddc7c98037ce4714_Haus_Wogesa_1.jpg'}];2026-01-19T12:01:39+01:00
99ec5c32-427f-4257-ad95-651ffb426d27;Flumser-Höckli - Casa Lilly (CharmingStay);Das 4,5-Zimmer-Haus Casa Lilly im Zentrum von Flumserberg Tannenheim bietet einen fantastischen Blick auf die Churfirsten. Die Talstation Prodalp-Express, Restaurants und Geschäfte sind in wenigen Gehminuten erreichbar. Ein Aussenparkplatz und eine Garage sind vorhanden.;Das 4.5-Zimmer-Haus Casa Lilly befindet sich im Zentrum von Flumserberg Tannenheim, verfügt über 3 Stockwerke und einen fantastischen Blick auf die Churfirsten. Die Talstation Prodalp-Express, Restaurants und Shops sind in wenigen Gehminuten erreichbar. Das Ferienhaus verfügt über einen Aussenparkplatz und eine Garage.;9.304341673851015;47.0892675241778;Panoramastrasse 2;8897;Flumserberg Tannenheim;+41 79 504 90 45;contact@charmingstay.ch;https://www.charmingstay.ch;[{'@type': 'ImageObject', 'contentUrl': 'https://hltpimtsoch.sos-ch-dk-2.exoscale-cdn.com/catalog/d/c/4/2/dc4209935e69ade203f8c6a01b1d51bea4d1165a_Casa_Lilly__2_.jpg'}];2026-01-19T12:01:39+01:00
9ab7c4e0-5f9a-4a15-91a8-69a27a80364f;Chalet Schwendihus (CharmingStay);Das Chalet Schwendihus bietet eine ruhige Lage mit Blick auf die Churfirsten und den Walensee. Es liegt etwa 1 km vom Zentrum Tannenboden entfernt und ist ideal für Paare, Familien und Singles.;Charmantes 3.5-Zimmer-Chalet aus Holzinterieur mit atemberaubender Aussicht auf die schönen Churfirsten und den blauen Walensee. Etwa 1 km vom Zentrum Tannenboden entfernt.;9.285072684288027;47.09682008180068;Schwendistrasse 48;8898;Flumserberg Tannenbodenalp;+41 79 504 90 45;contact@charmingstay.ch;https://www.charmingstay.ch;[{'@type': 'ImageObject', 'contentUrl': 'https://hltpimtsoch.sos-ch-dk-2.exoscale-cdn.com/catalog/2/6/b/0/26b0508e952bc743158331f7026b6215f654b87d_Chalet_Felsenberg__17_.jpeg'}];2026-01-19T12:01:39+01:00
9b17bfaf-3ec0-4053-b12a-8d5f0dacbbc7;Dachwohnung Tannenboden, Whg. Schmid;Die Dachwohnung Tannenboden, Whg. Schmid, bietet eine zentrale Lage am Flumserberg mit Blick auf die Churfirsten. In der Nähe befinden sich Skilifte, eine Skischule, ein Tourismusbüro und Einkaufsmöglichkeiten.;Die helle, moderne und kinderfreundliche 3.5-Zimmer Dachwohnung befindet sich im Hotel Tannenboden mit wunderschöner Aussicht auf das Bergpanorama Churfirsten. In kurzer Gehdistanz erreichen Sie die Skilifte, Ski- und Snowboardschule, Tourismusbüro, Einkaufsladen und diverse Restaurants. Es ist ein idealer Ausgangspunkt für sämtliche Aktivitäten und Attraktionen am Flumserberg. ;9.286634850000006;47.093023349999996;Flumserbergstr. 184;8898;Flumserberg Tannenboden;+41 79 641 39 14;martina.walliser@datazug.ch;[{'@type': 'ImageObject', 'contentUrl': 'https://hltpimtsoch.sos-ch-dk-2.exoscale-cdn.com/catalog/b/3/4/8/b348327a7c5da13d692d863d8612c87a7479ed12_Aussenansichit_Tannenboden.jpg'}];2026-01-19T12:01:39+01:00
9b51a67a-1dc9-46e6-a59b-5483782e812d;Pfadiheim Bad Ragaz;Das Pfadfinderheim Bad Ragaz liegt direkt am Rhein. Ein idealer Ausgangspunkt ins wunderschöne Ski- und Wandergebiet Bad Ragaz - Pizol.;Lagerhaus für Schulen und Jugendgruppen

Aufenthalts-/Essraum mit Holzchminée, voll ausgestattete Küche, Schlafräume 2x klein/ 1x gross, Leiterzimmer, Spielwiese, Feuerstelle, Brunnen, 3 Wc's, 6 Duschen (eine davon separat)

Skilift/Bergbahn (mit Ortsbus in 10 Minuten erreichbar)
Freibad/Sportplatz (10 Gehminuten )
Thermalbad (10 Gehminuten)
Hallenbad (10 km);9.508744;47.0109679;Rheindammstrasse 248;7310;Bad Ragaz;+41 81 302 39 39;info@italreding.ch;https://www.italreding.ch/start.php;[{'@type': 'ImageObject', 'contentUrl': 'https://hltpimtsoch.sos-ch-dk-2.exoscale-cdn.com/catalog/4/4/5/c/445cbf0f325e025ee1a03aca3900016c720cf015_IMG_6979.JPG'}];2026-08-07T04:25:58+02:00
9c018856-3a23-413b-ac28-b787b6436ca1;Gampergalt (Whg. Baker);Die Ferienwohnung Gampergalt in Flumserberg Tannenheim bietet eine ruhige Lage in einem 8-Familien-Haus. Sie ist nur drei Gehminuten von der Skipiste entfernt und verfügt über einen grossen Balkon mit Fernsicht sowie einen kostenlosen Parkplatz.;Die Ferienwohnung befindet sich an ruhiger Lage in einem 8-Familien-Ferienhaus in Flumserberg Tannenheim. Die Skipiste ist nur 3 Gehminuten entfernt. Zur Wohnung gehört ein kostenloser Parkplatz.

Die Wohnung ist gemütlich und komfortabel eingerichtet. Die ganze Wohnung verfügt über einen Plattenboden. Zur Wohnung gehört ein grosser Balkon mit Fernsicht.;9.30598712383185;47.08270506053502;Obere Anggetlinstrasse 36;8897;Flumserberg Tannenheim;+41 91 606 30 59;corinabaker@gmx.ch;[{'@type': 'ImageObject', 'contentUrl': 'https://hltpimtsoch.sos-ch-dk-2.exoscale-cdn.com/catalog/9/0/d/a/90da4e435c66c576bb84aea0cfd3042b5910f4d4_627193.jpg'}];2026-08-12T04:36:13+02:00
9c03003f-a7e5-4c7d-92b2-c82cdd4025e0;Tennishalle in der alten Spinnerei;Die Tennishalle in der alten Spinnerei in Murg bietet ein 630 m² grosses, modernes Indoor-Spielfeld. Der Rebound-Ace-Platz ist täglich von 8 bis 22 Uhr für die Öffentlichkeit zugänglich und kann stundenweise gebucht werden.
Online Reservation oder schriftliche Anmeldung via Rezeption lofthotel;In der alten Spinnerei schlagen Sie Ihre Bälle auf einem 630m² grossen, topmodernen Indoor-Spielfeld. Der Rebound-Ace-Platz (Australian Open, Olympics in Sidney) steht der Öffentlichkeit täglich von 8:00 bis 22:00 Uhr zur Verfügung und kann für eine oder zwei Stunden gebucht werden.;9.2170854;47.1124346;Alte Spinnerei;8877;Murg;+41 81 720 35 75;info@lofthotel.ch;https://lofthotel.ch/tennis-fitness-e-bike/;[{'@type': 'ImageObject', 'contentUrl': 'https://hltpimtsoch.sos-ch-dk-2.exoscale-cdn.com/catalog/3/c/a/a/3caaf8ba09d5dfdfe4e7675a6282cf3895061748_Tennishalle_lofthotel_2.jpg'}];2026-08-31T11:25:40+02:00
9c5fbf1f-d077-4565-85cd-cc74e89b9faf;Gleitschirmfliegen am Flumserberg;Das Fluggebiet des Gleitschirmclubs Spitzmeilen am Flumserberg bietet Startplätze in Prodkamm und Schöhalden. Tages- und Jahreskarten sind erforderlich. Ein jährliches Flugfest zieht Flieger und Interessierte an.;Das Fluggebiet des Gleitschirmclubs Spitzmeilen (GCS) umfasst die Flumserberge und Schönhalden (Kleinberg) in Flums. Zu den Startplätzen gehören Prodkamm (NO–W), Maschgenkamm (W–NW und S–SO) sowie Schönhalden (NO).

Piloten und Pilotinnen, die Start- und oder Landeplätze des GCS benutzen, benötigen eine Jahres- oder Tagesvignette. Dies muss irgendwo sichtbar aufgeklebt werden. 
Die Tageskarte kostet CHF 8.00, die Jahreskarte CHF 30.00. 
Weitere Informationen unter: www.gc-spitzmeilen.ch/fluggebiet

Flugschulen und Siku-Veranstalter, die im Fluggebiet des GCS schulen möchten, sind willkommen. 
Alle Schülerinnen und Schüler müssen ebenfalls im Besitz einer gültigen Tages- oder Jahresvignette sein.

Jeden zweiten Sommer findet das mehrtägige Flugfest des GCS statt – ein Erlebnis für Gross und Klein, Piloten und Besucher. 
Weitere Informationen sowie aktuelle Meteodaten, Tarife, Gefahrenhinweise, Tipps und News findest du auf den Informationstafeln bei den Landeplätzen und auf der Webseite des GCS: www.gc-spitzmeilen.ch;9.341813;47.0907098;Neudorfstrasse 6;8890;Flums;+41 79 961 12 47;praesi@gc-spitzmeilen.ch;https://www.gc-spitzmeilen.ch;[{'@type': 'ImageObject', 'contentUrl': 'https://hltpimtsoch.sos-ch-dk-2.exoscale-cdn.com/catalog/6/a/a/b/6aabdbaef32f586ea4b891bf2800887e85e1dbb4_im_landeanflug.JPG'}];2026-01-14T00:30:31+01:00
9dca36e5-0d2d-4f48-874e-a26015221a92;Igiser Hoflädali;Das Igiser Hoflädali bietet eine Auswahl an feinen Hofprodukten und Deko-Artikeln. Der Bio-Bauernhof in Igis ist täglich von 8 bis 20 Uhr geöffnet und bietet Selbstbedienung.;Hofladen und Bio-Bauernhof;9.579541683197023;46.953721229174754;Gandastrasse 23;7206;Igis;+41 79 301 39 21;hof-campania@bluewin.ch;[{'@type': 'ImageObject', 'contentUrl': 'https://hltpimtsoch.sos-ch-dk-2.exoscale-cdn.com/catalog/c/0/a/c/c0ac46bfcc8254a0de5530b951165d55f0fd2b79_20200301_102559__3.jpg'}];2026-06-24T14:42:59+02:00
9e46c2f6-795a-4f15-a31f-b4e2dcc4f5b2;Café Kilian;Das zentral gelegene Café Kilian in Mels lädt mit seiner gemütlichen Einrichtung zum Verweilen ein. Gäste können hier Kaffee trinken und Kuchen essen, sowohl drinnen als auch draussen.;Café mit gemütlicher Einrichtung, die dazu einladen stundenlang zu verweilen, Kaffee zu trinken und Kuchen zu essen.;9.420336492003223;47.0489589114756;Bahnhofstrasse 24;8887;Mels;+41 81 710 60 64;info@cafe-kilian.ch;https://www.cafe-kilian.ch/joomla/;[{'@type': 'ImageObject', 'contentUrl': 'https://hltpimtsoch.sos-ch-dk-2.exoscale-cdn.com/catalog/b/3/e/6/b3e6e4876f96b6062d122f72310e5fd5231d7862_lokal0_1200.jpg'}];2026-08-06T13:47:47+02:00
9e63ed52-51b8-4189-9947-1a1db5014e5f;Ferienwohnung Bijouswiss "The Yellow House" mit SAUNA;Die Ferienwohnung Bijouswiss The Yellow House in Oberterzen bietet eine private Sauna, einen gemütlichen Wohnraum und eine moderne Küche. Sie liegt in der Nähe des Walensees und der Bergbahnen, ideal für Erholung und Aktivitäten.;Die Wohnung verfügt über einen gemütlichen Wohnraum mit Samsung Home Cinema Anlage mit SAT TV.
Ledersofa, 2 Relaxstühle und einen Esstisch. Das Leder-Sofa kann als Bett umfunktioniert werden, falls eine Raumtrennung der Schlafzimmer gewünscht wird. Schlafzimmer mit Doppelbett und separatem Etagenbett in Normalgrösse, auch für Erwachsene geeignet. 
Die Küche ist sehr modern und mit Eckbank und Esstisch, Nespresso Kaffeemschine, Mikrowelle/Backofen, Kühlschrank,  ausgestattet.  
Dusche, WC, Lavabo und eigene Finnische Sauna. 
Viele Spiele für Jung und Alt vorhanden.;9.259990636194363;47.09945155;Ringstrasse 8;8884;Oberterzen;+41 79 818 04 32;info@bijouswiss.ch;http://www.bijouswiss.ch;[{'@type': 'ImageObject', 'contentUrl': 'https://hltpimtsoch.sos-ch-dk-2.exoscale-cdn.com/catalog/d/6/f/7/d6f736c318577c74291c650c0565bb7f5a4a2cfe_2023_08_22_20.13.02.jpg'}];2026-04-28T05:48:37+02:00
9e793cfa-0a4d-4bfd-ae0d-8b8e255e23a2;BikerCamping Flumserberg;BikerCamping Flumserberg bietet Übernachtungsmöglichkeiten direkt bei der Talstation der 12er-Gondelbahn Prodalp-Express in Tannenheim. Camper können die Infrastruktur des Aparthotels Edy Bruggmann nutzen und in der Nähe der BikerTrails übernachten.;Wer von den BikerTrails am Flumserberg gar nicht genug bekommen kann, hat die Möglichkeit, in unmittelbarer Nähe zu übernachten. Direkt bei der Talstation der 12er-Gondelbahn Prodalp-Express in Tannenheim, um genau zu sein. Zwischen der Talstation und der Après-Bike-Bar „sonderBar“ gibt es Abstellplätze für Busse und Vans. Zusätzlich können Wohnmobile bis zu einer Maximallänge von 7,50 m hinter dem Tennisplatz Flumserberg sowie in unmittelbarer Nähe zum BikerShop Flumserberg geparkt werden. Die Infrastruktur des Aparthotels Edy Bruggmann steht allen Campern zur Verfügung.

Erst auf den Trails abfahren, dann beim Après-Bike entspannen und schliesslich nur wenige Meter zum Schlafplatz gehen – das gibt es nur am BikerBerg Flumserberg.;9.303059577941896;47.089420135078456;Flumserbergstrasse 151;8897;Flumserberg Tannenheim;+41 79 893 35 12;sunneschy@hotelbruggmann.ch;http://www.hotelbruggmann.ch/index.php/booking;[{'@type': 'ImageObject', 'contentUrl': 'https://hltpimtsoch.sos-ch-dk-2.exoscale-cdn.com/catalog/4/c/c/9/4cc9cc8a45686253a60b736ff69bf65e68fea96e_BikerCamping_Flumserberg.png'}];2026-05-15T08:43:12+02:00
9f4c20d2-7dee-4968-b886-116d5e9c7bd3;Höfli Pub;Das Höfli Pub in Mels bietet ein stilvolles Ambiente mit professionellem Service und einer grossen Auswahl an Cocktails, Whiskeys und Gins. Eine Cigar Lounge und qualitativ hochwertige Drinks runden das Angebot ab.;Aussergewöhnliches, Gastronomie-Konzept. Geniessen Sie die einmalige Atmosphäre und Ambiente in unseren mystischen und faszinierenden Gewölben.;9.420218544565927;47.047087672127;Kirchstrasse 4;8887;Mels;081 723 82 09;info@hoeflipub.ch;https://www.hoeflipub.ch/;[{'@type': 'ImageObject', 'contentUrl': 'https://hltpimtsoch.sos-ch-dk-2.exoscale-cdn.com/catalog/8/d/c/5/8dc5a9d38ff7de70c74fabed4dc524da292f0e16_IMG_2622.jpeg'}];2026-08-03T12:34:31+02:00
a11d909d-ad31-42b3-adf1-4ebe968ba3cc;Bahnhof Walenstadt;Bahnhof Walenstadt nahe am Walensee mit P+Rail‑Parkplätzen und grossem überdachtem Veloparking als zentraler Startpunkt für Ausflüge in die Region.;<div>Der Bahnhof Walenstadt liegt nahe am Walensee und ist ein zentraler Ankunfts- und Ausgangspunkt f&uuml;r Ausfl&uuml;ge entlang des Seeuferwegs sowie in die umliegende Region. Der Bahnhof ist gut erschlossen und erm&ouml;glicht eine komfortable Kombination von Bahn, Auto und Velo. Am Bahnhof stehen 49 Parkpl&auml;tze zur Verf&uuml;gung (P+Rail Walenstadt) sowie ein &uuml;berdachtes Veloparking mit 147 Pl&auml;tzen.</div>;9.31295692920685;47.119906012635944;8880;Walenstadt;https://www.sbb.ch/de/reiseinformationen/bahnhoefe/bahnhof-finden/bahnhof.9414.walenstadt.html;[{'@type': 'ImageObject', 'contentUrl': 'https://hltpimtsoch.sos-ch-dk-2.exoscale-cdn.com/catalog/d/3/0/5/d305edb2bed141529e687c33be8572803a949e6c_Bahnhof_Piktogramm_HLT.png'}];2026-04-16T02:33:18+02:00
a126ba9b-d533-4878-9b22-0836b97b3cff;Landgasthof Linde;Der Landgasthof Linde in Berschis bietet in einem 300-jährigen Haus traditionelle und lokale Küche. Das Restaurant und das Stübli sind liebevoll dekoriert und bieten ein wöchentlich wechselndes Feinschmeckermenü in rauchfreier Umgebung.;In der Mitte von Berschis gelegen, strahlt das 300-jährige Haus jede Menge Tradition und Heimatverbundenheit aus. Treten Sie ein und lassen Sie sich von den gemütlichen Räumen überraschen. Das Restaurant und das Stübli werden mit viel Liebe zum Detail geschmückt und gepflegt.

Geniessen Sie im rauchfreien Stübli einen oder mehrere Gänge des wöchentlich wechselndes Feinschmeckermenüs. Im heimeligen Dorfbeizli werden die preiswerten Gerichte mit ebenso viel Liebe zubereitet.;9.3461533;47.1063672;Unterdorfstrasse 4;8892;Berschis;+41 81 733 22 21;lindeberschis@bluemail.ch;http://www.lindeberschis.ch;[{'@type': 'ImageObject', 'contentUrl': 'https://hltpimtsoch.sos-ch-dk-2.exoscale-cdn.com/catalog/f/6/0/1/f60126c8065f368b38a6d199de7b47b28f23e556__DSC8373.jpg'}];2026-05-31T16:51:14+02:00
a1a7902c-da65-4e94-a99c-f8459dd41b1e;Chalet Ruedi (CharmingStay);Das Chalet Ruedi (CharmingStay) bietet eine 3,5-Zimmerwohnung inmitten der Natur am Flumserberg. Direkt an der Skipiste und dem Winterwanderweg gelegen, ist es ideal für zwei bis vier Personen. Die Wohnung wurde mehrfach renoviert und bietet modernen Komfort.;Die charmante 3.5 Zimmerwohnung liegt mitten in der Natur. Direkt beim Winterwanderweg und neben der Skipiste, bzw. beim Sommerhöhenweg und dem Biker Trail. Die Wohnung ist ideal für 2-4 Personen. Die Wohnfläche beträgt 35m2. Gebaut wurde das Chalet im Jahre 1970, in den letzten Jahren wurde es aber mehrfach renoviert. Direkt neben dem Chalet liegt die Skipiste. Nur ca. 2 Minuten Abfahrt zum Prodalp-Express. Im Sommer erfolgt die Zufahrt direkt vor das Chalet und im Winter ist der Zugang via fussweg von 300m über die Obere Anggetlinstrasse und den Winterwanderweg sichergestellt.;9.303999489145204;47.08464215714109;Hintere Cafridastr. 30;8897;Flumserberg Tannenheim;+41 79 504 90 45;contact@charmingstay.ch;https://www.charmingstay.ch;[{'@type': 'ImageObject', 'contentUrl': 'https://hltpimtsoch.sos-ch-dk-2.exoscale-cdn.com/catalog/1/1/9/3/11937903eecdca231b121c58897697e06698fe6f_01_Ansicht1.jpg'}];2026-02-09T15:40:29+01:00
a211f9ed-bc68-462d-b382-4a3b0337db43;Brunner's Gamperdon;Die neue 3,5-Zimmerwohnung in Flumserberg Tannenboden bietet eine zentrale Lage mit Panoramablick auf die Churfirsten. Wanderwege, Bushaltestelle und Geschäfte sind zu Fuss erreichbar. Ein Garagenplatz ist im Preis inbegriffen.;Die neue 3.5-Zimmerwohnung liegt sehr zentral am Standort vom ehemaligen Hotel Gamperdon in Tannenboden Dorf. Wanderwege, Bushaltestelle, Restaurants, Lebensmittel- und Sportgeschäfte sind zu Fuss erreichbar. Ein Garagenplatz ist im Preis inbegriffen.

Die helle und komplett neue Ferienwohnung ist modern und komfortabel eingerichtet. Alle Zimmer verfügen über einen hellen Holzboden und haben eine wunderschöne Panoramasicht auf die Churfirsten.;9.28523182510765;47.093405000000004;Flumserbergstrasse 188;8898;Flumserberg Tannenbodenalp;+41 52 659 20 72;mail@markusbrunner.ch;[{'@type': 'ImageObject', 'contentUrl': 'https://hltpimtsoch.sos-ch-dk-2.exoscale-cdn.com/catalog/c/d/5/2/cd527ceff6baec5b4dd19d003b1e50559442d4b0_Aussenansicht.JPG'}];2026-03-11T13:51:07+01:00
a2ce8640-b677-447c-b638-a7ffb298e87f;Aussichtsplattform Pizalun;Die Aussichtsplattform Pizalun auf dem St. Margrethenberg bietet eine beeindruckende Rundumsicht auf die Berge von St. Gallen und Graubünden. Sie ist in weniger als einer Stunde von der Talstation des Skilifts Tristeli erreichbar.;Die Aussichtsplattform Pizalun auf der Hochebene St. Margrethenberg bietet eine Rundumsicht auf die umliegende St. Galler und Bündner Bergwelt. Dank den Panoramatafeln kann man die vielen Berge rundherum ganz einfach benennen. Zu Füssen liegt einem die Bündner Herrschaft und das Sarganserland. Und der Blick entlang dem Rhein führt bei guter Sicht bis zum Bodensee. 

Die Aussichtsplattform ist ab der Talstation des Skilifts Tristeli in einer knappen Stunde erreichbar. Auf einem leicht ansteigenden Wanderweg geht es durch Wälder und über blumenreiche Wiesen dem Gipfel Pizalun entgegen. Ganz nach oben zur Aussichtsplattform Pizalun führt eine steile aber gut ausgebaute Treppe. Vom Pizalun runter Richtung Fürggli führt ein gemütlicher Wanderweg an der Bergwirtschaft Jägeri vorbei. Wieder auf der Hochebene geht es auf der selten befahrenen Strasse zurück zum Ausgangspunkt.;9.5203328;46.9711004;7313;St. Margrethenberg;+41 81 300 40 20;badragaz@heidiland.com;https://heidiland.com/de/service/tourist-office.html;[{'@type': 'ImageObject', 'contentUrl': 'https://hltpimtsoch.sos-ch-dk-2.exoscale-cdn.com/catalog/f/a/8/7/fa87a569398724a69c074704e5b06c8dbab97084_Aussichtsplattform__Pizalun_Sankt_Margrethenberg1.JPG'}];2026-08-14T12:02:42+02:00
a3673a1c-f492-48d7-931a-f89682b89cd8;Chalet Felsenberg (CharmingStay);Das Chalet Felsenberg in Flumserberg Tannenheim bietet eine gemütliche 2,5-Zimmer-Wohnung mit Blick auf die Churfirsten. Die Bergbahn Prodalp-Express ist in zwölf Gehminuten erreichbar.;Diese gemütliche 2.5-Zimmer-Wohnung im Erdgeschoss des Chalet Felsenberg bietet eine traumhafte Aussicht auf die Churfirsten. Vom Chalet sind es 12 Gehminuten bis zur Bergbahn Prodalp-Express.;9.305532574653627;47.08385414148862;Oberes Anggetlinstrasse 16;8897;Flumserberg Tannenheim;+41 79 504 90 45;contact@charmingstay.ch;https://www.charmingstay.ch;[{'@type': 'ImageObject', 'contentUrl': 'https://hltpimtsoch.sos-ch-dk-2.exoscale-cdn.com/catalog/8/d/4/8/8d489af67736960a768c0f59376de38470e65721_image18.jpeg'}];2026-08-05T14:24:46+02:00
a36b97fc-03c9-406f-ae06-48628b8292f8;Naturpfad Chapfensee;Mit Edi dem Eichelhäher am Chapfensee – entdecken, verstehen und schützen. Der digitale Pfad zeigt Natur, Vielfalt und Herausforderungen.;<p>Die Region Chapfensee ist in vielerlei Hinsicht eine Perle, aber als Besuchermagnet hat sie auch mit verschiedenen Herausforderungen zu k&auml;mpfen. F&uuml;r die einen &uuml;bt sie eine besondere Anziehung aus, weil es hier noch kostbare Moore und seltene Waldgesellschaften gibt. F&uuml;r die anderen, weil man hier baden und grillieren kann. Andere freuen sich &uuml;ber die Energiegewinnung, die Geologie oder die faszinierende Vogelwelt.&nbsp; Als Maskottchen bringt Eichelh&auml;her Edi im Actionboundpfad den Besuchern die Themen rund um den Chapfensee unterhaltsam n&auml;her. Als Eichelh&auml;her kann er an vielen Orten angetroffen werden, ist gut erkennbar und als Rabenvogel hat er den Ruf, weise und zugleich etwas vorwitzig zu sein.</p><p>Den Chapfensee verstehen, geniessen und erhalten, lautet das Motto des digitalen Pfades.</p>;9.372673630714418;47.04921655179014;Weissenstein;8886;Mels;+41582293891;roger.bolliger@sg.ch;https://www.sg.ch/umwelt-natur/wald/waldregion-3-sargans/naturpfade.html;[{'@type': 'ImageObject', 'contentUrl': 'https://hltpimtsoch.sos-ch-dk-2.exoscale-cdn.com/catalog/3/5/1/6/351637f1067aec46cb39637c76d4035adb48767f_Chapfensee.jpg'}];2026-06-24T12:47:18+02:00
a66dfa9b-17fa-4790-922a-2aceafb0d12c;Liesch Weine AG, Ueli & Jürg Liesch;Das Weingut Ueli & Jürg Liesch in Malans GR bietet idyllisch gelegene Rebberge, Keller und Verkaufsräume. Besuchende können die Welt des Winzers erkunden oder die Räumlichkeiten für eigene Anlässe mieten.;Rebberge, Keller und Verkaufsräume liegen idyllisch mitten im Grünen. Geniessen Sie einen Kurzbesuch oder einen langen Einblick in die Welt des Winzers oder mieten Sie die Räumlichkeiten, um Ihren Anlass selbst gestalten.;9.55787241817269;46.988163530330276;Weingut Treib 1;7208;Malans GR;+41 81 322 12 25;info@liesch-weine.ch;http://www.liesch-weine.ch;[{'@type': 'ImageObject', 'contentUrl': 'https://hltpimtsoch.sos-ch-dk-2.exoscale-cdn.com/catalog/0/1/1/8/011859a192f74a82765e5e0f4756aeed2bbb5c91_DJI_0221__1280x853_.jpg'}];2026-08-02T12:00:14+02:00
a68dc274-7cf4-4337-9f8c-ec6e266539c6;Chalet Hasehüsli;Das charmante Chalet Hasehüsli auf der Tannebodenalp bietet ruhige Lage und schöne Sicht auf die Churfirsten. 2.5- und 3.5-Zimmer-Wohnungen für 4–6 Personen, mit Küche, Bad, TV, Balkon oder Sitzplatz. Hunde nach Absprache willkommen.;<p class="MsoNormal"><span lang="DE-CH">Das Chalet Haseh&uuml;sli befindet sich auf der Tannebodenalp im Flumserberg in ruhiger Lage, nahe am Wald und mit herrlichem Blick auf die Churfirsten. Das Chalet umfasst eine 2,5-Zimmer-Wohnung mit bis zu vier Schlafpl&auml;tzen, darunter ein separates Schlafzimmer mit Doppelbett sowie ein Bettsofa im Wohnzimmer.</span></p><p class="MsoNormal"><span lang="DE-CH">Des Weiteren steht eine 3,5-Zimmer-Wohnung mit zwei Schlafzimmern und maximal sechs Schlafpl&auml;tzen zur Verf&uuml;gung. Ein Schlafzimmer ist mit einem Einzelbett ausgestattet, das zum Doppelbett umfunktioniert werden kann, sowie mit einem Etagenbett (geeignet f&uuml;r Erwachsene bis maximal 1,70 m K&ouml;rpergr&ouml;&szlig;e oder f&uuml;r Kinder). Das zweite Schlafzimmer verf&uuml;gt &uuml;ber ein Doppelbett.</span></p><p class="MsoNormal"><span lang="DE-CH">Beide Wohnungen bieten ein Badezimmer mit Dusche und WC sowie eine gut ausgestattete K&uuml;che inklusive Mikrowelle und Kaffeemaschine. Im Wohnzimmer befinden sich je ein Sofa und ein Fernseher. Internetzugang ist nicht verf&uuml;gbar.</span></p><p class="MsoNormal"><span lang="DE-CH">Hunde sind nach vorheriger Absprache grunds&auml;tzlich gestattet.</span></p><p class="MsoNormal"><span lang="DE-CH">Beide Wohneinheiten verf&uuml;gen &uuml;ber einen eigenen Sitzplatz oder Balkon mit Tisch und St&uuml;hlen. Zus&auml;tzlich steht im Garten ein &uuml;berdachter Sitzbereich mit Pavillon und Feuerstelle zur gemeinschaftlichen Nutzung bereit.</span></p>;9.286381;47.0944018;Schwendistrasse 18;8898;Flumserberg Tannenboden;+41 79 583 71 07;hasehuesli@gmail.com;[{'@type': 'ImageObject', 'contentUrl': 'https://hltpimtsoch.sos-ch-dk-2.exoscale-cdn.com/catalog/4/c/9/8/4c986e0874f8e6537ee3781948262674d48a1669_20250713_135714.jpg'}];2026-08-31T09:07:45+02:00
a69745dc-4f1e-4f55-8484-a14a8d3311b6;Restaurant Forum Landquart;Hausgemachte Klassiker aus der Schweizer und österreichischen Küche, frisch zubereitet und mit Liebe serviert.;<div class="elementor-element elementor-element-f039019 elementor-widget elementor-widget-text-editor" data-id="f039019" data-element_type="widget" data-e-type="widget" data-widget_type="text-editor.default"><p>Das&nbsp;<strong data-start="4" data-end="24">Restaurant Forum</strong>&nbsp;ist ein Ort, an dem Tradition und Genuss aufeinandertreffen. Hier wird mit Leidenschaft gekocht, ehrlich, bodenst&auml;ndig und immer frisch.</p></div><div class="elementor-element elementor-element-973c26b elementor-widget elementor-widget-text-editor" data-id="973c26b" data-element_type="widget" data-e-type="widget" data-widget_type="text-editor.default"><p>Die K&uuml;che bietet klassische Schweizer und &ouml;sterreichische Spezialit&auml;ten, zubereitet mit besten regionalen Zutaten. Ob zum gem&uuml;tlichen Mittagessen, zum Abendessen mit Freunden oder f&uuml;r besondere Anl&auml;sse, im Restaurant Forum steht das Wohl der G&auml;ste immer im Mittelpunkt.</p></div>;9.562952208064512;46.957444100000004;Schulstrasse 78;7302;Landquart;+41 78 223 70 73;info@restaurant-forum.ch;https://restaurant-forum.ch/;[{'@type': 'ImageObject', 'contentUrl': 'https://hltpimtsoch.sos-ch-dk-2.exoscale-cdn.com/catalog/4/1/2/6/41269eb8045149b648c2d48667894529ea2b90c9_bdee7426_b803_4737_852f_56d7c2423c0e__1_.jpeg'}];2026-09-04T13:12:23+02:00
a80bb401-1acf-4df4-ba9b-b44d5a895109;Haus Gauenwald (Whg. Tribelhorn);Haus Gauenwald bietet eine gemütliche 3-Zimmer-Wohnung mit bis zu sechs Schlafplätzen. Zentral gelegen, nur fünf Gehminuten von der Bergbahn Tannenheim entfernt, bietet es Ruhe abseits der Hauptstrasse.;Gemütlich eingerichtete 3-Zimmer Wohnung mit maximal 6 Schlafplätzen zu vermieten. Die Wohnung liegt zentral, 5 Gehminuten von der Bergbahn im Tannenheim entfernt und doch weg vom Lärm der Hauptstrasse.;9.3004584;47.09134255;Tschudiwiesenstrasse 10;8897;Flumserberg Tannenheim;+423 797 18 69;info@flumserberg.li;http://www.flumserberg.li;[{'@type': 'ImageObject', 'contentUrl': 'https://hltpimtsoch.sos-ch-dk-2.exoscale-cdn.com/catalog/a/e/3/d/ae3d53df2bb2597bff90c3d59e5326ad1cc4604a_Haus_Gauenwald_7.jpg'}];2026-05-15T08:43:42+02:00
a851bf5f-702b-4bc5-986e-56f0abc5fdd9;Wein & ALTER TORKEL;Ein exklusives Weinerlebnis mit Wine Tours Switzerland führt dich durch die Bündner Herrschaft. Rebberge und Weingüter geben Einblick in die regionale Weinkultur, bevor ein Degustationsmenü mit Weinbegleitung im Alten Torkel in Jenins den Abschluss bildet.;<ul><li><div>Gef&uuml;hrte Weintour durch die B&uuml;ndner Herrschaft (inkl. Transport)</div></li><li><div>Besuch von Rebbergen und einem ausgew&auml;hlten Weingut</div></li><li><div>Einf&uuml;hrung in Reben, Terroir und Weinherstellung</div></li><li><div>Gef&uuml;hrte Weinverkostung mit regionalen Spezialit&auml;ten</div></li><li><div>4‑Gang‑Weindegustationsmen&uuml; im Alten Torkel in Jenins</div></li></ul><div><div><p>Ein&nbsp;<strong>privater Wine Guide</strong>&nbsp;von&nbsp;<strong><a href="https://heidiland.com/map/poi/weintouren-in-der-bundner-herrschaft-24949152-444a-4556-bdce-e1188ec98f8a.html" target="_blank" rel="noopener">Wine Tours Switzerland&nbsp;</a></strong>holt dich am Nachmittag beim&nbsp;<strong>Alten Torkel in Jenins</strong>&nbsp;oder an einem vereinbarten Ort in der Region ab. W&auml;hrend der Fahrt durch die D&ouml;rfer der<strong>&nbsp;B&uuml;ndner Herrschaft&nbsp;</strong>erh&auml;ltst du Einblicke in die Geschichte der Region, die Herkunft des&nbsp;<strong>B&uuml;ndner Pinot Noirs</strong>&nbsp;und das besondere Terroir.&nbsp;In den Rebbergen erf&auml;hrst du mehr &uuml;ber die Arbeiten im Wingert. Auf einem ausgesuchten Weingut wirst du in die&nbsp;<strong>Geheimnisse der Weinbereitung</strong>&nbsp;eingef&uuml;hrt und besuchst einen historischen Weinkeller. Die gef&uuml;hrte Degustation wird von B&uuml;ndner Trockenfleischspezialit&auml;ten und K&auml;se aus den umliegenden Alpen begleitet.&nbsp;Den Abschluss bildet das Abendessen im&nbsp;<strong><a href="https://heidiland.com/map/poi/alter-torkel-huus-vom-bundner-wii-d01f1d76-227d-4594-b23e-9a5319a5f8fb.html" target="_blank" rel="noopener">Alten Torkel in Jenins</a></strong>. Dort geniesst du ein saisonales&nbsp;<strong>4‑Gang‑Weindegustationsmen&uuml;</strong>&nbsp;mit sorgf&auml;ltig abgestimmten&nbsp;<strong>Weinen aus der B&uuml;ndner Herrschaft</strong>. Anschliessend wirst du zur&uuml;ck zu deinem Hotel oder zu einem Bahnhof in der Region gebracht.</p></div></div>;[{'@type': 'ImageObject', 'contentUrl': 'https://hltpimtsoch.sos-ch-dk-2.exoscale-cdn.com/catalog/d/2/b/1/d2b12453a3f378f03f4a8d11d8516af15eecf374_large__Rheinwelten_Alter_Torkel__15_.jpg'}];2026-05-05T08:41:54+02:00
a8ef4c38-544f-4c0c-88db-360fd5f5c576;Haus Ahorn;Das freistehende Ferienhaus Haus Ahorn liegt in ruhiger Lage nahe den Skipisten und Wanderwegen von Flumserberg. Es bietet Platz für vier Erwachsene und zwei Kinder und ist gemütlich mit viel Holz eingerichtet.;Das freistehende 4.5 Ferienhaus an ruhiger Lage ist in der Nähe der Skipisten und der Wanderwege. In kurzer Gehdistanz ist das Hallenbad Flumserberg zu erreichen. Maximal 4 Erwachsene und 2 Kinder bis zu 16 Jahren finden im Haus Ahorn Platz, für 6 Erwachsene ist das Haus leider zu klein.

Die Wohnung ist gemütlich und mit viel Holz eingerichtet. Teilweise sind die Wände und Decken getäfert. Das Cheminée macht die Atmosphäre im Wohn-/Esszimmer gemütlich.;9.29464946178027;47.08984275;Oberbergstrasse 17;8898;Flumserberg Tannenbodenalp;+41 55 460 12 01;ahorn-flumserberg@gmx.ch;http://www.zueger.cc/ahorn.htm;[{'@type': 'ImageObject', 'contentUrl': 'https://hltpimtsoch.sos-ch-dk-2.exoscale-cdn.com/catalog/7/3/9/9/7399f3fdb91956e338f27394091da16533f48753_Ahorn_Ost_Januar_21_q.jpg'}];2026-02-09T16:20:19+01:00
a973ee01-50f6-456f-b8ab-1292c5206058;Chalet Taiabell;Das Chalet Taiabell liegt in Flumserberg Tannenboden und bietet einen Panoramablick nahe den Skipisten. Es verfügt über ein Wohnzimmer, eine gut ausgestattete Küche, drei Schlafzimmer und eine Spielwiese mit Grillmöglichkeit.;Das alleinstehende Chalet befindet sich an sehr sonniger Lage in Flumserberg Tannenboden, mit wunderschönem Panoramablick nahe an den Skipisten. Das heimelige Ferienhaus mit Balkon ist komfortabel eingerichtet. Dazu gehört eine grosse Spiel- und Liegewiese mit Grillmöglichkeit sowie eine Garage und einen Parkplatz. Die Inneneinrichtungen mit viel Holz schaffen eine gemütliche Wohn-Atmosphäre. Es sind vorhanden: ein grosszügiges Wohnzimmer, eine sehr gut ausgestattete Küche, drei Schlafzimmer mit je zwei Betten sowie ein Badezimmer mit Dusche/WC.;9.285373091697695;47.092598195373476;Alp  Tannenbodenstrasse 5;8898;Flumserberg Tannenbodenalp;+41 81 733 18 86;nadiggiger@rsnweb.ch;[{'@type': 'ImageObject', 'contentUrl': 'https://hltpimtsoch.sos-ch-dk-2.exoscale-cdn.com/catalog/6/a/5/d/6a5dba7e040773e3d64115d402826d0fb6502c47_TDS00020011345300656_1___2.jpg'}];2026-03-11T14:05:27+01:00
a999ed1a-7b9a-4c36-af65-56b174cd58a1;Restaurant Zanai;Das Restaurant Zanai im Rehazentrum Valens bietet frische, regionale und saisonale Schweizer Küche. Es ist täglich geöffnet und serviert auch laktose- und glutenfreie Gerichte auf Anfrage. Gäste können wechselnde Wochenhits geniessen sowie von Donnerstag bis Montag  frische Pizza.;Bei uns geniessen Sie frische, regionale, saisonale Köstlichkeiten aus der Schweizer Küche, serviert in modernen Interpretationen. Zusätzlich zu unseren saisonalen Spezialitäten und der à-la-carte-Auswahl präsentieren wir Ihnen jede Woche wechselnde «Wochenhits». Diese exklusiven Kreationen unseres Küchenteams sind stets frisch, innovativ und spiegeln die Vielfalt der Schweizer Küche wider.

Auf Wunsch kochen wir auch laktose- und glutenfrei und informieren Sie gerne über die verwendeten Zutaten in unseren Gerichten.

Das Restaurant Zanai befindet sich im Rehazentrum Valens und ist täglich geöffnet. Wir freuen uns auf Ihren Besuch!;9.4833655;46.9698933;Taminaplatz 1;7317;Valens;+41 58 511 15 55;zanai@kliniken-valens.ch;https://www.restaurant-zanai.ch/;[{'@type': 'ImageObject', 'contentUrl': 'https://hltpimtsoch.sos-ch-dk-2.exoscale-cdn.com/catalog/4/d/e/c/4dec1e66ad60e07bfe63e583930a28292ff06b68_Restaurant_Zanai_1.jpg'}];2026-08-06T09:09:01+02:00
abd126c0-41bf-4ac3-966c-f8de365ad75d;Haus Panorama Reeling (CharmingStay);Die 3-Zimmerwohnung in Flumserberg Tannenheim bietet eine schöne Aussicht auf die Churfirsten und liegt nahe der Bergbahn Prodalp-Express. Sie verfügt über zwei Balkone und einen kostenlosen Garagenplatz.;Die 3-Zimmerwohnung befindet sich in Flumserberg Tannenheim, sehr nahe der Bergbahn Prodalp-Express und bietet eine schöne Aussicht auf die Churfirsten. Zur Wohnung gehört ein kostenloser Garagenplatz.

Die grosszügige Wohnung im obersten Stock ist zweckmässig eingerichtet. Schöne Landschaftsbilder zieren die Wände. Die Wohnung verfügt über zwei Balkone mit Morgen- und Abendsonne.;9.30404;47.08977;Panoramastrasse 14;8897;Flumserberg Tannenheim;+41 79 504 90 45;contact@charmingstay.ch;https://www.charmingstay.ch;[{'@type': 'ImageObject', 'contentUrl': 'https://hltpimtsoch.sos-ch-dk-2.exoscale-cdn.com/catalog/b/6/1/2/b6124843fde727ca96782d1cd57616cb88bff8f8_Esstisch.jpg'}];2026-01-19T12:01:39+01:00
add0b885-13dc-47ac-86ad-12fefd13b1d0;Chalet Agathli;Das Chalet Agathli in Flumserberg Bergheim bietet eine ruhige Lage mit Blick auf die Churfirsten. Es liegt direkt im Ski- und Wandergebiet und verfügt über zwei kostenlose Parkplätze sowie einen grossen Gartensitzplatz mit Spielplatz und Wintergarten.;Das alleinstehende 4.5-Zimmerchalet befindet sich an ruhiger Lage in Flumserberg Bergheim und bietet eine schöne Aussicht auf die Churfirsten. Direkt im Ski- und Wandergebiet. Zwei kostenlose Parkplätze sind inklusive.

Das 2-stöckige Ferienhaus ist gemütlich und zweckmässig eingerichtet. Zudem gehört zum Chalet ein grosser Gartensitzplatz mit viel Umschwung, Spielplatz und ein Wintergarten.;9.306738455281621;47.098285950000005;Bargsstrasse 25;8896;Flumserberg Bergheim;+41 79 310 59 42;martina.faessler@pm3.ch;[{'@type': 'ImageObject', 'contentUrl': 'https://hltpimtsoch.sos-ch-dk-2.exoscale-cdn.com/catalog/7/d/2/1/7d214c4cc57ed90a1b51d7ff8394734262b0b353_tkv_fh_martinafaessler_002_DJI_0007_HDR.jpg'}];2026-01-19T12:01:39+01:00
adf80e02-9516-44b7-ad4b-5334a7a6da43;Chalet Pfaffenacher;Das Chalet Pfaffenacher in Flumserberg Bergheim bietet eine ruhige Lage mit herrlicher Aussicht. Es verfügt über 4,5 Zimmer, eine voll ausgestattete Küche, zwei Nasszellen und eine gedeckte Terrasse. Ideal für Familien bis zu fünf Personen.;Gepflegtes, alleinstehendes Chalet mit herrlicher Aussicht.  Das Chalet hat 4.5 Zimmer. Zwei Zimmer mit je zwei Einzelbetten und Schrank im Obergeschoss sowie ein grosses Zimmer mit Doppelbett, Schrank, Sitzgelegenheit und Schreibtisch im Erdgeschoss. Wohnraum mit Sitzgruppe, TV und Essecke. Zwei Nasszellen mit Duschen und eine vollständig ausgerüstete, offene Küche. Gedeckte Terrasse und Sitzplatz. Waschmaschine und Abstellraum im Erdgeschoss. Parkplätze direkt an der Bergstrasse. Das Haus steht 50 m oberhalb der Strasse. Ideal für Familien bis max. 5 Personen.;9.3082039;47.0948308;Flumserbergstrasse 76;8896;Flumserberg Bergheim;+41 79 461 00 35;juerg.gadient@bluewin.ch;[{'@type': 'ImageObject', 'contentUrl': 'https://hltpimtsoch.sos-ch-dk-2.exoscale-cdn.com/catalog/c/1/3/f/c13f042320cd6e17f0911e57751905fc11ea82d1_Chalet_Pfaffenacher_aussen_winter.JPG'}];2026-05-29T04:14:05+02:00
af1bfd7e-215d-45b8-988a-045dedb6dc9c;Ferienwohnung Bi dä Susi;Die Ferienwohnung Bi dä Susi liegt zentral in Flumserberg Tannenheim, nur 5 Gehminuten von der Talstation Prodalp-Express entfernt. Sie bietet eine moderne Einrichtung und eine schöne Aussicht auf die Berge des Sarganserlandes.;Die Ferienwohnung "Bi dä Susi" liegt mitten im Zentrum Flumserberg Tannenheim, 5 Gehminuten von der Haustüre bis zur Talstation Prodalp-Express und bietet eine schöne Aussicht auf die Berge des Sarganserlandes. 
Die 4.5-Zimmerwohnung ist modern und gemütlich eingerichtet. Im gleichen Gebäude finden Sie das einzigartige Restaurant mätz dine. ;9.30443825;47.09053425;Flumserbergstrasse 41;8897;Flumserberg Tannenheim;+41 76 494 66 35;susi@bi-dae-susi.ch;https://www.bi-dae-susi.ch;[{'@type': 'ImageObject', 'contentUrl': 'https://hltpimtsoch.sos-ch-dk-2.exoscale-cdn.com/catalog/4/8/b/3/48b3deb45ee44c2289d84622a3618ab52d5a3f23_IMG_7251.jpg'}];2026-08-27T04:13:36+02:00
af3b8400-d29a-401a-8757-fd754d43dcaf;Berggasthaus Eggwald;Das Berggasthaus Eggwald liegt hoch über Bad Ragaz in Kunkels, auf dem Weg zum Kunkelspass. Es bietet eine ruhige Atmosphäre mit Übernachtungsmöglichkeiten / Restaurationsbetrieb ausschliesslich für Übernachtungsgäste.;<p class="MsoNormal"><strong><span lang="DE-CH" style="font-size: 10.0pt; font-family: 'Arial',sans-serif; color: black; mso-ansi-language: DE-CH;">Willkommen in unserem Berggasthaus Eggwald</span></strong></p><p class="MsoNormal"><span lang="DE-CH" style="font-size: 10.0pt; font-family: 'Arial',sans-serif; color: black; mso-ansi-language: DE-CH;">Ruhig gelegen und fernab vom Alltag ist unser Berggasthaus der ideale Ort zum Abschalten und Geniessen.<br>Wir bieten &Uuml;bernachtungen mit Halbpension an und legen grossen Wert auf eine pers&ouml;nliche, entspannte Atmosph&auml;re.</span></p><p class="MsoNormal"><span lang="DE-CH" style="font-size: 10.0pt; font-family: 'Arial',sans-serif; color: black; mso-ansi-language: DE-CH;">Unsere G&auml;ste &uuml;bernachten in zwei neu renovierten Doppelzimmern oder in unserem gem&uuml;tlichen Touristenlager.</span></p><p class="MsoNormal"><span lang="DE-CH" style="font-size: 10.0pt; font-family: 'Arial',sans-serif; color: black; mso-ansi-language: DE-CH;">F&uuml;r E-Biker offerieren wir eine E-Bike Ladestation, wo Sie gratis auftanken k&ouml;nnen. </span></p><p class="MsoNormal"><span lang="DE-CH" style="font-size: 10.0pt; font-family: 'Arial',sans-serif; color: black; mso-ansi-language: DE-CH;">F&uuml;r Gruppen oder Familien organisieren wir sehr gerne Anl&auml;sse wie Geburtstagsfeiern oder &auml;hnliche Veranstaltungen und gestalten diese individuell nach Ihren W&uuml;nschen.</span></p>;9.410965693257875;46.87034355;Oberkunkels, 1;7315;Vättis;+4179 300 89 74;lucia@eggwald-kunkelspass.ch;https://www.eggwald-kunkelspass.ch;[{'@type': 'ImageObject', 'contentUrl': 'https://hltpimtsoch.sos-ch-dk-2.exoscale-cdn.com/catalog/d/3/1/1/d3110502a2a9766efb7ae46d1ff5c4a2c3d6bb88_Eggwald_mit_Steingarten__004_.jpg'}];2026-09-04T13:25:57+02:00
afa9e681-18f7-44f0-a1c6-5ece6facf2b8;Mountaincarts;Die Mountaincarts am Pizol bieten ein aufregendes Fahrerlebnis auf einer 2200 m langen Strecke zwischen Gaffia und Furt. Die Carts sind stabil und werden durch Schwerkraft angetrieben, was ein sicheres und individuelles Tempo ermöglicht.;Auf der rund 2200m langen Strecke zwischen den Stationen Gaffia und Furt kann die aufregende und kurvenreiche Naturstrasse befahren werden. Dank des tiefen Schwerpunkts und einem breiten Radstand, verfügen die Mountaincarts über eine hohe Stabilität. Ohne Motor und aus reiner Schwerkraft angetrieben, kann selbst bestimmt werden in welchem Tempo die Fahrt aufgenommen werden soll. Die Sicherheit steht jedoch auch bei uns stets an erster Stelle. Bitte beachten Sie hierzu stets unsere Verhaltensregeln sowie die Allgemeinen Geschäftsbedingungen.

Das alpine Fahrvergnügen auf der abwechslungsreichen Bergstrecke (Alpstrasse) ist garantiert und stellt ein besonderes, nicht alltägliches Erlebnis dar.;9.412794113159181;46.990965010245155;Pizolstrasse 5;7323;Wangs;+41 81 300 48 30;info@pizol.com;https://pizol.com/sommer-erleben/mountaincarts?lang=de_CH;[{'@type': 'ImageObject', 'contentUrl': 'https://hltpimtsoch.sos-ch-dk-2.exoscale-cdn.com/catalog/0/1/7/c/017c4c8e3773f74871652990f9c1afc8567c0156_DSC_0756.JPG'}];2026-06-29T14:25:19+02:00
afbc09b5-fd1c-4e44-9945-cf0634eb8a8d;Paxmal;Das Paxmal in Walenstadtberg ist ein Friedensdenkmal von Karl Bickel, das zur inneren Einkehr und Meditation einlädt. Es ist von Frühling bis Herbst frei zugänglich und bietet einen beeindruckenden Blick auf die Churfirsten und den Walensee.;Mit dem Paxmal, dem Friedensmal, dessen Grundgedanke der Frieden für alle ist, schaffte Karl Bickel einen Ort der inneren Einkehr, der Meditation über den Menschen und seine Ziele, seine Lebens- und seiner Gesellschaftsformen.

Der Künstler wird 1886 in Zürich-Hirslanden geboren und verliert mit vier Jahren seinen Vater. 1900 bis 1904 macht er eine Lehre als Lithograf und Clichéezeichner im Atelier Paul Bleuer. In der grafischen Anstalt Hüttner wird er technischer Leiter und eröffnet 1908 sein eigenes grafisches Atelier. Bis 1912 stellt er Briefköpfe, Geschäftsempfehlungskarten und Modekataloge her. 1913 erkrankt Bickel an Tuberkulose und weilt über ein Jahr zur Kur in Walenstadtberg. Hier stellen sich Visonen ein, die er bei Genesung in Form eines Friedenstempels umsetzen will. 1924 beginnt er mit dem 25 Jahre dauernden Bau des Paxmals und lernt die St. Gallerin Berta Albrecht, die er 1926 heiratet, kennen. Sein Sohn Karl wird 1927 geboren. Bickel stirbt mit 96 Jahren 1982 auf Schrina-Hochrugg.

Das Paxmal ist ein hoch interessanter Ort des Staunens. Energetisch reicht es nicht zum Kraftort. Geniessen Sie den Platz zwischen den monumentalen Churfirsten und dem Walensee, setzen Sie sich mit dem Kunstwerk und seinen Aussagen auseinander und lassen Sie Ihre Seele fliegen, wenn sich der Himmel im Wasser spiegelt.

Das Paxmal ist von Frühling bis Herbst frei zugänglich.;9.270269293307088;47.142272649999995;8881;Walenstadtberg;081 710 27 77;info@museumbickel.ch;https://www.museumbickel.ch/index.php/paxmal;[{'@type': 'ImageObject', 'contentUrl': 'https://hltpimtsoch.sos-ch-dk-2.exoscale-cdn.com/catalog/d/6/7/b/d67b80aa6015b8a81fef3c7e55aaf09d1bfe3ac1_Paxmal_by_Karl_Bickel.jpg'}];2026-05-14T08:34:21+02:00
b029e5fd-46f8-4690-bab9-474ca79ff185;Haus Casetta (CharmingStay);Haus Casetta im Zentrum von Flumserberg-Tannenheim bietet eine 4,5-Zimmerwohnung. In der Nähe befinden sich Einkaufsläden, Sportgeschäfte, Skischule und Restaurants. Die Wohnung verfügt über eine Garage, Skiraum und Waschmaschine. Haustiere sind erlaubt.;Die 4.5-Zimmerwohnung befindet sich im Zentrum von Flumserberg-Tannenheim. Nur ca. 8 Gehminuten von der Haustüre bis zur Talstation Prodalp-Express über einen Naturweg, auch im Winter. In unmittelbarer Nähe der Ferienwohnung hat es Einkaufsläden, Sportgeschäfte, Skischule und Restaurants. Zur Wohnung gehört eine Garage, Skiraum, sowie eine Waschmaschine. Haustiere sind erlaubt.;9.3051;47.09012;Mätzwiesenstrasse 4;8897;Flumserberg Tannenheim;+41 79 504 90 45;contact@charmingstay.ch;https://www.charmingstay.ch;[{'@type': 'ImageObject', 'contentUrl': 'https://hltpimtsoch.sos-ch-dk-2.exoscale-cdn.com/catalog/c/7/b/d/c7bde43ae894d93c383cfae8d1af031d0b756809_11.jpg'}];2026-01-19T12:01:39+01:00
b0c6ec1c-266a-48ff-9d66-45802efb022c;b_smart motel Landquart;Das b_smart motel Landquart bietet 20 moderne Zimmer direkt neben dem Bahnhof Landquart. Es ist ideal für Shopping-Fans durch die Nähe zum Landquart Fashion Outlet.;Das b_smart motel Landquart lädt mit den 20 topmodernen Zimmern zum Entspannen und erholsamen Schlafen ein. Aufgrund der Lage direkt neben dem Bahnhof Landquart ist es perfekt erreichbar und durch die direkte Nachbarschaft zum Landquart Fashion Outlet kommen auch alle Shopping-Fans auf Ihre Kosten.;9.5553393;46.967034;Bahnhofplatz 3b;7302;Landquart;+423 230 47 47 ;landquart@b-smarts.net;https://www.b-smarts.net/landquart/;[{'@type': 'ImageObject', 'contentUrl': 'https://hltpimtsoch.sos-ch-dk-2.exoscale-cdn.com/catalog/4/a/b/4/4ab44fe585ba5b8aab28ff7ee6898cdc0bddbccc_EingangLobby1_M.jpg'}];2026-08-26T11:37:44+02:00
b0d43f58-f491-432f-8387-84c4e5e8d7d5;Restaurant Hotel Neu-Schönstatt;Das Café-Restaurant Neu-Schönstatt in Quarten bietet eine beeindruckende Aussicht auf die Churfirsten und den Walensee. Die Sommerterrasse lädt zum Verweilen ein, ideal für Familien, Freundeskreise oder Wandergruppen.;Das Café-Restaurant Neu-Schönstatt in Quarten verzaubert mit seiner einzigartigen Lage und einem atemberaubenden Blick auf die Churfirsten und den Walensee. Auf unserer sonnigen Sommerterrasse können Sie diese spektakuläre Aussicht besonders geniessen. Ob mit der Familie, Freunden oder Ihrer Wandergruppe – ein Besuch im Zentrum Neu-Schönstatt verspricht Genuss, Erholung und unvergessliche Momente zu jeder Jahreszeit.;9.2419932;47.1094131;Josef-Kentenich-Weg1;8883;Quarten;+41 81 511 02 00;reception@neuschoenstatt.ch;https://neuschoenstatt.ch/gastronomie/?gad_source=1&gclid=EAIaIQobChMIgtiqvNvkhwMVK5CDBx1RJAbJEAAYASABEgJA2vD_BwE;[{'@type': 'ImageObject', 'contentUrl': 'https://hltpimtsoch.sos-ch-dk-2.exoscale-cdn.com/catalog/7/6/b/c/76bc05b79506e3b42ded48d088df7d628c403900_Restaurant__4_.jpg'}];2026-04-26T04:38:19+02:00
b187ab79-25d8-4a46-9d1c-bc590d7150f8;Relax.Oase im Hotel Schloss Ragaz;Relax.oase im Schlosspark: 300 m² Wellness mit Sauna, Dampfbad, Whirlpool & Aussenpool – pure Entspannung inmitten der Natur.;&#60;p>Unsere gemütliche Relax.oase im Schlosspark ist der perfekte Ort, um Ruhe zu finden und zu entspannen. Umgeben von der Natur können Sie hier eine Auszeit vom Alltag geniessen. Entspannen Sie in der Sauna, im Dampfbad oder bei einer wohltuenden Massage. Wir freuen uns auf Ihren Besuch und bieten Ihnen eine erholsame Zeit. relax.oase mit 300m2 Finnische Blockhaussauna im Aussenbereich, Dampf- und Aromabäder, Softsauna, Erlebnisduschen, Einzelwhirlpool, Ruheraum und Aussenpool (Mai bis Oktober).&#60;/p>;9.510233402252199;46.99709963974352;Schloss-Strasse 1;7310;Bad Ragaz;+41 81 303 77 77;info@hotelschlossragaz.ch;https://www.hotelschlossragaz.ch/de/;[{'@type': 'ImageObject', 'contentUrl': 'https://hltpimtsoch.sos-ch-dk-2.exoscale-cdn.com/catalog/b/f/1/a/bf1a4a3386a4ee9c269a1aa3496c553e3ee957af_Pool.jpg'}];2026-01-14T00:30:15+01:00
b27984da-d2a6-41ad-8efc-139669dc2323;Naturerlebnis im Weisstannental;Erlebe die winterliche Stille des Weisstannentals auf einer geführten Erlebniswanderung – fernab vom Trubel und mitten in unberührter Natur. Entdecke verschneite Alpen, Wildtierspuren und das historische Bergdorf Weisstannen, mit gemütlicher Einkehr im traditionellen Gasthof.;<ul><li><span lang="DE-CH">Gef&uuml;hrte Winterwanderung im Weisstannental</span></li><li><span lang="DE-CH">Faszinierende Einblicke in Natur, Tierwelt und Geschichte des ehemaligen Walsertals</span></li><li><span lang="DE-CH">Eindrucksvolle Ausblicke auf den Foostock im UNESCO-Weltnaturerbe Tektonikarena Sardona</span></li><li><span lang="DE-CH">Entdeckung des historischen Bergdorfs Weisstannen auf &uuml;ber 1&rsquo;000 m &uuml;. M.</span></li><li><span lang="DE-CH">Gem&uuml;tliche Einkehr im stilvollen, jahrhundertealten Gasthof</span></li></ul><p><span lang="DE-CH"><span lang="DE-CH">Begleitet von einem ortskundigen und&nbsp;<strong>ausgebildeten Guide</strong>&nbsp;der&nbsp;<strong><a href="https://bergtraeume.ch/" target="_blank" rel="noopener">Bergtr&auml;ume GmbH&nbsp;</a></strong>ziehst du deine Spuren durch tief&nbsp;<strong>verschneite W&auml;lder</strong>&nbsp;und offene Alpfl&auml;chen. Unterwegs erf&auml;hrst du&nbsp;<strong>Spannendes &uuml;ber</strong>&nbsp;die&nbsp;<strong>Natur,&nbsp;</strong>die&nbsp;<strong>Tierwelt</strong>&nbsp;und die&nbsp;<strong>Geschichte dieses ehemaligen Walsertals</strong>. Mit etwas Gl&uuml;ck zeigen sich&nbsp;<strong>Hirsche</strong>,&nbsp;<strong>F&uuml;chse&nbsp;</strong>oder&nbsp;<strong>Wasseramseln</strong>. Die Route f&uuml;hrt vorbei an rauschenden&nbsp;<strong>Bergb&auml;chen</strong>, alten&nbsp;<strong>Bergbauernh&ouml;fen&nbsp;</strong>und bietet eindrucksvolle Ausblicke auf den&nbsp;<strong>Foostock&nbsp;</strong>&ndash; Teil des&nbsp;<a href="https://heidiland.com/erleben/ausfluege-sehenswuerdigkeiten/natur/unesco-welterbe-sardona.html" target="_blank" rel="noopener"><strong>UNESCO-Weltnaturerbes Tektonikarena Sardona</strong></a><br></span><span lang="DE-CH">Entdecke w&auml;hrend der Tour das&nbsp;<strong>historische Bergdorf Weisstannen</strong>&nbsp;auf &uuml;ber 1&rsquo;000 Metern &uuml;ber Meer. Hier scheint die Zeit stillzustehen: wettergegerbte&nbsp;<strong>Holzh&auml;user</strong>, traditionelle&nbsp;<strong>Handwerksobjekte&nbsp;</strong>und gelebte alpine Kultur pr&auml;gen das Dorfbild. Zum Abschluss geniesst du eine wohlverdiente&nbsp;<strong>Einkehr&nbsp;</strong>(Konsumation nicht im Preis inbegriffen)<strong>&nbsp;</strong>im stilvollen, jahrhundertealten&nbsp;<strong>Gasthof&nbsp;</strong>mit Ambiente aus der&nbsp;<strong>Belle &Eacute;poque</strong>&nbsp;und dem&nbsp;<strong>Biedermeier.</strong></span></span></p>;[{'@type': 'ImageObject', 'contentUrl': 'https://hltpimtsoch.sos-ch-dk-2.exoscale-cdn.com/catalog/9/4/6/0/94604008f6a36d6a361204a56b29d3b072f3cc2d_20250116_143048.jpg', 'caption': {'de': 'Naturerlebnis im Weisstannental'}}];2026-04-20T08:00:36+02:00
b29ce56a-9b70-4643-9045-501cddcb69a5;Signer Bäckerei;Die Signer Bäckerei in Zizers ist die erste Fünf-Sterne-Bäckerei der Schweiz. Sie bietet Nusstorten, gefüllte Brote, Pralinées und regionale Produkte an. Freundlichkeit und Service stehen im Mittelpunkt.;Echta Gnuss vom Morga bis am Obig.

Bei der ersten Fünf Sterne Bäckerei der Schweiz stehen die Kundinnen und Kunden im Zentrum. Freundlichkeit und Dienstleistung werden hier GROSS geschrieben. Das Herzblut, welches im Betrieb steckt, ist vom Gast spürbar.

Spezialist für Nusstorten, gefüllte Brote, Pralinée und regionale Produkte.;9.562815427780153;46.9327736500131;Kantonsstrasse 130;7205;Zizers;+41 81 322 88 77;info@baeckerei-signer.ch;https://www.baeckerei-signer.ch/;[{'@type': 'ImageObject', 'contentUrl': 'https://hltpimtsoch.sos-ch-dk-2.exoscale-cdn.com/catalog/d/f/d/b/dfdba5cddb240338cab6de3ae768aa20764f1be4_IMG_3324.JPG'}];2026-08-06T08:37:42+02:00
b3f15e19-db82-4025-a62f-0cfb6fcc4ef3;Skilift Tristeli, St.Margrethenberg;Der Skilift Tristeli auf dem Hochplateau St. Margrethenberg bietet im Winter bei ausreichendem Schnee etwa 4 km Pisten. Ein kleines Restaurant mit Panoramaterrasse befindet sich am Golerberg. Das Skigebiet liegt auf 1195 bis 1447 m Höhe.;Auf dem Hochplateau St.Margrethenberg wird im Winter bei ausreichend Schnee ein kleiner Skilift betrieben. Es stehen ca. 4 km Pisten zur Verfügung. Zuoberst am Lift befindet sich auf dem Golerberg ein kleines Restaurant mit einer aussichtsreichen Terrasse. Das familiäre Skigebiet liegt auf einer Höhe von 1195 bis 1447 m.;9.5078917;46.9810631;Furggelsstrasse 20;7313;St. Margrethenberg;079 647 50 65;bislin.daniel@bluewin.ch;https://skilift-tristeli.ch/;[{'@type': 'ImageObject', 'contentUrl': 'https://hltpimtsoch.sos-ch-dk-2.exoscale-cdn.com/catalog/e/c/7/4/ec74b321f1512b015c83618a6205f683da86b26a_St._Margrethenberg___Tristeli.JPG'}];2026-06-29T14:17:26+02:00
b41dc681-9886-4601-a691-f109a663241b;Coop Supermarkt Walenstadt;Der Coop Walenstadt ist ein Supermarkt mit einem vielseitigen Sortiment an Lebensmitteln, Frischeprodukten und Artikeln für den täglichen Bedarf.;<div><p>Der Coop Supermarkt in Walenstadt bietet eine komfortable Einkaufsm&ouml;glichkeit f&uuml;r den t&auml;glichen Bedarf. Das breite Sortiment umfasst frische Lebensmittel, Backwaren, Getr&auml;nke sowie Produkte f&uuml;r Haushalt und Alltag und legt Wert auf Qualit&auml;t, Regionalit&auml;t und Nachhaltigkeit.</p><p>Er ist f&uuml;r Einheimische und G&auml;ste gut erreichbar und eignet sich ideal f&uuml;r den schnellen Einkauf oder die Selbstversorgung w&auml;hrend eines Aufenthalts in der Region. Coop steht f&uuml;r verl&auml;ssliche Qualit&auml;t, eine &uuml;bersichtliche Ladenstruktur und ein vielseitiges Angebot.</p></div>;9.3145526;47.1233912;Bahnhofstrasse 11/13;8880;Walenstadt;+41 81 254 17 00;https://www.coop.ch/de/standorte/coop-supermarkt-walenstadt/1358_POS?;[{'@type': 'ImageObject', 'contentUrl': 'https://hltpimtsoch.sos-ch-dk-2.exoscale-cdn.com/catalog/e/3/8/0/e38070a7a2a18d6757bd15fd1add1ed9bf96cd1f_Einkaufen_Piktogramm_HLT.png'}];2026-04-26T05:01:13+02:00
b4874419-78c1-4c12-a36b-c8f4ac7d0890;Riesenhüpfkissen Flumserberg Prodalp;Das Riesenhüpfkissen auf Prodalp befindet sich neben dem Kletterturm CLiiMBER und dem Bergrestaurant Prodalp. Die Nutzung ist kostenlos und bietet Spass für Familien in der Sommersaison.;Das Hüpfkissen auf Prodalp steht gleich neben dem Kletterturm CLiiMBER und dem Bergrestaurant Prodalp. Die Benutzung ist kostenlos.;9.28898334503174;47.080340311768;Prodalp;8897;Flumserberg Tannenheim;+41 81 720 15 15;info@flumserbergbahnen.ch;https://www.flumserberg.ch;[{'@type': 'ImageObject', 'contentUrl': 'https://hltpimtsoch.sos-ch-dk-2.exoscale-cdn.com/catalog/a/4/3/c/a43c5adfb76670f66817c76111bd2f757c85d81a_tkv_bbf_prodalpsommer_0004__O5A4381.jpg'}];2026-05-15T08:43:20+02:00
b7c3e28e-5f5d-4a62-84f2-53e75d88195a;Hotel Krone by b_smart;Die Krone by b_smart im Zentrum von Bad Ragaz ist ein Self Check-in Hotel ohne Rezeption. In der Nähe befinden sich die Tamina Therme, ein Naturpark und ein Golfplatz.;Das Hotel Krone by b_smart eingebettet im schönen Zentrum von Bad Ragaz ist ein Self-Check-in Hotel ohne Rezeption. Unmittelbar in der Nähe befindet sich das öffentliche Thermalbad Tamina Therme sowie einen traumhaften Naturpark und einen Golfplatz.;9.5008174;47.0012304;Kronenplatz 2;7310;Bad Ragaz;+423 230 47 47;info@krone-badragaz.net;http://www.krone-badragaz.net;[{'@type': 'ImageObject', 'contentUrl': 'https://hltpimtsoch.sos-ch-dk-2.exoscale-cdn.com/catalog/7/9/b/2/79b2fa0d3ec5ff665421404344a6db7311ff5d43_Krone_Bad_Ragaz_Zimmer_30.jpg'}];2026-09-01T00:11:59+02:00
b80ab185-3981-459b-894f-8fe4b244001f;von Salis Tour;Entdecke die Bündner Herrschaft auf genussvolle Weise: Diese geführte Weintour mit Wine Tours Switzerland verbindet eindrückliche Landschaften, spannende Einblicke in den Weinbau und ausgewählte Degustationen – inklusive Besuch in der Vinothek von Salis.;<ul><li>Gef&uuml;hrte Weintour durch die B&uuml;ndner Herrschaft mit Wine Tours Switzerland</li><li data-section-id="nr91k4" data-start="535" data-end="599">Fahrt im komfortablen Minivan durch malerische Weinbaud&ouml;rfer</li><li data-section-id="zuk23w" data-start="600" data-end="654">F&uuml;hrung und Degustation im Weingut Davaz in Fl&auml;sch</li><li data-section-id="avg2u1" data-start="655" data-end="719">Verkostung von ausgew&auml;hlten von Salis Weinen in der Vinothek</li><li data-section-id="4hdav2" data-start="720" data-end="788">Spannende Einblicke in Terroir, Weinbau und regionale Weinkultur</li></ul><div><p data-start="816" data-end="1036">Erlebe die&nbsp;<strong>B&uuml;ndner Herrschaft</strong>&nbsp;von ihrer genussvollsten Seite. Auf dieser&nbsp;<strong>gef&uuml;hrten Weintour</strong>&nbsp;mit&nbsp;<a href="https://heidiland.com/map/poi/weintouren-in-der-bundner-herrschaft-24949152-444a-4556-bdce-e1188ec98f8a.html" target="_blank" rel="noopener"><strong>Wine Tours Switzerland</strong></a>&nbsp;entdeckst du eine der bedeutendsten Weinregionen der Schweiz und lernst ihre Besonderheiten kennen.&nbsp;Die Tour startet in&nbsp;<strong>Maienfeld</strong>&nbsp;und f&uuml;hrt dich im komfortablen Minivan durch die idyllischen Weinbaud&ouml;rfer der Region. Unterwegs erh&auml;ltst du spannende&nbsp;<strong>Einblicke in Geschichte, Terroir und die Arbeit der Winzer</strong>&nbsp;&ndash; erg&auml;nzt durch einen&nbsp;<strong>kurzen Spaziergang durch die Rebberge</strong>.&nbsp;Ein H&ouml;hepunkt ist der Besuch im&nbsp;<a href="https://heidiland.com/map/poi/weingut-davaz-eaf47ea7-98ff-4f97-822e-279b73857dde.html" target="_blank" rel="noopener"><strong>Weingut Davaz</strong></a>&nbsp;in Fl&auml;sch mit&nbsp;<strong>F&uuml;hrung und Degustation</strong>&nbsp;ausgew&auml;hlter Weine.&nbsp;Zum Abschluss geniesst du in der<a href="https://heidiland.com/map/poi/von-salis-vinothek-78f09ee3-1bf6-4d99-bd67-cdb12a127661.html" target="_blank" rel="noopener"><strong>&nbsp;Vinothek von Salis in Maienfeld&nbsp;</strong></a>eine weitere Degustation in stilvollem Ambiente &ndash; begleitet von&nbsp;<strong>regionalen Spezialit&auml;ten&nbsp;</strong>und interessanten Hintergrundinformationen.</p></div>;[{'@type': 'ImageObject', 'contentUrl': 'https://hltpimtsoch.sos-ch-dk-2.exoscale-cdn.com/catalog/4/1/8/c/418cd7fd202332d9aed403017779ee50dcc30e85_Davaz_Juni22_5202.jpg', 'caption': {'de': 'Weingut Davaz '}}];2026-04-22T09:06:41+02:00
b8ba301e-a365-4023-b126-5e6dd71f8e9d;Ferienwohnung Rothmund;Die Ferienwohnung Rothmund in Bad Ragaz bietet eine ruhige Lage nahe dem Giessenpark. Sie ist behindertengerecht, haustierfreundlich und verfügt über einen kostenfreien Parkplatz. Kuranlagen und das Ortszentrum sind in wenigen Gehminuten erreichbar.;Die 3.5-Zimmer-Wohnung befindet sich an ruhiger und sonniger Lage in Bad Ragaz, in unmittelbarer Nähe des Giessenparks. Kuranlagen, Zug, Post und Ortszentrum sind in 10 bis 15 Gehminuten erreichbar. Zur Wohnung gehört ein kostenfreier Parkplatz.

Die heimelige Wohnung ist behindertengerecht und rollstuhlgängig eingerichtet. Das helle Wohnzimmer ist Arve-getäfelt, was der Wohnung sehr viel Charme verleiht.;9.506600249463734;47.006619900000004;Föhrenwaldweg 1;7310;Bad Ragaz;+41 76 404 92 66;boutique-topolino@hotmail.com;https://www.ferienwohnung-rothmund.ch/;[{'@type': 'ImageObject', 'contentUrl': 'https://hltpimtsoch.sos-ch-dk-2.exoscale-cdn.com/catalog/2/0/1/8/20183b097acfede8a2f11817e1c73b2d4a686721_DSC_0676.JPG'}];2026-04-21T11:45:40+02:00
bb4f3414-3cc1-4dc0-84a5-06e30128de7d;Grotto "KALIFORNI" CasaNova Wein Pur;Das Grotto KALIFORNI CasaNova Wein Pur am Walensee bietet selbstproduzierte Weine und Tapas in einem besonderen Mikroklima zwischen See und den Kalkfelswänden der Churfirsten.;In unserem Grotto KALIFORNI direkt am Walensee präsentieren wir unsere selber produzierten Weine, Tapas und eine besondere Atmosphäre im Mikroklima zwischen See und den steilen Kalkfelswänden der Churfirsten.;9.29348945617676;47.12884106799356;Seemühlestrasse;8880;Walenstadt;+41792189138;kontakt@casanova-weinpur.ch;https://www.casanova-weinpur.ch;[{'@type': 'ImageObject', 'contentUrl': 'https://hltpimtsoch.sos-ch-dk-2.exoscale-cdn.com/catalog/c/b/0/5/cb056f01910e3ba484c7f80d534148f2c8919283_9f517ade_b739_4f4a_87eb_26e4cfd2bfc8__2.jpeg'}];2026-06-30T08:53:52+02:00
bba644fb-dd6e-4cce-9865-1be9bcf533fc;INTERSPORT Network Flumserberg Filiale Unterterzen;Die INTERSPORT Network Flumserberg Filiale in Unterterzen liegt direkt am Walensee. Im Sommer können Stand-up-Paddles, Kajaks und Pedalos gemietet werden. Eine saisonale Textilabteilung ist das ganze Jahr über verfügbar.;Die INTERSPORT Network Flumserberg Filiale in Unterterzen befindet sich direkt am Seeufer des Walensees. Gerne überzeugen wir Sie von unserem topaktuellen Sortiment, kundenorientierten Dienstleitungen und fachkompetenter Beratung und sind mit Freude für Sie da. Im Sommer haben Sie die Möglichkeit, Stand-up-Paddles, Kajaks und Pedalos zu mieten. Während des ganzen Jahres präsentiert die Filiale eine grosse und der Saison angepasste Textilabteilung.

Wie wäre es mit einer E-Bike-Tour entlang des Walensees? Den fahrbaren Untersatz dafür mieten Sie ganz einfach in der INTERSPORT Filiale Unterterzen.

Jetzt Fahrrad online mieten unter www.intersport-network.ch;9.2559119;47.1151965;Gostenstrasse 25;8882;Unterterzen;+41 81 720 16 01;info@intersport-network.ch;https://www.intersport-network.ch/filialen/unterterzen/;[{'@type': 'ImageObject', 'contentUrl': 'https://hltpimtsoch.sos-ch-dk-2.exoscale-cdn.com/catalog/1/2/7/4/12748f4df9e54a5d93ffe67c2ed6d1b508838f60_tkv_bbf_isn_sommer_089__51_7675.jpg'}];2026-08-30T16:30:14+02:00
bbe65652-c491-4cfd-96cf-c3b3c4a6368e;Café Therme;Das Café Therme in Bad Ragaz bietet eine entspannte Atmosphäre für Thermengäste, Spaziergänger und Arbeitende. Es serviert mediterrane und traditionelle Küche und ist familienfreundlich sowie rollstuhlgerecht. Die Terrasse bietet einen Blick auf das Bündner Bergpanorama.;Hier treffen Thermengäste auf Spaziergänger und Kaffeeklatschfrauen auf W-Lan suchende Arbeitshungrige. Egal, ob Sie einen ruhigen Lese- oder Arbeitsmoment für sich brauchen oder Ihnen nach einem geselligen Gespräch mit einem lieben Menschen ist – im Café Therme findet jeder und jede seinen Lieblingsplatz. Steht Ihnen das Bedürfnis nach einem schmackhaften Snack, einer gesunden Erfrischung, einem warmen Lunch oder eher einem vitalen Frühstück? Sie haben die Wahl.

Im Frühling, Sommer und Herbst erwärmt die Sonne Ihr gemütliches Verweilen auf der Terrasse. Ein prickelnder Apéro oder ein genüssliches Frühstück mit Blick auf das Bündner Bergpanorama lassen Stunden wie Minuten verstreichen.;9.504509586064522;46.999249500000005;Hans-Albrecht Strasse;7310;Bad Ragaz;+41 81 303 27 40;taminatherme@taminatherme.ch;http://www.taminatherme.ch;[{'@type': 'ImageObject', 'contentUrl': 'https://hltpimtsoch.sos-ch-dk-2.exoscale-cdn.com/catalog/f/f/d/e/ffde5fee6726394ebe6debf7524890414611d15a_b81f188023bd7b913cc7439053347dac63a29e53.jpg'}];2026-05-14T09:14:58+02:00
bc73425a-929e-4a59-b712-142622de4d4c;Casa Fluretta;Casa Fluretta bietet eine neu renovierte Wohnung für zwei bis fünf Personen in Flumserberg Tannenheim. Die Unterkunft verfügt über eine erstklassige Küche, kostenloses WLAN und einen Sitzplatz mit herrlicher Aussicht. Ein Trampolin und eine Schaukel stehen auf der Spielwiese zur Verfügung. Die Bergbahnen sind etwa 300 m entfernt.;Die im Frühling 2021 neu renovierte, komfortable und liebevoll mit viel Holz eingerichtete Wohnung ist für 2-5 Personen geeignet. Das Wohnzimmer verfügt über eine grosszügige Eckbank mit Tisch und Stühlen, gemütlichem Sofa, Sessel, TV und gratis WLAN. Die erstklassige Küche ist aus hochwertigem Material und mit Geschirrspüler, grossem Kühlschrank, Backofen und alles was man braucht ausgerüstet. Die Dusche/WC ist praktisch, hell, mit Spiegelkasten, Föhn und Handtuchwärmer versehen. In der ersten Etage befindet sich das Zwei- und Dreibett-Schlafzimmer mit Kasten und Kommode. Der Sitzplatz, mit herrlicher Aussicht, ist ebenerdig vom Wohnzimmer. Es stehen ein Gartentisch mit Stühlen, Grill, eine Lounge, Liegestühle und Sonnenschirme zur Verfügung. Auf der grossen Spielwiese gibt es ein Trampolin und eine Schaukel für Freude der Kinder. Gratiseintritt ins Hallenbad. Gratis Parkplatz und Einstellraum für Bikes, Ski, Kinderwagen, etc. ist vorhanden. Die Sportbushaltestelle ist direkt vor dem Haus und zu den Bergbahnen sind es ca. 300 m.;9.30712408288207;47.08900465;Flumserbergstrasse 113;8897;Flumserberg Tannenheim;+41 81 733 17 73;jaeger.rudolf@bluemail.ch;http://www.casafluretta.ch;[{'@type': 'ImageObject', 'contentUrl': 'https://hltpimtsoch.sos-ch-dk-2.exoscale-cdn.com/catalog/3/c/e/f/3cefd771ff51a19e67b0260a694767849d96e513_IMG_0435.JPEG'}];2026-01-27T14:25:02+01:00
bc7fba53-5dc1-472f-9ab4-075fd84e228c;Stall 247;Stall 247 in Maienfeld bietet eine Auswahl an hochwertigen Speisen wie Fleisch- und Käseplatten, Sandwiches und saisonale Angebote. Die Produkte stammen direkt vom Hersteller und werden inmitten der Weinberge präsentiert.;Tritt ein in den ehemaligen Kuhstall. Wo früher die Kühe Wärme und Behaglichkeit genossen, finden heute unsere Gäste die besten Weine aus Graubünden in Kombination mit regionalen kulinarischen Genüssen.

Unser Stall ist das ganze Jahr über für dich zu unseren Öffnungszeiten geöffnet. Schau vorbei und geniesse saisonale Köstlichkeiten: ob leckere Menüs, Tapas oder einfach ein Glas Wein.

Neben dem Bündner Wein haben Regionalität und Saisonalität einen sehr hohen Stellenwert bei uns. Wir bieten das an, was gerade im Garten wächst oder die Metzgerei schlachtet.

Das erwartet dich:

- 20 Weine im Offenausschank an unserer Weinstrasse
- Saisonale Tapas: nachmittags und jeden Mittwochabend
- Feine Mittagsmenüs: am Wochenende
- Überraschende Abendmenüs: von Donnerstag bis Samstag

In unserer Vinothek findest du ausserdem eine erlesene Auswahl an Weinen aus Graubünden - perfekt zum Mitnehmen oder als Geschenk.

Wir freuen uns auf deinen Besuch!;9.53021885;47.01033045;Spitalgasse 16;7304;Maienfeld;+41 81 599 46 76;info@stall247.ch;https://www.stall247.ch/;[{'@type': 'ImageObject', 'contentUrl': 'https://hltpimtsoch.sos-ch-dk-2.exoscale-cdn.com/catalog/c/0/5/0/c0506aa5979a17ade22ed482a27080518ee316ac_20250820_165249_web.jpg'}];2026-07-23T04:26:51+02:00
bc838680-df37-4a66-bd0f-ebd408400120;Brunner's Studio;Brunner's Studio am Flumserberg bietet eine zentrale Lage mit Zugang zu Wanderwegen, Skiliften und Geschäften. Ein kostenloser Tiefgaragenplatz ist inklusive, ideal für Paare, Familien und Singles.;Das schöne 1.5-Zimmer Studio befindet sich an zentraler Lage am Flumserberg. Wanderwege, Bushaltestelle, Skilifte, Restaurants, Lebensmittel- und Sportgeschäfte sind in wenigen Gehminuten erreichbar. Zum Studio gehört ein kostenloser Tiefgaragenplatz dazu.;9.302172811439865;47.089559550000004;Flumserbergstrasse 132;8897;Flumserberg Tannenheim;+41 52 659 20 72;mail@markusbrunner.ch;[{'@type': 'ImageObject', 'contentUrl': 'https://hltpimtsoch.sos-ch-dk-2.exoscale-cdn.com/catalog/4/e/2/8/4e288193e18a7a30c7e8e37cfbcdf7b17459699f_Brunner_s_Studio__7_.JPG'}];2026-05-29T22:13:07+02:00
bcb401c1-b64e-45b0-a930-69fc60b99f08;Minigolf mit Kiosk im Kurpark Bad Ragaz;Der Minigolfplatz im Kurpark Bad Ragaz bietet 18 Bahnen für ein spannendes Spiel. Er liegt im Herzen von Bad Ragaz und ist ideal für Paare, Familien und Gruppen geeignet.;Wer gerne im romantischen Dorf bleibt, wagt vielleicht einen Abstecher in den Kurpark. Hier, mitten im Herzen von Bad Ragaz, lädt unser resorteigener Minigolfplatz mit 18 Bahnen zum heissen Match ein.;9.502320144456753;47.001469650000004;Bernhard-Simonstrasse;7310;Bad Ragaz;+41 81 303 30 30;reservation@resortragaz.ch;http://www.resortragaz.ch;[{'@type': 'ImageObject', 'contentUrl': 'https://hltpimtsoch.sos-ch-dk-2.exoscale-cdn.com/catalog/0/e/d/d/0eddddc59dbcff71d3821c71d3ea1908f5466458_20180416_125655.jpg'}];2026-08-31T16:30:16+02:00
bcc948d6-8b08-4e4e-90eb-214b0bce8748;Spielerlebnis Walensee - Quinten;Das Spielerlebnis Walensee in Quinten ist der grösste Themenspielplatz der Schweiz. Es bietet eine spannende Schnitzeljagd für Familien, kombiniert mit Schiffsfahrten und Entdeckungen auf sechs Spielplätzen rund um den Walensee.;Das Spielerlebnis Walensee ist der grösste Themenspielplatz der Schweiz und bietet eine spannende Schnitzeljagd für die ganze Familie. Unter dem Motto «Wer löst das Geheimnis vom Walensee?» erleben die Kinder Spiel- und Rätselplausch verbunden mit Schiffsfahrten und Entdeckungen auf sechs Spielplätzen rund um den Walensee. Das Spiel ist so aufgebaut, dass bereits Kinder ab 6 Jahren mit ein wenig Hilfe das Rätsel lösen können.

Quinten:
Die «Costa del Sol» in Quinten ist berühmt für ihr südliches Klima und nur via Seeweg erreichbar. Der neue Themenwanderweg entlang der Küste verrät Wissenswertes über die exotischen Früchte und Tiere an diesem paradiesischen, kleinen Ort.;9.216027259826662;47.12894624011246;8878;Quinten;+41817201818;mara@spielerlebnis-walensee.ch;https://www.spielerlebnis-walensee.ch;[{'@type': 'ImageObject', 'contentUrl': 'https://hltpimtsoch.sos-ch-dk-2.exoscale-cdn.com/catalog/f/4/0/3/f4039ac7295c764719f432c699c90c943d6b5f52_IMAG0989.jpg'}];2026-06-30T09:05:44+02:00
bd051d7c-49a9-40b0-a204-42d6042bd850;Casa Malanca;Die Casa Malanca bietet eine 3-Zimmerwohnung am Flumserberg mit Blick auf die Churfirsten. Sie liegt direkt an der Skipiste Prodalp-Tannenheim und ist ideal für Wanderungen und Ausflüge in der Region Heidiland.;Die 3-Zimmerwohnung liegt auf dem Flumserberg an ruhiger und sonniger Lage mit fantastischer Aussicht auf die Churfirsten. Zur Wohnung gehört ein kostenloser Parkplatz. Das Casa Malanca liegt direkt an der Skipiste Prodalp-Tannenheim. Im Sommer ist es ein idealer Ausgangspunkt für Wanderungen in den Flumserbergen und Ausflüge in der Region Heidiland.

Details zur Ferienwohnung
- 3-Zimmerwohnung im ersten Stock

Die Ferienwohnung verfügt über zwei Schlafzimmer mit je zwei Betten, ein Wohn- und Esszimmer, eine offene und moderne Küche sowie ein Badezimmer mit Badewanne/Dusche und WC.;9.3019734;47.0878485;Cafridastrasse 7;8897;Flumserberg Tannenheim;+41 79 768 88 08;r.brupbacher@gmx.net;[{'@type': 'ImageObject', 'contentUrl': 'https://hltpimtsoch.sos-ch-dk-2.exoscale-cdn.com/catalog/7/f/6/9/7f6938b3d46ce4adfb005afa26b9028f7952ef5f_Casa_Malanca_Winter__2.jpg'}];2026-01-27T14:26:17+01:00
bd06c35c-7c54-4c56-9586-bf50a7d622da;Pfadiheim Rhiau Sargans;Charmantes Pfadiheim im Heidiland, idyllisch in der Rheinau Sargans gelegen. 2025 saniert, neue Küche, Platz für 27 Personen, Spielwiese mit Feuerstelle, nahe Pizol und Flumserberg.;Das Pfadiheim Rhiau Sargans ist ein charmantes Gruppenhaus im Heidiland – mitten in der idyllischen Rheinau von Sargans, umgeben von Natur, Bach und Spielwiese, nur einen kurzen Fussmarsch vom Bahnhof entfernt. 2025 saniert und mit neuer Küche ausgestattet, bietet es Platz für bis zu 27 Personen in drei Schlafräumen und einem gemütlichen Gemeinschaftsraum. Draussen lädt eine Spielwiese mit Feuerstelle zum Lagerleben ein. In der Nähe von Pizol und Flumserberg – ideal für Wandern, Biken, Skifahren und unvergessliche Gruppenausflüge.;9.4587866;47.0505861;Rheinaustrasse 23;7320;Sargans;+41 79 455 12 68;sargans@pfadiheim-oberrhi.ch;https://pfadiheim-oberrhi.ch/sargans;[{'@type': 'ImageObject', 'contentUrl': 'https://hltpimtsoch.sos-ch-dk-2.exoscale-cdn.com/catalog/c/b/b/3/cbb3b0cab045b8600f362556792c47cc52425308_Pfadiheim_Rhiau__3.jpg'}];2026-06-15T22:01:47+02:00
bf35f867-166c-45a2-851a-6d65f4c4ae53;A-M Dorf Café Bad Ragaz;9.5011569;47.0031118;Bartholoméplatz 3;7310;Bad Ragaz;+41 78 735 80 08;cafe@mail.ch;[{'@type': 'ImageObject', 'contentUrl': 'https://hltpimtsoch.sos-ch-dk-2.exoscale-cdn.com/catalog/e/2/1/c/e21c9c11feed5b9342370bb3c28c06cc457cd157_769051838_122105494323427683_3096215142602097724_n.jpg'}];2026-09-04T11:51:43+02:00
bfdc2562-ebaf-472c-9b42-b24401931070;loftgalerie in der alten Spinnerei;Die loftgalerie in der alten Spinnerei am Walensee bietet Ausstellungen von Kunstschaffenden aus dem In- und Ausland. Der Ort verbindet Nachhaltigkeit mit industrieller Vergangenheit und persönlicher Gastfreundschaft.;Mit viel Liebe zum Detail, Kreativität und Herzblut wurde aus der ehemaligen, denkmalgeschützten Spinnerei am Walensee ein neuer Ort der Begegnung geschaffen. Nachhaltigkeit und der Bezug zur industriellen Vergangenheit sind dabei ebenso wichtig wie persönlich geprägte Gastfreundschaft. 

Beispiel für den gelebten kreativen Geist ist die loftgalerie. In Zusammenarbeit mit Kurator Andrin Schütz finden Ausstellungen von interessanten Kunstschaffenden aus dem In- und Ausland statt.;9.2170854;47.1124346;Alte Spinnerei;8877;Murg;+41 81 720 35 75;info@lofthotel.ch;https://www.seekultour.ch/;[{'@type': 'ImageObject', 'contentUrl': 'https://hltpimtsoch.sos-ch-dk-2.exoscale-cdn.com/catalog/6/b/6/6/6b666083c3df699a68cd828e990432fee3ddf87a_loftgalerie_in_der_alten_Spinnerei.jpg'}];2026-08-31T11:27:42+02:00
c0ed7e2e-d321-4ea6-9bde-c93c5af9c0c1;Haus Gonzenblick;Die grosszügige 6-Zimmer-Ferienwohnung Haus Gonzenblick bietet einen fantastischen Blick auf die Churfirsten und das Tal. In weniger als 10 Minuten zu Fuss erreichst Du Restaurants, Geschäfte und die Gondelbahn Prodalp-Express.;Die grosszügige 6-Zimmer-Ferienwohnung befindet sich an schöner und ruhiger Lage mit fantastischem Blick auf die Churfirsten sowie ins Tal. In weniger als 10 Minuten zu Fuss erreichen Sie diverse Restaurants, Einkaufsgeschäfte, Bars und die Gondelbahn Prodalp-Express, welche Sie ins Ski- und Wandergebiet bringt. Zur Ferienwohnung gehört ein Fahrradabstellraum und ein Garagenplatz. Für Haustiere sind wir nicht eingerichtet.;9.305021017393717;47.08993925;Mätzwiesenstrasse 6;8897;Flumserberg Tannenheim;+41 71 694 10 24;info@haus-gonzenblick.ch;[{'@type': 'ImageObject', 'contentUrl': 'https://hltpimtsoch.sos-ch-dk-2.exoscale-cdn.com/catalog/c/1/a/e/c1aecd375a82e2cc6214bbc8dbb086f0bfc3a832_2.jpg'}];2026-01-19T12:01:39+01:00
c10724ce-9cc5-4893-9bf6-8cb1beb7f8bc;INTERSPORT Flumserberg THE ORIGINAL;Intersport Flumserberg Tannenboden bietet eine grosse Auswahl an Sportartikeln für alle Altersgruppen. Das Geschäft befindet sich am Flumserberg und ist ideal für Sportbegeisterte, die hochwertige Ausrüstung suchen.;Grüäzi bei INTERSPORT FLUMSERBERG - das Feine, einheimische Sportgeschäft am Flumserberg, Tannenboden Dorf. Bei uns findest du alles rund um den Wintersport. Ski, Snowboard und Langlauf mieten; einfach, schnell, preiswert und beste Qualität. Wir sind echte Schneesportprofis und die Sport Dienstleister der Region. Unser Mietmaterial und die Infrastruktur sind topmodern und wir können euch schon heute eine hervorragende Betreuung durch unser junges, langjähriges & einheimisches Personal garantieren. Direkt beim Skischulsammelplatz Tannenboden Dorf gelegen. Mit den Übungsliften Schwammkopf und Madils gelangst du einfach und direkt ins Skigebiet. Offizieller Stöckli Händler. Speziallist Skischuh Verkauf.
Online Reservation: https://www.intersportflumserberg.ch/rent#rent;9.284648895263674;47.09361788664114;Flumserbergstrasse 192;8898;Flumserberg Tannenboden Dorf;+41 81 733 31 32;info@intersportflumserberg.ch;https://www.intersportflumserberg.ch/;[{'@type': 'ImageObject', 'contentUrl': 'https://hltpimtsoch.sos-ch-dk-2.exoscale-cdn.com/catalog/b/8/c/7/b8c74587d19ce2b9a40a82ea8bc9faea9ff71352_Aussenansicht_2019.jpeg'}];2026-08-04T14:32:00+02:00
c1f496ce-684c-405f-a9e4-0e00a42b602a;Hotel & Skifahren am Flumserberg;Pauschale: Buche 2–7 Übernachtungen in einem von 10 ausgewählten Hotels und erhalte den Skipass für den Flumserberg inklusive.;<p><span class="Apple-style-span"><strong>Top-Angebot und nur &uuml;ber Heidiland Tourismus buchbar:</strong> w&auml;hrend der ganzen Wintersaison ist bei einem Aufenthalt von 2-7 N&auml;chten der Skipass inklusive.</span><br><br>Nur knapp eine Stunde von Z&uuml;rich und St. Gallen entfernt, erlebst du am Flumserberg Winter pur. Geniesse ein paar Tage im vielseitigen Wintersportgebiet mit 17 Anlagen und 65km Pisten. In Verbindung mit zwei bis sieben &Uuml;bernachtungen direkt im Skigebiet oder am sch&ouml;nen Walensee ist der Skipass inbegriffen.<br><br><span class="Apple-style-span">Inkludierte Leistungen:<br></span></p><ul><li>10 speziell ausgew&auml;hlte Hotels stehen dir zur Verf&uuml;gung</li><li>2 - 7 &Uuml;bernachtungen (inkl. Fr&uuml;hst&uuml;ck) in der gew&auml;hlten Zimmerkategorie im Hotel deiner Wahl</li><li>2 - 7 Tage Skipass f&uuml;r das Skigebiet Flumserberg (g&uuml;ltig an gleich vielen Tagen wie N&auml;chte gebucht)</li><li>allf&auml;llige Taxen</li></ul><p><br><span class="Apple-style-span">Konditionen:</span></p><ul><li>buchbar w&auml;hrend der ganzen Wintersaison</li><li>bis 1 Tag vor Anreise buchbar</li><li>g&uuml;ltig nach Verf&uuml;gbarkeit</li><li>das Skiticket erh&auml;ltst du an der Talstation in Unterterzen (SeeJet), Flumserberg Tannenheim oder Flumserberg Tannenbodenalp gegen Vorweisen deines Vouchers (bitte mitbringen)</li></ul>;[{'@type': 'ImageObject', 'contentUrl': 'https://hltpimtsoch.sos-ch-dk-2.exoscale-cdn.com/catalog/0/5/e/8/05e8931eb7a3515c844fe79a9e29960ebe10e5f3_Titelbild_Landingpage_Flumserberg.jpg', 'caption': {'de': 'Pauschale: Hotel & Skifahren am Flumserberg', 'en': 'Package: Hotel & Skiing at Flumserberg'}}];2025-11-19T10:54:18+01:00
c2b565e1-05cc-42da-8727-6d7a7429f2f9;Ferienhaus Schils;Das Ferienhaus Schils in Flums bietet eine ruhige, familienfreundliche Lage mit kostenlosem Parkplatz. Es ist komfortabel eingerichtet und verfügt über fünf Zimmer mit Holzböden im oberen Stockwerk. Der Bahnhof ist in zehn Minuten zu Fuss erreichbar.;Das 5-Zimmer-Ferienhaus befindet sich an ruhiger und familienfreundlicher Lage in Flums. Der Bahnhof Flums ist nur 10 Minuten entfernt. Ein Parkplatz ist gratis vorhanden.

Das Ferienhaus ist komfortabel eingerichtet und sehr heimelig. Die Schlafräume im oberen Stock verfügen über einen schönen Holzboden.;9.339125944233382;47.09315185;Gräpplangstr. 18;8890;Flums;+41 62 293 27 08;pbrotzer@bluewin.ch;[{'@type': 'ImageObject', 'contentUrl': 'https://hltpimtsoch.sos-ch-dk-2.exoscale-cdn.com/catalog/c/e/2/a/ce2a6530d38da24a96734dda92d5738845ae2cb3_Ferienhaus_Schils_3.jpg'}];2026-02-09T15:47:01+01:00
c2e5ab42-87b5-4933-a5b7-3e95744238c1;Ferienhaus Dreispitz;Das Ferienhaus Dreispitz in Flumserberg Tannenheim bietet eine ruhige Lage, nur sieben Gehminuten vom Zentrum, Bergbahnen und Einkaufsmöglichkeiten entfernt. Es verfügt über eine kostenlose Garage und zwei Wohnungen, die zusammen gemietet werden können.;Das traditionell und gemütlich eingerichtetes Schwedenhaus befindet sich an sehr ruhiger Lage in Flumserberg Tannenheim. Das Zentrum Tannenheim, die Bergbahnen, Restaurants, Einkaufsmöglichkeiten und die Bushaltestelle sind nur ca. 7 Gehminuten entfernt. Zum Ferienhaus gehört eine kostenlose Garage. Die beiden Wohnungen können bei grösseren Familien oder Gruppen auch zusammen gemietet werden.;9.307340383529665;47.08396733705863;Untere Anggetlinstr. 5;8897;Flumserberg Tannenheim;+41 76 419 48 86;fabian.boeni@gmail.com;[{'@type': 'ImageObject', 'contentUrl': 'https://hltpimtsoch.sos-ch-dk-2.exoscale-cdn.com/catalog/e/e/c/5/eec518208feab67d6ffe6b594f6cb1a76b61894c_Aussenansicht.jpg'}];2026-01-19T12:01:39+01:00
c310b85b-23e9-4b33-b283-3a197a899a1c;Restaurant Chutnee;Das Restaurant Chutnee in Bad Ragaz bietet eine spannende Mischung aus indischer Küche, Tandoori-Spezialitäten und beliebten europäischen Gerichten. Es ist täglich geöffnet und bietet Frühstücksbuffet, Mittag- und Abendessen à la Carte.;Freuen Sie sich auf eine aufregende Mischung aus indischer Küche, Tandoori-Spezialitäten (Freitag- und Samstagabend) und beliebten europäischen Gerichten.;9.508478450305667;46.99743255;Schloss-Strasse 1;7310;Bad Ragaz;+41 81 661 23 45;restaurant@hotelschlossragaz.ch;https://chutnee.ch/de/;[{'@type': 'ImageObject', 'contentUrl': 'https://hltpimtsoch.sos-ch-dk-2.exoscale-cdn.com/catalog/8/c/3/7/8c37af8302dc2a7c997135afa613931dfa1a60d1_Chutnee_2.jpg'}];2026-06-30T09:10:26+02:00
c359563e-d42e-434f-b510-b9f80850569a;Ferienwohnung Arvenstrasse 7 (CharmingStay);Die 3,5-Zimmer-Ferienwohnung Arvenstrasse 7 liegt zentral in Flumserberg-Tannenboden und bietet eine schöne Aussicht auf die Churfirsten. Sie ist hell, modern eingerichtet und verfügt über einen kostenlosen Garagenplatz.;Die 3.5-Zimmer-Ferienwohnung befindet sich direkt im Zentrum von Flumserberg-Tannenboden an ruhiger Lage und verfügt über eine schöne Aussicht auf die Churfirsten. Zur Wohnung gehört ein kostenloser Garagenplatz.

Die Ferienwohnung ist sehr hell, modern und komfortabel eingerichtet. Die Wohn- und Schlafräume verfügen über einen schönen Holzboden. Zur Wohnung gehören 2 Sitzplätze.;9.286467594793875;47.0934616;Arvenstrasse 7;8898;Flumserberg Tannenbodenalp;+41 79 504 90 45;contact@charmingstay.ch;https://www.charmingstay.ch;[{'@type': 'ImageObject', 'contentUrl': 'https://hltpimtsoch.sos-ch-dk-2.exoscale-cdn.com/catalog/5/c/0/9/5c0916704945e34876cbed872e6831f83f17d3c1_esszimmer.JPG'}];2026-01-19T12:01:39+01:00
c35a95b9-bf8f-4158-82ed-4ad1c8aa692f;Feuerstelle Quinten;Die Feuerstelle liegt direkt am Walenseeufer zwischen Au und Quinten, ist gut erreichbar und bietet Abfalleimer, Trinkwasser sowie ein WC. Ein kleiner Kiesstrand lädt zum Verweilen am Wasser ein.;<p>Die Feuerstelle liegt direkt am Ufer des Walensees zwischen Au und Quinten und ist &uuml;ber einen kurzen Spaziergang auf dem Wanderweg gut erreichbar. Vor Ort gibt es Abfalleimer, einen Brunnen mit Trinkwasser sowie ein Toilettenh&auml;uschen. Direkt daneben l&auml;dt ein kleiner Kiesstrand zum Verweilen am Wasser ein.</p>;9.224159717559816;47.12926115232737;Au 2045;8878;Quinten;+41 81 720 18 18;flumserberg@heidiland.com;https://www.heidiland.com;[{'@type': 'ImageObject', 'contentUrl': 'https://hltpimtsoch.sos-ch-dk-2.exoscale-cdn.com/catalog/9/2/4/8/9248e99c636ea579c0af78c785d1ed24a1a84d2f_Feuerstelle_Piktogramm_HLT.png'}];2026-04-21T13:00:20+02:00
c402fdd7-ce21-4192-acc9-dbef0987c436;Anlegestelle Hafen Mols;Schiff Ahoi, ab Mols durch den Schweizer "Fjord".;<p>Erforschen Sie die tiefblaue Mitte der Region und geniessen Sie die atemberaubende Bergkulisse auf dem Walensee. Lassen Sie sich von den majest&auml;tischen Churfirsten, der wild romantischen Natur, dem glasklaren Wasser und den fantastischen Stimmungen am Walensee verzaubern. Der Walensee, das Paradies f&uuml;r nah und fern. Die Schiffsbetrieb Walensee AG verbindet Orte, Angebote und Aktivit&auml;ten in idealer Weise. Die Verbindung nach Quinten ist auch im Winter durchgehend in Betrieb.</p><h3>Zugangsinformationen</h3><div class="rte"><ul><li>Stufenloser Zugang</li><li>Ein- und Ausstieg durch Personalhilfestellung</li><li>Gruppen ab 10 Personen und Rollst&uuml;hle m&uuml;ssen im Voraus angemeldet werden.</li><li>Kein taktiles Leitsystem vorhanden</li></ul></div>;9.278147220611574;47.11298456996908;8885;Mols;+41 81 720 34 34;info@walenseeschiff.ch;https://walenseeschiff.ch/de/fahrplan/anlegestellen/mols.html;[{'@type': 'ImageObject', 'contentUrl': 'https://hltpimtsoch.sos-ch-dk-2.exoscale-cdn.com/catalog/9/0/6/6/9066737df6dfa0529d25cc7d30eef9f8677619a6_Anlegestelle_Hafen_Piktogramm_HLT.png'}];2026-04-23T22:46:19+02:00
c47b96a8-b101-4d87-875b-b44cedb53eab;Restaurant Zollstube;Das Restaurant Zollstube in Bad Ragaz bietet eine typisch schweizerische Atmosphäre mit regionalen und nationalen Spezialitäten wie Rösti, Fondue und Zürcher Geschnetzeltes. Über 15 Biersorten aus kleinen Schweizer Brauereien sind im Angebot.;Typisch schweizerisch ist die Atmosphäre im Restaurant Zollstube. Urchig und trotzdem mondän. Hier finden Sie regionale und nationale Spezialitäten auf der Speisekarte: Rösti und Fondue, Bündner Gerstensuppe und Zürcher Kalbs-Geschnetzeltes. Darüber hinaus hat die «Zollstube» mehr als 15 verschiedene Biersorten im Angebot. Die ausgesuchten Biere stammen aus kleinen, unabhängigen Schweizer Brauereien. Darunter auch das 36.5° Quell – unser Hausbier. Gebraut mit Thermalwasser aus der Taminaschlucht.;9.501874;47.0004126;Bernhard-Simonstrasse;7310;Bad Ragaz;+41 81 303 30 35;restaurants@resortragaz.ch;https://www.resortragaz.ch/de/restaurants-und-bars/zollstube;[{'@type': 'ImageObject', 'contentUrl': 'https://hltpimtsoch.sos-ch-dk-2.exoscale-cdn.com/catalog/1/7/d/b/17db99397a3c6611c106a1ed4ba1934c082ca7ea_GRBR_06_22_Zollstube_0309_HDR_600x400.jpg'}];2026-06-30T09:14:04+02:00
c5092f28-71e2-4c0b-9d12-c9ba814ca86c;Huus vom Bündner Wii;Im Haus des Bündner Weins in Jenins können Besuchende den Bündner Wein erleben. Der Präsentationsraum eignet sich ideal für Degustationen und bietet interessante Informationen. Regelmässige Führungen und Degustationen werden angeboten.;Im «Huus vom Bündner Wii» vom Branchenverband Graubünden Wein, dem rund 70 Weinbaubetriebe angehören, ist der Bündner Wein für das breite Publikum erlebbar. Der Erweiterungsbau beim Alten Torkel in Jenins beinhaltet einen Präsentationsraum, der für Degustationen bestens geeignet ist und viel Wissenswertes über den Bündner Wein vermittelt. Unter anderem werden im "Huus vom Bündner Wii" regelmässig öffentliche Führungen und Degustationen angeboten:

- Rebrundgang mit Degustation: 90-minütiger Rundgang durch die Reben mit anschliessender Degustationstechnik, von April bis Oktober mit Voranmeldung;9.5525691;47.0006912;Jeninserstrasse 3;7307;Jenins;+41 81 302 87 08;sekretariat@graubuendenwein.ch;https://graubuendenwein.ch/;[{'@type': 'ImageObject', 'contentUrl': 'https://hltpimtsoch.sos-ch-dk-2.exoscale-cdn.com/catalog/6/4/d/a/64daf3768e49773a3c663defcd8b30f75ebf465d_Haus_des_B__ndner_Weins_3.jpg'}];2025-11-04T09:32:31+01:00
c54b48e5-1095-432c-a2bf-c763582a1e3e;Anlegestelle Hafen Quinten;Schiff Ahoi, ab Quinten durch den Schweizer "Fjord".;<p>Erforschen Sie die tiefblaue Mitte der Region und geniessen Sie die atemberaubende Bergkulisse auf dem Walensee. Lassen Sie sich von den majest&auml;tischen Churfirsten, der wild romantischen Natur, dem glasklaren Wasser und den fantastischen Stimmungen am Walensee verzaubern. Der Walensee, das Paradies f&uuml;r nah und fern. Die Schiffsbetrieb Walensee AG verbindet Orte, Angebote und Aktivit&auml;ten in idealer Weise. Die Verbindung nach Quinten ist auch im Winter durchgehend in Betrieb.</p><h3>Zugangsinformationen</h3><div class="rte"><ul><li>Nur zu Fuss oder mit dem Schiff erreichbar</li><li>Stufenloser jedoch abfallender, bei Niedrigwasser steiler Zugang (erschwert f&uuml;r Rollst&uuml;hle/mobilit&auml;tseingeschr&auml;nkte Personen)</li><li>Ein- und Ausstieg durch Personalhilfestellung</li><li>Gruppen ab 10 Personen und Rollst&uuml;hle m&uuml;ssen im Voraus angemeldet werden.</li><li>Kein taktiles Leitsystem vorhanden</li></ul></div>;9.216102361679079;47.12872459402768;8878;Quinten;+41 81 720 34 34;info@walenseeschiff.ch;https://walenseeschiff.ch/de/fahrplan/anlegestellen/quinten.html;[{'@type': 'ImageObject', 'contentUrl': 'https://hltpimtsoch.sos-ch-dk-2.exoscale-cdn.com/catalog/6/1/9/8/6198d4456a92319c3a3dfcc3adf4b47a180b419e_Anlegestelle_Hafen_Piktogramm_HLT.png'}];2026-04-23T04:25:33+02:00
c5876f5d-047c-4327-9ba3-6b65c019401c;Casa Viva;Das Casa Viva in Bad Ragaz bietet acht gemütliche Wohnungen im Dorfzentrum. Ein grosser Garten, nahe Thermalbäder und Einkaufsmöglichkeiten sowie kostenlose Parkplätze machen es ideal für Paare, Familien und Gruppen.;<p class="MsoNormal" style="margin-right: 0px; margin-bottom: 0px; margin-left: 0px; line-height: 1.5 !important;">Das Casa Viva mit seinen 8 Wohnungen befindet sich in der Fläscherstrasse 21B im Dorfzentrum von Bad Ragaz. Das ruhig gelegene Mehrfamilienhaus verfügt über einen wunderschönen Garten. Die Thermalbäder, diverse Einkaufsmöglichkeiten sowie der Bahnhof SBB sind nur wenige Gehminuten entfernt. Parkplätze stehen Gästen kostenlos zur Verfügung. Waschmaschine und Tumbler stehen Ihnen ebenfalls zur Verfügung. Haustiere sind auf Anfrage erlaubt.</p><p style="margin: 10px 0px 0px; line-height: 1.5 !important;"><span style="margin-top: 0px; line-height: 1.5 !important; font-weight: bold;">Details zu den einzelnen Wohnungen:</span></p><ul style="line-height: 1.5 !important;"><li style="line-height: 1.4;">6x Studios (ca. 40 m<span style="position: relative; vertical-align: baseline; top: -0.5em; margin-top: 0px; line-height: 1.5 !important;">2</span>)</li><li style="line-height: 1.4;">2x Apartments (ca. 60 m<span style="position: relative; vertical-align: baseline; top: -0.5em; margin-top: 0px; line-height: 1.5 !important;">2</span>)</li></ul>;9.503282203165657;47.00496605;Fläscherstrasse 21b;7310;Bad Ragaz;+41 81 511 50 67;reservation@casavivabadragaz.ch;https://www.casavivabadragaz.ch/;[{'@type': 'ImageObject', 'contentUrl': 'https://hltpimtsoch.sos-ch-dk-2.exoscale-cdn.com/catalog/6/0/5/a/605aa77d6b1bb1efbce47a5d04b0f1590f6f4227_Aussenansicht_2.JPG'}];2026-04-09T13:19:26+02:00
c5ad06f4-f62d-4e74-8311-8e3c97762047;Schloss Sargans, Museum Sarganserland;Das Schloss Sargans beherbergt das Museum Sarganserland und bietet eine beeindruckende Aussicht, ein historisches Restaurant und einen Torkelkeller. Es ist ein bedeutendes Zeugnis der Sarganser Geschichte und ein beliebtes Ausflugsziel.;In ihm sind Grafschaft und abwechslungsreiche Regierungszeit eidgenössischer Landvögte verkörpert, was es zum stolzesten Zeugen der Sarganserländer Heimatgeschichte macht. 1899 kaufte die Ortsgemeinde Sargans das baufällige Gebäude und rettete es durch zahlreiche Renovationen vor dem endgültigen Zerfall. 

Heute beherbergt das alte Grafenschloss neben dem "Restaurant Schloss Sargans" mit historischen Räumen das „Museum Sarganserland“. Es erhielt 1983 vom Europarat als erstes schweizerisches Museum den Preis «Museum des Jahres» und wurde 1987 unter die 37 besuchenswertesten Museen der Welt aufgenommen.

Die prächtige Aussicht, das Museum, das Restaurant, der lauschige Schlosshof und der wunderbare Torkelkeller mit seiner uralten Weinpresse machen einen Ausflug auf den ehemaligen Landvogtei-Sitz zu einem unvergesslichen Erlebnis.

EINTRITTSPREISE: Erwachsene 10 Fr. /Kinder 5 Fr. /Gruppenpreis ab 15 Personen 8 Fr. / Museumsführung 120 Fr.(1-20 Personen) und Kulturpfadführung 150 Fr.

;9.437401316477047;47.05020255964923;Schlossstrasse 25;7320;Sargans;+41 81 723 65 69;museum@schloss-sargans.ch;https://www.schloss-sargans.ch;[{'@type': 'ImageObject', 'contentUrl': 'https://hltpimtsoch.sos-ch-dk-2.exoscale-cdn.com/catalog/0/c/7/8/0c786480404bce58fd9119fac17625474dc962f1_Sargans_Schloss.JPG'}];2026-08-18T14:31:18+02:00
c5baec72-f372-4e6d-a39e-bc2811def905;Ferienwohnung Nadig;Die Ferienwohnung Nadig am Flumserberg bietet eine gemütliche 3,5-Zimmer-Wohnung mit traumhafter Aussicht auf die Churfirsten. Nur zwei Gehminuten von der Bergbahn Prodalp-Express entfernt, ideal für Ski- und Wanderferien.;Die gemütliche 3.5-Zimmer-Wohnung im Erdgeschoss bietet eine traumhafte Aussicht auf die Churfirsten. Von der Ferienwohnung sind es 2 Gehminuten bis zur Bergbahn Prodalp-Express.  ;9.30321514606476;47.08999421513073;Flumserbergstrasse 149;8897;Flumserberg Tannenheim;+41 81 733 23 23;info@nadigsport.ch;[{'@type': 'ImageObject', 'contentUrl': 'https://hltpimtsoch.sos-ch-dk-2.exoscale-cdn.com/catalog/1/1/2/5/11256cec2d7d0ea3116f560e1b9cde7224ef9fc5_Ferienwohnung_Nadig__3_.jpeg'}];2026-01-19T12:01:39+01:00
c675b433-382e-4ac0-a258-a3fa594ea333;Weingut Fromm, Malans;Das Weingut Fromm in Malans ist ein mittelgrosser Familienbetrieb mit 4,5 ha Rebfläche. Der Schwerpunkt liegt auf der Pinot Noir Rebe. Besucher können Schweizer Spezialitäten in einem haustierfreundlichen Ambiente geniessen.;SPITZEN PINOT NOIR LAGENWEINE MIT DER ERFAHRUNG VON FÜNF GENERATIONEN UND ZWEI KONTINENTEN.
Seit 1866 keltert die Familie Fromm Wein im idyllischen Rebbau-Dorf Malans in der Bündner Herrschaft. 1992 packen Georg & Ruth Fromm die Koffer und die drei jungen Kinder, wandern nach Neuseeland aus und gründen dort die Fromm Winery in Marlborough. Zurück in Malans übernimmt 2015 ihr Sohn Marco Fromm in fünfter Generation die Leitung des Weinguts. Der biologische und regenerative Anbau begleitet die Familie Fromm auf ihrem kompromisslosen Weg, die Eigenheiten der verschiedenen Rebberge und Pinot Noir Klone immer noch stärker herauszuarbeiten. Ihre sechs Malanser Lagen Pinot Noirs, Selvenen, Michel, Fidler, Küng, Spielmann und Schöpfi, widerspiegeln die Stilistik des Hauses: Reinheit, Mineralik und aromatische Tiefe.

WEINBAR ab Oktober 2025
Wein probieren, geniessen und kaufen. Jeden Freitag und Samstag könnt ihr eure Weinbestellungen abholen kommen oder einfach kurz abschalten, die Aussicht, den Wein und ein kleines Plättli geniessen.;9.574665424241683;46.98341325;Baguggiweg 21;7208;Malans GR;+41 81 322 53 51;malanser@weingut-fromm.ch;http://www.weingut-fromm.ch;[{'@type': 'ImageObject', 'contentUrl': 'https://hltpimtsoch.sos-ch-dk-2.exoscale-cdn.com/catalog/d/b/d/1/dbd149382a065b40691f761db1fb6d0e9d6efcb7_IMG_7395.JPG'}];2026-07-23T03:56:43+02:00
c76451b9-c0b6-4b7d-badb-09c558957a5e;Löwen Braceria & Pizzeria;Die Braceria und Pizzeria in Maienfeld bietet Pizza aus dem Holzofen, Pastagerichte und Fleischspezialitäten mit italienischem Flair. Das Restaurant ist ideal für Paare, Familien und Gruppen und bietet eine gemütliche Atmosphäre.;Pizza aus dem Holzofen, Pastagerichte sowie Fleischspezialitäten vom Holz- und Kohlegrill werden mit italienischem Flair zubereitet. Für jeden Gast haben wir das richtige Angebot, lassen Sie sich überraschen. Unser professionelles Serviceteam freut sich, Sie zu verwöhnen.

Das Löwen-Team freut sich auf Ihren Besuch.;9.5306138;47.0082051;Städtli 25;7304;Maienfeld;+41 81 302 64 64;info@loewen-maienfeld.ch;https://www.loewen-maienfeld.ch/;[{'@type': 'ImageObject', 'contentUrl': 'https://hltpimtsoch.sos-ch-dk-2.exoscale-cdn.com/catalog/f/f/1/8/ff1852b237f97f350c1297075dda797657a08fe9_Foto_Flyer_Braceria_09.2025__4.jpg', 'caption': {'de': 'Grill Pizzeria Löwen'}}];2026-07-08T22:21:27+02:00
c80447b4-c34f-4b40-ab57-beaef6774e97;Brauchtumskäserei Alp Tannenboden;Die Brauchtumskäserei Alp Tannenboden bietet Einblicke in die traditionelle Käseherstellung. Besuchende können durch ein Schaufenster dem Käser zusehen oder an einer Führung mit Käse-Degustation teilnehmen. Es gibt auch die Möglichkeit, selbst Käse herzustellen.;Erleben Sie Urigkeit und Brauchtum auf unterhaltsame und spannende Art. Auf der Alp Tannenboden können Sie durch das Schaufenster im Restaurant dem Käser zuschauen. 

Falls Sie weiter hinter die Kulissen blicken möchten, empfiehlt sich eine Führung durch die Schaukäserei mit Käse-Degustation oder Sie schlüpfen gar selber in die Rolle des Sennen. In der Brauchtumskäserei können Sie Ihren eigenen Käse herstellen, über dem offenen Feuer wie anno dazumal in der um die Jahrhundertwende erbauten Alp- und Brauchtumskäserei Tannenboden. Kombinieren Sie die Führung mit einem anschliessenden Mittagessen wie Älplermagronen, Fondue oder Racclette.

Die Brauchtumskäserei ist Teil der Schaukäserei Tannenbodenalp, die über einen Themenspielplatz, Verkaufsräume für Alp-Produkte und weitere Attraktionen verfügt.;9.2880264;47.0900119;Alp Tannenbodenstrasse 4;8898;Flumserberg Tannenbodenalp;+41 81 733 00 23;info@sennenstube.ch;https://www.sennenstube.ch;[{'@type': 'ImageObject', 'contentUrl': 'https://hltpimtsoch.sos-ch-dk-2.exoscale-cdn.com/catalog/c/6/2/e/c62eb0e8c6d6ebef2b04d7173268741af8a18a05_Brauchtumsk__serei.jpg'}];2026-04-09T11:01:37+02:00
c90c98cd-77c3-4b69-8b6b-71ea57aff928;Haus Flumser-Höckli (CharmingStay);Die 4,5-Zimmerwohnung im Zentrum von Flumserberg-Tannenheim liegt direkt bei der Talstation Prodalp-Express. Sie erstreckt sich über drei Stockwerke und bietet einen grossen Balkon im Erdgeschoss.;Die 4.5 Zimmerwohnung im Zentrum von Flumserberg-Tannenheim ist direkt bei der Talstation Prodalp-Express gelegen. Die Wohnung hat 3 Stockwerke mit einem grossen Balkon im EG. Die Wohnung befindet sich in einem terrassenmässig angelegten 3er-Reihneneinfamilienhaus.

Die Wohnung ist zeitgemäss eingerichtet und mit einem Parkettboden ausgestattet.;9.3043313;47.0892258;Panoramastrasse 4;8897;Flumserberg Tannenheim;+41 79 504 90 45;contact@charmingstay.ch;https://www.charmingstay.ch;[{'@type': 'ImageObject', 'contentUrl': 'https://hltpimtsoch.sos-ch-dk-2.exoscale-cdn.com/catalog/b/8/9/5/b895b645bd3aff07fe951b7500b5666e3efe8530_01_Aussenansicht2.JPG'}];2026-01-19T12:01:39+01:00
c98b60ee-2846-4ac2-b650-58951e2e2796;Haus Gaschür;Haus Gaschür in Bad Ragaz bietet eine grosszügig ausgestattete 3,5-Zimmerwohnung mit Galerie und kleiner Bibliothek. Die Wohnung liegt im Dorfkern, nahe der Tamina Therme, und bietet eine schöne Aussicht auf die Berge.;Die 3.5 Zimmerwohnung ist ideal im Dorfkern gelegen, nahe zu den Geschäften und der Tamina Therme. Zudem bietet sie eine schöne Aussicht in die Berge.

Die Ferienwohnung liegt im 2. OG unter dem Dach. Sie ist grosszügig ausgestattet und stilvoll und modern möbliert. Zur Wohnung gehört auch eine grosse Sonnenterrasse und ein Balkon. Ebenfalls gibt es eine Galerie mit einer kleiner Bibliothek.;9.501548493740152;47.002264749999995;Gaschürstrasse 5;7310;Bad Ragaz;+41 79 500 94 20;gaschuer5@bluewin.ch;http://www.hausgaschur.com;[{'@type': 'ImageObject', 'contentUrl': 'https://hltpimtsoch.sos-ch-dk-2.exoscale-cdn.com/catalog/9/9/e/3/99e32831287ea48989e8cefe4770f510d54de154_Haus_Gasch__r_4.jpg'}];2026-02-09T16:25:40+01:00
cb7b7869-0958-415b-9223-4843e1c04553;Ferienwohnungen Gauencenter (Orange und Rot);Das Gauencenter in Flumserberg bietet direkten Zugang zu Skipisten, kostenfreies WLAN und Privatparkplätze. Die Seilbahn Maschgenkamm ist 1,2 km entfernt. Ein Fitness- und Wellnesscenter sowie eine Disco sind ebenfalls vorhanden.;Das Gauencenter bietet direkten Zugang zu den Skipisten, kostenfreies WLAN und kostenfreie Privatparkplätze an der Unterkunft. Die Seilbahn Maschgenkamm ist 1,2 km von der Unterkunft entfernt und eine Skipiste befindet sich vor dem Gebäude.
In der modern eingerichteten Unterkunft steht Ihnen eine Waschmaschine, sowie Bettwäsche und Handtücher zur Verfügung.
Zu den Einrichtungen gehört auch ein kostenloses Fitness- und Wellnesscenter mit einer Sauna, einem Solarium und einem Whirlpool. (Im Winter)
Ebenfalls ist im Gauencenter eine Skiaufbewahrung vorhanden. Eine Disco, mit separatem Eingang, lädt jeden Samstag zum Tanzen ein.;9.298958655716081;47.0901013;Flumserbergstr. 152;8897;Flumserberg;+41 78 343 44 66;info@newgoggeien.ch;https://www.newgoggeien.ch/;[{'@type': 'ImageObject', 'contentUrl': 'https://hltpimtsoch.sos-ch-dk-2.exoscale-cdn.com/catalog/7/b/7/1/7b71ea9f0e9b1bab6bb28f8fc440422bcb766680_K__che_orange.jpg'}];2026-04-09T13:47:51+02:00
cb8290cf-1bc9-4924-a6b1-74682657064f;Zunfthaus zum Löwen;Das Zunfthaus zum Löwen in Sargans bietet traditionelle Schweizer Küche, kreative Speisen und erlesene Weine. Im Winter gibt es jeden Freitag Live-Jazz im Jazzkeller. Ideal für kleine Feiern im Barbarastübli oder grössere Anlässe im Saal.;Das Restaurant ist im Gault Millau mit 14 Punkten ausgezeichnet und serviert Ihnen traditionelle Schweizer Küche, kreative Speisen und erlesene Weine. 

Im Winter werden Sie jeden Freitag mit Live-Jazz unterhalten, im Jazzkeller. Erleben Sie gelungene Stunden in einem ganz besonderen Ambiente. 

Das liebevoll eingerichtete Barbarastübli eignet sich besonders für kleine Familien- oder Firmenfeiern mit bis zu 25 Personen. Für grössere Anlässe steht unser Saal für Sie zur Verfügung.;9.4355606;47.0505308;Städtchenstrasse 60;7320;Sargans;+41 81 723 71 03;info@zunfthausloewen.ch;http://www.zunfthausloewen.ch;[{'@type': 'ImageObject', 'contentUrl': 'https://hltpimtsoch.sos-ch-dk-2.exoscale-cdn.com/catalog/4/d/c/6/4dc6fff97464c67803ebc32ddc2a29c8f1360aa0_DSC_0078.JPG'}];2026-08-26T11:37:43+02:00
cc3bfcb0-7014-4ea4-82c3-dab4aa64f626;Stellplatz Parkplatz Skilift Tristeli;Der Stellplatz beim Skilift Tristeli auf dem St. Margrethenberg bietet im Sommer fünf Plätze für Camper. Auf 1 200 Metern Höhe gelegen, ist er ein idealer Ausgangspunkt für Wanderungen, etwa zur Aussichtsplattform Pizalun.;Auf dem Parkplatz beim kleinen Skilift Tristeli auf dem St. Margrethenberg stehen im Sommer fünf Stellplätze für Camper zur Verfügung. Das beschauliche Dörfchen liegt auf 1'200 Metern über Meer und bietet eine ruhige, naturnahe Umgebung mit herrlicher Aussicht auf das umliegende Bergpanorama. Vom Stellplatz aus lassen sich zahlreiche Wanderungen unternehmen.

Besonders beliebt ist der Aufstieg zur Aussichtsplattform Pizalun, die einen weiten Blick über das Rheintal und die Bündner Herrschaft bietet.

Der Platz eignet sich ideal für Naturliebhaber, Ruhesuchende und aktive Gäste. Eine Reservation oder Buchung ist nicht möglich. Wir bitten um Verständnis.;9.507036209106447;46.98145666994276;Furggelsstrasse 20;7313;St. Margrethenberg;+41 79 297 96 90;meyerstephan@bluewin.ch;https://www.verkehrsverein-pfaefers.ch;[{'@type': 'ImageObject', 'contentUrl': 'https://hltpimtsoch.sos-ch-dk-2.exoscale-cdn.com/catalog/c/b/1/8/cb18722704b721a58d0c148e90e7837b086472d1_IMG_6022__1_.jpeg'}];2026-09-04T08:32:24+02:00
cc738346-2a9f-417b-978d-7aeaea965497;Gampergalt (Whg. Heubi);Die Ferienwohnung Gampergalt (Whg. Heubi) liegt ruhig im Anggetlin auf etwa 1400 m ü.M. und bietet eine unverbaute Aussicht auf die Churfirsten und die Bündner Berge. Die Talstation der Prodkammbahnen ist nur wenige Gehminuten entfernt.;Die Ferienwohnung befindet sich an ruhiger Lage im „Anggetlin“ auf ca. 1400 M.ü.M. Die Talstation der Prodkammbahnen ist nur wenige Gehminuten entfernt. Die Wohnung bietet eine wunderschöne, unverbaute Aussicht auf die Churfirsten, den Raum Sargans sowie die Bündner Berge. Die Postauto-Haltestelle und Einkaufsmöglichkeiten erreichen Sie nach ca. 10 Gehminuten. Zur Wohnung gehört ein kostenloser Parkplatz.

Die Wohnung im Parterre ist gemütlich eingerichtet, mit allem, was man braucht. Schlaf-, Wohn- und Essbereich ist ein Raum und bietet Platz für 2 Personen. Im Sommer steht ein Sitzplatz mit Cheminée zur Verfügung.;9.30598712383185;47.08270506053502;Obere Anggetlinstrasse 36;8897;Flumserberg Tannenheim;+41 56 667 19 23;r.heubi@bluewin.ch;[{'@type': 'ImageObject', 'contentUrl': 'https://hltpimtsoch.sos-ch-dk-2.exoscale-cdn.com/catalog/9/9/6/b/996b24bb40678a772d648a96005847e065ca8512_Gampergalt_5.jpg'}];2026-09-03T22:11:29+02:00
cc884af7-e1e6-4c35-b188-f9301a2d835a;Haus Mittenwald A;Haus Mittenwald A bietet eine 3,5-Zimmer-Ferienwohnung im Dachgeschoss mit Lift, Tiefgarage und Skiraum. Geeignet für vier Personen, ideal für Paare, Familien und Singles, die eine entspannte Auszeit suchen.;3.5 Zimmer Ferienwohnung im DG, Lift, Tiefgarage, Skiraum. Geeignet für 4 Personen.
Keine Haustiere erlaubt.;9.297387650000001;47.0899206;Flumserbergstrasse 165;8897;Flumserberg Tannenheim;+41 79 764 05 91;alexandra-zeller@bluewin.ch;[{'@type': 'ImageObject', 'contentUrl': 'https://hltpimtsoch.sos-ch-dk-2.exoscale-cdn.com/catalog/b/d/4/2/bd42e88e6e582bf0efd6ecc6d97d2db1206ce01e_Wohnzimmer1.jpg'}];2026-08-06T17:47:03+02:00
cca63a01-a52f-497f-927a-8398dbfe0104;Ferienwohnung Egglisboden;Die Ferienwohnung Egglisboden in Quarten bietet eine moderne 3-Zimmerwohnung mit Blick auf den Walensee und die Churfirsten. Sie ist nur 5 Minuten von der Mittelstation der Flumserberg-Luftseilbahn entfernt und verfügt über einen kostenlosen Parkplatz.;Neue und moderne 3-Zimmerwohnung an sehr ruhiger Lage in Quarten mit schönes Aussicht auf den Walensee und die Churfirsten. Bis zur Mittelstation der Luftseilbahn auf den Flumserberg sind es nur 5 Fahrminuten. Zur Wohnung gehört ein kostenloser Parkplatz.

Die neue Ferienwohnung im Parterre ist modern und komfortabel eingerichtet. Alle Räume sind sehr hell und Wohn- und Schlafräume verfügen über einen schönen Parkettboden.;9.238646204289786;47.1043765;Egglisbodenstrasse 28;8883;Quarten;+41 81 710 30 40;h.y.sidler@bluewin.ch;[{'@type': 'ImageObject', 'contentUrl': 'https://hltpimtsoch.sos-ch-dk-2.exoscale-cdn.com/catalog/e/a/d/5/ead5b7a181266e4fe0aa2d167d15295eea373c5c_Egglisboden_5.jpg'}];2026-04-20T08:20:11+02:00
cd042191-3ca4-4dcb-ab7e-ade3e9aafd44;Ferienwohnung Pramalinis;Die Ferienwohnung Pramalinis liegt auf einem Weingut in Jenins. Sie bietet eine ländliche Umgebung und einen Balkon mit toller Aussicht. Ein kostenloser Aussenparkplatz ist vorhanden.;Die 2.5-Zimmerwohnung befindet sich auf einem Weingut und ist sehr ländlich gelegen. Vom Balkon aus, können Sie die tolle Aussicht geniessen.
Ein Aussenparkplatz steht kostenlos zur Verfügung.;9.5616096;46.9985007;Im Pramalinis;7307;Jenins;+41 79 682 97 10;mail@johanni-wein.ch;[{'@type': 'ImageObject', 'contentUrl': 'https://hltpimtsoch.sos-ch-dk-2.exoscale-cdn.com/catalog/d/1/b/1/d1b16bad87531f70ffe1afda7deac3a1b2bf0961_Primalinis_Aussenansicht.JPG'}];2026-02-09T16:14:45+01:00
cf7dd61f-33b5-42d9-baa1-eaae43d9f98c;Cubilaris Motel Bad Ragaz;Das Cubilaris Motel in Bad Ragaz bietet moderne Raummodule aus Holz. Gäste können zwischen einem Modul (Cubi Classic) oder zwei Modulen (Cubi Suite) wählen. Das Motel ist mit dem Auto oder öffentlichen Verkehrsmitteln erreichbar.;Das Cubilaris ist ein neues innovatives Motel, bestehend aus 20 Raummodulen aus Holz. Sie haben die Wahl, in einem Cubi Classic (19 m2) oder im Cubi Studio (24 m2) zu übernachten. Alle Raummodule sind gemütlich und modern ausgestattet. Im Cubi Studio gibt es eine kleine Küche, einen Ess- und Loungebereich sowie ein grösseres Bad. Das Motel erreichen Sie mit Ihrem Fahrzeug oder dem öffentlichen Bus (direkt vor der Türe). Für Elektrofahrzeuge steht seit 2021 eine Ladestation zur Verfügung. Motorradfahrer und Velofahrer finden einen gedeckten Carport für ihre Zweiräder vor.;9.4938527;47.0129535;Buchenstrasse 2;7310;Bad Ragaz;+41 81 511 50 77;reservation@cubilaris.ch;http://www.cubilaris.ch;[{'@type': 'ImageObject', 'contentUrl': 'https://hltpimtsoch.sos-ch-dk-2.exoscale-cdn.com/catalog/2/0/7/5/2075a0f5ef9cfe14b81230dc179c52281d2d372c_suite16_6.jpg'}];2026-06-30T09:25:52+02:00
d001c6f3-ec3f-48d8-ae60-1e77f50d6ea5;Restaurant Kiesfang;Das Restaurant Kiesfang im Sarganserland bietet moderne Architektur und ländliche Bodenständigkeit. Es liegt am Weiher Kiesfang und ist ideal für Firmenanlässe, Vereine und Familienfeste. Verschiedene Räumlichkeiten sind individuell kombinierbar.;Das Restaurant Kiesfang, ein Zusammenspiel aus moderner Architektur, ländlicher Bodenständigkeit, traditionellem Treffpunkt und Offenheit. Es liegt mitten im Sarganserland am beschaulichen Weiher Kiesfang und an dem angrenzenden Spielplatz. Das Restaurant gehört zum öffentlichen Teil des Novellas Generationenhauses. 

Die verschiedenen Räumlichkeiten wie Restaurant, Lichthof und Terrasse sind individuell kombinierbar und ideal für Firmenanlässe, Vereine und Familienfeste.;9.446858167648315;47.029860867296;Aeulistrasse 8;7324;Vilters;+41 81 725 52 10;info@kiesfang.ch;http://www.kiesfang.ch;[{'@type': 'ImageObject', 'contentUrl': 'https://hltpimtsoch.sos-ch-dk-2.exoscale-cdn.com/catalog/5/6/3/d/563d34fb87eb72854b05c31e164a5d22f7493a5e_IMG_8877.jpeg'}];2026-04-26T04:17:14+02:00
d01f1d76-227d-4594-b23e-9a5319a5f8fb;Alter Torkel - Huus vom Bündner Wii;Das Restaurant Weinstube Alter Torkel in Jenins bietet eine einzigartige Kombination aus traditionellem Charme und moderner Gastronomie. Gäste können Bündner Weine probieren und die historische Baumpresse aus dem Jahr 1722 bestaunen.;Der Torkel ist sanft umgestaltet - aber selbstverständlich wurde der alte Charme bewahrt! Das kleine Restaurant Weinstube alter Torkel liegt wunderschön mitten in den Rebbergen von Jenins.

- Geniessen - auftanken - sich geborgen fühlen
- Staunen - unvergleichliche Landschaften entdecken
- Die aussergewöhnlichen Farben der Herrschaft in sich aufnehmen
- Hervorragende Bündner Weine entdecken und degustieren
- Die mächtige Baumpresse - original erhalten aus dem Jahr 1722 - bestaunen
- Spitzenmässige tafeln – jeder Bissen mit allen Sinnen geniessen;9.5525691;47.0006912;Jeninserstrasse 3;7307;Jenins;+41 81 302 36 75;genuss@alter-torkel.ch;http://www.torkel.ch;[{'@type': 'ImageObject', 'contentUrl': 'https://hltpimtsoch.sos-ch-dk-2.exoscale-cdn.com/catalog/e/0/2/3/e0234df3e34df320e9b5c98168d00cc81480be0a_Photokleinformat_3_2_Weinberg_Jenins_Herbst.jpg'}];2026-05-26T20:13:45+02:00
d2174ac5-ae95-43a6-8fe8-13140b5923b5;Bergrestaurant Chrüz;Das Bergrestaurant Chrüz am Flumserberg bietet Platz für bis zu 200 Personen im Restaurant und 180 auf der Sonnenterrasse. Es ist bekannt für seine Qualität und Gastfreundschaft und bietet im Winter an der ChrüzBar coole Drinks und Snacks.;Das gemütliche Bergrestaurant mitten am Erlebnisberg Flumserberg lädt Sie zum Verweilen ein. Stärken Sie sich vor der rasanten Skiabfahrt im Winter oder einer atemberaubenden Wanderung im Sommer mit einem abwechslungsreichen Angebot an Speis und Trank. Im Bergrestaurant Chrüz wird grossen Wert auf Qualität und Persönlichkeit gelegt und eine gastfreundliche Bedienung gewährleistet.
Das bediente Restaurant bietet Platz für bis zu 200 Personen und auf der sonnenreichen Terrasse finden ebenfalls gut 180 Personen Platz. 

Im Winter bei schöner Witterung erwarten Sie an der ChrüzBar coole Drinks und feine Snacks. Lassen Sie bei einem Besuch Ihre Seele baumeln und geniessen Sie die herrliche Wintersonne und die tolle Atmosphäre.;9.270036220550539;47.08297409902807;Chrüz;8898;Flumserberg;+41 81 733 13 22;info@chruez-flumserberg.ch;https://www.chruez-flumserberg.ch;[{'@type': 'ImageObject', 'contentUrl': 'https://hltpimtsoch.sos-ch-dk-2.exoscale-cdn.com/catalog/c/3/e/e/c3eec04089c168ec2c82d1dae0208d373bd47703_Aussenansicht.JPG'}];2026-08-17T04:14:24+02:00
d2233cdb-2fb8-446b-a43d-0d87d7199734;Gauenpark-Uehli;Die 1,5-Zimmerwohnung im 11. Stock des MFH Gauenpark in Flumserberg Tannenheim bietet eine beeindruckende Aussicht auf die Churfirsten und den Walensee. Die moderne und gemütliche Wohnung ist ruhig gelegen und bietet Platz für bis zu vier Personen.;Die 1.5 Zimmerwohnung befindet sich zuoberst im 11. Stock im MFH Gauenpark in Flumserberg Tannenheim mit herrlicher Aussicht auf die Churfirsten und den Walensee. Die Wohnung ist sehr ruhig gelegen. Ein Parkplatz ist kostenlos vorhanden.

Die helle Wohnung mit traumhafter Aussicht ist modern und gemütlich eingerichtet. Schlaf-, Wohn- und Essbereich ist ein Raum und bietet Platz für bis zu 4 Personen. Die ganze Wohnung ist mit einem Parkettboden ausgestattet.;9.298958655716081;47.0901013;Flumserbergstr. 146;8897;Flumserberg Tannenheim;+41794067725;uehli.albert@gmail.com;[{'@type': 'ImageObject', 'contentUrl': 'https://hltpimtsoch.sos-ch-dk-2.exoscale-cdn.com/catalog/b/7/4/f/b74f8fc6aa56ed41e828a7fbcb4c32e452b27c68_Gauenpark_Uehli_Wohnzimmer.JPG'}];2026-08-07T14:32:06+02:00
d281b1fd-c7a5-4f86-85e2-c29b6997c827;Ferienwohnung Vonlanthen/Jud;Die 2,5-Zimmer-Maisonette-Wohnung in Bad Ragaz bietet einen eigenen Hauseingang, einen Gartensitzplatz und einen Balkon. Sie liegt ruhig und zentral, nur 50 m von Migros und Coop entfernt, und ist ideal für Paare, Familien und Singles.;Die 2.5-Zimmer-Maisonette-Wohnung mit eigenem Hauseingang befindet sich an ruhiger und zentraler Lage in Bad Ragaz. Zur Wohnung gehört ein Gartensitzplatz und ein Balkon.

Das Apartment verfügt über 1 grosses Schlafzimmer mit Trennwand, 1 Bad mit WC, 1 WC, Bettwäsche, Handtücher, 1 Flachbild-TV, Wlan,Cheminée,  eine voll ausgestattete Küche,Balkon und einen grossen Sitzplatz.

50 m von Migros umd Coop, 10 min zu Fuss bis zum Bahnhof un Tamina Therme.;9.502739310264587;47.003400040829;Pestalozziweg 5c;7310;Bad Ragaz;+41798402988;criastrid@icloud.com;[{'@type': 'ImageObject', 'contentUrl': 'https://hltpimtsoch.sos-ch-dk-2.exoscale-cdn.com/catalog/7/c/b/d/7cbd360ffbe3e663dab6fea91a53add3d5b58b53_8e4a2df1_f653_4877_92d9_8026b3df018e.JPG'}];2026-07-21T14:41:03+02:00
d3457d1b-7a95-4b8b-a8be-ffb116bc5c06;Marina Walensee Spielplatz;Direkt neben der Terrasse bietet der Spielplatz im Marina Walensee mit Kletterturm und Rutschbahn Spielspass – Eltern haben alles im Blick.;Auf dem Marina Walensee Spielplatz direkt beim Marina Restaurant sorgt ein Kletterturm mit Rutschbahn für jede Menge Spiel und Spass. Dank der Lage direkt neben der Restaurantterrasse können Eltern entspannt essen und ihre Kinder dabei jederzeit im Auge behalten. Des Weiteren verfügt das Marina Walensee über einen grossen Indoor-Spielraum.;9.2567652;47.1147669;Gostenstrasse 20;8882;Unterterzen;+41 81 720 31 00;reservation@marina-walensee.ch;https://www.marina-walensee.ch/;[{'@type': 'ImageObject', 'contentUrl': 'https://hltpimtsoch.sos-ch-dk-2.exoscale-cdn.com/catalog/3/8/f/6/38f6c660674fc86cb6befc01123b7239c366f373_tkv_hlt_spielplatze_0014_MarinaWalensee_52_2599.jpg'}];2026-04-21T17:08:55+02:00
d42b3ab3-7d5b-48f8-ab88-24235bce4e12;Rafters GmbH Outdoor & Events;Rafters organisiert schweizweit kreative Firmen‑ und Gruppenevents wie Flossbau, Highland Games und Eisschnitzen für unvergessliche Erlebnisse.;Ob kreative Team-Workshops wie Eisschnitzen oder Raku Keramik brennen, Flossbauen am Walensee oder lustige Gruppenaktivitäten Highland Games oder Bauernhof Olympiaden für jeden ist etwas dabei.

Sie planen einen Firmenausflug oder Junggesellenabschied oder feiern gar einen runden Geburtstag, warum die Gäste nicht mit etwas speziellem überraschen? Testen Sie die Treffsicherheit Ihrer Mitarbeiter beim Wettschiessen oder fördern Sie die Konzentration beim Bogenschiessen.

Bei Weihnachtsfeiern darf man durchaus auch mal etwas aktiv werden mit einer Schneeschuhtour und Fondueplausch zum Beispiel oder für die die es etwas abenteuerlicher möchten mit einer Airboard-Funtour?;9.161782264709474;47.11329304036082;Walenguflen 10;8758;Obstalden;+41 43 888 53 00;info@rafters.ch;https://www.rafters.ch/;[{'@type': 'ImageObject', 'contentUrl': 'https://hltpimtsoch.sos-ch-dk-2.exoscale-cdn.com/catalog/1/a/1/0/1a10e6508d2578103d1ff3b5bd5cc7e36b25049c_Logo_Rafters_2020_.jpg'}];2026-04-20T08:18:17+02:00
d563f7c7-5ddf-43df-bd02-aecd63e05c1c;Ferienhaus Arnika;Das Ferienhaus Arnika in Valens bietet zwei Schlafzimmer, Wohnraum und Küche. Es liegt nahe einem Bauernhof und verfügt über einen grossen Balkon sowie eine Terrasse mit Grillstelle. Ideal für kürzere oder längere Aufenthalte.;Das heimelige und helle Ferienhaus mit zwei Schlafzimmern, Wohnraum und Küche befindet sich bei Sergeuris in Valens in der Nähe eines Bauernhofes. Das Haus bietet sämtliche Einrichtungen und Ausstattungen, die ein kürzerer oder längerer Ferienaufenthalt erfordert. Ein grosser Balkon lädt zum Verweilen ein, ebenso ein Steinplatz vor dem Haus, mit Feuerstelle, mit Grill. Das Haus wird mit einem Specksteinofen (Holzheizung) geheizt. Bei Minustemperaturen muss der Ofen morgens und abends während ca. 3 Stunden ein gefeuert werden.;9.4840908;46.9936812;Sergeuris;7317;Valens;+41 79 413 49 19;urs.guldener@datazug.ch;http://www.ferienhaus-arnika.ch/;[{'@type': 'ImageObject', 'contentUrl': 'https://hltpimtsoch.sos-ch-dk-2.exoscale-cdn.com/catalog/3/2/7/8/3278650eafa7a06b96d129d7cf88f53f65954bd6_Haus_Winter2.jpg'}];2026-08-07T10:27:25+02:00
d5efa582-2f5b-4f01-aa2c-1fbee9040d79;Stellplatz Pardätsch;Der Stellplatz Pardätsch liegt an der ruhigen Kunkelsstrasse in Vättis und bietet eine freie Sicht auf Alpweiden und die umliegende Berglandschaft. Eine Schweizer Feuerstelle und der Vättner „Bergstrand“ sind nur 100 m entfernt.;Der Stellplatz Pardätsch liegt rund 300 Meter südlich des Zeltplatzes Hüttenwiese auf der gegenüberliegenden Strassenseite. Er befindet sich idyllisch an der ruhigen Kunkelsstrasse und bietet eine freie Sicht auf Alpweiden, Wälder und die eindrucksvolle Berglandschaft der Umgebung.
In nur 100 Metern Entfernung lädt eine Schweizer Familienfeuerstelle zum Verweilen ein. Ebenfalls rund 100 Meter entfernt fliesst auf der anderen Strassenseite, rund 30 Meter tiefer, der Görbsbach durch einen Auenwald. Der Vättner „Bergstrand“ mit seinem breiten Kiesbett bietet einen besonderen Ort zur Entspannung und Erholung inmitten der Natur.;9.4415215;46.9098162;Kunkelsstrasse;7315;Vättis;079 437 65 78;zeltplatz@ortsgemeinde-vaettis.ch;https://www.ortsgemeinde-vaettis.ch/liege-zelt/zeltplaetze;[{'@type': 'ImageObject', 'contentUrl': 'https://hltpimtsoch.sos-ch-dk-2.exoscale-cdn.com/catalog/2/1/3/7/2137832773ebadbcbdeed23a91d2e4a1ee958cdb_Stellplatz_Pard__tsch1.jpg'}];2025-11-04T09:34:53+01:00
d75b3886-6fc0-4f21-8f18-4ba3dee9944e;Ferienhaus Maienfeld - Heidihuus;Das Ferienhaus Heidihuus in Maienfeld bietet einen Blick auf die Weinbaugebiete der Bündner Herrschaft und den Pizol. Die Wohnung ist familien- und haustierfreundlich und verfügt über eine gut ausgestattete Küche.;Das Ferienhaus Heidihuus oberhalb Maienfeld in Weiher Rofels liegt nahe am Heididorf mit dem Museum. Vom Sitzplatz aus hat man einen wunderschönen Blick in die Weinanbaugebiete der Bündner Herrschaft und in Richtung Pizol. Die Umgebung bietet allerlei Möglichkeiten, den Aufenthalt genussvoll sowie auch sportlich und aktiv zu gestalten.

Die Wohnung verfügt über ein gemütliches Wohnzimmer mit Lesestühlen und Sofas, einen Chemineeofen sowie einen sonnigen Gartensitzplatz. Die Küche bietet Backofen, Kühlschrank, Geschirrspüler, Fondue- und Raclette-Set, Kaffeemaschine, Toaster und Wasserkocher.;9.544346369651297;47.00955675;Rofelsergasse 16;7304;Maienfeld;+41 78 776 52 24;info@ferien-heidiland.ch;https://www.ferien-heidiland.ch;[{'@type': 'ImageObject', 'contentUrl': 'https://hltpimtsoch.sos-ch-dk-2.exoscale-cdn.com/catalog/a/6/6/9/a669b6af439728d8f0b9a10fc1afe5faddb18656_MAIENFELD_Ferienhaus.jpg'}];2026-09-02T04:47:19+02:00
d7882d5d-b40a-4058-9963-c35eef16dffc;Chalet Waldwiese (CharmingStay);Das Chalet Waldwiese in Flumserberg Tannenheim bietet eine 4,5-Zimmerwohnung mit Blick auf die Churfirsten. Bergbahnen, Restaurants und ein Dorfladen sind in etwa zehn Minuten zu Fuss erreichbar. Ein kostenfreier Parkplatz ist vorhanden.;Das Chalet mit 4.5 Zimmer befindet sich am Dorfrand von Flumserberg Tannenheim, mit wunderbarer Aussicht auf die Churfirstenkette. Bergbahnen, Restaurants und der Dorfladen sind nur ca. 10 Gehminuten entfernt. Zum Ferienhaus gehört ein kostenfreier Parkplatz. Dieser befindet sich unterhalb des Hauses und ist über eine Treppe erreichbar, ca. 50m.

Die Wohnung ist zweckmässig und mit viel Holz eingerichtet. Die Wände von Wohn- und Schlafräumen sind getäfert und verfügen über einen Holzboden. Zum Chalet gehört ein Sitzplatz mit schöner Aussicht.;9.30613935;47.09091225;Plattenwiese 23;8897;Flumserberg Tannenheim;+41 79 504 90 45;contact@charmingstay.ch;https://www.charmingstay.ch;[{'@type': 'ImageObject', 'contentUrl': 'https://hltpimtsoch.sos-ch-dk-2.exoscale-cdn.com/catalog/7/e/8/3/7e83a6378e0ec60990d453f74450b269d6be1f46_ausenansicht___Kopie.JPG'}];2026-05-26T20:08:34+02:00
d8131a9b-6a03-4eb6-b07c-f5f48f47b9c2;Anlegestelle Hafen Au;Schiff Ahoi, ab Hafen Au durch den Schweizer "Fjord".;<p>Erforschen Sie die tiefblaue Mitte der Region und geniessen Sie die atemberaubende Bergkulisse auf dem Walensee. Lassen Sie sich von den majest&auml;tischen Churfirsten, der wild romantischen Natur, dem glasklaren Wasser und den fantastischen Stimmungen am Walensee verzaubern. Der Walensee, das Paradies f&uuml;r nah und fern. Die Schiffsbetrieb Walensee AG verbindet Orte, Angebote und Aktivit&auml;ten in idealer Weise. Die Verbindung nach Quinten ist auch im Winter durchgehend in Betrieb.</p><h3>Zugangsinformationen</h3><div class="rte"><ul><li>Nur zu Fuss oder mit dem Schiff erreichbar</li><li>Stufenloser Zugang, jedoch aufgrund des steilen Kiesweges f&uuml;r Rollst&uuml;hle und Kinderwagen ungeeignet</li><li>Ein- und Ausstieg durch Personalhilfestellung</li><li>Gruppen ab 10 Personen und Rollst&uuml;hle m&uuml;ssen im Voraus angemeldet werden.</li><li>Kein taktiles Leitsystem vorhanden</li></ul></div>;9.2295974;47.1294553;8878;Quinten Au;+41 81 720 34 34;info@walenseeschiff.ch;https://walenseeschiff.ch/de/fahrplan/anlegestellen/au.html;[{'@type': 'ImageObject', 'contentUrl': 'https://hltpimtsoch.sos-ch-dk-2.exoscale-cdn.com/catalog/5/5/a/b/55ab90cdd2912ddc120a8e29684c5b42255b5a70_Anlegestelle_Hafen_Piktogramm_HLT.png'}];2026-04-22T04:03:45+02:00
d84013ab-468d-4dc2-a437-b7b408d77846;Panoramawohnung am Pizol / Furt 1'525 m ü. M.;Die Panoramawohnung am Pizol bietet eine moderne Unterkunft direkt an der Bergstation Furt. Sie ist ideal für Aktivitäten wie Skifahren, Rodeln und Wandern und bietet Zugang zu Restaurants und einem Naturspielplatz.;Die helle, moderne und familienfreundliche 2.5-Zimmer Panoramawohnung befindet sich direkt bei der Bergstation Furt (8er Gondelbahn Wangs-Furt) mit wunderschöner Aussicht auf das Bergpanorama Churfirsten. Direkt an der Skipiste und am Ausgangspunkt der 3,5 km langen Schlittelbahn und dem Nachtskifahren. Umgeben von leckeren Restaurants und grossen Sonnenterrassen, Ski- und Snowboardschule in unmittelbarer Nähe. 
Es ist ein idealer Ausgangspunkt für sämtliche Aktivitäten und Attraktionen am Pizol.
Im Sommer direkt an der 5-Seen-Wanderroute und grossem Natur-Erlebnisspielplatz mit Wasserfall.;9.42151665687561;47.00237886732135;Furt 40;7323;Wangs;0041796387712;meinfarberlebnis@gmail.com;https://www.airbnb.com/h/berger-ferien-am-pizol;[{'@type': 'ImageObject', 'contentUrl': 'https://hltpimtsoch.sos-ch-dk-2.exoscale-cdn.com/catalog/8/9/7/7/8977be8b4dfd730a8969cb287397874316eac4c2_Schneehus_Valeis.jpg'}];2026-06-19T01:23:46+02:00
d8ac0cdc-986e-4bfa-b0cc-7360a7e39c13;museumbickel;Das museumbickel in Walenstadt zeigt zeitgenössische Kunst aus der Schweiz und Nachbarländern. Es bietet drei bis vier Ausstellungen jährlich und ist ein bedeutender Kunstschauplatz der Region. Gruppenführungen sind auf Anfrage möglich.;Das museumbickel in Walenstadt besteht seit 2002 und wird von der Karl-Bickel-Stiftung getragen. Es realisiert drei bis vier Ausstellungen pro Jahr. Interessante zeitgenössische Positionen aus der Schweiz und den Nachbarländern werden gezeigt, wobei auch das Kunstschaffen in der Region regelmässig beleuchtet wird. Eine Ausstellung pro Jahr widmet sich den Werken von Karl Bickel.

Mit seinem eigenständigen Programm und zahlreichen anregenden Begleitveranstaltungen, wie Führungen, Konzerten, Podiumsdiskussionen, ist das museumbickel zu einem wichtigen Schauplatz des Kunstgeschehens der Region geworden.

Das museumbickel überzeugt mit seiner Ausstellungshalle von beinahe unveränderter Industriearchitektur des beginnenden zwanzigsten Jahrhunderts. Die säulenfreie Halle von 400 m2 bietet alles, was die grundlegenden Bedürfnisse der Kunst an Zeit und Raum, Stille und Licht verlangen.

Gruppenbesuche und Führungen auf Anfrage auch ausserhalb der Öffnungszeiten.;9.3121399;47.1218073;Zettlereistrasse 9;8880;Walenstadt;+41 81 710 27 77;info@museumbickel.ch;http://www.museumbickel.ch;[{'@type': 'ImageObject', 'contentUrl': 'https://hltpimtsoch.sos-ch-dk-2.exoscale-cdn.com/catalog/7/2/5/8/7258dcc91e08dc589f480310375c78cc20c45374__71B4421_HDR.jpg'}];2026-04-28T03:03:53+02:00
d8c6b80b-e605-4ea5-a6ec-1ddcf07614d4;Kiwi Kino Castels Sargans;Das Kiwi Kino Castels in Sargans bietet mit seinen zwei komfortablen Sälen ein vielfältiges Filmerlebnis. Ob Familienfilme oder Hollywood-Blockbuster, das Kino lädt in einer freundlichen Atmosphäre zum Verweilen ein.;Das Kiwi Castels mit seinen zwei komfortabel eingerichteten Sälen ist ein Erlebnisort, eingebettet im schweizweit bekannten Heidiland. Ob Familienfilme, Hollywood-Blockbuster oder auch intellektuelles Kino in der Originalfassung. Das traditionelle Kino in Sargans bietet pures Filmvergnügen in sympathisch lokaler Atmosphäre. Dabei lädt der Kinokiosk mit integrierter Bar vor oder nach dem Film zum Cüpli unter Freunden.;9.441976547241211;47.04525370201702;Pizolstrasse 3;7320;Sargans;+41 81 723 16 61;castels@kiwikinos.ch;https://www.kiwikinos.ch/sargans/kino_castels/;[{'@type': 'ImageObject', 'contentUrl': 'https://hltpimtsoch.sos-ch-dk-2.exoscale-cdn.com/catalog/c/e/b/4/ceb4668760d27ef745802d51c5df2bca12e9715f_getlstd_property_photo.jpg'}];2026-07-09T08:36:32+02:00
d91b3d09-e504-4efc-890c-05689ad7aae6;Gampergalt 4.5 Zi-Whg;Die 4,5-Zimmerwohnung in Flumserberg-Tannenheim liegt nur fünf Gehminuten von der Skipiste entfernt. Sie bietet einen kostenlosen Aussenparkplatz, einen grossen Balkon und eine Terrasse. Einkaufsmöglichkeiten und Restaurants sind 1,5 km entfernt.;Die 4.5-Zimmerwohnung befindet sich in Flumserberg-Tannenheim nur ca. 5 Gehminuten zur Skipiste, welche zur Talstation Prodalp-Express Tannenheim führt. Ins Zentrum mit Einkaufsläden, Sportgeschäften, Skischule und Restaurants sind es ca. 1.5 km. Zur Ferienwohnung gehört ein kostenloser Aussenparkplatz.

Die grosszügige Wohnung ist gemütlich und komfortabel eingerichtet. Vom Wohnzimmer aus gelangt man auf den grossen Balkon Richtung Norden und die grosse Terrasse Richtung Süden.;9.30598712383185;47.08270506053502;Obere Anggetlinstrasse 36;8897;Flumserberg Tannenheim;+41 79 669 60 68;peter.rahm@bluewin.ch;[{'@type': 'ImageObject', 'contentUrl': 'https://hltpimtsoch.sos-ch-dk-2.exoscale-cdn.com/catalog/f/e/b/f/febf45e764d2cb667c730622f6605cf67a5a10c9_IMG_1895.jpg'}];2026-08-27T08:08:55+02:00
da0bcc35-12d6-414b-8afc-c87b12ed7b00;Ferienwohnung Frei;Die Ferienwohnung Frei in Bad Ragaz bietet eine ruhige Lage am Ende einer Sackgasse. Sie ist funktional eingerichtet und verfügt über einen privaten Parkplatz. Restaurants und Geschäfte sind in der Nähe.;Die 2-Zimmerwohnung befindet sich an sehr ruhiger Lage am Rande von Bad Ragaz am Ende einer Sackgasse. Restaurants und Lebensmittelläden befinden sich in der Umgebung. Die Bushaltestelle ist 1,2 km, die Pizolbahn 3 km und das Thermalbad 1 km entfernt. Zur Wohnung gehört ein privater Parkplatz.

Die Wohnung liegt im Parterre und ist zweckmässig eingerichtet.;9.497417679972216;47.0061627;Weiligstrasse 36c;7310;Bad Ragaz;+41 81 302 37 53;paul.frei51@gmail.com;[{'@type': 'ImageObject', 'contentUrl': 'https://hltpimtsoch.sos-ch-dk-2.exoscale-cdn.com/catalog/d/1/5/c/d15c557c5288b75fa13eb9acd52c5b89f0661404_Frei_5.jpg'}];2026-03-11T14:15:15+01:00
dae7c8f0-8b19-43bf-8b00-c00c173bcb33;Berber Semmelink - Ski Academy;Du willst besser werden? Passionierte & engagierte Skilehrer helfen dabei ;Die BSSKI Academy bietet privaten Ski- und Snowboardunterricht mit erfahrenen Lehrern sowie Gruppenunterricht für diejenigen, die lieber mit anderen zusammen lernen möchten. Egal ob du Anfänger oder Fortgeschrittener bist, die BSSKI Academy kann dir helfen, deine Ziele auf und abseits der Piste zu erreichen.;9.27947759628296;47.091572393806004;[{'@type': 'ImageObject', 'contentUrl': 'https://hltpimtsoch.sos-ch-dk-2.exoscale-cdn.com/catalog/f/1/4/d/f14daadbaecf8e94da15e2885aa91b49aafd61f2_20220220_110925_scaled_e1679417260507_768x576.jpg'}];2025-11-04T09:45:20+01:00
daeb77f0-929b-4eb8-83ec-91d96e79bbaf;Haus Alpenblick A;Haus Alpenblick A in Flumserberg Tannenheim bietet eine 2,5-Zimmerwohnung, nur zwei Gehminuten vom Hallenbad und der Skipiste Mittenwald entfernt. Ein kostenloser Parkplatz in der Tiefgarage ist inklusive.;Die 2.5 Zimmerwohnung befindet sich in Flumserberg Tannenheim nur ca. 2 Gehminuten vom Hallenbad, Sportbus, Skipiste Mittenwald und Einkaufsmöglichkeiten entfernt. Zur Wohnung gehört ein kostenloser Parkplatz in der Tiefgarage.

Die helle Wohnung ist klassisch und gemütlich eingerichtet. Wohn- und Schlafräume verfügen über einen schönen Holzboden. Bilder und Deko verzieren die Wände und Regale.;9.297766606774918;47.0907134;Tobelbachstrasse 8;8897;Flumserberg Tannenheim;+41 76 462 23 61;sdahel@sunrise.ch;[{'@type': 'ImageObject', 'contentUrl': 'https://hltpimtsoch.sos-ch-dk-2.exoscale-cdn.com/catalog/7/4/8/7/7487f0ab3e055c25f71eddce6c091d89c5185d45_Haus_Alpenblick_1.jpg'}];2026-06-12T15:59:23+02:00
db9ef566-6a20-476e-9909-d77d5b0cc757;BIGPOINT;Das BIGPOINT Tennis GmbH in Bad Ragaz bietet Padel, Tennis, Pickleball und Badminton sowohl indoor als auch outdoor an. Es gibt Unterricht für alle Altersklassen und Spielstärken. Rackets können gemietet werden.;Mit Padel, Tennis, Pickleball und Badminton bleiben Sie auch in Ihren Ferien in Form. Das Sportcenter in Bad Ragaz bietet folgende Sportplätze:

Indoor
- 4 Padel Courts
- 1 Padel Single Court
- 1 Kids Padel Court
- 1 Padel Ping Pong Court
- 1 Pickleball Court
- 1 Badminton Court

Outdoor
- 5 Padel Courts
- 2 Padel Single Courts
- 1 Tennis Court

Zudem bieten wir Unterricht für alle Altersklassen und Spielstärken.

Schläger für alle Sportarten können bei uns gemietet werden (Twint), Bälle und Shuttles bei der Rezeption gekauft werden (Twint).

Jetzt auf Playtomic registrieren, den gewünschten Platz direkt online buchen und Spass haben!

Weitere Infos finden Sie auf unserer Website: https://bigpointtennis.ch/bad-ragaz/;9.493603706359865;47.015295500475;Badriebweg 1;7310;Bad Ragaz;+41 81 302 47 45;info@bigpointtennis.ch;https://www.bigpointtennis.ch;[{'@type': 'ImageObject', 'contentUrl': 'https://hltpimtsoch.sos-ch-dk-2.exoscale-cdn.com/catalog/f/1/9/7/f19757a9e4d8dc979271a770f18689f561d04627_BIGPOINT_Outdoor__2.JPG'}];2026-08-12T18:58:36+02:00
dcaf3a4a-f39b-4af0-b05f-bb8453f58cde;Pauschale: Unterkunft & Skifahren am Flumserberg;Winterauszeit am Flumserberg: 2–7 Nächte im Hotel oder in der Ferienwohnung inkl. Skipass. Exklusiv buchbar bei Heidiland Tourismus!;<p data-start="332" data-end="668"><strong data-start="332" data-end="383">Top-Angebot &ndash; exklusiv bei Heidiland Tourismus:</strong><br data-start="383" data-end="386">Buche deine Winterauszeit am Flumserberg und profitiere w&auml;hrend der ganzen Wintersaison von attraktiven Kombi-Angeboten: Bei 2 bis 7 &Uuml;bernachtungen in einem Hotel oder einer Ferienwohnung ist der Skipass f&uuml;r das Skigebiet Flumserberg bereits inklusive.</p><p data-start="670" data-end="920">Nur knapp eine Stunde von Z&uuml;rich oder St. Gallen entfernt, bietet dir das vielseitige Wintersportgebiet mit 17 Anlagen und 65 Pistenkilometern ein unkompliziertes und preiswertes Wintervergn&uuml;gen &ndash; mit Blick auf den Walensee und die umliegenden Alpen.</p><p data-start="922" data-end="962"><strong data-start="922" data-end="962">Deine Unterkunft &ndash; du hast die Wahl:</strong></p><ul data-start="964" data-end="1349"><li data-start="964" data-end="1142"><p data-start="966" data-end="1142"><strong data-start="966" data-end="976">Hotel:</strong><br data-start="976" data-end="979">&Uuml;bernachte in einem von 10 sorgf&auml;ltig ausgew&auml;hlten Hotels in der Region Flumserberg oder Umgebung &ndash; inklusive Fr&uuml;hst&uuml;ck (teilweise mit Halbpension).</p></li><li data-start="1144" data-end="1349"><p data-start="1146" data-end="1349"><strong data-start="1146" data-end="1164">Ferienwohnung:</strong><br data-start="1164" data-end="1167">W&auml;hle aus 32 charmanten Ferienwohnungen direkt im Skigebiet oder in der N&auml;he &ndash; ideal f&uuml;r Familien und Gruppen. Beste Verf&uuml;gbarkeiten bei 3&ndash;7 N&auml;chten, bevorzugt Samstag bis Samstag.</p></li></ul><p data-start="1351" data-end="1379"><strong data-start="1351" data-end="1379">Leistungen im &Uuml;berblick:</strong></p><ul data-start="1381" data-end="1798"><li data-start="1381" data-end="1431"><p data-start="1383" data-end="1431">2&ndash;7 &Uuml;bernachtungen in der gew&auml;hlten Unterkunft</p></li><li data-start="1432" data-end="1507"><p data-start="1434" data-end="1507">Skipass f&uuml;r das Skigebiet Flumserberg f&uuml;r die entsprechende Anzahl Tage</p></li><li data-start="1508" data-end="1554"><p data-start="1510" data-end="1554">Fr&uuml;hst&uuml;ck oder Halbpension (je nach Hotel)</p></li><li data-start="1555" data-end="1577"><p data-start="1557" data-end="1577">Alle lokalen Taxen</p></li><li data-start="1578" data-end="1667"><p data-start="1580" data-end="1667">Frei w&auml;hlbarer G&uuml;ltigkeitsbeginn des Skipasses (ab Anreise oder bis inkl. Abreisetag)</p></li><li data-start="1668" data-end="1798"><p data-start="1670" data-end="1798">Skipassausgabe an der Talstation in Unterterzen (SeeJet), Flumserberg Tannenheim oder Flumserberg Tannenbodenalp (gegen Voucher)</p></li></ul><p data-start="1800" data-end="1816"><strong data-start="1800" data-end="1816">Konditionen:</strong></p><ul data-start="1818" data-end="1963"><li data-start="1818" data-end="1874"><p data-start="1820" data-end="1874">Buchbar bis 1 Tag vor Anreise, je nach Verf&uuml;gbarkeit</p></li><li data-start="1875" data-end="1924"><p data-start="1877" data-end="1924">Nur direkt bei Heidiland Tourismus erh&auml;ltlich</p></li><li data-start="1925" data-end="1963"><p data-start="1927" data-end="1963">G&uuml;nstiger kann man nicht Skifahren</p></li></ul>;Flumserberg;[{'@type': 'ImageObject', 'contentUrl': 'https://hltpimtsoch.sos-ch-dk-2.exoscale-cdn.com/catalog/a/7/c/6/a7c61c3c44136100319bbbf18e52c2bd952dfa0a_Titelbild_Landingpage_Heidiland_.jpg', 'caption': {'de': 'Pauschale: Unterkunft & Skifahren am Flumserberg', 'en': 'Package: Accommodation & Skiing at Flumserberg'}}];2026-04-15T14:37:35+02:00
dd0a0ac1-4553-40b4-83fb-603a376fbe46;Casa Alpetta;Die Casa Alpetta bietet eine 2,5-Zimmerwohnung in Flumserberg Tannenboden, nahe Bergbahnen, Restaurants und Einkaufsmöglichkeiten. Die Unterkunft bietet eine schöne Aussicht auf die umliegenden Berge und einen Parkplatz.;Die 2.5-Zimmerwohnung befindet sich an der Flubastrasse 16 in Flumserberg Tannenboden, nahe der Bergbahnen, Restaurants und Einkaufsmöglichkeiten. Die Lage mit schöner Aussicht auf die umliegenden Berge ist hervorragend. Ein Parkplatz steht bei der Unterkunft zur Verfügung.;9.287785421515782;47.09344285;Flubastrasse 16;8898;Flumserberg Tannenheim;+41 79 615 17 06;w.vandoesburg@fdf-management.com;[{'@type': 'ImageObject', 'contentUrl': 'https://hltpimtsoch.sos-ch-dk-2.exoscale-cdn.com/catalog/b/5/5/5/b55573cd4fdef3c512896b1cc66fec6e000ea807_Casa_Alpetta_Hauptbild.jpg'}];2026-01-19T12:01:40+01:00
de690b47-2e21-4bca-8d0b-a918316cec04;Ski- und Snowboardschule Flumserberg;Die Ski- und Snowboardschule Flumserberg bietet Kurse für alle Wintersportbegeisterten an. Von klassischem Skifahren bis zu Snowboarden und weiteren Schneeaktivitäten, hier werden sportliche Ziele mit Spassgarantie verwirklicht.;Das Team der Ski- und Snowboardschule Flumserberg hilft dabei, wintersportliche Ziele zu verwirklichen – angefangen beim klassischen Skifahren und Snowboarden bis hin zu vielen weiteren Aktivitäten im Schnee. Kreativ, fokussiert, verständnisvoll und topausgebildet wissen unsere Lehrer genau, was sie tun. Freuen Sie sich auf einheimische Wintersportprofis, die das Herz am rechten Fleck haben.;9.284396767616274;47.093737630212;Flumserbergstrasse 196;8898;Flumserberg;+41 81 733 39 39;info@sssf.ch;https://www.flumserberg.ch/de/Winter-erleben/Skischule-Flumserberg;[{'@type': 'ImageObject', 'contentUrl': 'https://hltpimtsoch.sos-ch-dk-2.exoscale-cdn.com/catalog/4/5/e/9/45e95401dbcbd0c66cf5fdda3596de92be58ac0e_Skifahren_Flumserberg_Spitzmeilen.jpg'}];2026-08-06T17:19:40+02:00
dfa3bdeb-ac7f-44d6-8f88-b2f94fa0e94e;Weinbau Hanspeter Kunz;Weinbau Hanspeter Kunz in Fläsch bietet einen gemütlichen Degustations- und Verkaufsraum für Gruppen bis 20 Personen. Es werden acht verschiedene Weine angeboten, begleitet von kalten Imbissen wie Käse und Salsiz.;Weinkeller mit heimeligem Degustations- und Verkaufsraum. 
Platz für Gesellschaften bis 20 Personen. 8 verschiedene Weine, 4 weisse, 4 rote.
Imbiss: Käse und Salsiz, nur kalt.;9.51424827470398;47.02754775;Hinterdorf 7;7306;Fläsch;+41 81 302 61 69;info@weinbau-kunz.ch;http://www.weinbau-kunz.ch;[{'@type': 'ImageObject', 'contentUrl': 'https://hltpimtsoch.sos-ch-dk-2.exoscale-cdn.com/catalog/4/2/c/7/42c7010644e557c4f52854865803cc05b4297793_wein_weinbau_kunz.jpg'}];2026-07-31T13:09:53+02:00
e08a7e02-5a67-4193-a5c9-798ce794bbce;Lerchenhüsli;Das Ferienhaus Lerchenhüsli liegt zentral in Flumserberg Tannenbodenalp. In der Nähe befinden sich Skischule, Einkaufsmöglichkeiten und Restaurants. Ein Garagenplatz ist 50 Meter entfernt. Haustiere sind erlaubt, ideal für Familien.;Das gemütlich, heimelige eingerichtete Ferienhaus Lerchenhüsli liegt im Zentrum Tannenboden. In der Nähe befindet sich die Skischule, Einkaufsmöglichkeiten und diverse Restaurants. Einen Garagenplatz ist 50 Meter unterhalb vorhanden. Im Sommer schöner Sitz- und Spielplatz beim Haus mit Gartencheminée, ideal für Familien. Das Lerchenhüsli befindet sich an einer sonnigen Lage mit wunderbarer Sicht zur Churfirsten und Alvier Bergkette. Haustiere sind erlaubt.;9.286287807779502;47.0937143;Flubastrasse 6;8898;Flumserberg Tannenbodenalp;+41 44 321 70 49;maja.zentner@gmx.ch;[{'@type': 'ImageObject', 'contentUrl': 'https://hltpimtsoch.sos-ch-dk-2.exoscale-cdn.com/catalog/c/b/8/c/cb8c7e8ff9c3c10800a46f85d3eb74d9ccd6254c_Lerchenh__sli_1.jpg'}];2026-05-14T23:16:25+02:00
e0dac3ac-c26c-45ce-a579-fb8225b86250;Haus Steinbock (CharmingStay);Das Haus Steinbock am Flumserberg Tannenheim bietet moderne Ferienwohnungen mit vollausgestatteter Küche, grossem Balkon und kostenlosem WLAN. Ein Lift und ein Ski-Abstellraum sind vorhanden. Ein Garagenparkplatz ist inklusive.;Das Mehrfamilienhaus befindet sich am Flumserberg Tannenheim. Innerhalb von wenigen Gehminuten befinden sich das Restaurant Mätz Dine und der Prodallp Express. Zu den Wohnungen gehört jeweils ein kostenloser Garagenparkplatz dazu.

Inneneinrichtung
Die Wohnungen sind gemütlich und modern eingerichtet. Sie verfügen über eine vollausgestattete Küche, offenes Wohnzimmer und einen grossen Balkon. Im Wohnhaus befindet sich ein Lift sowie ein Ski-Abstellraum.

Technische Einrichtung
Kostenloses WLAN, Radio und ein Kabel TV stehen in den Wohnungen zur Verfügung.;9.30473123098497;47.08930865;Mätzwiesenstrasse 31;8897;Flumserberg Tannenheim;+41 79 504 90 45;contact@charmingstay.ch;https://www.charmingstay.ch;[{'@type': 'ImageObject', 'contentUrl': 'https://hltpimtsoch.sos-ch-dk-2.exoscale-cdn.com/catalog/7/d/5/6/7d56b512d1221f8050715c578f7c77c4076f42cb_Haus_Steinbock_2OG__9_.JPG'}];2026-01-19T12:01:40+01:00
e11b083d-afcd-462c-8543-540fbe9bed98;Seilerhütta Vättnerberg;Die Seilerhütta Vättnerberg bietet eine beeindruckende Aussicht und gutbürgerliche Küche. Sie ist mit einer 6‑minütigen Seilbahnfahrt leicht erreichbar und lädt zum Entspannen auf der Terrasse ein. Ideal für Familien, Paare und Gruppen, ebenso geeignet für Anlässe bis zu 25 Personen.;Nach der kurzen Bergfahrt von 6 Min. mit der Seilbahn gelangen Sie zu uns, direkt bei der Bergstation der Vättnerbergseilbahn. Wir belohnen Sie zuerst mit unserer Natur und der herrlichen Aussicht, danach können Sie von unserem Angebot profitieren, das zu 95 Prozent von einheimischen Lieferanten und Betrieben ist. 
Weg vom Alltag und lassen Sie sich von uns in der Hütte oder der herrlichen Terrasse verwöhnen.

Bitte beachten Sie die Fahrzeiten der Seilbahn.;9.456750154495241;46.929605285247256;Bergstation;7315;Vättnerberg;+41 79 629 75 17;rieden8739@gmail.com;https://www.vättnerberg.ch/;[{'@type': 'ImageObject', 'contentUrl': 'https://hltpimtsoch.sos-ch-dk-2.exoscale-cdn.com/catalog/3/9/7/3/3973f8522d49e9e2d31748bc07d04f5f7facbbb6_werbung.jpg'}];2026-06-30T12:24:59+02:00
e132467a-39f3-4406-abc8-ab5c3e99e2ee;Haus Schwendihof (2 Studios);Das Haus Schwendihof in Flumserberg Tannenheim bietet zwei Studios im Dachgeschoss mit kostenlosem Parkplatz. Die Studios sind einfach eingerichtet und verfügen über eine Küchenzeile, Doppelbett, Sofa und TV. WLAN ist verfügbar.;Das Ferienhaus liegt auf 1280 m Höhe in Flumserberg Tannenheim, direkt bei den Bergbahnen und der Skipiste. Die beiden Studios befinden sich im Dachgeschoss des Zweifamilienhauses. Zu den Studios gehört ein kostenloser Parkplatz.

Details der einzelnen Studios
- 1x Studio Guscha
- 1x Studio Churfirsten

Beide Studios sind einfach eingerichtet und verfügen über einen Wohn-/Schlafbereich mit Doppelbett, Sofa und TV. Die kleine Küchenzeile ist mit allem ausgestattet was man braucht. Sie bietet Herd, Backofen, Kühlschrank und Kaffeemaschine. Die Dachschrägen mit Holzbalken machen den Aufenthalt in den Studios sehr gemütlich. WIFI vorhanden.;9.28503688613744;47.0944254;Schwendiwiesenstrasse 7;8897;Flumserberg Tannenheim;+41 81 733 16 43;f-m-beeler@bluewin.ch;[{'@type': 'ImageObject', 'contentUrl': 'https://hltpimtsoch.sos-ch-dk-2.exoscale-cdn.com/catalog/6/7/4/8/6748905e5a4609e226bb0b8cf52bf13525052bcc_Schwendihof_Essbereich.JPG'}];2026-04-30T17:57:36+02:00
e141e86a-91e4-499f-b4a2-6aa0ec8a2c43;Hotel Sportcenter Fünf Dörfer AG;Das Hotel Sportcenter Fünf Dörfer in Zizers bietet ein 3-Sterne-Hotel, ein Restaurant sowie Tennis, Squash und saisonal Badminton. Ideal für aktive Gäste und Erholungssuchende mit vielseitigem Sport- und Gastronomieangebot.;<div><p>Das Hotel Sportcenter F&uuml;nf D&ouml;rfer in Zizers verbindet 3-Sterne-Komfort mit einem umfassenden Sportangebot. Die 34 gem&uuml;tlichen Doppelzimmer (auch zur Einzelbelegung) bieten modernen 3-Sterne-Standard mit Zimmertresor, gratis WLAN, TV, Schreibtisch sowie Dusche/WC.</p><p>Im &ouml;ffentlichen Restaurant mit Gartenterrasse werden regionale, internationale und gutb&uuml;rgerliche Speisen serviert &ndash; perfekt f&uuml;r Sportlerinnen und Sportler sowie f&uuml;r erholungssuchende G&auml;ste.</p><p>F&uuml;r sportliche Aktivit&auml;ten stehen das ganze Jahr &uuml;ber vier gelenkschonende Tennispl&auml;tze in der Tennishalle sowie vier Squash-Boxen zur Verf&uuml;gung. Von Mai bis September erg&auml;nzen zwei Badminton-Felder das Angebot. Tennisunterricht, Turniere, attraktive Mietpreise und ein ausgew&auml;hltes Sortiment an Sportartikeln runden das Sportangebot ab.</p><p>Ob Tennis, Squash oder Badminton &ndash; das Sportcenter F&uuml;nf D&ouml;rfer ist die ideale Adresse f&uuml;r alle, die Bewegung, Spass und Gastfreundschaft kombinieren m&ouml;chten.</p></div>;9.557869434356691;46.91956678293475;Oberauweg 20;7205;Zizers;+41 81 307 19 90;hotel@5doerfer.ch;https://www.hotel-5doerfer.ch;[{'@type': 'ImageObject', 'contentUrl': 'https://hltpimtsoch.sos-ch-dk-2.exoscale-cdn.com/catalog/9/9/c/1/99c1148529a7a8abf10dcf49de1c55e2fdec49c8_P1070319.JPG'}];2026-08-14T20:16:09+02:00
e1652746-4ea7-496e-9b67-a545f5242362;Chalet Wiesehöckli (CharmingStay);Das Chalet Wiesehöckli in Flumserberg Tannenbodenalp bietet eine ruhige Lage mit Blick auf die Churfirsten und den Walensee. Es verfügt über einen Aussen-Whirlpool, einen Sitzplatz mit Cheminée und einen kostenlosen Parkplatz.;Das kleine 3-Zimmer-Chalet mit herrlicher Aussicht auf die Churfirsten und den Walensee befindet sich an ruhiger Lage in Flumserberg Tannenbodenalp. Zum Chalet gehört ein kostenloser Parkplatz.

Das heimelige Ferienchalet ist gemütlich und mit viel Holz eingerichtet. Die Wände im Wohn- und Schlafzimmer sind getäfelt. Zum Chalet gehört ein Sitzplatz mit Cheminée, mit Spielwiese sowie ein Aussen-Whirlpool.;9.284148542062624;47.0966193;Schwendi;8898;Flumserberg Tannenbodenalp;+41 79 504 90 45;contact@charmingstay.ch;https://www.charmingstay.ch;[{'@type': 'ImageObject', 'contentUrl': 'https://hltpimtsoch.sos-ch-dk-2.exoscale-cdn.com/catalog/6/a/2/d/6a2d3088a1b88f2237efdc0dae9690373b913988_Bild_Francois_201025_Wohnzimmer___Nebel.JPG'}];2026-01-19T12:01:40+01:00
e22c7f37-f27d-464a-8e12-ffceda4d0462;Ferienwohnung Edelweiss (Fluba);Frisch renovierte 3-Zimmerwohnung Edelweiss im Zentrum von Flumserberg Tannenboden für bis zu 4 Personen. Balkon mit Grill, alles zu Fuss erreichbar. Parkplatz inklusive.;Die frisch renovierte 3-Zimmerwohnung befindet sich im Zentrum von Flumserberg Tannenboden. Die Wohnung bietet Platz für eine vierköpfige Familie, Haustiere nach Absprache. Der kleine Balkon mit Tisch, Stühlen und einem Grill lädt zum Nichtstun ein. Innerhalb von wenigen Gehminuten erreichen Sie den Dorfladen, die Skischule, verschiedene Restaurants und die Bergbahnen. Zur Wohnung gehört ein Parkplatz dazu.</p>;9.286235;47.09414;Flubastrasse 3;8898;Flumserberg Tannenboden;+41 78 621 66 77;thurnherr.tanya@gmail.com;[{'@type': 'ImageObject', 'contentUrl': 'https://hltpimtsoch.sos-ch-dk-2.exoscale-cdn.com/catalog/8/0/0/e/800e366fbffb65fbaf20e385d617fbdb08177d16_Ferienwohnung_Edelweiss__Fluba_.JPG'}];2026-08-26T05:15:20+02:00
e28252e6-d574-4168-a494-8d0e9f1b731b;Marina Walensee / Marina Restaurant;Die Marina Walensee liegt direkt am Walenseeufer und bietet moderne Zimmer mit Blick auf den See oder die Berge. Das Restaurant serviert saisonale Gerichte mit lokalen Produkten und einer Auswahl an erlesenen Weinen.;Im Marina Restaurant treffen kulinarische Vielfalt, regionale Qualität und eine traumhafte Lage aufeinander. Freuen Sie sich auf knusprige, frisch zubereitete Pizzen, feine regionale Spezialitäten und saisonale Gerichte, die mit viel Liebe zum Detail zubereitet werden – immer begleitet vom herrlichen Blick auf den Walensee und die Bergwelt.

Unsere vielseitige Getränkeauswahl lässt keine Wünsche offen: von ausgewählten Weinen über erfrischende Getränke bis hin zu gemütlichem Kaffee oder einem Aperitif in der Sonne. Besonders beliebt ist unsere grosszügige Sonnenterrasse – der perfekte Ort, um den Tag genussvoll zu verbringen, während die Sonne glitzert und die Seele zur Ruhe kommt.

Auch Familien fühlen sich bei uns rundum wohl: Direkt neben dem Restaurant sorgen ein Spielplatz im Freien sowie ein liebevoll eingerichtetes Spielzimmer dafür, dass sich auch unsere kleinen Gäste bestens unterhalten fühlen – während die Grossen entspannt geniessen.

Ob Familienessen, Pizza-Abend mit Freunden oder ein genussvoller Stopp nach einem Ausflug: Das Marina Restaurant ist der Treffpunkt für Genuss, Leichtigkeit und entspannte Momente am See.;9.2561007;47.1158087;Gostenstrasse 20;8882;Unterterzen;+41 81 720 31 00;reservation@marina-walensee.ch;https://www.marina-walensee.ch/restaurant/;[{'@type': 'ImageObject', 'contentUrl': 'https://hltpimtsoch.sos-ch-dk-2.exoscale-cdn.com/catalog/c/f/4/d/cf4d6ab950f7a27e641f484c5d1ffd606036c3a2_Marina_Restaurant__10_.jpg'}];2026-08-28T22:06:32+02:00
e3cc30c7-a2c8-4f8b-8e7e-5178605ae2b2;Haus Panorama B (Whg. Rupf);Haus Panorama B in Flumserberg Tannenheim bietet eine gemütliche 3-Zimmerwohnung mit 65 m2 für vier Personen. Zwei Balkone bieten Berg- und Talsicht, während die Wohnung über eine offene Küche und einen Garagenplatz verfügt.;Gemütliche 3 Zimmerwohnung mit 65m2 für vier Personen, mit zwei Balkons mit Berg- und Talsicht und schöner Aussicht auf die Churfirsten und bis Sargans. Die Wohnung ist im ersten Stock des Gebäudes, sie bietet zwei Schlafzimmer mit je zwei Betten, davon ein Etagenbett. Der grosse und helle Wohnraum mit offener Küche und Essbereich, bietet ein wunderbares Panorama. Die Wohnung verfügt über einen eigenen Garagenplatz.;9.304035902023317;47.089848555645915;Panoramastrasse 14;8897;Flumserberg Tannenheim;+41 79 383 16 21;c.rupf@gmx.ch;[{'@type': 'ImageObject', 'contentUrl': 'https://hltpimtsoch.sos-ch-dk-2.exoscale-cdn.com/catalog/d/4/5/2/d452d95f3d28d19d5b92ae8c9b4541b0b16986bb_Schlafzimmer_Doppelbett.jpeg'}];2026-04-21T11:53:14+02:00
e3d5aee9-37e9-458c-8b7f-8a70d1e35761;Weinmanufaktur Gonzen;Das Weingut Gonzen in Sargans bietet Führungen mit Degustationen und Räumlichkeiten für private und geschäftliche Anlässe. Die Torkelstube eignet sich für besondere Anlässe und bietet Platz für 50 Personen.;Die Weinmanufaktur Gonzen steht für Weine mit Charakter.
Eigene Weine und sorgfältig ausgewählte Selektionen –
geführt unter einem gemeinsamen Anspruch.

Wir glauben an Weine mit Persönlichkeit.
An Weine, die etwas erzählen,
über Herkunft, Handwerk und die Winzer dahinter.

Erschaffen für Menschen, die charaktervolle Weine mögen.

Weine, die jeden Moment speziell machen.;9.447652294245845;47.054543249999995;St. Gallerstrasse 75;7320;Sargans;+41 81 723 16 15;info@weinmanufaktur-gonzen.ch;http://www.weinmanufaktur-gonzen.ch;[{'@type': 'ImageObject', 'contentUrl': 'https://hltpimtsoch.sos-ch-dk-2.exoscale-cdn.com/catalog/b/0/4/a/b04ab0eae7016e76dbee52e4a3e08ed1bfe896a5_Weinmanufaktur_Gonzen_Weinkeller_Web_02_5943_quer__2.jpg'}];2026-04-28T02:30:24+02:00
e4561f03-e07c-4513-ba91-ce5a3160318c;Tamina Therme Bad Ragaz;Die Tamina Therme in Bad Ragaz bietet auf 7 300 Quadratmetern ein öffentlich zugängliches Thermalheilbad mit reinem Thermalwasser, moderner Saunakultur und einem breiten Massage- und Beauty-Angebot für Entspannung und Erholung.;Das öffentliche Thermalheilbad Tamina Therme ist als Wellness-Oase, ein Ort der Entspannung und Erholung für Körper, Geist und Seele: Das Thermalwasser in seiner reinsten Form, zelebrierte Saunakultur und das Massage-  und Beauty-Angebot in dem stimmungsvollen und licht-durchfluteten Ambiente der Therme schaffen ein intensives Wohlfühlerlebnis für alle Sinne!

Hier erleben Sie das heilende Thermalwasser in seiner reinsten Form und regenerieren Körper, Geist und Seele. Auf rund 7’300 Quadratmetern bieten sich verschiedene Attraktionen zur Entspannung nach einem anstrengenden Arbeitstag, nach intensivem Sport oder einfach, weil Ihnen das Thermalwasser gut tut.;9.50416022930948;46.99929655;Hans-Albrecht Strasse;7310;Bad Ragaz;+41 81 303 27 40;info@taminatherme.ch;https://www.grandresort.ch/spa-therme/tamina-therme;[{'@type': 'ImageObject', 'contentUrl': 'https://hltpimtsoch.sos-ch-dk-2.exoscale-cdn.com/catalog/d/0/e/5/d0e529a2a8b4cd0c616bc66b12779edc93e9b5f3_TT_Aussen_Drohne_Pool.jpg'}];2026-09-04T14:50:00+02:00
e6166ab5-684a-4b5b-8d9f-29b45243fed1;Autobahnraststätte Marché Heidiland;Die Autobahnraststätte Marché Heidiland in Maienfeld bietet marktfrische Küche und zahlreiche Annehmlichkeiten wie Spielzimmer, Aussenspielplatz und Geissengehege. Ideal für Familien, Paare und Gruppen, die eine Pause auf der A13 suchen.;Marché Heidiland, wohl eine der bekanntesten Raststätten der Schweiz.
Bereits beim Eingang wartet das Heidi- und Geissenpeterspiel auf unsere Gäste. Ein Erlebnis für alle Kinder bieten die 2 grossen Spielzimmer, der Aussenspielplatz und das Geissengehege gleich beim Eingang.

Geniessen Sie unser marktfrisches Angebot – ob eine knusprige Rösti, saisonales Gemüse oder das kunterbunte Salatbuffet – in rustikalem Ambiente. Lassen Sie es sich gut gehen bei uns!;9.512164592742922;47.01153892334948;Autobahn A13;7304;Maienfeld;+41 81 300 43 43;heidiland@marche-restaurants.ch;https://www.marche-schweiz.ch/de/standorte/an-autobahnen.html;[{'@type': 'ImageObject', 'contentUrl': 'https://hltpimtsoch.sos-ch-dk-2.exoscale-cdn.com/catalog/3/2/7/e/327e81e34e89f7364e5bf7c31bf6981d2e34dd10_Heidiland_Tourismus_Bild_Marche_HIMMEL.jpg'}];2026-07-18T04:03:45+02:00
e739d7fa-a384-4771-b4c7-f3260ff2835b;Auberge Adler, Fläsch;Die Auberge Adler in Fläsch bietet vier stilvoll eingerichtete Doppelzimmer mit Blick auf das Weinbaudorf. Das Gourmetrestaurant serviert hausgemachte und regionale Köstlichkeiten. Zahlreiche Aktivitäten sind in wenigen Minuten erreichbar.;Die Auberge Adler befindet sich mitten im Weindorf Fläsch. In Fläsch geniessen Sie die Ruhe und den Charme des idyllischen Weinbaudorfs.
Im Gästehaus befindet sich das Gourmetrestaurant Adler. Zahlreiche Aktivitäten wie die Tamina Therme, das Skigebiet Pizol und das Fashion-Outlet Landquart befinden sich nur wenige Fahrminuten entfernt.

Gästezimmer
Die harmonische Kombination aus historisch und modern verleiht jedem Zimmer seinen eigenen Charme. In unserer Auberge erwarten Sie, vier stilvoll eingerichtete Doppelzimmer mit Blick ins Weinbauerndorf Fläsch. Jedes Zimmer verfügt über ein Badezimmer mit Dusche und WC.

Restaurant Adler
In unserem Gourmetrestaurant Adler servieren wir hausgemachte und regionale Köstlichkeiten, welche direkt von Siggi Tschurtschenthaler und seinem Team zubereitet werden. Ein Hauch Südtirol - die Heimat von Siggi -  darf bei den Kreationen aus der Gourmetküche nicht fehlen.;9.51325681496726;47.02653735;Krüzgass 2;7306;Fläsch;+41 81 302 61 64;info@adlerflaesch.ch;https://www.adlerflaesch.ch/gaestezimmer.html;[{'@type': 'ImageObject', 'contentUrl': 'https://hltpimtsoch.sos-ch-dk-2.exoscale-cdn.com/catalog/d/5/1/e/d51ef2358a89eed608fd2eecbd47cab56c6c9edb_Auberge_Adler__2_.jpg'}];2026-02-20T09:20:19+01:00
e7f68b90-1030-46b3-8d67-595b841ca2af;Haus Alpina (CharmingStay);Das Haus Alpina in Tannenboden Dorf bietet eine 2,5-Zimmerwohnung mit Balkon und Blick auf das Skigebiet. Die Bergbahnen sind nur drei Gehminuten entfernt. Kostenlose Parkplätze und Garagen sind verfügbar.;Das Haus Alpina liegt in Tannenboden Dorf an Top-Lage. Die Bergbahnen sind nur ca. 3 Gehminuten entfernt. Die Wohnung verfügt über eine wunderschöne Aussicht auf das Skigebiet und das Bergpanorama. Aussenparkplätze und Garagen stehen kostenlos zur Verfügung.

Details zur Ferienwohnung
- 1x 2.5-Zimmerwohnung im zweiten Stock

Die Wohnung verfügt über ein offenes, geräumiges und gemütliches Wohnzimmer mit Sofa und Flachbild-TV. Die Küche bietet Herd, Backofen, Kühlschrank, Geschirrspüler, Toaster, Kaffeemaschine, Wasserkocher, Fondue- und Raclette-Set. Die Ferienwohnung verfügt ebenfalls über einen Balkon.;9.283183944204325;47.0941143;Tannenboden;8898;Flumserberg Tannenbodenalp;+41 79 504 90 45;contact@charmingstay.ch;https://www.charmingstay.ch;[{'@type': 'ImageObject', 'contentUrl': 'https://hltpimtsoch.sos-ch-dk-2.exoscale-cdn.com/catalog/e/7/8/0/e780714be15f40178ab324c75affc282b5c9d3b8_Sofa__neu__mit_K__che.jpeg'}];2026-08-27T04:13:57+02:00
e8207b29-dc4e-4ab5-b835-293e2a0b99c0;BISTRO Fläsch;Das Bistro Fläsch ist ein Treffpunkt für Weinliebhaber und Geniessende. Es bietet eine Auswahl an Fläscher, italienischen und spanischen Weinen. Ideal für eine Auszeit oder ein spontanes Treffen.;Das Bistro für alle Generationen. Bei uns darfst du entspannte Stunden in angenehmer Atmosphäre verbringen. Geniesse bodenständige Bistrogerichte, auserlesene Weine, oder das Verweilen in netter Gesellschaft für einen spontanen Umtrunk am Feierabend. Für Einheimische, Spaziergänger, Wanderer, Velofahrer, Biker ist unser Bistro der perfekte Ort für eine Verschnaufpause und um neue Energie zu tanken.

Unser Bistro ist der perfekte Treffpunkt für Weinliebhaber und Geniesser. Der Fläscher Wein ist bei uns Trumpf. Er erzählt uns immer eine Geschichte und deutet die Philosophie seines Winzers an. In unserem Weinangebot findest du eine erlesene Auswahl an Fläscher Rot- und Weissweinen.Auch Liebhaber von italienischen und spanischen Weinen werden bei uns auf ihre  Kosten kommen. Geniesse bei uns ein gutes Glas Wein.

Herzlich willkommen in unserem gemütlichen Nichtraucherzimmer, das darauf ausgelegt ist, dir ein Gefühl von Komfort und Geborgenheit zu vermitteln. Unser Zimmer ist liebevoll eingerichtet und bietet eine angenehme Atmosphäre, in dem du dich wohl fühlst. Geniesse die Umgebung und lassen den Alltag hinter dir. Unser Gästezimmer kann für eine oder mehrere Nächte gebucht werden.;9.5112981;47.0248149;Ausserdorf 1;7306;Fläsch;+41813027451;info@bistroflaesch.ch;https://www.bistroflaesch.ch;[{'@type': 'ImageObject', 'contentUrl': 'https://hltpimtsoch.sos-ch-dk-2.exoscale-cdn.com/catalog/c/f/1/5/cf150cfe8f96003908d1a7e0498b268818dcb176_Screenshot_2025_06_07_133535.png'}];2026-08-28T22:01:33+02:00
e8413db3-b66e-4a82-b398-1f769f8759c3;Appartementhaus Quadern (5 Wohnungen);Das Appartementhaus Quadern liegt im Zentrum von Valens, nahe der Reha-Klinik. Die ruhige Lage und die Nähe zu Einkaufsmöglichkeiten und Postautohaltestellen machen es zu einem idealen Ausgangspunkt für Ausflüge in die umliegende Bergwelt.;<p>Das Appartementhaus Quadern befindet sich im Dorfzentrum von Valens, in unmittelbarer N&auml;he zur Reha-Klinik. Das ruhig gelegene Mehrfamilienhaus verf&uuml;gt &uuml;ber eine grossz&uuml;gige Umgebung. Die Ferienwohnungen sind im Geb&auml;ude mit 32-Eigentumswohnungen integriert. Wenige Schritte vom Haus entfernt befinden sich Einkaufsm&ouml;glichkeiten sowie Postautohaltestellen. Durch die hervorragende Erreichbarkeit ab Bad Ragaz &uuml;ber die gr&ouml;sste Bogenbr&uuml;cke der Schweiz ist Valens zu jeder Jahreszeit attraktiv. Umgeben von beeindruckender Bergwelt erholen Sie sich am Ausgangspunkt f&uuml;r Ausfl&uuml;ge zum Wandern, Biken, Schwimmen und vielem mehr. Details der einzelnen Ferienwohnungen - 1 x 1.-Zimmerwohnung im Dachgeschoss (B302) - 1 x 2.5-Zimmerwohnungen im Erdgeschoss (A001) - 1 x 2.5-Zimmerwohnung im 1. Obergeschoss (A102) - 2 x 2.5-Zimmerwohnung im 2. Obergeschoss (B201 &amp; B202) Die Wohnungen verf&uuml;gen alle &uuml;ber einen ger&auml;umigen und gem&uuml;tlichen Wohnraum und offene Einbauk&uuml;che. Badezimmer mit Dusche oder Badewanne, WC, Lavabo, Waschmaschine. Grosser Balkon mit Liegest&uuml;hlen und Tisch mit St&uuml;hlen.</p>;9.482333064079286;46.970758714037245;Quadernstrasse 1A/1B;7317;Valens;+41 81 911 30 34;info@i-s-p.ch;https://www.appartementhaus-quadern.ch/;[{'@type': 'ImageObject', 'contentUrl': 'https://hltpimtsoch.sos-ch-dk-2.exoscale-cdn.com/catalog/7/a/8/b/7a8b890d5b4a0503d34db1d95fa7d03c8219fc8a_Aussen_06_Panorama__2.jpg'}];2026-05-13T07:42:55+02:00
e8bb12a6-ccf9-4e6c-8f94-65fe1fa0fb8e;adfontes Ferien- & Wellnessappartements ;Die adfontes Ferien- & Wellnessappartements in Bad Ragaz bieten eine ruhige Lage mit Garten für naturnahe Entspannung. Ideal für Ferien, Kuraufenthalte oder Wochenenden mit Wellnessmöglichkeiten.;Ein Resort wird zum Zuhause für Geniesser. Unsere DreamLocations sind liebevoll eingerichtet und bieten unseren Gästen für Ferien, für einen Kuraufenthalt nach Operationen oder einfach einen Wochenendaufenthalt mit allen Möglichkeiten für Wellness und Anwendungen ein Zuhause in bezaubernder Atmosphäre. Die herrlich ruhige Lage und ein Garten zum Träumen für naturnahe Entspannung.

In unserem Orangerie Relaxingroom, umgeben von schützenden Bäumen gelingt es Ihnen den Alltag hinter sich zu lassen und ein herrliches Freizeitfeeling zu entwickeln.;9.504106681372097;47.0062851;Kirchgasse 16;7310;Bad Ragaz;+41 81 302 40 10;info@adfontes-wellness.ch;http://www.adfontes-wellness.ch/;[{'@type': 'ImageObject', 'contentUrl': 'https://hltpimtsoch.sos-ch-dk-2.exoscale-cdn.com/catalog/8/c/e/2/8ce2331722302caf506f67492a2313850b262656_Bild2.jpg'}];2026-08-31T23:12:09+02:00
e8fb9d91-185f-494d-9070-c4ac2e9d1c70;Mehrzweckgebäude Bovel;Das Mehrzweckgebäude Bovel in Pfäfers bietet Platz für Gruppen bis zu 40 Personen. Es liegt am Dorfrand und verfügt über Küche, Aufenthaltsraum, Duschen und WC. Preis auf Anfrage.;Die Gruppenunterkunft Bovel in Pfäfers ist geeignet für Lager oder gruppen von 6 bis zu 40 Personen. Geeignet auch für Vereine, Familien und Guppen.Sie liegt unmittelbar am Dorfrand von Pfäfers und verfügt über Küche, Aufenthaltsraum, Duschen und WC. Verschiedene stockwerke mit Schlafräumen 4x 4er Zimmer und 2x 12ers Zimmer Preis auf Anfrage.;9.497092093410085;46.98761748368809;Hintergasse;7312;Pfäfers;+41 81 300 42 42;info@pfaefers.ch;http://www.pfaefers.ch;[{'@type': 'ImageObject', 'contentUrl': 'https://hltpimtsoch.sos-ch-dk-2.exoscale-cdn.com/catalog/8/5/7/c/857cc53d9c833d37054b5a37510919c03eea9527_Mehrzweckgeb__ude_Bovel_1.jpg'}];2026-01-20T08:50:36+01:00
e983fa05-c7a7-4ccd-91e7-9037bcfabe24;Gruppenunterkunft Berghaus Pfadiheim Sunnebode Tannenheim Flumserberg;Das Pfadiheim Sunnebode liegt im Erholungsgebiet der Flumserberge auf 1200 m ü.M. Es bietet eine ruhige, verkehrsfreie Umgebung mit Blick auf das Seeztal und die Churfirsten. Ideal für Gruppen bis 35 Personen.;Das Pfadiheim Sunnebode liegt im schönen Erholungsgebiet der Flumserberge 1200 Meter über Meer. Es ist ruhig und in verkehrsfreier Umgebung gelegen, mit wunderschöner Aussicht ins Seeztal und die benachbarten Churfirsten. Das Haus wurde 1995 renoviert und umgebaut.

Ideal für Weekends und Lager. Maximum 35 Personen.;9.296868060775422;47.0941181;Tschudiwiesenstrasse 33;8897;Flumserberg Tannenheim;+41 44 760 33 60;pfadiheime@gloggi.onmicrosoft.com;https://www.heimverein-gloggi.ch/sunnebode/;[{'@type': 'ImageObject', 'contentUrl': 'https://hltpimtsoch.sos-ch-dk-2.exoscale-cdn.com/catalog/a/e/1/3/ae13abe13ce18ce1d4b3f1b98c308e7470ad916c_20231203_111256.jpg'}];2026-07-22T04:18:45+02:00
eaf47ea7-98ff-4f97-822e-279b73857dde;Weingut Davaz;Das Weingut Davaz in Fläsch bietet eine Vinothek und eine Auswahl an Weinen. Seit 1972 kultiviert die Familie Davaz hier Reben. Die Architektur und die Weine machen es zu einem besonderen Ort für Weinliebhaber.;Das einzigartige Weingut DAVAZ befindet sich inmitten der malerischen Weinberge im herrschaftlichen Fläsch. Seit 1972 werden hier Reben von der Familie DAVAZ angebaut. Bereits zwei Jahre später wurde der erste selbst gekelterte Wein direkt ab Hof verkauft – dieser fand einen hohen Anklang, sodass sich die Produktpalette rund um die eigene Weinproduktion stets weiterentwickelt hat. Mit seiner aussergewöhnlichen Architektur und eigener Vinothek ist das Weingut DAVAZ ein besonderer Ort für Weinenthusiasten.;9.5149195;47.0163005;Porta Rätia 1;7306;Fläsch;+41 81 302 17 10;info@davaz-wein.ch;https://www.davaz-wein.ch;[{'@type': 'ImageObject', 'contentUrl': 'https://hltpimtsoch.sos-ch-dk-2.exoscale-cdn.com/catalog/3/7/c/c/37cc8755d25cda640faed657e2c05b72bc24fd2e_Davaz_Aussicht_Falknis__2.jpg'}];2026-07-25T13:03:08+02:00
eaffb95a-95d8-4baa-aec9-33d6d276a86b;Pauschale: Hotel & Wellness in Bad Ragaz;Die Pauschale in Bad Ragaz umfasst zwei Nächte im Hotel nach Wahl und einen Tageseintritt in die Tamina Therme inklusive Saunalandschaft. Eine Badetasche, Slippers, ein Bademantel und ein Frotteetuch sind ebenfalls enthalten.;<p><strong>Exklusiv &uuml;ber Heidiland Tourismus buchbar:&nbsp;Zwei &Uuml;bernachtungen in Bad Ragaz und ein sehr erholsamer Wellnesstag in der wundersch&ouml;nen Tamina Therme.&nbsp;<br><br>36.5&deg;, weil es mir gut tut.<br></strong>Regeneriere K&ouml;rper, Geist und Seele in der B&auml;derlandschaft der Tamina Therme Bad Ragaz.</p>
<p>Nebst 2 &Uuml;bernachtungen in einem der auserw&auml;hlten Hotels in Bad Ragaz beinhaltet dieses Pauschalangebot einen "Spa Day" in der Tamina Therme Bad Ragaz.</p>
<p><strong>Inklusive Leistungen (pro Person)<br></strong></p>
<ul>
<li>2 &Uuml;bernachtungen (inkl. Fr&uuml;hst&uuml;ck) in der gew&auml;hlten Zimmerkategorie im Hotel Ihrer Wahl in Bad Ragaz</li>
<li>1 Tageseintritt in die Tamina Therme &amp; die Saunalandschaft</li>
<li>1 Badetasche</li>
<li>1 Paar Slippers</li>
<li>1 Bademantel (leihweise)</li>
<li>1 Frotteetuch</li>
<li>1 Relax-Check-In (garantierter Eintritt)</li>
</ul>;[{'@type': 'ImageObject', 'contentUrl': 'https://hltpimtsoch.sos-ch-dk-2.exoscale-cdn.com/catalog/a/9/c/3/a9c375b621d2a976a0a35c3f3bf25e6be6462bd3_Wellnesspauschale_BadRagaz.jpg', 'caption': {'de': 'Pauschale: Hotel & Wellness in Bad Ragaz '}}];2026-04-15T14:36:30+02:00
eb2f2db0-26ee-4a03-879b-378208c5b93f;Chalet Windegg (CharmingStay);Das Chalet Windegg (CharmingStay) liegt zentral in Flumserberg Tannenheim. In unmittelbarer Nähe befinden sich Skipisten, Wander- und Bikegebiete sowie ein Hallenbad. Die moderne Wohnung bietet Komfort für Paare, Familien und Singles.;Die schöne Wohnung befindet sich im Zentrum vom Tannenheim, Flumserberg. In unmittelbarer Nähe befindet sich die Ski- und Schlittelpiste sowie im Sommer ein wunderschöne Wander- und Bikegebiet. Ebenfalls ist das Hallenbad direkt neben der Wohnung. ;9.29743552673245;47.0909726;Tobelbachstr. 7;8897;Flumserberg Tannenheim;+41 79 504 90 45;contact@charmingstay.ch;https://www.charmingstay.ch;[{'@type': 'ImageObject', 'contentUrl': 'https://hltpimtsoch.sos-ch-dk-2.exoscale-cdn.com/catalog/4/8/6/d/486db1ac288bc056bac65de0978ebc60e45139dc_TDS00020012938652587_sized_800_0.jpg'}];2026-01-19T12:01:40+01:00
eb4bae6a-778c-4404-b2ec-6f0a4dffb6b5;verve by sven;Das Restaurant verve by sven in Bad Ragaz bietet eine Health-und-Lifestyle-Küche mit einem Michelin-Stern und 15 Gault-Millau-Punkten. Es vereint gesunde, authentische Gerichte in einem stimmigen Ambiente mit einer integrierten Bar.;1 Michelin-Stern | 15 Gault-Millau-Punkte
Saisonal, authentisch und naturverbunden. So schmeckt die Health-und-Lifestyle-Küche im Restaurant verve by sven. Eine Ode an die Lebensfreude und den Genuss. Hier werden gesunde, authentische Gerichte in einem stimmigen Ambiente vereint. Kompromisslose Qualität, die sich auch im natürlichen und warmen Innendesign widerspiegelt. Ein lebendiger Treffpunkt mit integrierter Bar, in der prämierte Spirituosen auf alpin-inspirierte Cocktails und handgemachte alkoholfreie Drinks treffen.;9.5040204;47.0003325;Bernhard-Simonstrasse;7310;Bad Ragaz;+41 81 303 30 35;restaurants@resortragaz.ch;https://www.resortragaz.ch/de/restaurants-und-bars/verve-by-sven;[{'@type': 'ImageObject', 'contentUrl': 'https://hltpimtsoch.sos-ch-dk-2.exoscale-cdn.com/catalog/2/e/5/f/2e5f0b465d27745be01ecb55c3bb5d7418d9ff5c_GRBR_Kulinarik_verve_by_sven_Weinschrank_aussen_V2.jpg'}];2026-08-04T09:33:52+02:00
eb602550-73e8-42cc-851d-a8b8145e09ba;Golf Club Heidiland;Der 9-Loch Executive Course des Golf Club Heidiland liegt in der Bergkulisse des Bündner Rheintals. Die Anlage bietet ein Übungscenter und eine Golf Academy. Der Golfplatz ist für Mitglieder anderer Clubs mit Handicap 54 zugänglich.;Der 9-Loch Executive Course des Golf Club Heidiland ist in die wunderschöne Bergkulisse des Bündner Rheintals eingebettet. Der Golfplatz grenzt an den 18-Loch Championship Course des Golf Club Bad Ragaz. Die hervorragend gepflegte Anlage bietet mit einem eigenen Übungscenter und Golf Academy beste Voraussetzungen für ein erfolgreiches Spiel. Zum Golf Club Heidiland gehört das Golf Bistro dazu, welches sowohl Golfspieler als auch externe Gäste mit leckeren Speisen verwöhnt. Der Golfparcours steht auch Mitgliedern anderer Golf Clubs offen (mindestens Handicap 54).

Der Golfplatz grenzt an den bestehenden Golf Club Bad Ragaz und ist ebenfalls dem Grand Resort Bad Ragaz angegliedert. Gerne können auch Gäste den Parcours geniessen, die mindestens Handicap 54 besitzen und Mitglied in einem Golf Club sind. Die Übungsanlage ist für jedermann Rangfee frei zugänglich. Auf Anfrage werden Golfschläger zur Verfügung gestellt.;9.516695028802676;46.9975241;Maienfelderstrasse 50;7310;Bad Ragaz;+41 81 303 37 00;gcheidiland@resortragaz.ch;http://www.gcheidiland.ch;[{'@type': 'ImageObject', 'contentUrl': 'https://hltpimtsoch.sos-ch-dk-2.exoscale-cdn.com/catalog/1/a/9/c/1a9ccf3d9091f7f38b053dd384eea20c236be291_Golf_Club_Heidiland_1.jpg'}];2026-08-17T11:18:30+02:00
ec2ef367-c896-4274-85c0-da8ba5436b2c;Mehrzweckgebäude Allmend;Das Mehrzweckgebäude Allmend in Bad Ragaz bietet Platz für Ferienlager und Veranstaltungen. Es verfügt über einen Saal mit Bühne und Bestuhlung für bis zu 350 Personen. Ideal für Gruppenunterkünfte und Vereinsanlässe.;Zentral gelegene Unterkunft für Ferienlager und Militär bis 140 Personen. Saal mit Bühne, Festbestuhlung 250 Personen, Konzertbestuhlung 330 Personen. Gut geeignet für Vereinsanlässe. Preis auf Anfrage.;9.503838694536727;47.00347755;Fläscherstrasse 10;7310;Bad Ragaz;+41 81 303 49 61;ivana.gasic@badragaz.ch;[{'@type': 'ImageObject', 'contentUrl': 'https://hltpimtsoch.sos-ch-dk-2.exoscale-cdn.com/catalog/8/a/7/b/8a7bb1acaa9f5ee8a197c633777f941de46feb5f_Mehrzweckgeb__ude_Allmend_3.jpg'}];2026-05-21T02:32:14+02:00
ec67a722-42c9-4635-891d-ac112e00f7f5;SPAR Supermarkt Unterterzen;Der SPAR in Unterterzen ist ein Supermarkt mit einem vielseitigen Sortiment an Lebensmitteln, Frischeprodukten und Artikeln für den täglichen Bedarf.;<div><p>Der SPAR Supermarkt in Unterterzen bietet eine praktische Einkaufsm&ouml;glichkeit f&uuml;r den t&auml;glichen Bedarf. Das Sortiment umfasst Lebensmittel, Getr&auml;nke sowie Produkte f&uuml;r Haushalt und Alltag und richtet sich sowohl an Einheimische als auch an G&auml;ste der Region.</p><p>Dank der Lage in Unterterzen ist der SPAR gut erreichbar und eignet sich ideal f&uuml;r den schnellen Einkauf zwischendurch oder f&uuml;r die Selbstversorgung w&auml;hrend eines Aufenthalts am Walensee. SPAR steht f&uuml;r N&auml;he, &Uuml;bersichtlichkeit und ein verl&auml;ssliches Angebot mit Fokus auf Qualit&auml;t und regionale Bed&uuml;rfnisse.</p></div>;9.2499457;47.1127171;Quartnerstrasse 4;8882;Unterterzen;+41 81 710 31 10;unterterzen@spar.ch;https://www.spar.ch/standorte/detail/sm-unterterzen;[{'@type': 'ImageObject', 'contentUrl': 'https://hltpimtsoch.sos-ch-dk-2.exoscale-cdn.com/catalog/9/d/9/4/9d947f167c78b5662a8ae2ac4a204f5a68ecc680_Einkaufen_Piktogramm_HLT.png'}];2026-04-26T05:01:57+02:00
eca22aae-f891-40b3-bc58-78c7868285ee;Chrüterhütte;Die Chrüterhütte auf 1400 m bietet eine einfache Unterkunft mitten auf der Skipiste im Winter und auf der Alpweide im Sommer. Sie ist renoviert und zu einem günstigen Preis mietbar.;Unsere Clubhütte liegt auf 1400 m und diente früher als Maiensäss. Sie befindet sich mitten in einer Skipiste oder im Sommer auf einer Alpweide. Sie kann heute zu einem sehr günstigen Preis gemietet werden. Die Clubhütte wurde im Sommer 2010 renoviert und präsentiert sich wieder in einem heimeligen und hervorragenden Zustand. Die Hütte ist mit dem Auto oder mit den öffentlichen Verkehrsmitteln, das heisst mit dem Postauto ab Flums oder mit der Luftseilbahn ab Unterterzen, erreichbar. Die letzten 200 m zur Chrüterhütte werden dann zu Fuss zurückgelegt.

Das Clubhaus ist einfach eingerichtet, wurde im Sommer 2010 renoviert und präsentiert sich wieder in einem heimeligen und fantastischen Zustand.;9.283576011657717;47.091046284227026;Tannenboden;8898;Flumserberg Tannenbodenalp;+41 79 210 68 81;chrueterhuette@skiclub-flumserberg.ch;https://skiclub-flumserberg.ch/chrueterhuette/;[{'@type': 'ImageObject', 'contentUrl': 'https://hltpimtsoch.sos-ch-dk-2.exoscale-cdn.com/catalog/c/0/e/7/c0e76da61b2e556bb7c25e37e0174beb40f7dcbc_Chr__tterh__tte_1.jpg'}];2026-05-15T08:43:38+02:00
ecac38be-681f-436e-a613-bebbeafe92d1;Skihaus Sunneschy;Das Skihaus Sunneschy in Flumserberg Tannenheim bietet Platz für 10 bis 20 Personen. Es verfügt über vier Mehrbettzimmer, eine Küche, einen Ess- und Aufenthaltsraum sowie eine grosse Spielwiese. Ideal für Familien und Gruppen.;Unser «Skihaus Sunneschy» liegt im Tannenheim rechts an der Strasse von Flums nach Flumserberg gegenüber dem Feuerwehrdepot Mätzwiese. 5 Minuten zu Fuss bis ins Tannenheim: Bergbahn Prodalp-Express, Aparthotel Edy Bruggmann, sonderBar, Postautohaltestelle, Sportshop. Ideal ab 10 bis 20 Personen. Es bietet 4 Mehrbettzimmer mit insgesamt 25 Liegeplätzen. Für grössere Gruppen kann das Massenlager mit total 22 Plätzen und zwei Doppelzimmer (für das Leiter-/Küchenteam) dazu gemietet werden. Ausstattungen - Küche - schöner Ess- und Aufenthaltsraum - Büro / kleiner Wohnraum - 4 Zimmer (5er, 6er, 2 x 7er) - 2 Waschräume - 2 Duschen, 2 WC’s, 1 Pissoir - Garderobenraum - Skiraum - Keller mit Waschmaschine und kleinem Tumbler - grosse Spielwiese. - Massenlager und 2 Doppelzimmer – optional bei grossen Gruppen;9.304622161604218;47.0913418;Flumserbergstrasse 120;8897;Flumserberg Tannenheim;+41 78 719 78 78;sunneschy@hotelbruggmann.ch;http://www.hotelbruggmann.ch/index.php/sunneschy;[{'@type': 'ImageObject', 'contentUrl': 'https://hltpimtsoch.sos-ch-dk-2.exoscale-cdn.com/catalog/3/4/e/e/34ee8642c6af2b954733eba691acca6916d3bfcc_Hauptbild.png'}];2026-07-21T14:44:20+02:00
ed8bdc8f-ad53-4f7e-ac67-67a7181c09ea;Gruppenunterkunft Berghaus Pfadiheim Parmort Mädris – Vermol bei Mels;Die Gruppenunterkunft Berghaus Pfadiheim Parmort liegt auf der Alp Hochschwendi bei Mels auf 1300 m ü.M. Sie bietet ideale Bedingungen für Lager und Wochenenden, mit Möglichkeiten zum Wandern und Skifahren.;Die Gruppenunterkunft im Berghaus Pfadiheim Parmort liegt auf der Alp Hochschwendi ob  Mädris – Vermol bei Mels Kanton St. Gallen auf 1300 Meter über Meer. Nähe vom Naturschutzgebietes «Chapfensee» in der freien Natur.

Das Haus eignet sich sehr gut für Lager und Weekends aller Art. Im Sommer lädt die vielfältige Umgebung zu Wanderungen, Naturbeobachtungen und zum Baden ein. Im Winter zu Schneeschuhwandern, Ski- und Snowboardtouren, abseits von Bahnen und Liften.;9.36146240008042;47.04816735;Alp Hochschwendi;8886;Mädris – Vermol bei Mels;+41 44 760 33 60;pfadiheime@gloggi.onmicrosoft.com;https://www.heimverein-gloggi.ch/parmort/;[{'@type': 'ImageObject', 'contentUrl': 'https://hltpimtsoch.sos-ch-dk-2.exoscale-cdn.com/catalog/e/b/b/a/ebba4ebc4ed622c42bc97389dfc523b2fd89bb76_parmort_anreise_winter.jpeg'}];2026-07-21T14:45:03+02:00
ed95a06f-ce7c-4f08-9f93-cf3bd4672764;Anlegestelle Hafen Weesen;Schiff Ahoi, ab Weesen durch den Schweizer "Fjord".;<p>Erforschen Sie die tiefblaue Mitte der Region und geniessen Sie die atemberaubende Bergkulisse auf dem Walensee. Lassen Sie sich von den majest&auml;tischen Churfirsten, der wild romantischen Natur, dem glasklaren Wasser und den fantastischen Stimmungen am Walensee verzaubern. Der Walensee, das Paradies f&uuml;r nah und fern. Die Schiffsbetrieb Walensee AG verbindet Orte, Angebote und Aktivit&auml;ten in idealer Weise. Die Verbindung nach Quinten ist auch im Winter durchgehend in Betrieb.</p><h3>Zugangsinformationen</h3><div class="rte"><ul><li>Stufenloser Zugang</li><li>Ein- und Ausstieg durch Personalhilfestellung</li><li>Gruppen ab 10 Personen und Rollst&uuml;hle m&uuml;ssen im Voraus angemeldet werden.</li><li>Kein taktiles Leitsystem vorhanden</li></ul></div>;9.099125862121584;47.13465851565205;8872;Weesen;+41 81 720 34 34;info@walenseeschiff.ch;https://walenseeschiff.ch/de/fahrplan/anlegestellen/weesen.html;[{'@type': 'ImageObject', 'contentUrl': 'https://hltpimtsoch.sos-ch-dk-2.exoscale-cdn.com/catalog/0/0/c/4/00c43c8633a5b2bf611bb16ee61018b0f4bda379_Anlegestelle_Hafen_Piktogramm_HLT.png'}];2026-04-21T12:59:04+02:00
ee09c4ff-dfe4-4ea7-ad87-0c1307b4b157;Café Varga;Das Café Varga in Walenstadt bietet feine Mittagsmenüs, fantasievolle Kuchen und Torten sowie eine Auswahl an Brotsorten von regionalen Bäckereien. Es ist familienfreundlich und bietet kostenloses WLAN.;Jeder kommt auf seine Kosten. Es werden feine Mittagsmenüs serviert und es befinden sich köstliche Kuchen und Torten in immer neuen fantasievollen Varianten sowie zahlreiche Brotsorten, auch Spezialbrote, von regionalen Bäckereien im Angebot.;9.315140247344972;47.124118951913;Rathausplatz 7;8880;Walenstadt;+41817352020;info@cafevarga.ch;https://cafevarga.ch/index.php/cafe;[{'@type': 'ImageObject', 'contentUrl': 'https://hltpimtsoch.sos-ch-dk-2.exoscale-cdn.com/catalog/f/4/7/9/f4791ec3426a4c590aefeb8f09ac2adbf45bb21d_127793288_4658348774236909_6373386191662242500_o.jpg'}];2026-06-30T09:45:58+02:00
ee762de0-c014-4836-820f-6213b604b2db;Ferienhaus Margess;Das Ferienhaus Margess auf dem Flumserberg bietet eine ruhige Gruppenunterkunft mit 16 Zimmern und einem Massenlager für 20 Personen. Es ist ideal für Lager von 30 bis 60 Personen und bietet eine prächtige Aussicht.;Chalet mit prächtiger Aussicht, alleinstehend. 

Zufahrt möglich mit Postauto, Car, PW. Ein grosser Parkplatz steht beim Haus zur Verfügung.

16 Zimmer und im 3. Stock 20 Plätze im Massenlager. Kalt- und Warmwasser im Zimmer, Etagendusche, Zentralheizung, Elektrogasküche. Speisesaal, Spielwiese und Grill befinden sich in der Unterkunft. 

Geeignet für Lager von 30 bis 60 Personen. Selbstkocher. Preise auf Anfrage.;9.330278635025026;47.08133048632599;Margess;8895;Flumserberg Portels;+41 81 733 27 51;eberleglb@bluewin.ch;http://www.margess.ch;[{'@type': 'ImageObject', 'contentUrl': 'https://hltpimtsoch.sos-ch-dk-2.exoscale-cdn.com/catalog/0/5/f/c/05fc17a039516379ffe9a2f1e70a4bd926b1cced_Ferienhaus_Margess_1.jpg'}];2026-05-15T08:43:31+02:00
eedc5390-7ccc-4576-9b86-ee17c3a12046;Kaffieggä Café & Rösterei;Das Kaffieggae Café & Rösterei in Bad Ragaz bietet erlesene Kaffeespezialitäten, eine abwechslungsreiche Snack- und Apéro-Karte sowie Barista-Kurse. Ein Ort für Kaffeeliebhaber, der Genuss und Qualität vereint.;Der Treffpunkt für Kaffeeliebhaber in der Region Ein liebevoll eingerichtetes Café, das durch erlesene Kaffee-Spezialitäten begeistert. 
Es bietet mehr als nur Kaffee – mit einer abwechslungsreichen Snack- und Apéro-Karte locken Bier, Wein und erfrischende Apérogetränke für Geniesser. Eltern können entspannte Kaffeemomente geniessen, während sich ihre Kinder in einer separaten Spielecke vergnügen. 
Für Kaffeegenieser, die Qualität schätzen, gibt es einen Showroom mit professionellen Siebträger-Kaffeemaschinen und hochwertigem Zubehör zum Direktkauf. 

Frisch geröstete Kaffeesorten in grosser Auswahl laden ein, diese direkt vor Ort zu geniessen oder bequem mitzunehmen. 
Zudem begeistern spannende Barista-Kurse, ideal für Teamevents, Treffen mit Freunden oder für Liebhaber des guten Kaffees, die ihre Fähigkeiten vertiefen möchten. 

Durch persönliche Beratung erhältst du Antworten auf all deine Fragen rund um die Welt des Kaffees. Und egal, ob direkt im Café, über die Webseite oder telefonisch – das Bestellen und Anfragen ist unkompliziert und flexibel. Ein Ort, der Genuss, Qualität und Erlebnis in einzigartiger Weise vereint.;9.500432996070614;47.00296605;Bartholoméplatz 12;7310;Bad Ragaz;0799042242;hallo@kaffieggae.ch;https://www.kaffieggae.ch/;[{'@type': 'ImageObject', 'contentUrl': 'https://hltpimtsoch.sos-ch-dk-2.exoscale-cdn.com/catalog/0/d/b/7/0db71457425f46d985cade51192ed31cd6de3b73_AS6_8729.jpg'}];2026-05-21T02:32:20+02:00
ef148113-71b5-44b3-b0b3-9f462c9ca59d;Gruebhütte;Die Gruebhütte am Flumserberg bietet 55 Innenplätze und eine Sonnenterrasse. Sie serviert regionale Gerichte und Weine auf über 1800 m. Ideal für Paare und Singles, die nach einem Skitag entspannen möchten.;Die gemütliche Gruebhütte befindet sich direkt unter dem mächtigen Sächsmoor. Das gut gelegene, bediente Feinschmecker-Beizli lädt direkt neben der Skipiste zum Verweilen ein.

Das Restaurant mit 55 Innenplätzen und schöner Sonnenterrasse ist bekannt für die beliebten Gerichte, welche mit frischen Produkten aus der Region gekocht werden. Gerne werden Ihnen feine Köstlichkeiten aus der Küche und dem Weinkeller auf über 1800 m serviert. Runden Sie Ihren Skitag mit einem Besuch in der Grueb ab und geniessen Sie Ihren Aufenthalt.

Es ist kein Zufall, wenn es Ihnen in der Gruebhütte gefällt, es ist das Ziel!;9.242366552352907;47.07217513093822;Molseralpstr. 9;8898;Flumserberg;+41 81 710 14 92;info@gruebhuette.ch;https://www.gruebhuette.ch;[{'@type': 'ImageObject', 'contentUrl': 'https://hltpimtsoch.sos-ch-dk-2.exoscale-cdn.com/catalog/7/b/9/f/7b9feecd4db9b4f5c45b58339bbd2e2bb009e925_tkv_bbf_kinderski_304__52_0486.jpg'}];2026-05-14T08:18:43+02:00
efc8b8fe-e294-4006-8421-d936d3afd49a;Städtlibeck GmbH;Das Städtlibeck in Walenstadt bietet Brot aus der Showbäckerei, feine Patisserie und Torten sowie Snacks zum Mitnehmen. Das Café lädt zum Verweilen ein und bietet eine Auswahl an lokalen Spezialitäten.;Brot aus der Showbäckerei, feine Patisserie und Torten, Snacks to go und vieles mehr für Walenstadt und die Region.

Geniessen Sie zudem unser Sortiment in unserem Café.;9.3137457;47.1222405;Bahnhofstrasse 25;8880;Walenstadt;+41 81 735 11 66;staedtlibeck@gmail.com;https://www.staedtlibeck.ch/;[{'@type': 'ImageObject', 'contentUrl': 'https://hltpimtsoch.sos-ch-dk-2.exoscale-cdn.com/catalog/d/3/2/9/d329297cdb9d64715b195b516afa6fa426a2f564_454865ef0c545ed254ff270cf2e8dc5940a9b43e_VL_UNT_AICHINGER_3697220_1600x900.jpg'}];2026-04-26T04:17:18+02:00
eff2867d-6252-4948-9d8c-67cf626ace19;Pauschale: Unterkunft & Skifahren am Pizol;Winterauszeit am Pizol: 2–7 Nächte im Hotel oder in der Ferienwohnung inkl. Skipass. Exklusiv buchbar bei Heidiland Tourismus!;<p data-start="143" data-end="328"><strong>Top-Angebot und exklusiv &uuml;ber Heidiland Tourismus buchbar: </strong></p><p data-start="143" data-end="328">W&auml;hrend der ganzen Wintersaison ist bei einem Aufenthalt von 2 bis 7 N&auml;chten der Skipass f&uuml;r das Skigebiet Pizol inklusive.</p><p data-start="330" data-end="729">Nur knapp eine Stunde von Z&uuml;rich und St. Gallen entfernt, erlebst du am Pizol Winter pur. Geniesse ein paar Tage im vielseitigen Wintersportgebiet mit 12 Anlagen und 50 km Pisten. Dein Skipass ist automatisch in Kombination mit zwei bis sieben &Uuml;bernachtungen direkt im Skigebiet oder in Bad Ragaz und Umgebung inbegriffen &ndash; wahlweise in einem gem&uuml;tlichen Hotel oder einer komfortablen Ferienwohnung.</p><p data-start="731" data-end="760"><strong data-start="731" data-end="758">Inkludierte Leistungen:</strong></p><ul data-start="761" data-end="1063"><li data-start="761" data-end="899"><p data-start="763" data-end="823">2&ndash;7 &Uuml;bernachtungen in der gew&uuml;nschten Unterkunftskategorie</p><ul data-start="826" data-end="899"><li data-start="826" data-end="857"><p data-start="828" data-end="857"><strong data-start="828" data-end="838">Hotel:</strong> inkl. Fr&uuml;hst&uuml;ck*</p></li><li data-start="860" data-end="899"><p data-start="862" data-end="899"><strong data-start="862" data-end="880">Ferienwohnung:</strong> ohne Verpflegung</p></li></ul></li><li data-start="900" data-end="986"><p data-start="902" data-end="986">2&ndash;7 Tage Skipass f&uuml;r das Skigebiet Pizol (g&uuml;ltig f&uuml;r gleich viele Tage wie N&auml;chte)</p></li><li data-start="987" data-end="1042"><p data-start="989" data-end="1042">Auswahl aus <strong data-start="1001" data-end="1014">10 Hotels</strong> und <strong>10</strong><strong data-start="1019" data-end="1040">&nbsp;Ferienwohnungen</strong></p></li><li data-start="1043" data-end="1063"><p data-start="1045" data-end="1063">Allf&auml;llige Taxen</p></li></ul><p data-start="1065" data-end="1152">* Berghotel Gaffia und Zanuz inkl. Halbpension, Boutique Hotel Ochsen ohne Fr&uuml;hst&uuml;ck</p><p data-start="1154" data-end="1172"><strong data-start="1154" data-end="1170">Konditionen:</strong></p><ul data-start="1173" data-end="1475"><li data-start="1173" data-end="1248"><p data-start="1175" data-end="1248">Buchbar w&auml;hrend der gesamten Wintersaison</p></li><li data-start="1249" data-end="1309"><p data-start="1251" data-end="1309">Buchbar bis 1 Tag vor Anreise, g&uuml;ltig nach Verf&uuml;gbarkeit</p></li><li data-start="1310" data-end="1397"><p data-start="1312" data-end="1397">Skipass-Ausgabe an der Talstation Wangs oder Bad Ragaz gegen Vorweisen des Vouchers</p></li><li data-start="1398" data-end="1475"><p data-start="1400" data-end="1475"><strong data-start="1400" data-end="1441">Beste Buchungschance Ferienwohnungen:</strong> 4&ndash;7 N&auml;chte, bei 7 N&auml;chten Sa.&ndash;Sa.</p></li></ul>;[{'@type': 'ImageObject', 'contentUrl': 'https://hltpimtsoch.sos-ch-dk-2.exoscale-cdn.com/catalog/f/0/2/d/f02da24e9736b4a8c53ea955ca969a61985f17d0_Titelbild_Landingpage_Pizol.jpg', 'caption': {'de': 'Pauschale: Unterkunft & Skifahren am Pizol', 'en': 'Package: Accommodation & skiing on the Pizol'}}];2026-04-15T14:37:42+02:00
f060062c-cd40-4cfa-9c1d-840c83ec5398;Marina Walensee / Marina Hotel;Das Marina Walensee liegt direkt am Ufer des Walensees und bietet geräumige Apartments, Familienunterkünfte und Doppelzimmer. Es befindet sich an der Talstation zum Flumserberg und bietet zahlreiche Freizeitmöglichkeiten für die ganze Familie.;Direkt am Ufer des Walensees und am Fusse des Flumserbergs erwartet Sie das Marina Hotel der Marina Walensee in Unterterzen – der perfekte Ort für entspannte Auszeiten und aktive Ferientage zugleich.

Die zahlreichen Doppelzimmer und grosszügigen Familienzimmer bieten höchsten Komfort in einmaliger Lage. Ob romantischer Kurzurlaub zu zweit oder unvergessliche Ferien mit der ganzen Familie: Hier beginnen Erholung und Naturerlebnis direkt vor der Zimmertür.

Nach einer erholsamen Nacht starten Sie mit einem reichhaltigen Frühstück genussvoll in den Tag – bereits im Übernachtungspreis inbegriffen. Im selben Haus verwöhnt Sie das Marina Restaurant mit saisonalen Spezialitäten und herrlichem Blick auf See und Bergkulisse.

Dank der direkten Lage am Walensee und der unmittelbaren Nähe zur Talstation Flumserberg sind Wanderungen, Badeerlebnisse, Bike-Touren oder Wintersport nur wenige Schritte entfernt.;9.2561018;47.1158656;Gostenstrasse 20;8882;Unterterzen;+41 81 720 31 00;reservation@marina-walensee.ch;http://www.marina-walensee.ch;[{'@type': 'ImageObject', 'contentUrl': 'https://hltpimtsoch.sos-ch-dk-2.exoscale-cdn.com/catalog/e/9/5/e/e95e5c00f6c89e8a82afe3918c0613b4262e0a46_Marina_Walensee_Titelbild.jpg'}];2026-08-26T04:43:06+02:00
f0684023-7992-4ad8-a1c5-adb38ef2ec4a;Migros-Supermarkt Walenstadt;Die Migros Walenstadt ist ein Supermarkt mit einem breiten Sortiment an Lebensmitteln, Frischeprodukten und Artikeln für den täglichen Bedarf.;<div><p>Die Migros in Walenstadt bietet eine vielseitige Einkaufsm&ouml;glichkeit f&uuml;r den t&auml;glichen Bedarf. Das Sortiment umfasst frische Lebensmittel, Fr&uuml;chte und Gem&uuml;se, Backwaren, Getr&auml;nke sowie zahlreiche Produkte f&uuml;r Haushalt und Alltag. Ein besonderer Fokus liegt auf Qualit&auml;t, Nachhaltigkeit und einem ausgewogenen Angebot an Marken‑ und Migros‑Eigenprodukten.</p><p>Der Supermarkt ist f&uuml;r Einheimische und G&auml;ste gut erreichbar und eignet sich ideal f&uuml;r den schnellen Einkauf oder die Selbstversorgung w&auml;hrend eines Aufenthalts in der Region. Die Migros steht f&uuml;r Verl&auml;sslichkeit, eine &uuml;bersichtliche Ladenstruktur und ein umfassendes Einkaufsangebot.</p></div>;9.3137591;47.1217541;Bahnhofstrasse 27;8880;Walenstadt;+41 58 712 59 50;https://filialen.migros.ch/de/migros-supermarkt-walenstadt;[{'@type': 'ImageObject', 'contentUrl': 'https://hltpimtsoch.sos-ch-dk-2.exoscale-cdn.com/catalog/9/4/9/1/949192c0d6350bea071c6eb31c5ef6fa534360d2_Einkaufen_Piktogramm_HLT.png'}];2026-04-26T04:50:54+02:00
f1751f2b-e3fb-411d-8a45-57b4c0007360;DRIFT Bike Shop GmbH;Der DRIFT Bike Shop GmbH in Bad Ragaz bietet die Möglichkeit, Miet- und Testbikes während der Öffnungszeiten abzuholen und zurückzugeben. Der Shop ist ideal für Abenteuerlustige und Bewegungsfreudige.;Abholung und Rückgabe der Miet- und Testbikes ist nur während den Öffnungszeiten des jeweiligen Shops möglich.;9.4220398;47.0481131;Sarganserstrasse 9;8887;Mels;+41 81 558 90 08;mail@driftbikeshop.ch;https://www.driftbikeshop.ch/;[{'@type': 'ImageObject', 'contentUrl': 'https://hltpimtsoch.sos-ch-dk-2.exoscale-cdn.com/catalog/4/c/f/5/4cf5b463dcfe71811c5c0e98142a876563c3bf8e_Drift_Bike_Shop__1_.jpg'}];2026-04-28T01:48:55+02:00
f18f9fde-7ac4-4a09-8589-5e7d5977467e;Chapfensee Selbstbedienung;Selbstbedienungskiosk beim Chapfensee mit Snacks und Getränken für Wandernde, Biker und Familien.;<div><div>Der Selbstbedienungskiosk beim Chapfensee bietet Getr&auml;nke, Snacks und kleine Verpflegungen zur Selbstbedienung. Rund 300 Meter vom See entfernt gelegen, ist er ein beliebter Halt f&uuml;r Wandernde, Biker und Familien.</div></div>;9.372249841690065;47.049049632566835;Parmortstrasse 60;8666;Mädris-Vermol;+41 81 733 31 51;[{'@type': 'ImageObject', 'contentUrl': 'https://hltpimtsoch.sos-ch-dk-2.exoscale-cdn.com/catalog/9/d/f/3/9df3b08fd324e1d57501fa4d2f35cde239116f6c_Chapfensee_Rundtour.jpg'}];2026-08-11T11:04:46+02:00
f19f03a3-860e-4701-8ebb-7431c8adf1d3;Feuerstelle Walenstadt;Mehrere öffentliche Grillstellen direkt am Walensee mit Badeplätzen, Spielplatz, Beachvolleyballfeld, Kiosk sowie Holz zum Bräteln. Kostenpflichtige Parkplätze befinden sich in der Nähe.;<div>In Walenstadt befinden sich mehrere &ouml;ffentliche Grillstellen direkt am Ufer des Walensees, die zum Br&auml;teln und Verweilen einladen. In der N&auml;he liegen ein Spielplatz vom Spielerlebnis Walensee, ein Beachvolleyballfeld sowie ein kleiner Kiosk an der Strasse. Holz zum Br&auml;teln ist vorhanden, Badepl&auml;tze befinden sich direkt am See, und kostenpflichtige Parkpl&auml;tze sind gut erreichbar.</div>;9.300865530967714;47.12869964260964;8880;Walenstadt;flumserberg@heidiland.com;https://www.heidiland.com;[{'@type': 'ImageObject', 'contentUrl': 'https://hltpimtsoch.sos-ch-dk-2.exoscale-cdn.com/catalog/1/8/e/1/18e15b8112dad6fdcf303dc94ad6433ed45f2fe4_Feuerstelle_Piktogramm_HLT.png'}];2026-04-30T17:57:10+02:00
f344071a-a284-4661-b92f-08e14dbaa57d;Stellplatz Feuerwehrdepot Pfäfers;Der Stellplatz beim Feuerwehrdepot Pfäfers bietet eine ruhige Lage am Dorfrand, ideal für Naturfreunde. In der Nähe befinden sich die Taminabrücke und Wanderwege zur Taminaschlucht und zum Alten Bad Pfäfers.;<p>Der Stellplatz befindet sich auf dem Kiesparkplatz zwischen dem Feuerwehrdepot Bovel und dem Altersheim Montaluna in Pf&auml;fers. Der Platz liegt ruhig am Dorfrand und ist ideal gelegen f&uuml;r Naturfreunde und Wanderbegeisterte.<br>Nur wenige Gehminuten entfernt befindet sich die eindrucksvolle Taminabr&uuml;cke, die gr&ouml;sste Bogenbr&uuml;cke der Schweiz. Direkt ab dem Stellplatz f&uuml;hren Wanderwege in die eindr&uuml;ckliche Taminaschlucht und zum geschichtstr&auml;chtigen Alten Bad Pf&auml;fers. Eine Reservation oder Buchung ist nicht m&ouml;glich.&nbsp;Wir bitten um Verst&auml;ndnis.</p>;9.496382474899294;46.98784259493995;Bofelstrasse 2;7312;Pfäfers;+41 79 297 96 90;meyerstephan@bluewin.ch;https://www.verkehrsverein-pfaefers.ch;[{'@type': 'ImageObject', 'contentUrl': 'https://hltpimtsoch.sos-ch-dk-2.exoscale-cdn.com/catalog/8/b/3/6/8b361cb3de2953ed26988c212d08b10cdaad2f07_IMG_5791.jpeg'}];2026-06-30T09:47:07+02:00
f390c89b-0574-471e-95ef-ca82d4fc1f56;Chalet Bergruh;Das Chalet Bergruh in Flumserberg Tannenheim bietet Platz für Gruppen bis zu 42 Personen. Es ist ein renoviertes Holzhaus mit moderner Küche und Nassräumen, direkt an der Piste gelegen. Ganzjährig buchbar.;Gemütliches Holzhaus, renoviert, für Gruppen bis 42 Personen. Selbstversorger, Massenlager, moderne Küche und Nassräume. Liegt direkt an der Piste. 4 Parkplätze vor dem Haus. Ganzjährig buchbar.;9.302110716849313;47.087731000000005;Cafridastrasse 13;8897;Flumserberg Tannenheim;+41 44 858 13 42;sallyalbrecht@bluemail.ch;[{'@type': 'ImageObject', 'contentUrl': 'https://hltpimtsoch.sos-ch-dk-2.exoscale-cdn.com/catalog/9/4/c/e/94cec6b4892af727613c59378757281dfcc96ffc_2018_07_19.jpg'}];2026-07-23T04:51:52+02:00
f45ef020-f1fc-4307-bbb1-521dfbf79fa4;Restaurant Namun;Das Restaurant Namun in Bad Ragaz bietet asiatische Küche auf Fünf-Sterne-Niveau. Mit 13 Gault-Millau-Punkten werden hier exotische Spezialitäten in einem stilvollen Ambiente serviert.;Im Restaurant Namun wird die thailändische Küche mit viel Herzlichkeit und Liebe zum Detail zelebriert. Die Speisekarte bietet authentische Gerichte, in denen die vier Geschmacksrichtungen süss, sauer, salzig und scharf perfekt ausbalanciert sind. Die traditionelle thailändische Esskultur wird durch die Möglichkeit, die Gerichte zu teilen, lebendig. Als Gast dürfen Sie sich auf einen Abend mit typisch thailändischen Speisen freuen und erleben, wie die Aromen in einem einzigartigen Ambiente harmonieren.;9.502747;47.0001435;Bernhard-Simonstrasse;7310;Bad Ragaz;+41 81 303 30 35;restaurants@resortragaz.ch;https://www.resortragaz.ch/de/restaurants-und-bars/namun;[{'@type': 'ImageObject', 'contentUrl': 'https://hltpimtsoch.sos-ch-dk-2.exoscale-cdn.com/catalog/7/5/a/6/75a657d9d542bc7c40c58c9e0f207c8b978cb9f2_GRBR_06_22_Namun_0869_600x400.jpg'}];2026-08-04T09:25:24+02:00
f655d8a0-a37d-4b76-99f5-cb1c3043e0ec;Ferienhaus Schnäls;Das Ferienhaus Schnäls liegt unterhalb des Ferienortes Flumserberg im St. Galleroberland. Es bietet eine ruhige Lage mit Blick auf die Churfirstenkette, einen gemütlichen Ess- und Aufenthaltsraum mit Kamin, sowie einen Spielplatz und Grillstelle vor dem Haus.;Das Haus liegt unterhalb des Ferienortes Flumserberg in St. Galleroberland an einer ruhigen privaten Strasse mit Blick auf die Churfirstenkette. 

Heimeliger Ess- und Aufenthaltsraum mit Kamin. Küche mit Gastroherd, grossem Kühlschrank und Tiefkühltruhe. Die Betten sind bei Ihrer Ankunft immer frisch bezogen. Der holzgetäfelte Spielraum mit Tischtennis und Fussballkasten kann auch als Discoraum benützt werden. 

Vor dem Haus hat es eine Grillstelle, Spielplatz mit Sandkasten und ein geteerter Ballspielplatz sowie Parkplätze für Autos. 

Gratiseintritt in das Hallenbad Flumserberg, 4 km entfernt. 

Gratis Gepäckabholdienst.;9.322575330734255;47.08549492830861;Schnälsstrasse 3;8896;Flumserberg;+41 79 229 19 51;roland.beeler@bluewin.ch;http://www.ferienhaus-schnaels.ch;[{'@type': 'ImageObject', 'contentUrl': 'https://hltpimtsoch.sos-ch-dk-2.exoscale-cdn.com/catalog/d/a/5/9/da594c9e8e4903aaa58cb20a30ce92031cc400eb_Ferienhaus_Schn__ls__15_.jpg'}];2026-05-15T08:45:19+02:00
f6cfb4ee-2481-4b45-96e0-569ebfc8771f;Fischen im Seebensee;Die Seebenalp bietet zwei einzigartige Bergseen auf 1650 m Höhe. Die Fischerkarte ist im Berghotel Seebenalp erhältlich. Hechte müssen eine Mindestlänge von 50 cm haben. Weitere Informationen direkt im Berghotel Seebenalp.;Zur Seebenalp gehören zwei Seen. Es sind die einzigen Bergseen in der Schweiz, die auf 1650 m Seehöhe liegen.

Die Fischerkarte ist im Berghotel Seebenalp erhältlich.
Die Hechte müssen eine Mindestlänge von 50 cm haben.

Weitere Informationen erhalten direkt Sie im Berghotel Seebenalp.;9.248347277089128;47.0804291;Seebenalp;8884;Oberterzen;+41 81 738 12 23;hotel.seebenalp@bluewin.ch;http://www.seebenalp.ch;[{'@type': 'ImageObject', 'contentUrl': 'https://hltpimtsoch.sos-ch-dk-2.exoscale-cdn.com/catalog/1/e/7/1/1e71d77c4900570eefe9b92dad6d625981def73e_tkv_TR1A9146__2.jpg'}];2026-07-21T14:49:13+02:00
f6e6f630-c631-4f50-962d-6ae0de212096;Ferienhaus Dreitann;Das Ferienhaus Dreitann liegt auf 1633 m ü.M. und ist mit der Pizolbahn Bad Ragaz erreichbar. Es befindet sich 500 Meter neben der Bergstation Pardiel, direkt an der Skipiste und am Kinderlift. Die Unterkunft bietet Selbstversorgung oder Verpflegung in nahegelegenen Restaurants.;Erreichbar mit der Pizolbahn Bad Ragaz auf 1633 m.ü.M. Das Haus liegt 500 Meter neben der Bergstation Pardiel, direkt an der Skipiste und am Kinderlift. Selbstversorger oder Verpflegung in den nahegelegenen Restaurants. Die Schlafstellen sind auf 5 verschiedene Räume aufgeteilt. Grosser Aufenthaltsraum, Waschräume, 2 WC's und 2 Duschen vorhanden.;9.467189311981201;46.9887425812676;Pardiel;7310;Bad Ragaz;+41 78 923 27 85;dreitann@outlook.com;[{'@type': 'ImageObject', 'contentUrl': 'https://hltpimtsoch.sos-ch-dk-2.exoscale-cdn.com/catalog/6/3/9/d/639da2b5e0fc6ffe321dd07207e24e19e8905dd6_Haus.jpg'}];2026-08-04T03:26:18+02:00
f709b951-11a1-48ac-9c24-f99fc63b605e;Hotel Gasthof zur Bündte;Das Hotel Gasthof zur Bündte in Jenins bietet eine traumhafte Panoramalage inmitten von Reben. Gäste können Bündner Spezialitäten, internationale und asiatische Köstlichkeiten sowie Holzofen-Pizzas geniessen. Die gemütliche Bündteria und sonnige Terrassen laden zum Verweilen ein.;Die traumhafte Panoramalage inmitten von Reben spricht für sich und es darf geschlemmt werden: Bündner Spezialitäten, internationale und asiatische Köstlichkeiten, die besten Holzofen-Pizzas, feine Desserts … alles liebevoll und marktfrisch zubereitet, mit Leidenschaft gewürzt und mit einem Lächeln serviert. Dazu passt ein guter Tropfen aus dem bestens sortierten Weinkeller. Nehmen Sie Platz in romantischen Räumlichkeiten, der gemütlichen Bündteria oder bei schönem Wetter auf den traumhaften Terrassen. Für eine kleine, feine Auszeit zwischendurch empfiehlt sich übrigens das romantische Boutique-Hotel.;9.5540255;47.0008773;Jeninserstrasse 6;7307;Jenins;+41 81 302 12 23;hotel@zurbuendte.ch;https://www.zurbuendte.ch/;[{'@type': 'ImageObject', 'contentUrl': 'https://hltpimtsoch.sos-ch-dk-2.exoscale-cdn.com/catalog/0/d/9/a/0d9a8310a81a72da0a98e3a5e142f2b1420bdbfb_gasthof_buendte_jenins_aussen.jpg'}];2026-06-30T10:04:31+02:00
f736364a-e903-4dbd-9720-1a1df6156776;Alpenlodge Prod;Die Alpenlodge Prod am Flumserberg bietet moderne Gruppenunterkunft mit 48 Betten und Selbstversorgungsküche. Ideal für Schullager oder Wochenenden für Firmen und Vereine, mit herrlicher Aussicht und ruhiger Lage.;Mitten im Sommer- und Wintersportgebiet Flumserberg – auf dem Hochplateau Prodalp (1576 m) – finden Sie die Alpenlodge Prod. Die moderne Gruppenunterkunft mit 48 Betten und einer grossen Selbstversorgungsküche bietet zusätzlich Ruhe, Idylle und eine herrliche Aussicht.

Ob für ein Schullager oder für ein Wochenende für Firmen oder Vereine – die Alpenlodge Prod bietet eine Übernachtungsmöglichkeit in einmaliger Atmosphäre. Die Gruppenunterkunft hat 48 Betten (2 x 10er; 4 x 6er und 2 x 2er-Zimmer). Die Küche ist mit Induktionsherd, Steamer, Backofen, einem Tiefkühlschrank, zwei Kühlschränken und einer Abwaschmaschine ausgestattet. Der gemütliche Ess- und Aufenthaltsraum hat ein Cheminée. Der Ski- und Trockenraum eignet sich im Winter ideal zur Aufbewahrung von Skischuhen.

Die Alpenlodge Prod ist eine Gruppenunterkunft für Selbstkocher. Bei einer Buchung mit Frühstück wird Ihnen dieses direkt ins Haus geliefert. Es besteht zudem die Möglichkeit ein Käse-Fondue auf Vorbestellung in die Alpenlodge Prod liefern zu lassen oder im ca. 300 m entfernten Bergrestaurant Prodalp das Mittag- und Abendessen einzunehmen (Reservation erforderlich).

Erreichbar ist die Alpenlodge Prod mit der 12er-Gondelbahn Prodalp-Express ab Tannenheim. Ab der Bergstation Prodalp gelangen Sie zu Fuss in wenigen Minuten zur Alpenlodge Prod. Mit den Skiern oder dem Snowboard ist die Alpenlodge Prod ebenfalls erreichbar. Die Gruppenunterkunft wird ab 30 Personen vermietet.;9.287202358245851;47.076241500083825;Prodalp;8898;Flumserberg;+41 81 720 15 15;info@flumserbergbahnen.ch;http://www.alpenlodge-prod.ch;[{'@type': 'ImageObject', 'contentUrl': 'https://hltpimtsoch.sos-ch-dk-2.exoscale-cdn.com/catalog/f/9/f/6/f9f697e5383fe2f636acf091f2d71880279999c0_Alpenlodge_Prod_Flumserberg.jpg'}];2026-05-22T21:07:53+02:00
f82c27de-5d36-47bf-857a-b6258f3c4ec0;Anlegestelle Hafen Unterterzen;Schiff Ahoi, ab Unterterzen durch den Schweizer "Fjord".;<p>Erforschen Sie die tiefblaue Mitte der Region und geniessen Sie die atemberaubende Bergkulisse auf dem Walensee. Lassen Sie sich von den majest&auml;tischen Churfirsten, der wild romantischen Natur, dem glasklaren Wasser und den fantastischen Stimmungen am Walensee verzaubern. Der Walensee, das Paradies f&uuml;r nah und fern. Die Schiffsbetrieb Walensee AG verbindet Orte, Angebote und Aktivit&auml;ten in idealer Weise. Die Verbindung nach Quinten ist auch im Winter durchgehend in Betrieb.</p><h3>Zugangsinformationen</h3><div class="rte"><ul><li>Stufenloser Zugang</li><li>Ein- und Ausstieg durch Personalhilfestellung</li><li>Gruppen ab 10 Personen und Rollst&uuml;hle m&uuml;ssen im Voraus angemeldet werden.</li><li>Kein taktiles Leitsystem vorhanden</li></ul></div>;9.25329923629761;47.11489755734365;8882;Unterterzen;+41 81 720 34 34;info@walenseeschiff.ch;https://walenseeschiff.ch/de/fahrplan/anlegestellen/unterterzen.html;[{'@type': 'ImageObject', 'contentUrl': 'https://hltpimtsoch.sos-ch-dk-2.exoscale-cdn.com/catalog/8/8/3/1/88314032614d016afc2e9c46a2b7387142376191_Anlegestelle_Hafen_Piktogramm_HLT.png'}];2026-04-21T12:59:04+02:00
f8816b51-dd9c-46b7-ab35-fec2727d9492;Goldschmiede Benovici;Die Goldschmiede Benovici in Bad Ragaz bietet eine Vielzahl von Schmuckstücken und ist ein beliebter Anlaufpunkt für Shoppingbegeisterte. Sie befindet sich in der Maienfelderstrasse 2 und ist ideal für Paare, Familien und Einzelpersonen.;Goldschmiedeatelier für Schmuckanfertigung, Reparatur und Uhrenverkauf
Wir fertigen individuellen Schmuck nach Mass, reparieren Ihre Lieblingsstücke fachgerecht und verwandeln alten Schmuck in neue Unikate. In unserem Atelier in Bad Ragaz finden Sie handgefertigten Schmuck, verschiedene Uhren und eine persönliche Beratung. Mit viel Herz zum Detail bringen wir Ihre Ideen in Form. Ob Verlobungsring, Erbstück oder ein Geschenk - bei uns finden Sie für jedes Budget etwas.;9.5015801;47.0029988;Maienfelderstrasse 2;7310;Bad Ragaz;+41 81 302 18 46;info@goldschmiede-benovici.ch;https://www.goldschmiede-benovici.ch;[{'@type': 'ImageObject', 'contentUrl': 'https://hltpimtsoch.sos-ch-dk-2.exoscale-cdn.com/catalog/4/c/d/d/4cddc05c50cb941fc110086a6abe5aa1ff62d103_Portrait_grizoon.jpg'}];2026-05-15T07:30:22+02:00
f88c036b-b346-4c45-90e9-aac8e699d402;J-H Schwendiwiese;Die Gruppenunterkunft J-H Schwendiwiese bietet Platz für bis zu 50 Personen und liegt auf etwa 1300 m ü.M. in Flumserberg Tannenheim. Sie ist ideal für Schul- und Familiengruppen sowie Vereinsausflüge geeignet.;Die Gruppenunterkunft J-H Schwendiwiese mit herrlicher Aussicht auf die Churfirsten liegt auf etwa 1300 m.ü.M, in Flumserberg Tannenheim in der Ostschweiz. Das Haus ist auch im Winter mit Auto und Reisebus gut erreichbar. Gratis Parkplätze. Die Bushaltestelle ist etwa 300 m vom Haus entfernt. 

Die Talstation des Prodalp-Express ist nur etwa 250 m vom Lagerhaus entfernt, sodass auch Abfahrten bis vor die Haustüre möglich sind.

Der Walensee ist mit der modernen 8er-Gondelbahn in nur 12 Minuten von Tannenboden nach Unterterzen auch gut ohne Auto erreichbar. 

Mit seinen 50 Schlafplätzen eignet sich dieses gemütliche Lagerhaus hervorragend für Schul- und Familiengruppen sowie für Vereinsausflüge.

Unser Haus verfügt über eine gut eingerichtete Küche mit Glaskeramikherd, Steamer, Geschirrspüler, einem grossen Kühlschrank sowie einer Gefriertruhe, einem Fernseher mit DVD- sowie VHS-Gerät, Beamer und Internetanschluss. Im Sommer stehen Ihnen ein gedeckter Sitzplatz mit Tischen und Bänken, ein Tischtennistisch sowie eine Spielwiese mit Rutschbahn, Schaukel, Trampolin sowie einem Grill zu Verfügung. 

Das Hallenbad ist nur etwa 10 Gehminuten von unserem Haus entfernt (30 Gratiseintritt pro Tag). 

Ausstattung
1 Essraum
2 Aufenthaltsräume
Total 9 Zimmer:
4 Zweibettzimmer 
1 Vierbettzimmer 
2 Zimmer à 8 Etagenbetten
1 Zimmer à 10 Etagenbetten
12 Plätze im Massenlager 

Gerne senden wir Ihnen unsere Preisliste, beraten Sie am Telefon oder laden Sie zu einer unverbindlichen Hausbesichtigung ein. 

Im Winter wird nur das ganze Haus pauschal vermietet, mit max. 50 Schlafplätzen. Im Sommer nehmen wir auch kleinere Gruppen. 

30 Hallenbadkarten sind im Preis inbegriffen. 
Sie können jeden Tag 1x benutzt werden, ausser Montag (geschlossen).

Das Haus wird nur an eine Gruppe gleichzeitig vermietet.;9.305354580430862;47.08759595;Schwendiwiesenstrasse 3;8897;Flumserberg Tannenheim;+41 81 733 10 47;info@jugend-haus.ch;http://www.jugend-haus.ch;[{'@type': 'ImageObject', 'contentUrl': 'https://hltpimtsoch.sos-ch-dk-2.exoscale-cdn.com/catalog/b/5/0/2/b5029e6b911c24e41255f5bae620d95b454df0fd_Haus.jpg'}];2026-05-15T08:43:38+02:00
f9138362-bb73-425f-83f2-d58ae9585114;Restaurant Schloss Maienfeld;Das Restaurant Schloss Maienfeld bietet ein vielseitiges Gastronomiekonzept mit regionalen und traditionellen Speisen. Gäste können im Bistro, Restaurant oder Club 1247 speisen und die malerische Umgebung geniessen.;Unser Gastronomiekonzept ist vielseitig, vom Business Lunch im Bistro, über ein gehobenes à la Carte Angebot im Restaurant bis hin zum Apéro oder Schlummertrunk, für die Gäste oder auch Gruppen und Vereine im Club 1247. Im Vordergrund stehen die Kulinarik und die Gastfreundschaft – unsere Gäste sollen sich willkommen fühlen, Freude haben und sich kulinarisch begeistern lassen. Beim Küchenkonzept legen wir viel Wert auf Regionalität sowie Tradition - alt bekanntes neu interpretieren, diese sollen die Gäste begeistern.;9.5310679;47.0064678;Schloss Maienfeld 2A;7304;Maienfeld;+41 81 302 24 23;info@schlossmaienfeld.ch;http://www.schlossmaienfeld.ch;[{'@type': 'ImageObject', 'contentUrl': 'https://hltpimtsoch.sos-ch-dk-2.exoscale-cdn.com/catalog/a/f/5/0/af5098ef63d1371f6a54309fc657540e58ba7545_DSCF2200_2__2.jpg'}];2026-04-26T04:06:16+02:00
f92a7b61-32a9-4307-b84e-955b4ac3a9b8;Mehrzweckhalle Lust, Zivilschutz- und Sportanlagen;Die Mehrzweckhalle Lust in Maienfeld bietet moderne Sport- und Veranstaltungsräume. Sie verfügt über eine 3-fach Turnhalle, eine Zuschauergalerie für 300 Personen und eine Bühne. Ideal für Sport- und Kulturveranstaltungen.;Die zentral gelegene Sport- und Mehrzweckhalle Lust in Maienfeld wurde 2003 dem Schulsport- und Anlassbetrieb übergeben. Die modernen Räumlichkeiten eignen sich hervorragend für Sportanlässe, aber auch für kulturelle Veranstaltungen mit Bühnennutzung. 

Infrastruktur Mehrzweckhalle: 
- 3-fach Turnhalle, unterteilbar
- Zuschauergalerie im OG für 300 Personen
- Duschen / Garderoben
- Bühne
- Küche mit Geschirr für 500 Personen
- Foyerbereich
- Gymnastikraum mit Spiegelwand
- Seminarraum mit Beamer
- Sitzungszimmer
- Aussensportanlage
- geteerter Park- oder Festplatz
- Bankett-Mobiliar für 600 Personen
- 16 mobile Zuschauertribünen à 16 Sitzplätze
- LAN / W-LAN auf Wunsch
- Nichtraucherzone vor dem Haupteingang

Preis für die Mehrzweckhalle auf Anfrage!

Massenlager für 100 Personen in der Zivilschutzanlage Maienfeld.
Keine Übernachtungsmöglichkeit in der MZH Lust.;9.52723180317119;47.005403650000005;Giessenweg;7304;Maienfeld;+41 81 300 45 63;raoul.duenser@maienfeld.ch;https://www.maienfeld.ch/dienstleistungen/13821;[{'@type': 'ImageObject', 'contentUrl': 'https://hltpimtsoch.sos-ch-dk-2.exoscale-cdn.com/catalog/8/b/8/e/8b8e4851945fee819e5bac79f476699f4a1f39c4_2018_0526_08430500_01.jpeg'}];2026-05-21T02:32:30+02:00
f978b33b-6fbd-4b8a-b849-ea0ca995fac7;Café Confiserie Fässler;Das Café Confiserie Fässler in Bad Ragaz bietet hausgemachte Confiserie- und Konditoreiprodukte. Es liegt gegenüber der katholischen Kirche und ist ein gemütlicher Ort für Paare, Familien und Gruppen.;Gemütliches Café vis-à -vis der katholischen Kirche. Hausgemachte Confiserie- und Konditoreiprodukte.;9.5005702;47.0037015;Sarganserstrasse 1;7310;Bad Ragaz;+41 81 330 78 00;confiserie.faessler@bluewin.ch;https://www.confiserie-faessler.ch;[{'@type': 'ImageObject', 'contentUrl': 'https://hltpimtsoch.sos-ch-dk-2.exoscale-cdn.com/catalog/5/e/8/e/5e8e6f661f7bcd2d9a0f80ccca13fa92e4a06260_ff_10.jpg'}];2026-07-08T22:21:44+02:00
f9ef10a4-3ce2-4276-9df3-385e8ce58630;Adventure Golf-Anlage;Die Adventure Golf-Anlage neben dem Bergrestaurant Prodalp bietet eine abwechslungsreiche 12-Loch-Anlage. Grosseltern, Eltern und Kinder können hier gemeinsam den verwinkelten Munggä-Bau erkunden und den Minigolfball den legendären FLOOMZER hinunter schiessen.;Gleich beim Bergrestaurant Prodalp befindet sich die abwechslungsreiche Adventure Golf-Anlage. Hier gleicht keine Bahn der anderen. So spielen sich bei der 12-Loch-Anlage Grosseltern, Eltern und Kinder gleichermassen durch den verwinkelten „Munggä-Bau“, folgen dem faszinierenden „Rohan Rothirsch Erlebnisweg“, erklimmen den „Spitzmeilen“ und schiessen den Minigolfball den legendären „FLOOMZER“ hinunter.;9.289412498474123;47.0803694858407;Prodalp;8897;Flumserberg;+41 81 733 27 23;info@prodalp.ch;https://www.flumserberg.ch/de/informationen/Aktivitaeten/fuer-Abenteuer-Golfer-innen_activity_853;[{'@type': 'ImageObject', 'contentUrl': 'https://hltpimtsoch.sos-ch-dk-2.exoscale-cdn.com/catalog/3/2/e/f/32ef1d529db095ed2aeaa1356c20708dafaa8407_tkv_bbf_prodalpsommer_0172__52_3361.jpg'}];2026-08-26T11:30:31+02:00
fa9651fe-6094-40e0-9f21-32ca3c461e68;Schul- und Ferienheim Geisswiese;Das Schul- und Ferienheim Geisswiese in Flumserberg Saxli bietet Gruppenunterkünfte mit modernen sanitären Anlagen, Spielwiese, Grillplatz und Internet. Es gibt maximal vier Betten pro Zimmer und eine Schulküche.;Gruppenunterkunft mit fliessend warmem und kaltem Wasser im Zimmer. Maximal 4 Betten pro Zimmer. Moderne sanitäre Anlagen, 3 Lehrerzimmer mit Duschen, Spielwiese, Grillplatz, Internet, Schulküche, separater Aufenthaltsraum.;9.3570512;47.0669299;Geisswiesenstrasse 13;8894;Flumserberg Saxli;+41 81 723 80 95;manuela.grun@gmail.com;http://www.geisswiese.ch/;[{'@type': 'ImageObject', 'contentUrl': 'https://hltpimtsoch.sos-ch-dk-2.exoscale-cdn.com/catalog/2/6/b/a/26bafbf1ccc694ab02e8fd3769979653c72ebe05_ansicht.jpg'}];2026-05-15T08:45:20+02:00
fb02190e-90b1-4f4d-95e5-e627dcb71821;BikerBerg Flumserberg;Der BikerBerg Flumserberg bietet 13 km einfache und mittelschwere Trails mit herrlichem Bergpanorama. Geführte Touren, BikerCamping und Bike-Verleih runden das Erlebnis ab. Ideal für Könner:innen, Einsteiger:innen und Familien.;Der BikerBerg Flumserberg bereichert den Sommer im südlichen St. Gallen. So steht im abwechslungsreichen Sommersportgebiet zwischen Zürich und Chur ein vielfältiges Bike-Angebot auf dem attraktiven Freizeitprogramm. 13 Kilometer einfache und mittelschwere Trails mit herrlichem Bergpanorama laden zu flowigen Abfahrten ein. Drei SchweizMobil Routen machen MTB-Fans glücklich. Der umfangreiche Service von geführten BikerTouren, über den BikerCamping bis hin zum Bike-Verleih rundet das einzigartige Erlebnis auf zwei Rädern ab.

Eine Vielfalt, die Könner:innen, Einsteiger:innen und Familien gleichermassen zu schätzen wissen.;9.2895983;47.0803081;Molseralpstrasse 9;8898;Flumserberg;+41 81 720 15 15;info@flumserbergbahnen.ch;https://www.flumserberg.ch/bikerberg;[{'@type': 'ImageObject', 'contentUrl': 'https://hltpimtsoch.sos-ch-dk-2.exoscale-cdn.com/catalog/3/0/b/4/30b40be3dab7b0d3fc7abc0621a1684711ff15af_BikerBerg_Flumserberg__4.jpg'}];2026-08-19T01:13:12+02:00
fc27281a-d059-497f-8990-9bae0d00648c;Strandlokal Neptun;Das Strandlokal neptun in Walenstadt liegt direkt am Walensee und bietet eine schöne Terrasse. Es ist ein Saisonbetrieb, der bei schönem Wetter täglich ab 9 Uhr geöffnet ist. Besucherinnen und Besucher können sich auf kühle Getränke und Verpflegung im Gartenrestaurant oder als Take-Away freuen.;<p>Ein sch&ouml;nes Strandlokal direkt am Walensee.</p>;9.3028416;47.1259165;Kasernenstrasse 10;8880;Walenstadt;+41 79 447 67 77;m.murphy@bluewin.ch;https://restaurant-neptun.ch/;[{'@type': 'ImageObject', 'contentUrl': 'https://hltpimtsoch.sos-ch-dk-2.exoscale-cdn.com/catalog/0/9/a/5/09a5f53ef1a5d2d7481dcb92c76b57edf307ed00_Neptun_48.jpg'}];2026-08-11T11:30:58+02:00
fce50f10-28d9-4cea-995d-51d6024f3ae5;Winterwanderungen;Winterwandern im Heidiland – Ruhe, Weite und Schneekristalle.
Abseits der Pisten laden über 25 präparierte Winterwanderwege dazu ein, die verschneite Landschaft in deinem eigenen Tempo zu entdecken.;<p>Die Ferienregion Heidiland bietet eine Vielzahl an Winterwanderwegen, die durch stille W&auml;lder, &uuml;ber sonnige Hochplateaus und entlang glitzernder Schneefl&auml;chen f&uuml;hren. Ob gem&uuml;tlicher Spaziergang mit Aussicht auf die Churfirsten oder sportlichere Tour mit H&ouml;henmetern &ndash; hier findet jede*r die passende Route. Im offiziellen Tourenportal outdoor.heidiland.com sind alle Vorschl&auml;ge mit Karte, H&ouml;henprofil, GPX-Daten und aktuellen Verh&auml;ltnissen verf&uuml;gbar. Entdecke jetzt deine pers&ouml;nliche Winterwanderung und lass dich von der winterlichen Stille verzaubern.</p>;[{'@type': 'ImageObject', 'contentUrl': 'https://hltpimtsoch.sos-ch-dk-2.exoscale-cdn.com/catalog/f/2/3/1/f2312d20960da225606b7ad967e48f9f92a4226d_PIM_Bild_Winterwandern.png'}];2026-01-14T00:30:15+01:00
fd7b0875-babf-4b91-a2fd-1f0e7ddc285d;Ferienhaus Prodkopf;Das Ferienhaus Prodkopf auf 1600 m ü.M. bietet 18 Zimmer mit insgesamt 60 Schlafplätzen. Es liegt im Wander- und Skigebiet Pizol und ist ideal für Selbstkocher-Gruppen oder mit Verpflegung buchbar.;Das Ferienlagerhaus liegt auf 1600 m.ü.M., mitten im Wander- und Skigebiet und kann mit der Bergbahn Bad Ragaz - Pizol schnell und bequem erreicht werden. Im Sommer ist die Zufahrt auch mit dem Auto möglich. Wir vermieten das Haus an Selbstkocher-Gruppen oder auf Anfrage mit Halb- oder Vollpension.

Der Prodkopf ist eingerichtet mit 18 Zimmer und total 60 Schlafplätzen (9x2er, 5x 4er, 2x 5er, 2x 6er). Die Zimmer sind mit Warm- und Kaltwasser ausgestattet. Auf den Etagen hat es Duschen und Toiletten. Nebst einem grossen Esssaal bietet das Haus auch einen Aufenthaltsraum für Spiel und Spass an. Das Haus wird nur an eine Gruppe zur Alleinbenutzung vermietet.;9.4637262;46.9898029;Pardiel;7310;Bad Ragaz;+41 71 440 13 05;info@prodkopf.ch;http://www.prodkopf.ch;[{'@type': 'ImageObject', 'contentUrl': 'https://hltpimtsoch.sos-ch-dk-2.exoscale-cdn.com/catalog/f/4/0/4/f40424b2fdcfa3e52084dbcf6d91e76a27b017b6_prodkopf_gut_9522.jpg'}];2026-07-26T16:31:37+02:00
fe1afd48-77bb-40c9-a9b2-fb075b2af2ea;Enderlinhütte SAC;Die Enderlinhütte SAC in der Bündner Herrschaft bietet 30 Schlafplätze und eine Sonnenterrasse mit Blick auf die Umgebung. Im Sommer können lokale Köstlichkeiten im Restaurant genossen werden. Im Winter ist die Hütte geschlossen.;Die SAC-Blockhütte verfügt über 30 Schlafplätze. Auf der Sonnenterrasse geniesst man den Blick auf die untenliegende Bündner Herrschaft. Einheimische Köstlichkeiten kann man über die Sommermonate im Restaurant geniessen. Im Winter ist die Hütte nicht erreichbar.;9.551482199137931;47.03882085;SAC-Hütte;7304;Maienfeld;+41 79 681 61 29;enderlin@sac-piz-sol.ch;https://www.sac-piz-sol.ch/huetten;[{'@type': 'ImageObject', 'contentUrl': 'https://hltpimtsoch.sos-ch-dk-2.exoscale-cdn.com/catalog/4/8/6/7/4867c9c9d97f24d83182f7703cf334e32d1ef2cb_Enderlinh__tte.jpg'}];2026-09-02T15:42:44+02:00
fe34e6f6-38b3-4b8f-8880-ea618d6c0898;Bistro & Bar Holländer;Das Bistro & Bar Holländer in Landquart bietet italienische und einfache Küche. Gäste können drinnen oder auf der Sonnenterrasse entspannen. Kostenloses WLAN und Parkplätze sind verfügbar. Haustiere sind willkommen.;Bei uns können Sie einen hervorragenden Café geniessen, ausgezeichnet zu Mittag oder Abendessen und am Abend eine schöne Bar-Atmosphäre erleben, mit chilliger Musik. Das Ambiente auf unserer Sonnenterrasse macht Lust auf mehr.;9.5629396;46.9678616;Kantonsstrasse 24;7302;Landquart;+41 81 322 26 79;info@hollaender.ch;http://www.hollaender.ch;[{'@type': 'ImageObject', 'contentUrl': 'https://hltpimtsoch.sos-ch-dk-2.exoscale-cdn.com/catalog/9/d/b/0/9db07af29fb792a186c2077e536264e81f2a647b_1213B70F_A9A6_4474_990B_64780F92AB8E.jpeg'}];2026-05-15T08:34:51+02:00
fec2c40f-2465-45a6-b10d-a173cee2f856;Gleitschirm Tandemflug Walensee - Flums - Pizol;Der Gleitschirm Tandemflug über Walensee, Flums und Pizol bietet ein einzigartiges Erlebnis. Ganzjährig fliegen sie vom Walenstadtberg und während der Betriebszeiten der Bergbahnen vom Maschgenkamm, Schöhalden und Pizol.;Der Gleitschirmflug in der Region Walensee, Pizol und Flums ist ein einzigartiges Erlebnis. Wähle dein Lieblingsort im Heidiland und schon kann es losgehen mit dem Gleitschirm Tandemflug. Wir fliegen das ganze Jahr über vom Walenstadtberg und während der Betriebszeiten der Bergbahnen vom Maschgenkamm, Schönhalden und Pizol. Der Paragliding Flug kann mit verschiedenen Flugzeiten gebucht werden - gerne beraten wir dich persönlich. Wir freuen uns auf dich!;9.308166503906252;47.12333753243728;Oberstrasse 31;9038;Rehetobel;+41 81 559 49 50;info@flightbase.ch;https://www.passagierflug.ch/gleitschirm-tandemflug/standorte/walensee-flumserberg;[{'@type': 'ImageObject', 'contentUrl': 'https://hltpimtsoch.sos-ch-dk-2.exoscale-cdn.com/catalog/b/4/0/3/b4039098e3cceb34ad108fead65e9fe42e93a5fb_Flightbase_Gleitschirmflug_Walensee__2.jpg'}];2026-06-30T10:12:32+02:00
ff25f490-dad6-4681-b6ab-6453e4f996c1;Cottinelli Weinbau;Cottinelli Weinbau in Malans GR bietet eine einzigartige Eventlocation für Geburtstage, Hochzeiten und Firmenanlässe. Gruppen bis zu 80 Personen können hier feiern. Führungen und Weinverkostungen mit Bündnerweinen sind ab 10 Personen möglich.;Unser Gesellschaftsraum Torkel eignet sich als besonderen Ort für Geburtstage, Hochzeite, Firmenanlässe oder Familienfeiern. Platz finden Gruppen bis zu ca. 80 Personen. Kulinarisch verwöhnt Sie ein Catering nach Ihrer Wahl.

Geführte Betriebsführungen mit anschliessender Degustation verschiedener Bündner Weine sind für Gruppen ab zehn Personen möglich. Während der Weinverkostung werden die edlen Tropfen von frisch aufgeschnittenem Bündner Rohschinken sowie würzigem Bündner Alpkäse und frischem Brot begleitet.;9.563749;46.9701756;Karlihofstrasse 11;7208;Malans GR;+41 81 300 00 30;malans@plozzawinegroup.ch;https://www.plozzawinegroup.ch;[{'@type': 'ImageObject', 'contentUrl': 'https://hltpimtsoch.sos-ch-dk-2.exoscale-cdn.com/catalog/2/5/e/c/25ecf91c28f66a5de23ed4523e9b7da291c6874e_whc_07_diverses_01.jpg'}];2026-05-14T08:18:51+02:00
ff93642b-2c07-4b75-802c-ae636aa56ad0;Familienfreundliche Wanderungen;Spannende Erlebnisse für Gross und Klein: Entdecke kinderfreundliche Wanderwege mit Spiel, Spass und Natur in der Ferienregion Heidiland.;<p data-start="522" data-end="753">Wandern mit Kindern soll Spass machen &ndash; und genau das erwartet dich in Heidiland. Ob Erlebnisweg, M&auml;rchenpfad oder Themenwanderung: Unsere familienfreundlichen Wanderrouten sind auf die Bed&uuml;rfnisse von Gross und Klein abgestimmt.</p>
<p data-start="755" data-end="955">Kurze Etappen, spannende Stationen und viel Natur zum Entdecken sorgen f&uuml;r gute Laune bei allen. Viele Touren sind kinderwagentauglich und bieten unterwegs Pl&auml;tze zum Spielen, Picknicken oder Baden.</p>
<p data-start="957" data-end="1135">Im Outdoor-Portal findest du alle Routen mit hilfreichen Infos zu Wegl&auml;nge, Dauer, Highlights und Altersempfehlungen. So wird die Familienwanderung zum unvergesslichen Ausflug.</p>
<p data-start="1137" data-end="1245">Mach dich mit deiner Familie auf den Weg und entdecke, wie abwechslungsreich Wandern im Heidiland sein kann!</p>;[{'@type': 'ImageObject', 'contentUrl': 'https://hltpimtsoch.sos-ch-dk-2.exoscale-cdn.com/catalog/9/1/a/4/91a4acebdcfca62014288efd5a292281dbf5559d_PIM_Bild_Wanderrouten.png'}];2026-04-16T17:06:23+02:00
